workload_id,rho,capacity,quantizer,arrival_scheduling_mode,configured_fine_deltas,positive_fine_deltas,zero_fine_deltas,min_included_delta,max_included_delta,status,exponent,intercept,r_squared
workload_00393e9c91ea6587b857c79e,1.1,4,ceiling,preload_all,6,5,1,3e-05,0.003,one_missing,0.9474393880009336,-0.08007342565395906,0.9936933856657673
workload_00393e9c91ea6587b857c79e,1.1,4,floor,preload_all,6,6,0,1e-05,0.003,complete,0.9641854976545038,0.5530337613121339,0.9968070584370702
workload_00393e9c91ea6587b857c79e,1.1,4,nearest,preload_all,6,6,0,1e-05,0.003,complete,0.9531066086848569,0.3552253786620626,0.9970975274200792
workload_0062dc2410ae2707b8b930fb,0.8,4,ceiling,preload_all,6,5,1,3e-05,0.003,one_missing,1.0946653972435196,0.7012247998587693,0.9986806245257167
workload_0062dc2410ae2707b8b930fb,0.8,4,floor,preload_all,6,4,2,0.0001,0.003,two_or_more_missing,1.189176939655721,1.8953467826368582,0.9964175039431569
workload_0062dc2410ae2707b8b930fb,0.8,4,nearest,preload_all,6,5,1,3e-05,0.003,one_missing,1.2272622546381478,1.7825106823973107,0.9780750392893057
workload_00ec550f2147e074a7008166,1.25,8,ceiling,preload_all,6,5,1,3e-05,0.003,one_missing,0.8989542135246553,0.03876854913174857,0.9987667724214303
workload_00ec550f2147e074a7008166,1.25,8,floor,preload_all,6,6,0,1e-05,0.003,complete,0.9328540299955997,0.5896372626297989,0.9967276636122034
workload_00ec550f2147e074a7008166,1.25,8,nearest,preload_all,6,5,1,3e-05,0.003,one_missing,1.1190492147918036,1.6120284186582372,0.9996968318455847
workload_0138ec04d591e0adfd3bedea,1.25,8,ceiling,preload_all,6,5,1,3e-05,0.003,one_missing,1.1684951882379426,1.6552537938377132,0.9950040251030996
workload_0138ec04d591e0adfd3bedea,1.25,8,floor,preload_all,6,5,1,1e-05,0.003,one_missing,1.0480282157267733,1.3064423048714875,0.9985392986856928
workload_0138ec04d591e0adfd3bedea,1.25,8,nearest,preload_all,6,5,1,3e-05,0.003,one_missing,1.1087286753470889,1.5788808930663794,0.9950103244737305
workload_014174e79c222417a5ef1097,0.5,4,ceiling,preload_all,6,4,2,0.0001,0.003,two_or_more_missing,1.1456300349708881,0.6456667451628391,0.9834700787811801
workload_014174e79c222417a5ef1097,0.5,4,floor,preload_all,6,4,2,0.0001,0.003,two_or_more_missing,1.170390129672163,1.726329336467083,0.9912027632868344
workload_014174e79c222417a5ef1097,0.5,4,nearest,preload_all,6,5,1,3e-05,0.003,one_missing,1.1613950990748811,1.2124671632134447,0.9950405811403753
workload_014bf1568eaf356e3289f2b1,0.5,4,ceiling,preload_all,6,5,1,3e-05,0.003,one_missing,0.9101245233262601,-1.0500925146623652,0.9406716240889361
workload_014bf1568eaf356e3289f2b1,0.5,4,floor,preload_all,6,6,0,1e-05,0.003,complete,0.9179206546494745,0.052746747414344416,0.9883881924345529
workload_014bf1568eaf356e3289f2b1,0.5,4,nearest,preload_all,6,5,1,3e-05,0.003,one_missing,0.8282065600228163,-0.864886841247177,0.9956689715366468
workload_0220639c90f8c17e7909b1a5,1.0,4,ceiling,preload_all,6,4,2,0.0001,0.003,two_or_more_missing,0.8924657701339322,-0.19644525130889348,0.9993256724345326
workload_0220639c90f8c17e7909b1a5,1.0,4,floor,preload_all,6,6,0,1e-05,0.003,complete,1.1041729764865713,1.5829461719459053,0.967494093644783
workload_0220639c90f8c17e7909b1a5,1.0,4,nearest,preload_all,6,5,1,3e-05,0.003,one_missing,0.9095135158910922,-0.01575841023080211,0.9612080572273248
workload_022de3c91152186c9ec2b867,0.5,16,ceiling,preload_all,6,5,1,3e-05,0.003,one_missing,1.0727227413771654,0.10128020718356973,0.9875912175717414
workload_022de3c91152186c9ec2b867,0.5,16,floor,preload_all,6,6,0,1e-05,0.003,complete,1.0649918882007443,0.9983624533026505,0.9713850674964919
workload_022de3c91152186c9ec2b867,0.5,16,nearest,preload_all,6,6,0,1e-05,0.003,complete,0.9416807969472222,-0.19946012163057095,0.9946150251386725
workload_0243ed2d019743bc266a6518,0.8,4,ceiling,preload_all,6,6,0,1e-05,0.003,complete,0.9497046968093232,-0.13797146825124307,0.9817795658936506
workload_0243ed2d019743bc266a6518,0.8,4,floor,preload_all,6,6,0,1e-05,0.003,complete,0.971288422015696,0.6139147958747642,0.9917731647616695
workload_0243ed2d019743bc266a6518,0.8,4,nearest,preload_all,6,6,0,1e-05,0.003,complete,0.9704245906098081,0.3137447094678789,0.9912707013450693
workload_02d04e240f55700bb43da04b,0.95,8,ceiling,preload_all,6,5,1,3e-05,0.003,one_missing,0.9947844065849698,0.2821171820932855,0.9668429359371014
workload_02d04e240f55700bb43da04b,0.95,8,floor,preload_all,6,6,0,1e-05,0.003,complete,1.0404650399936441,1.0770404987830215,0.9931313389506375
workload_02d04e240f55700bb43da04b,0.95,8,nearest,preload_all,6,6,0,1e-05,0.003,complete,0.9936197361889842,0.5327349481025133,0.9840068512879825
workload_02ebd24f18843a696cf0abc1,0.5,4,ceiling,preload_all,6,4,2,0.0001,0.003,two_or_more_missing,1.280556414155763,1.363281539956302,0.9507897799611448
workload_02ebd24f18843a696cf0abc1,0.5,4,floor,preload_all,6,6,0,1e-05,0.003,complete,0.8234601188207272,-0.7174527710374184,0.9778923096680778
workload_02ebd24f18843a696cf0abc1,0.5,4,nearest,preload_all,6,6,0,1e-05,0.003,complete,0.8184861277678562,-1.1875789172956257,0.9646372857757433
workload_0343f07b75323e1bcd22acf4,0.8,8,ceiling,preload_all,6,5,1,3e-05,0.003,one_missing,0.9607830628567136,-0.24091279213633604,0.9955040649220122
workload_0343f07b75323e1bcd22acf4,0.8,8,floor,preload_all,6,6,0,1e-05,0.003,complete,1.0166212293988435,0.9629953085075297,0.9972975267299086
workload_0343f07b75323e1bcd22acf4,0.8,8,nearest,preload_all,6,5,1,3e-05,0.003,one_missing,1.030901962854881,0.7269815915119812,0.9965680178814572
workload_03747d4e586b362637cc002b,1.0,8,ceiling,preload_all,6,4,2,0.0001,0.003,two_or_more_missing,0.8993041228688188,-0.2432109955782491,0.9967049961870962
workload_03747d4e586b362637cc002b,1.0,8,floor,preload_all,6,5,1,3e-05,0.003,one_missing,1.1660349283527793,1.9348643968168509,0.9576690797838536
workload_03747d4e586b362637cc002b,1.0,8,nearest,preload_all,6,6,0,1e-05,0.003,complete,0.9940774632914348,0.5326979956728872,0.9961165103973605
workload_0377bbcf9a73c8fb4ac772cb,0.95,1,ceiling,preload_all,6,6,0,1e-05,0.003,complete,0.9057564822179991,-0.6929515054929474,0.8694065438514093
workload_0377bbcf9a73c8fb4ac772cb,0.95,1,floor,preload_all,6,6,0,1e-05,0.003,complete,0.9796767989506006,0.38429489663131655,0.97916394395723
workload_0377bbcf9a73c8fb4ac772cb,0.95,1,nearest,preload_all,6,6,0,1e-05,0.003,complete,0.8426860735609212,-0.726137243160744,0.9559994968497225
workload_0384fcc35043cdac35b005ef,1.25,1,ceiling,preload_all,6,6,0,1e-05,0.003,complete,0.8660284854104431,-0.6395729417622786,0.9211729176375696
workload_0384fcc35043cdac35b005ef,1.25,1,floor,preload_all,6,5,1,3e-05,0.003,one_missing,1.1714551653946346,1.939236417982692,0.9904682926871248
workload_0384fcc35043cdac35b005ef,1.25,1,nearest,preload_all,6,6,0,1e-05,0.003,complete,0.9484742044417628,0.20943689811884633,0.9950010844169653
workload_038a8811b2824aabfe00d109,1.25,8,ceiling,preload_all,6,6,0,1e-05,0.003,complete,0.9414146072567101,0.13001585206247912,0.9283234539480923
workload_038a8811b2824aabfe00d109,1.25,8,floor,preload_all,6,5,1,3e-05,0.003,one_missing,1.0450550691942324,1.332145261211899,0.9942468091809242
workload_038a8811b2824aabfe00d109,1.25,8,nearest,preload_all,6,6,0,1e-05,0.003,complete,1.003999599868104,0.8089137402924346,0.9982747878110008
workload_048666e41aa24925f3392201,1.25,8,ceiling,preload_all,6,5,1,3e-05,0.003,one_missing,0.9529527115040252,0.3337708936995412,0.9835075078469407
workload_048666e41aa24925f3392201,1.25,8,floor,preload_all,6,6,0,1e-05,0.003,complete,0.9585031337322607,0.5523466089246851,0.972082264445757
workload_048666e41aa24925f3392201,1.25,8,nearest,preload_all,6,6,0,1e-05,0.003,complete,1.110634548331502,1.373131874761807,0.952232983150163
workload_05a542f5600e93c860069a01,1.1,1,ceiling,preload_all,6,6,0,1e-05,0.003,complete,0.8819558531412452,-0.5065696071550475,0.9759509333449783
workload_05a542f5600e93c860069a01,1.1,1,floor,preload_all,6,6,0,1e-05,0.003,complete,0.8506923817728042,-0.3968960493679849,0.978023336851568
workload_05a542f5600e93c860069a01,1.1,1,nearest,preload_all,6,5,1,3e-05,0.003,one_missing,0.9790273180277952,0.5132370203474591,0.9921091555331858
workload_05a7797186fd7e8817cd4390,1.25,16,ceiling,preload_all,6,6,0,1e-05,0.003,complete,0.8868202382213243,-0.27465626094108087,0.9717181230151145
workload_05a7797186fd7e8817cd4390,1.25,16,floor,preload_all,6,6,0,1e-05,0.003,complete,0.8367901184580727,-0.09770387611691592,0.9860195818611839
workload_05a7797186fd7e8817cd4390,1.25,16,nearest,preload_all,6,6,0,1e-05,0.003,complete,0.9783582521431086,0.6377421659781802,0.9929951026000877
workload_0609ba057c41dd1866540462,1.1,1,ceiling,preload_all,6,6,0,1e-05,0.003,complete,0.7523910763147409,-1.402665899448288,0.966059089331387
workload_0609ba057c41dd1866540462,1.1,1,floor,preload_all,6,6,0,1e-05,0.003,complete,0.8978219515869305,0.16442726291504325,0.9839596199364692
workload_0609ba057c41dd1866540462,1.1,1,nearest,preload_all,6,6,0,1e-05,0.003,complete,0.7343385823805829,-1.224792815934098,0.9821894918992438
workload_0617fe2346fb8937bf983015,1.25,4,ceiling,preload_all,6,6,0,1e-05,0.003,complete,0.8803777477684348,-0.42465745329566185,0.949658086905677
workload_0617fe2346fb8937bf983015,1.25,4,floor,preload_all,6,6,0,1e-05,0.003,complete,0.969913034449827,0.6659285811286363,0.9717948083688626
workload_0617fe2346fb8937bf983015,1.25,4,nearest,preload_all,6,5,1,3e-05,0.003,one_missing,1.0673573069610898,1.2390639118153401,0.9979419623628488
workload_0724f54bc7a548899a3ed4b4,1.1,8,ceiling,preload_all,6,6,0,1e-05,0.003,complete,0.8681280975278967,-0.44825079636519854,0.8577754885731169
workload_0724f54bc7a548899a3ed4b4,1.1,8,floor,preload_all,6,6,0,1e-05,0.003,complete,0.8960300636472287,0.18137888080163253,0.9967837954891158
workload_0724f54bc7a548899a3ed4b4,1.1,8,nearest,preload_all,6,6,0,1e-05,0.003,complete,0.9818598462712057,0.563865807633605,0.999176073612886
workload_07255067b65d9b7080136566,1.25,8,ceiling,preload_all,6,6,0,1e-05,0.003,complete,0.9402841970555362,0.35470800705379196,0.9900754417620299
workload_07255067b65d9b7080136566,1.25,8,floor,preload_all,6,5,1,3e-05,0.003,one_missing,0.992914736142327,0.9792433226332742,0.9971689953522734
workload_07255067b65d9b7080136566,1.25,8,nearest,preload_all,6,6,0,1e-05,0.003,complete,1.0182623644831528,0.9366359042940174,0.9329365972995037
workload_07f64e1c83b3843ad3e07f0a,1.1,8,ceiling,preload_all,6,5,1,1e-05,0.003,one_missing,0.912929511355785,-0.03826261595719911,0.9858893227037113
workload_07f64e1c83b3843ad3e07f0a,1.1,8,floor,preload_all,6,4,2,0.0001,0.003,two_or_more_missing,0.9633793372498042,0.8024830885263833,0.999447373987177
workload_07f64e1c83b3843ad3e07f0a,1.1,8,nearest,preload_all,6,5,1,3e-05,0.003,one_missing,1.0604182288626653,1.2265123239197195,0.9910836160579249
workload_08be9e06af1397dbd54da50d,1.25,16,ceiling,preload_all,6,5,1,3e-05,0.003,one_missing,1.1316150682477288,1.498759887358965,0.9717279662870746
workload_08be9e06af1397dbd54da50d,1.25,16,floor,preload_all,6,6,0,1e-05,0.003,complete,0.9878424820950062,0.9116907338252355,0.9919062495968496
workload_08be9e06af1397dbd54da50d,1.25,16,nearest,preload_all,6,6,0,1e-05,0.003,complete,1.0538112140465319,1.1531555792980561,0.9470261031352502
workload_098986fc4e66126314a5d028,0.5,16,ceiling,preload_all,6,5,1,3e-05,0.003,one_missing,0.9510089960205174,-0.8013338695874064,0.9329452503953071
workload_098986fc4e66126314a5d028,0.5,16,floor,preload_all,6,5,1,3e-05,0.003,one_missing,1.0515645285731663,0.984358631140641,0.9950533320755934
workload_098986fc4e66126314a5d028,0.5,16,nearest,preload_all,6,5,1,3e-05,0.003,one_missing,0.9004841592086219,-0.4383770418650408,0.992358164607779
workload_09a16b901920057dfeb73d5b,1.0,8,ceiling,preload_all,6,6,0,1e-05,0.003,complete,0.937746087213056,-0.26100813729599437,0.9834520862889221
workload_09a16b901920057dfeb73d5b,1.0,8,floor,preload_all,6,6,0,1e-05,0.003,complete,1.0459517700247267,1.1633305913500358,0.9854446236637099
workload_09a16b901920057dfeb73d5b,1.0,8,nearest,preload_all,6,5,1,3e-05,0.003,one_missing,0.8576570876992753,-0.4704619155823336,0.9824015201594887
workload_0a01ac908357af19f4851399,0.5,1,ceiling,preload_all,6,5,1,3e-05,0.003,one_missing,1.0039300737511332,-0.6946270397907794,0.8875547754390021
workload_0a01ac908357af19f4851399,0.5,1,floor,preload_all,6,6,0,1e-05,0.003,complete,0.7370162161554742,-1.6456619382987399,0.8933861709192369
workload_0a01ac908357af19f4851399,0.5,1,nearest,preload_all,6,5,1,3e-05,0.003,one_missing,0.8469433473016237,-1.1571228008253482,0.9435970011401877
workload_0a19ad1b19d14fc7c7e076d6,1.25,16,ceiling,preload_all,6,6,0,1e-05,0.003,complete,0.9444902205123431,0.25821665622627044,0.9964785929063052
workload_0a19ad1b19d14fc7c7e076d6,1.25,16,floor,preload_all,6,5,1,3e-05,0.003,one_missing,1.0297243772878175,1.194079890302635,0.9951130365939546
workload_0a19ad1b19d14fc7c7e076d6,1.25,16,nearest,preload_all,6,5,1,3e-05,0.003,one_missing,0.9573018081371245,0.5258244658737252,0.9823988028559035
workload_0a78128b6868955af1fe0724,1.25,16,ceiling,preload_all,6,5,1,3e-05,0.003,one_missing,0.9894244495236666,0.4262315674061895,0.932702367088706
workload_0a78128b6868955af1fe0724,1.25,16,floor,preload_all,6,6,0,1e-05,0.003,complete,0.9778684014279319,0.746055338498088,0.978074585330292
workload_0a78128b6868955af1fe0724,1.25,16,nearest,preload_all,6,6,0,1e-05,0.003,complete,0.9808795353876002,0.6267521445165605,0.9980585934860758
workload_0a7cb2e0979cece383a04d97,0.8,1,ceiling,preload_all,6,6,0,1e-05,0.003,complete,0.8401096970080729,-1.152632678020529,0.9819906703759242
workload_0a7cb2e0979cece383a04d97,0.8,1,floor,preload_all,6,6,0,1e-05,0.003,complete,0.9975831576074387,0.4098724886924544,0.9717122918834353
workload_0a7cb2e0979cece383a04d97,0.8,1,nearest,preload_all,6,5,1,3e-05,0.003,one_missing,1.08157038739451,0.8272320481218333,0.9967565893689284
workload_0b26f746416718fe91940966,0.95,16,ceiling,preload_all,6,6,0,1e-05,0.003,complete,0.9808763809953831,0.27296141385485256,0.9928256782553548
workload_0b26f746416718fe91940966,0.95,16,floor,preload_all,6,6,0,1e-05,0.003,complete,0.841421720433535,-0.2512475997832307,0.9863389103690853
workload_0b26f746416718fe91940966,0.95,16,nearest,preload_all,6,6,0,1e-05,0.003,complete,0.7952873666121653,-0.7772506678064411,0.9626256175264877
workload_0b5497c3f0d251a10ca52eeb,1.1,4,ceiling,preload_all,6,5,1,3e-05,0.003,one_missing,0.9066059019628351,-0.23509552962753813,0.9682255497957214
workload_0b5497c3f0d251a10ca52eeb,1.1,4,floor,preload_all,6,6,0,1e-05,0.003,complete,0.9677077085731615,0.7661922434074492,0.9876401762023891
workload_0b5497c3f0d251a10ca52eeb,1.1,4,nearest,preload_all,6,6,0,1e-05,0.003,complete,0.7672250285353146,-1.0222521182155733,0.9814422610956796
workload_0be635806f92e3cc5c802308,1.1,8,ceiling,preload_all,6,6,0,1e-05,0.003,complete,1.0330025833852003,0.7851251384745604,0.9652734015059122
workload_0be635806f92e3cc5c802308,1.1,8,floor,preload_all,6,6,0,1e-05,0.003,complete,0.9980923414754234,1.019164605367587,0.9934941290802578
workload_0be635806f92e3cc5c802308,1.1,8,nearest,preload_all,6,6,0,1e-05,0.003,complete,0.9629642257884103,0.5273823906183569,0.9884223349645462
workload_0c04c6f2b73f85ceb395cfde,0.5,4,ceiling,preload_all,6,4,2,0.0001,0.003,two_or_more_missing,1.3610492849545672,2.179917905995434,0.9481128298699308
workload_0c04c6f2b73f85ceb395cfde,0.5,4,floor,preload_all,6,5,1,3e-05,0.003,one_missing,1.123892064768835,1.2310470278739651,0.971277489783706
workload_0c04c6f2b73f85ceb395cfde,0.5,4,nearest,preload_all,6,4,2,0.0001,0.003,two_or_more_missing,1.2130426807526877,1.5734316250686728,0.9951678585924458
workload_0c78cd859aae54dd964d23a2,1.25,4,ceiling,preload_all,6,5,1,3e-05,0.003,one_missing,1.0066057158953465,0.8206768864759366,0.9819381877112968
workload_0c78cd859aae54dd964d23a2,1.25,4,floor,preload_all,6,6,0,1e-05,0.003,complete,1.0103337144354745,1.1675710189065793,0.99327123055594
workload_0c78cd859aae54dd964d23a2,1.25,4,nearest,preload_all,6,5,1,3e-05,0.003,one_missing,1.056919164729989,1.3099515317390769,0.987163358322317
workload_0cc850cb4b86f853ecf41144,0.95,4,ceiling,preload_all,6,6,0,1e-05,0.003,complete,0.9031951353264833,-0.3115725249907771,0.9414075870950118
workload_0cc850cb4b86f853ecf41144,0.95,4,floor,preload_all,6,6,0,1e-05,0.003,complete,0.9100886509012605,0.1887379670964877,0.9891751474058931
workload_0cc850cb4b86f853ecf41144,0.95,4,nearest,preload_all,6,6,0,1e-05,0.003,complete,0.994755736519861,0.5712748841636697,0.9933484895283992
workload_0d99068789c763979c4f909f,1.0,16,ceiling,preload_all,6,6,0,1e-05,0.003,complete,0.7413416022099434,-1.4867844970038653,0.9278197068564193
workload_0d99068789c763979c4f909f,1.0,16,floor,preload_all,6,6,0,1e-05,0.003,complete,0.9133840980051807,0.1979718688294923,0.9561305718179769
workload_0d99068789c763979c4f909f,1.0,16,nearest,preload_all,6,6,0,1e-05,0.003,complete,0.7715551288430162,-1.0371522497900663,0.9584358547564376
workload_0dfdb28a8bd0e34746c4fc36,1.0,16,ceiling,preload_all,6,6,0,1e-05,0.003,complete,0.8244696328001927,-0.9501555054623988,0.9786373062134843
workload_0dfdb28a8bd0e34746c4fc36,1.0,16,floor,preload_all,6,6,0,1e-05,0.003,complete,0.8690983753964417,-0.1859567150107105,0.9835143573149313
workload_0dfdb28a8bd0e34746c4fc36,1.0,16,nearest,preload_all,6,6,0,1e-05,0.003,complete,0.9302303499000136,0.12758126073036538,0.9758101999674733
workload_0e0f90e9b3345a0c607589a7,0.5,4,ceiling,preload_all,6,6,0,1e-05,0.003,complete,0.8873630020135705,-1.1704114773422756,0.961645864186422
workload_0e0f90e9b3345a0c607589a7,0.5,4,floor,preload_all,6,6,0,1e-05,0.003,complete,1.0069985501656888,0.5345040096127893,0.9934058688772387
workload_0e0f90e9b3345a0c607589a7,0.5,4,nearest,preload_all,6,5,1,3e-05,0.003,one_missing,1.0953425390089153,0.8229018110219493,0.9919767250547088
workload_0e22f16278c3fd7b484de105,1.1,8,ceiling,preload_all,6,5,1,1e-05,0.003,one_missing,0.911593339491039,-0.3881576014955306,0.9748467608511304
workload_0e22f16278c3fd7b484de105,1.1,8,floor,preload_all,6,6,0,1e-05,0.003,complete,1.025720555293646,1.097035962595692,0.9982844468698943
workload_0e22f16278c3fd7b484de105,1.1,8,nearest,preload_all,6,6,0,1e-05,0.003,complete,0.9798977560996686,0.6034827790333136,0.99438255917396
workload_0e5a1299e5d3e161ab48b9fa,0.95,1,ceiling,preload_all,6,6,0,1e-05,0.003,complete,0.865661201263177,-0.7859765162950179,0.9918782659402369
workload_0e5a1299e5d3e161ab48b9fa,0.95,1,floor,preload_all,6,6,0,1e-05,0.003,complete,0.9671831200003224,0.1541050997126941,0.9574442021163699
workload_0e5a1299e5d3e161ab48b9fa,0.95,1,nearest,preload_all,6,5,1,3e-05,0.003,one_missing,1.138071781717833,1.2301233035131696,0.9951401134915416
workload_0e8f068e882b65884a1c9331,0.95,4,ceiling,preload_all,6,5,1,3e-05,0.003,one_missing,1.1072127426927147,1.1710808634250385,0.9764324254963933
workload_0e8f068e882b65884a1c9331,0.95,4,floor,preload_all,6,5,1,3e-05,0.003,one_missing,1.1128998200197582,1.57512612306145,0.9965478177591223
workload_0e8f068e882b65884a1c9331,0.95,4,nearest,preload_all,6,5,1,3e-05,0.003,one_missing,1.1767528525667097,1.7572824544683345,0.9905263290860321
workload_0e8f2cc54c6763845efa785c,0.95,8,ceiling,preload_all,6,5,1,3e-05,0.003,one_missing,0.9445308087266588,-0.13426171994228622,0.9782721500381002
workload_0e8f2cc54c6763845efa785c,0.95,8,floor,preload_all,6,6,0,1e-05,0.003,complete,0.9737222292065338,0.606722957971009,0.9900502105853067
workload_0e8f2cc54c6763845efa785c,0.95,8,nearest,preload_all,6,5,1,3e-05,0.003,one_missing,1.0076045451543345,0.7027775156366846,0.9823421587057766
workload_0eb13b122eb555a5c1e7b324,0.5,1,ceiling,preload_all,6,4,2,0.0001,0.003,two_or_more_missing,0.8294478143302,-1.1808732546332306,0.9919986488820802
workload_0eb13b122eb555a5c1e7b324,0.5,1,floor,preload_all,6,4,2,0.0001,0.003,two_or_more_missing,0.9527273955455959,0.1842741295052468,0.9892641608171703
workload_0eb13b122eb555a5c1e7b324,0.5,1,nearest,preload_all,6,4,2,0.0001,0.003,two_or_more_missing,0.8628322901354804,-0.690262052103177,0.9972072288631272
workload_0ed2c6e9e08e8d0033bd907d,0.95,8,ceiling,preload_all,6,6,0,1e-05,0.003,complete,1.0001024644204626,0.19805335057114848,0.9644508849528748
workload_0ed2c6e9e08e8d0033bd907d,0.95,8,floor,preload_all,6,6,0,1e-05,0.003,complete,0.8955566257000604,0.11720432204342704,0.995601608965168
workload_0ed2c6e9e08e8d0033bd907d,0.95,8,nearest,preload_all,6,6,0,1e-05,0.003,complete,0.8091374484720484,-0.6355700485042094,0.9863260015071083
workload_0f1583816767ffeac0b6e1cd,0.5,1,ceiling,preload_all,6,5,1,3e-05,0.003,one_missing,0.9247359305993873,-1.046219621413475,0.8665047386513355
workload_0f1583816767ffeac0b6e1cd,0.5,1,floor,preload_all,6,5,1,3e-05,0.003,one_missing,1.1464095425443488,1.364193171952302,0.9969001914274764
workload_0f1583816767ffeac0b6e1cd,0.5,1,nearest,preload_all,6,4,2,0.0001,0.003,two_or_more_missing,0.957370092268811,-0.19758167445247674,0.9818802609313237
workload_0f20fb9fbb0b1cd862f25879,0.5,4,ceiling,preload_all,6,6,0,1e-05,0.003,complete,0.8121903593648531,-1.6720558395791054,0.9861062650563497
workload_0f20fb9fbb0b1cd862f25879,0.5,4,floor,preload_all,6,6,0,1e-05,0.003,complete,0.9166150206195753,-0.04778763829879974,0.9879306662368543
workload_0f20fb9fbb0b1cd862f25879,0.5,4,nearest,preload_all,6,6,0,1e-05,0.003,complete,0.7549934616199387,-1.5215670160713557,0.9808572282475552
workload_0f4bade7be14fa0ca38ceb06,0.5,16,ceiling,preload_all,6,4,2,0.0001,0.003,two_or_more_missing,1.3636960947699124,2.2302034913607156,0.9369194587506846
workload_0f4bade7be14fa0ca38ceb06,0.5,16,floor,preload_all,6,4,2,0.0001,0.003,two_or_more_missing,1.0052881821347295,0.5127249688362737,0.9999165079552897
workload_0f4bade7be14fa0ca38ceb06,0.5,16,nearest,preload_all,6,4,2,0.0001,0.003,two_or_more_missing,1.129654378467153,0.9560023521042591,0.9993149276073057
workload_0fcd8a7452613211b5179376,1.0,8,ceiling,preload_all,6,6,0,1e-05,0.003,complete,0.9219271264277938,-0.2588361870150983,0.9871437843586393
workload_0fcd8a7452613211b5179376,1.0,8,floor,preload_all,6,5,1,3e-05,0.003,one_missing,1.0709331949712877,1.4232083534191378,0.9781495350017619
workload_0fcd8a7452613211b5179376,1.0,8,nearest,preload_all,6,5,1,3e-05,0.003,one_missing,1.1619621789703585,1.7492107196164532,0.9748597012986372
workload_10967e5b4931fca6bc0140cb,0.95,8,ceiling,preload_all,6,5,1,3e-05,0.003,one_missing,0.8362058323044801,-0.7236573251324259,0.9809142899876722
workload_10967e5b4931fca6bc0140cb,0.95,8,floor,preload_all,6,6,0,1e-05,0.003,complete,0.9062347696710793,0.2761554704795583,0.9979715861229242
workload_10967e5b4931fca6bc0140cb,0.95,8,nearest,preload_all,6,6,0,1e-05,0.003,complete,0.8952366961677317,-0.004947916971841709,0.9903671183568419
workload_10bf1c4f06731f4a1e0c7914,0.95,16,ceiling,preload_all,6,5,1,3e-05,0.003,one_missing,1.0376920283108348,0.687052716689732,0.9960285832387625
workload_10bf1c4f06731f4a1e0c7914,0.95,16,floor,preload_all,6,4,2,0.0001,0.003,two_or_more_missing,1.066756015677534,1.3808554440354306,0.9889145433459097
workload_10bf1c4f06731f4a1e0c7914,0.95,16,nearest,preload_all,6,6,0,1e-05,0.003,complete,1.0104421524210039,0.6806381170313471,0.9835772749732533
workload_11486e68575cfde250c3d63b,1.1,16,ceiling,preload_all,6,5,1,3e-05,0.003,one_missing,0.9794573240157863,0.4452638544774516,0.9977494622097371
workload_11486e68575cfde250c3d63b,1.1,16,floor,preload_all,6,6,0,1e-05,0.003,complete,1.0104022722434516,1.1459880941228868,0.9921613663433642
workload_11486e68575cfde250c3d63b,1.1,16,nearest,preload_all,6,5,1,3e-05,0.003,one_missing,1.0281862320850093,1.0241822655678314,0.9661769322209846
workload_11da955f8133b6eda9fbb2da,0.8,8,ceiling,preload_all,6,5,1,3e-05,0.003,one_missing,1.0872707113159832,0.8281480802051048,0.9849446212895481
workload_11da955f8133b6eda9fbb2da,0.8,8,floor,preload_all,6,6,0,1e-05,0.003,complete,0.872312109013498,-0.12109530169337093,0.9947775071021211
workload_11da955f8133b6eda9fbb2da,0.8,8,nearest,preload_all,6,6,0,1e-05,0.003,complete,0.9388983643584086,0.17766715240399997,0.9942239918371674
workload_11dd1b39b7083eabae20c8ee,0.95,16,ceiling,preload_all,6,6,0,1e-05,0.003,complete,0.995251310105312,0.20565220505885262,0.9729748772743884
workload_11dd1b39b7083eabae20c8ee,0.95,16,floor,preload_all,6,5,1,3e-05,0.003,one_missing,0.8547303331974401,-0.0945455904050517,0.9945672410938877
workload_11dd1b39b7083eabae20c8ee,0.95,16,nearest,preload_all,6,5,1,3e-05,0.003,one_missing,0.9176364645889676,0.1634554765363278,0.998912066915761
workload_14af3ee9045ab488554baa47,0.5,4,ceiling,preload_all,6,5,1,1e-05,0.003,one_missing,0.8368585152311853,-1.2711952111827147,0.9810233656087695
workload_14af3ee9045ab488554baa47,0.5,4,floor,preload_all,6,6,0,1e-05,0.003,complete,0.9899179245843235,0.5105138661314529,0.9959352004060742
workload_14af3ee9045ab488554baa47,0.5,4,nearest,preload_all,6,6,0,1e-05,0.003,complete,0.8287799595187091,-0.9058145771222411,0.9815097381198022
workload_15258477fb7e20ad55c00cd8,1.25,4,ceiling,preload_all,6,6,0,1e-05,0.003,complete,1.018102813246688,0.5432724641527129,0.9733518115080605
workload_15258477fb7e20ad55c00cd8,1.25,4,floor,preload_all,6,6,0,1e-05,0.003,complete,1.092899590664563,1.521521242620625,0.9669411498884689
workload_15258477fb7e20ad55c00cd8,1.25,4,nearest,preload_all,6,6,0,1e-05,0.003,complete,0.9915998628251613,0.6023436212178791,0.9935572994760713
workload_15a6c4685256d682bdacc32e,0.5,8,ceiling,preload_all,6,4,2,0.0001,0.003,two_or_more_missing,1.021030522387052,-0.14353291251328673,0.9790539329298461
workload_15a6c4685256d682bdacc32e,0.5,8,floor,preload_all,6,6,0,1e-05,0.003,complete,0.9792498361330175,0.5282019208790041,0.9942443563843233
workload_15a6c4685256d682bdacc32e,0.5,8,nearest,preload_all,6,6,0,1e-05,0.003,complete,0.9054826655920435,-0.4162991798707145,0.9636722300475209
workload_15b7eb87d1fe284c9ee69e16,0.8,8,ceiling,preload_all,6,5,1,3e-05,0.003,one_missing,0.8655835333502052,-0.8392739156498352,0.9900977351705859
workload_15b7eb87d1fe284c9ee69e16,0.8,8,floor,preload_all,6,5,1,3e-05,0.003,one_missing,0.9919917623969232,0.725089888083755,0.9978550751637222
workload_15b7eb87d1fe284c9ee69e16,0.8,8,nearest,preload_all,6,5,1,3e-05,0.003,one_missing,1.19491932321195,1.8598312359056126,0.9926601212264397
workload_160b703dfa6cc0fc0995a4c1,1.25,1,ceiling,preload_all,6,6,0,1e-05,0.003,complete,0.7688838569298314,-1.1159822318583483,0.9694713080009293
workload_160b703dfa6cc0fc0995a4c1,1.25,1,floor,preload_all,6,6,0,1e-05,0.003,complete,0.8403471508199121,-0.20320084882384631,0.9956509138183463
workload_160b703dfa6cc0fc0995a4c1,1.25,1,nearest,preload_all,6,6,0,1e-05,0.003,complete,0.8393159592820101,-0.37036928759989785,0.9912261831060181
workload_163cb088a38c2b55affc7ec3,1.25,16,ceiling,preload_all,6,6,0,1e-05,0.003,complete,0.962643214388927,0.5162813974339716,0.9972220636944246
workload_163cb088a38c2b55affc7ec3,1.25,16,floor,preload_all,6,6,0,1e-05,0.003,complete,0.9471603665164106,0.6826830513284132,0.9924441582161772
workload_163cb088a38c2b55affc7ec3,1.25,16,nearest,preload_all,6,6,0,1e-05,0.003,complete,0.9959850086821963,0.9020799240624208,0.9930002073769785
workload_168646fdde1ad26c48122ded,1.0,1,ceiling,preload_all,6,5,1,3e-05,0.003,one_missing,1.0660924386235626,0.704719767812071,0.9891023779548237
workload_168646fdde1ad26c48122ded,1.0,1,floor,preload_all,6,6,0,1e-05,0.003,complete,0.9671523945377322,0.5361057599150908,0.9301711976749147
workload_168646fdde1ad26c48122ded,1.0,1,nearest,preload_all,6,6,0,1e-05,0.003,complete,0.9636049422965128,0.3328555971570703,0.9942635480101804
workload_16fb14557d3a2bb6463cbcfd,1.0,8,ceiling,preload_all,6,6,0,1e-05,0.003,complete,0.870036039556419,-0.5461045548471782,0.8866242278847758
workload_16fb14557d3a2bb6463cbcfd,1.0,8,floor,preload_all,6,6,0,1e-05,0.003,complete,0.7846235943271932,-0.5405934958155102,0.9864804890503739
workload_16fb14557d3a2bb6463cbcfd,1.0,8,nearest,preload_all,6,6,0,1e-05,0.003,complete,0.963268273398258,0.5678996234645654,0.9926232137046586
workload_18717b747bd93dfdb78b4d79,1.0,1,ceiling,preload_all,6,6,0,1e-05,0.003,complete,0.8728255506808071,-0.4389123249941619,0.9973120035476262
workload_18717b747bd93dfdb78b4d79,1.0,1,floor,preload_all,6,6,0,1e-05,0.003,complete,0.8013243532071472,-0.6068481937745192,0.9875622947498299
workload_18717b747bd93dfdb78b4d79,1.0,1,nearest,preload_all,6,5,1,3e-05,0.003,one_missing,0.8636980326881999,-0.3498752064077752,0.9954798677284116
workload_18c3484edd16ac1b148b2ac4,0.8,16,ceiling,preload_all,6,5,1,3e-05,0.003,one_missing,1.1278417816756607,0.7960083546045742,0.9971648291554794
workload_18c3484edd16ac1b148b2ac4,0.8,16,floor,preload_all,6,6,0,1e-05,0.003,complete,1.0137409970415203,0.7952325507223673,0.9310832470835115
workload_18c3484edd16ac1b148b2ac4,0.8,16,nearest,preload_all,6,6,0,1e-05,0.003,complete,1.0714778834939964,0.7368553340879956,0.933642650397816
workload_18c60b0ddd5fa6d27a5b5e8a,1.0,4,ceiling,preload_all,6,5,1,3e-05,0.003,one_missing,0.9374317846493855,-0.1308966057804327,0.981798753450453
workload_18c60b0ddd5fa6d27a5b5e8a,1.0,4,floor,preload_all,6,6,0,1e-05,0.003,complete,1.0333628978494371,1.1329450389292117,0.9856228059387588
workload_18c60b0ddd5fa6d27a5b5e8a,1.0,4,nearest,preload_all,6,5,1,3e-05,0.003,one_missing,1.074363371665976,1.0998966482924217,0.9985126398963166
workload_19b2374e4290e2eb50679ff2,0.8,1,ceiling,preload_all,6,4,2,0.0001,0.003,two_or_more_missing,1.1611965399654491,1.2871583041923613,0.9974979521406845
workload_19b2374e4290e2eb50679ff2,0.8,1,floor,preload_all,6,6,0,1e-05,0.003,complete,0.9286547472930352,0.18965708977312418,0.9990992887282472
workload_19b2374e4290e2eb50679ff2,0.8,1,nearest,preload_all,6,6,0,1e-05,0.003,complete,0.9047822766974287,-0.16875944646998361,0.9944622023087714
workload_19d4d32daeb9dcf6f75a11f0,1.25,4,ceiling,preload_all,6,5,1,3e-05,0.003,one_missing,1.0477997089878062,1.0173240690164929,0.9962534012523561
workload_19d4d32daeb9dcf6f75a11f0,1.25,4,floor,preload_all,6,6,0,1e-05,0.003,complete,1.0396506935053433,1.3476917684984002,0.9977202010026383
workload_19d4d32daeb9dcf6f75a11f0,1.25,4,nearest,preload_all,6,5,1,3e-05,0.003,one_missing,0.8739243718167207,0.019476944716183865,0.9991716573709482
workload_1a8cc062502b066032ce66d8,1.0,8,ceiling,preload_all,6,6,0,1e-05,0.003,complete,0.9870809089381123,0.34197896095053043,0.9927172119259483
workload_1a8cc062502b066032ce66d8,1.0,8,floor,preload_all,6,6,0,1e-05,0.003,complete,0.8527008809084798,-0.1386371977272169,0.9818476706537812
workload_1a8cc062502b066032ce66d8,1.0,8,nearest,preload_all,6,6,0,1e-05,0.003,complete,0.9819342686363911,0.4625133975464647,0.9960231976620341
workload_1b1c7b5253a126f5c3a7a089,0.5,4,ceiling,preload_all,6,5,1,3e-05,0.003,one_missing,1.015359484198288,-0.08250999855976544,0.9932167582666364
workload_1b1c7b5253a126f5c3a7a089,0.5,4,floor,preload_all,6,6,0,1e-05,0.003,complete,0.9778447614344371,0.2817788181511041,0.9937129715666783
workload_1b1c7b5253a126f5c3a7a089,0.5,4,nearest,preload_all,6,5,1,3e-05,0.003,one_missing,1.095487530568964,0.8716346802792728,0.9866534554578857
workload_1b78678eed34e488a1eef463,1.0,8,ceiling,preload_all,6,6,0,1e-05,0.003,complete,0.9978925225482801,0.3416085186810122,0.958266884573289
workload_1b78678eed34e488a1eef463,1.0,8,floor,preload_all,6,6,0,1e-05,0.003,complete,1.1076675538324054,1.5585743658694877,0.9693388515515321
workload_1b78678eed34e488a1eef463,1.0,8,nearest,preload_all,6,6,0,1e-05,0.003,complete,1.054174082387518,0.956621289993713,0.9690465614692167
workload_1bc467c5b9f2cda8e3547c94,0.5,8,ceiling,preload_all,6,5,1,3e-05,0.003,one_missing,1.080965082636959,0.25295047825256683,0.9821218769966493
workload_1bc467c5b9f2cda8e3547c94,0.5,8,floor,preload_all,6,4,2,0.0001,0.003,two_or_more_missing,1.0776702494277899,0.9869408505283981,0.997264663802752
workload_1bc467c5b9f2cda8e3547c94,0.5,8,nearest,preload_all,6,5,1,3e-05,0.003,one_missing,0.9967007037376768,-0.00483982421258115,0.9870616073862458
workload_1c1e8dbd86ada09c5f1d1ca5,0.8,1,ceiling,preload_all,6,4,2,0.0001,0.003,two_or_more_missing,0.9840200039593273,-0.09748619204961424,0.9975077237017167
workload_1c1e8dbd86ada09c5f1d1ca5,0.8,1,floor,preload_all,6,5,1,3e-05,0.003,one_missing,0.8682741287125962,-0.4477292644378485,0.9763086384088714
workload_1c1e8dbd86ada09c5f1d1ca5,0.8,1,nearest,preload_all,6,5,1,3e-05,0.003,one_missing,0.9470003265579446,-0.18995586245990323,0.9881430838313351
workload_1c1fb399891b2a3b7363de0d,1.25,1,ceiling,preload_all,6,6,0,1e-05,0.003,complete,0.9892573832022178,0.3340858240204049,0.9684268816820991
workload_1c1fb399891b2a3b7363de0d,1.25,1,floor,preload_all,6,6,0,1e-05,0.003,complete,1.0689278790418166,1.3289963109542668,0.9717861957631243
workload_1c1fb399891b2a3b7363de0d,1.25,1,nearest,preload_all,6,5,1,3e-05,0.003,one_missing,1.2232408184788046,2.109367538814299,0.995338342765595
workload_1cf491e10e982545fbae8016,1.0,4,ceiling,preload_all,6,5,1,3e-05,0.003,one_missing,0.8405369923201871,-0.7266316805560451,0.9194872581676238
workload_1cf491e10e982545fbae8016,1.0,4,floor,preload_all,6,6,0,1e-05,0.003,complete,0.9028357573178801,0.14044924266634276,0.9924474757757543
workload_1cf491e10e982545fbae8016,1.0,4,nearest,preload_all,6,6,0,1e-05,0.003,complete,0.8822898305220266,-0.09899946155444432,0.9850705341163014
workload_1d125a0925be3f7c0295af13,1.0,1,ceiling,preload_all,6,6,0,1e-05,0.003,complete,0.750408434108644,-1.2713533789726474,0.964397191079376
workload_1d125a0925be3f7c0295af13,1.0,1,floor,preload_all,6,6,0,1e-05,0.003,complete,0.8272561890217752,-0.43875832352705446,0.9890699094614499
workload_1d125a0925be3f7c0295af13,1.0,1,nearest,preload_all,6,6,0,1e-05,0.003,complete,0.7853960079093806,-0.7621265213562909,0.9921030107377031
workload_1dd9fd0ebeacb086866c4961,0.95,16,ceiling,preload_all,6,6,0,1e-05,0.003,complete,0.8096524757841239,-0.9878533763051662,0.9787671806164553
workload_1dd9fd0ebeacb086866c4961,0.95,16,floor,preload_all,6,6,0,1e-05,0.003,complete,0.8063101074894876,-0.36954517569935635,0.9947545175539435
workload_1dd9fd0ebeacb086866c4961,0.95,16,nearest,preload_all,6,6,0,1e-05,0.003,complete,0.7368529081264369,-1.0920957146051211,0.9932948728789943
workload_1ed0edeb86c634d0bd44b053,0.8,1,ceiling,preload_all,6,4,2,0.0001,0.003,two_or_more_missing,1.0918814486736106,0.6346961467489649,0.9990553486363086
workload_1ed0edeb86c634d0bd44b053,0.8,1,floor,preload_all,6,4,2,0.0001,0.003,two_or_more_missing,1.1100978118076743,1.2817814725637213,0.999297655291278
workload_1ed0edeb86c634d0bd44b053,0.8,1,nearest,preload_all,6,4,2,0.0001,0.003,two_or_more_missing,0.9601333562565204,0.11601032254829735,0.9917277394562406
workload_1f78865e497a256b1a16a133,0.8,8,ceiling,preload_all,6,5,1,3e-05,0.003,one_missing,1.0998345361490258,0.9296451226171691,0.986386689075264
workload_1f78865e497a256b1a16a133,0.8,8,floor,preload_all,6,6,0,1e-05,0.003,complete,1.0123187169059076,0.9250420485481914,0.9960591189824365
workload_1f78865e497a256b1a16a133,0.8,8,nearest,preload_all,6,6,0,1e-05,0.003,complete,0.8604852312864074,-0.45189839731875103,0.9862099416833014
workload_20bdd894c1042751771994dc,0.8,1,ceiling,preload_all,6,6,0,1e-05,0.003,complete,0.852661794392458,-1.1887836648680499,0.9350444537106725
workload_20bdd894c1042751771994dc,0.8,1,floor,preload_all,6,4,2,0.0001,0.003,two_or_more_missing,1.1072207959173619,1.2306906470563184,0.9989416327549039
workload_20bdd894c1042751771994dc,0.8,1,nearest,preload_all,6,6,0,1e-05,0.003,complete,0.902607106815105,-0.45063791413904697,0.9836225787387357
workload_21978640c0bb687578c9dd7e,0.8,8,ceiling,preload_all,6,5,1,3e-05,0.003,one_missing,1.0745887266997562,0.63854352094333,0.983450662485805
workload_21978640c0bb687578c9dd7e,0.8,8,floor,preload_all,6,5,1,3e-05,0.003,one_missing,0.9655829809731649,0.48024023531773674,0.992576737324342
workload_21978640c0bb687578c9dd7e,0.8,8,nearest,preload_all,6,6,0,1e-05,0.003,complete,0.9354226344694669,0.018590705715536407,0.9960469704688415
workload_2203cf343b77da9bb1c4662b,0.5,8,ceiling,preload_all,6,4,2,0.0001,0.003,two_or_more_missing,1.0562058443378004,0.15235311709649615,0.989815378652789
workload_2203cf343b77da9bb1c4662b,0.5,8,floor,preload_all,6,6,0,1e-05,0.003,complete,0.9755044992684369,0.4229993100286296,0.9996347241920875
workload_2203cf343b77da9bb1c4662b,0.5,8,nearest,preload_all,6,5,1,3e-05,0.003,one_missing,1.1557721022358591,1.229197640588527,0.9976277462266693
workload_229cb2285d8c8024f4e27f1e,0.8,16,ceiling,preload_all,6,6,0,1e-05,0.003,complete,0.9411449296954253,-0.2018489622987151,0.9900615275125393
workload_229cb2285d8c8024f4e27f1e,0.8,16,floor,preload_all,6,5,1,3e-05,0.003,one_missing,1.0180181448872403,1.0241382800760743,0.9960405970673166
workload_229cb2285d8c8024f4e27f1e,0.8,16,nearest,preload_all,6,6,0,1e-05,0.003,complete,0.9764787708214366,0.41433681618794094,0.9996821251716339
workload_22a0fbfc8f7000e5e537782e,0.5,16,ceiling,preload_all,6,4,2,0.0001,0.003,two_or_more_missing,1.1793596029846165,1.0243799932164768,0.9693189628945502
workload_22a0fbfc8f7000e5e537782e,0.5,16,floor,preload_all,6,6,0,1e-05,0.003,complete,0.9806994963945105,0.27533195662625026,0.9269159658633578
workload_22a0fbfc8f7000e5e537782e,0.5,16,nearest,preload_all,6,6,0,1e-05,0.003,complete,0.8478505158240388,-0.8930780788920071,0.9634266450567224
workload_22b67dd5d5b0980da10f54b7,1.25,16,ceiling,preload_all,6,6,0,1e-05,0.003,complete,1.0451937699710572,0.9029051341133528,0.9700375869848762
workload_22b67dd5d5b0980da10f54b7,1.25,16,floor,preload_all,6,5,1,3e-05,0.003,one_missing,1.1031163999317812,1.6311278900716784,0.9921695129927464
workload_22b67dd5d5b0980da10f54b7,1.25,16,nearest,preload_all,6,4,2,0.0001,0.003,two_or_more_missing,1.0064875291098192,0.7994719499379147,0.9970102900494826
workload_2463347e61e6d5f4824ef2ac,0.8,8,ceiling,preload_all,6,5,1,3e-05,0.003,one_missing,1.0823764519834203,0.4999551877581224,0.9810332507327192
workload_2463347e61e6d5f4824ef2ac,0.8,8,floor,preload_all,6,6,0,1e-05,0.003,complete,0.8585958848482037,-0.2490037814807339,0.9934620718382441
workload_2463347e61e6d5f4824ef2ac,0.8,8,nearest,preload_all,6,5,1,3e-05,0.003,one_missing,0.9851969574376304,0.4605370871309539,0.9926407813441729
workload_249f4e453c1875c075bd1a57,0.95,1,ceiling,preload_all,6,4,2,0.0001,0.003,two_or_more_missing,1.1353919920691415,1.1823344999183845,0.988628641573013
workload_249f4e453c1875c075bd1a57,0.95,1,floor,preload_all,6,4,2,0.0001,0.003,two_or_more_missing,1.1394241445406903,1.4691423921463747,0.9911453349919643
workload_249f4e453c1875c075bd1a57,0.95,1,nearest,preload_all,6,4,2,0.0001,0.003,two_or_more_missing,1.540541361127672,4.0047100986977595,0.967358568924848
workload_24e0cd52e5bf0dde84c3b4db,1.25,1,ceiling,preload_all,6,5,1,3e-05,0.003,one_missing,1.1108161158367138,1.098253984059126,0.9994668738021804
workload_24e0cd52e5bf0dde84c3b4db,1.25,1,floor,preload_all,6,6,0,1e-05,0.003,complete,0.9037637489780594,0.1677290583619085,0.9720436713216589
workload_24e0cd52e5bf0dde84c3b4db,1.25,1,nearest,preload_all,6,6,0,1e-05,0.003,complete,0.9362943036828799,0.2681119349167838,0.997252449407016
workload_258d51be316b6e3b68c0b35e,0.8,1,ceiling,preload_all,6,6,0,1e-05,0.003,complete,0.7736404088395644,-1.328299916960302,0.9678986428998158
workload_258d51be316b6e3b68c0b35e,0.8,1,floor,preload_all,6,6,0,1e-05,0.003,complete,0.8920857809372738,0.029852829220110066,0.9802820448496444
workload_258d51be316b6e3b68c0b35e,0.8,1,nearest,preload_all,6,6,0,1e-05,0.003,complete,0.7956783020774391,-0.9255103820246029,0.9850787733194296
workload_26ce593e9327c9262c4b79ad,1.1,16,ceiling,preload_all,6,6,0,1e-05,0.003,complete,0.9442069410546008,0.18080043070832993,0.9973148325299226
workload_26ce593e9327c9262c4b79ad,1.1,16,floor,preload_all,6,6,0,1e-05,0.003,complete,1.0267973275321083,1.1292887159058773,0.9971801442086133
workload_26ce593e9327c9262c4b79ad,1.1,16,nearest,preload_all,6,5,1,3e-05,0.003,one_missing,0.9665490189351551,0.4966336337829522,0.9943356307573851
workload_275dbe9d8ece63eba61a5a1a,0.95,16,ceiling,preload_all,6,6,0,1e-05,0.003,complete,0.896795517275438,-0.4617964997458293,0.9794418182096517
workload_275dbe9d8ece63eba61a5a1a,0.95,16,floor,preload_all,6,6,0,1e-05,0.003,complete,0.8797095029450913,-0.016301927750941265,0.996399511053026
workload_275dbe9d8ece63eba61a5a1a,0.95,16,nearest,preload_all,6,6,0,1e-05,0.003,complete,0.925702104574695,0.03134631191153731,0.9874614891606563
workload_27aecfcc60f736db2d723bb3,1.0,1,ceiling,preload_all,6,5,1,3e-05,0.003,one_missing,1.1123729993202547,0.9714915037822701,0.9975973822440904
workload_27aecfcc60f736db2d723bb3,1.0,1,floor,preload_all,6,6,0,1e-05,0.003,complete,1.007196094428456,0.65315265500493,0.9703251121523176
workload_27aecfcc60f736db2d723bb3,1.0,1,nearest,preload_all,6,4,2,0.0001,0.003,two_or_more_missing,1.1201940954111096,1.286594129832806,0.9946332791505748
workload_28ee4b0a8b553c9ba509930a,1.25,16,ceiling,preload_all,6,6,0,1e-05,0.003,complete,0.9393745505797463,0.2784914398291838,0.996580380785778
workload_28ee4b0a8b553c9ba509930a,1.25,16,floor,preload_all,6,6,0,1e-05,0.003,complete,0.9739200918458014,0.8164343642538555,0.9661667865720557
workload_28ee4b0a8b553c9ba509930a,1.25,16,nearest,preload_all,6,6,0,1e-05,0.003,complete,0.9487837164406531,0.5173920144728495,0.985301996905186
workload_2910b0c988e8f6e49d88045f,0.95,16,ceiling,preload_all,6,5,1,3e-05,0.003,one_missing,0.9480036830980686,-0.03866479452203849,0.9845986934409748
workload_2910b0c988e8f6e49d88045f,0.95,16,floor,preload_all,6,4,2,0.0001,0.003,two_or_more_missing,1.0646595815429316,1.3318415774399996,0.9699135351273206
workload_2910b0c988e8f6e49d88045f,0.95,16,nearest,preload_all,6,5,1,3e-05,0.003,one_missing,1.0929399265902306,1.2279956911943208,0.9964935695573234
workload_2951c1c0579f2b5f7c51882d,1.25,1,ceiling,preload_all,6,5,1,3e-05,0.003,one_missing,1.0751153902900736,1.0788117822678678,0.9744213286835735
workload_2951c1c0579f2b5f7c51882d,1.25,1,floor,preload_all,6,6,0,1e-05,0.003,complete,1.0349572557893914,0.9485535350218552,0.9733177337677847
workload_2951c1c0579f2b5f7c51882d,1.25,1,nearest,preload_all,6,5,1,3e-05,0.003,one_missing,0.9885681097931389,0.5196901373606267,0.9998175213164451
workload_2980a19be8a903596f20aeeb,1.1,1,ceiling,preload_all,6,5,1,3e-05,0.003,one_missing,1.041215432628046,0.723290499476933,0.9695693202598609
workload_2980a19be8a903596f20aeeb,1.1,1,floor,preload_all,6,6,0,1e-05,0.003,complete,0.9324917974057434,0.30809081027447077,0.9861382163786724
workload_2980a19be8a903596f20aeeb,1.1,1,nearest,preload_all,6,6,0,1e-05,0.003,complete,1.0191950172056887,0.7139610349048378,0.9676572957527921
workload_29962f297164d7308656b884,0.95,4,ceiling,preload_all,6,5,1,3e-05,0.003,one_missing,0.8727487498042019,-0.47255668420969105,0.9859837456756448
workload_29962f297164d7308656b884,0.95,4,floor,preload_all,6,5,1,3e-05,0.003,one_missing,1.178799553529298,2.0600266109047816,0.9624189977470194
workload_29962f297164d7308656b884,0.95,4,nearest,preload_all,6,5,1,3e-05,0.003,one_missing,1.1590514572018829,1.7621899400331953,0.9752427157040842
workload_29ac2f08f6a63f530e44e49f,1.1,16,ceiling,preload_all,6,6,0,1e-05,0.003,complete,0.9601096131742148,0.2702366116048432,0.9951941308041389
workload_29ac2f08f6a63f530e44e49f,1.1,16,floor,preload_all,6,6,0,1e-05,0.003,complete,1.0265267756991459,1.1232218162215895,0.9976117379354131
workload_29ac2f08f6a63f530e44e49f,1.1,16,nearest,preload_all,6,6,0,1e-05,0.003,complete,0.9359076141314334,0.07563558536724238,0.9597642770063752
workload_2a09ada6ac89eca74620f986,0.95,16,ceiling,preload_all,6,6,0,1e-05,0.003,complete,0.9615919548522024,0.06537755551219405,0.9819354727922588
workload_2a09ada6ac89eca74620f986,0.95,16,floor,preload_all,6,6,0,1e-05,0.003,complete,1.0029327796348866,0.9519953681912685,0.9946682466732052
workload_2a09ada6ac89eca74620f986,0.95,16,nearest,preload_all,6,6,0,1e-05,0.003,complete,0.89227223667216,-0.09902478428629694,0.9901021132153995
workload_2a252899342afa7f1afee36e,1.25,4,ceiling,preload_all,6,5,1,3e-05,0.003,one_missing,1.0081882558660873,0.5416656695804576,0.9665805482354695
workload_2a252899342afa7f1afee36e,1.25,4,floor,preload_all,6,4,2,0.0001,0.003,two_or_more_missing,1.2095303201227776,2.292932340477417,0.9960685115147327
workload_2a252899342afa7f1afee36e,1.25,4,nearest,preload_all,6,5,1,3e-05,0.003,one_missing,1.22665053303859,2.2619278933265647,0.9926669729578302
workload_2a4597e1cb57bab76ccf01a7,0.8,8,ceiling,preload_all,6,6,0,1e-05,0.003,complete,0.8695888329307432,-0.8788693633518103,0.9855457019794613
workload_2a4597e1cb57bab76ccf01a7,0.8,8,floor,preload_all,6,6,0,1e-05,0.003,complete,1.0329740683003314,1.0465536108453979,0.9985577372100292
workload_2a4597e1cb57bab76ccf01a7,0.8,8,nearest,preload_all,6,6,0,1e-05,0.003,complete,0.7225256576057206,-1.3653020113845484,0.9246780243385669
workload_2a79054a9b1b9c397b976ac5,0.8,8,ceiling,preload_all,6,6,0,1e-05,0.003,complete,0.9456941459098755,-0.37069469416393713,0.9382818003042083
workload_2a79054a9b1b9c397b976ac5,0.8,8,floor,preload_all,6,5,1,3e-05,0.003,one_missing,1.0066912987341579,0.8683680709011652,0.9985430291811728
workload_2a79054a9b1b9c397b976ac5,0.8,8,nearest,preload_all,6,5,1,3e-05,0.003,one_missing,1.0235009249269875,0.833849646699965,0.9843732055959049
workload_2a8509b4f91361978f94acdf,1.1,4,ceiling,preload_all,6,5,1,3e-05,0.003,one_missing,0.9139276671661939,-0.20602830885548157,0.9957140670814285
workload_2a8509b4f91361978f94acdf,1.1,4,floor,preload_all,6,5,1,3e-05,0.003,one_missing,1.1259876537173712,1.738693464340455,0.9997654229067298
workload_2a8509b4f91361978f94acdf,1.1,4,nearest,preload_all,6,4,2,0.0001,0.003,two_or_more_missing,1.1495708731880763,1.6872828481280608,0.9879320310785844
workload_2adf264b2f31903e1c51f37e,1.1,8,ceiling,preload_all,6,5,1,3e-05,0.003,one_missing,0.8337491057723511,-0.6012455050556966,0.954873320234101
workload_2adf264b2f31903e1c51f37e,1.1,8,floor,preload_all,6,5,1,3e-05,0.003,one_missing,1.0025235466952813,0.9386163926337273,0.9921074382684117
workload_2adf264b2f31903e1c51f37e,1.1,8,nearest,preload_all,6,6,0,1e-05,0.003,complete,0.9452644146892112,0.30989995323539343,0.9704042805768037
workload_2ae4de40ce0316c0ba558120,1.1,1,ceiling,preload_all,6,6,0,1e-05,0.003,complete,0.8489841970568486,-0.7886728247261842,0.9573430999674941
workload_2ae4de40ce0316c0ba558120,1.1,1,floor,preload_all,6,6,0,1e-05,0.003,complete,0.7975375063041271,-0.6978148816978919,0.98066359870185
workload_2ae4de40ce0316c0ba558120,1.1,1,nearest,preload_all,6,6,0,1e-05,0.003,complete,0.9812037068843495,0.37148792710332623,0.9691955923880605
workload_2b2aa8147c092aaf353ce14f,1.25,16,ceiling,preload_all,6,6,0,1e-05,0.003,complete,0.9421405336208125,0.13468752772394704,0.9985200870613294
workload_2b2aa8147c092aaf353ce14f,1.25,16,floor,preload_all,6,6,0,1e-05,0.003,complete,0.7810116542965844,-0.5336107047167727,0.9725240331614021
workload_2b2aa8147c092aaf353ce14f,1.25,16,nearest,preload_all,6,6,0,1e-05,0.003,complete,0.7759251941151757,-0.7621789300514163,0.9194651963982184
workload_2b5f07852643782463a66ced,1.0,8,ceiling,preload_all,6,6,0,1e-05,0.003,complete,0.9533280150404077,-0.01465849804334653,0.9887049426599271
workload_2b5f07852643782463a66ced,1.0,8,floor,preload_all,6,4,2,0.0001,0.003,two_or_more_missing,1.0960444281042037,1.4299353082741415,0.9998102721874074
workload_2b5f07852643782463a66ced,1.0,8,nearest,preload_all,6,5,1,3e-05,0.003,one_missing,1.1695273181415053,1.6544544022796395,0.9900014958277212
workload_2b7a5b09a33700d919dc2b39,0.8,4,ceiling,preload_all,6,6,0,1e-05,0.003,complete,0.7945123239243683,-1.3167516442081835,0.9626473867201147
workload_2b7a5b09a33700d919dc2b39,0.8,4,floor,preload_all,6,6,0,1e-05,0.003,complete,0.8362676616099268,-0.34144196236210816,0.9857704771082303
workload_2b7a5b09a33700d919dc2b39,0.8,4,nearest,preload_all,6,6,0,1e-05,0.003,complete,0.9382046366199347,0.19501087158629712,0.9962982698034243
workload_2da8a899eb65b8b5ff49798c,0.5,1,ceiling,preload_all,6,6,0,1e-05,0.003,complete,0.7881588253982305,-1.9935368307238996,0.9463050478617223
workload_2da8a899eb65b8b5ff49798c,0.5,1,floor,preload_all,6,6,0,1e-05,0.003,complete,0.8440519842797521,-0.784342334954429,0.9602009880121466
workload_2da8a899eb65b8b5ff49798c,0.5,1,nearest,preload_all,6,6,0,1e-05,0.003,complete,0.9083527475666244,-0.7021915234134439,0.9702242823922107
workload_2df1e168d043e6124196e4ec,1.25,1,ceiling,preload_all,6,5,1,3e-05,0.003,one_missing,0.9634732765152836,0.11540503553140304,0.9924655963122295
workload_2df1e168d043e6124196e4ec,1.25,1,floor,preload_all,6,5,1,3e-05,0.003,one_missing,1.1335265067304117,1.504640196551468,0.9940489542711841
workload_2df1e168d043e6124196e4ec,1.25,1,nearest,preload_all,6,6,0,1e-05,0.003,complete,0.9082984092384755,-0.09079816082861743,0.9909618425491551
workload_2ea0ce9cade0ba275b274151,1.1,8,ceiling,preload_all,6,5,1,1e-05,0.003,one_missing,0.9807082205507652,0.09627011785933999,0.9540328902328964
workload_2ea0ce9cade0ba275b274151,1.1,8,floor,preload_all,6,6,0,1e-05,0.003,complete,1.0073903645460645,0.8395580286366026,0.9996816900754298
workload_2ea0ce9cade0ba275b274151,1.1,8,nearest,preload_all,6,6,0,1e-05,0.003,complete,0.8902646589890648,-0.11984891509396416,0.9762359577004138
workload_2ebd0e5512bf579ef8756860,1.25,4,ceiling,preload_all,6,6,0,1e-05,0.003,complete,1.0039674309779576,0.4136734054281761,0.9716206717467112
workload_2ebd0e5512bf579ef8756860,1.25,4,floor,preload_all,6,5,1,3e-05,0.003,one_missing,0.966726255488646,0.7246696706330333,0.9967415213343418
workload_2ebd0e5512bf579ef8756860,1.25,4,nearest,preload_all,6,5,1,3e-05,0.003,one_missing,1.197727499262512,2.115913278707307,0.9877979742138446
workload_2f98a91e43dc66900b596759,0.5,16,ceiling,preload_all,6,5,1,3e-05,0.003,one_missing,0.8760433282814013,-1.0513750905768107,0.9913879952211446
workload_2f98a91e43dc66900b596759,0.5,16,floor,preload_all,6,6,0,1e-05,0.003,complete,1.0010842944672431,0.5216132964898772,0.9958375325012295
workload_2f98a91e43dc66900b596759,0.5,16,nearest,preload_all,6,6,0,1e-05,0.003,complete,0.9181544841464032,-0.40536411815020007,0.9925434424884012
workload_2fc2b3144eb2172569828862,0.5,16,ceiling,preload_all,6,6,0,1e-05,0.003,complete,0.8617461901643084,-1.297630074536346,0.9670298935502591
workload_2fc2b3144eb2172569828862,0.5,16,floor,preload_all,6,6,0,1e-05,0.003,complete,0.9867282746788469,0.6194575509859379,0.9971183771783837
workload_2fc2b3144eb2172569828862,0.5,16,nearest,preload_all,6,6,0,1e-05,0.003,complete,0.960814820629024,0.05242127244755288,0.9922257018021702
workload_3003961f275af1646fc1d604,1.1,1,ceiling,preload_all,6,5,1,3e-05,0.003,one_missing,1.149752193717473,1.35843218183078,0.9963333545870693
workload_3003961f275af1646fc1d604,1.1,1,floor,preload_all,6,6,0,1e-05,0.003,complete,0.8708478864699468,-0.14664855433550966,0.9842063358981746
workload_3003961f275af1646fc1d604,1.1,1,nearest,preload_all,6,6,0,1e-05,0.003,complete,0.8492480550011184,-0.4544946437401485,0.9398756607886002
workload_300b3007d3177fd231804a6e,0.95,1,ceiling,preload_all,6,5,1,3e-05,0.003,one_missing,0.9932067301906453,0.18609655290641372,0.9743941987191512
workload_300b3007d3177fd231804a6e,0.95,1,floor,preload_all,6,5,1,3e-05,0.003,one_missing,1.2061631411013123,1.9689395146382873,0.988961952448798
workload_300b3007d3177fd231804a6e,0.95,1,nearest,preload_all,6,4,2,0.0001,0.003,two_or_more_missing,1.0826814251524777,1.0988901964471243,0.998440681545717
workload_30311c4849d81e11d09b8779,1.0,8,ceiling,preload_all,6,5,1,3e-05,0.003,one_missing,0.8346230399310106,-0.7009132047124649,0.982776578017019
workload_30311c4849d81e11d09b8779,1.0,8,floor,preload_all,6,6,0,1e-05,0.003,complete,0.8805923498336575,0.1149949704186738,0.993854584749576
workload_30311c4849d81e11d09b8779,1.0,8,nearest,preload_all,6,6,0,1e-05,0.003,complete,0.9735413783047324,0.5820705543514378,0.9966054598903051
workload_30d591da90a8ee8f04f1c712,1.0,16,ceiling,preload_all,6,5,1,3e-05,0.003,one_missing,0.8685323110677717,-0.6080403895308719,0.975874831768693
workload_30d591da90a8ee8f04f1c712,1.0,16,floor,preload_all,6,6,0,1e-05,0.003,complete,0.9019732288025615,0.18547599205304727,0.9958651502203776
workload_30d591da90a8ee8f04f1c712,1.0,16,nearest,preload_all,6,6,0,1e-05,0.003,complete,1.0338905378755663,0.9752552855929518,0.9943912585460042
workload_314a1785c8487c26085aa29c,0.95,4,ceiling,preload_all,6,6,0,1e-05,0.003,complete,0.9135559237348463,-0.2323310314069415,0.984859632767324
workload_314a1785c8487c26085aa29c,0.95,4,floor,preload_all,6,6,0,1e-05,0.003,complete,0.9742112373133585,0.6840129284181032,0.9952836062216083
workload_314a1785c8487c26085aa29c,0.95,4,nearest,preload_all,6,6,0,1e-05,0.003,complete,0.9431972099921054,0.22516362439808793,0.9956503982634539
workload_315ed9d35a4a08b20bb95311,1.1,1,ceiling,preload_all,6,5,1,3e-05,0.003,one_missing,1.1076576774980749,1.2975532827162861,0.9854579319358425
workload_315ed9d35a4a08b20bb95311,1.1,1,floor,preload_all,6,5,1,3e-05,0.003,one_missing,1.1323831378291287,1.7134598241808485,0.9714415649700672
workload_315ed9d35a4a08b20bb95311,1.1,1,nearest,preload_all,6,5,1,3e-05,0.003,one_missing,1.1122533945657078,1.2926137835034404,0.9860856255512762
workload_319088b9832e7a1ac9a10cba,1.25,4,ceiling,preload_all,6,6,0,1e-05,0.003,complete,0.850324993016573,-0.5494391554165179,0.9284875740080694
workload_319088b9832e7a1ac9a10cba,1.25,4,floor,preload_all,6,6,0,1e-05,0.003,complete,0.9230596757794912,0.33892794840089185,0.9409797304679755
workload_319088b9832e7a1ac9a10cba,1.25,4,nearest,preload_all,6,6,0,1e-05,0.003,complete,0.8121659324214925,-0.6134963469184227,0.9582943275573979
workload_319c3477d49064ac23cc4c81,1.1,16,ceiling,preload_all,6,6,0,1e-05,0.003,complete,0.7473197205536591,-1.3356528341581542,0.9070369781456074
workload_319c3477d49064ac23cc4c81,1.1,16,floor,preload_all,6,6,0,1e-05,0.003,complete,0.816926665247059,-0.5016618733995502,0.9619342577283329
workload_319c3477d49064ac23cc4c81,1.1,16,nearest,preload_all,6,5,1,3e-05,0.003,one_missing,0.9789128547530601,0.5292954940777846,0.9960692297172207
workload_32240acb0a5ad4c3989f6807,0.5,4,ceiling,preload_all,6,6,0,1e-05,0.003,complete,0.8208869383427823,-1.4011318930029681,0.9964073134440631
workload_32240acb0a5ad4c3989f6807,0.5,4,floor,preload_all,6,6,0,1e-05,0.003,complete,0.9641801023491342,0.47488078289984376,0.9968678877933066
workload_32240acb0a5ad4c3989f6807,0.5,4,nearest,preload_all,6,6,0,1e-05,0.003,complete,0.9171149884447738,-0.2953708102468648,0.9924415089247852
workload_32883113f46d8aaea17aea8f,0.5,4,ceiling,preload_all,6,4,2,0.0001,0.003,two_or_more_missing,1.010047759075919,-0.2636454160959697,0.984547337907103
workload_32883113f46d8aaea17aea8f,0.5,4,floor,preload_all,6,6,0,1e-05,0.003,complete,0.8746571134576592,-0.3795467851492832,0.9857461159291587
workload_32883113f46d8aaea17aea8f,0.5,4,nearest,preload_all,6,6,0,1e-05,0.003,complete,0.8352403704354789,-0.9362804123902577,0.9701867266435416
workload_32d6029173855aea6f5a9ef4,1.0,1,ceiling,preload_all,6,5,1,3e-05,0.003,one_missing,0.9175176698447851,-0.20673811054745153,0.9961261380225388
workload_32d6029173855aea6f5a9ef4,1.0,1,floor,preload_all,6,5,1,3e-05,0.003,one_missing,1.0454933155792154,1.0110351674114648,0.9964326717440499
workload_32d6029173855aea6f5a9ef4,1.0,1,nearest,preload_all,6,5,1,3e-05,0.003,one_missing,1.0525020362801192,1.0323259587831972,0.9918545747001575
workload_32fc0b066d26840183443b62,0.95,8,ceiling,preload_all,6,6,0,1e-05,0.003,complete,0.9700234579940307,0.23094537315831776,0.9940057334960519
workload_32fc0b066d26840183443b62,0.95,8,floor,preload_all,6,5,1,3e-05,0.003,one_missing,1.020606382659662,0.962371122260686,0.9855361192337536
workload_32fc0b066d26840183443b62,0.95,8,nearest,preload_all,6,5,1,3e-05,0.003,one_missing,1.0530480311961834,1.0534799336297962,0.9946890766127648
workload_330d3a3a5cddaf3036b919f0,0.5,4,ceiling,preload_all,6,5,1,3e-05,0.003,one_missing,1.0030784417276823,-0.13074007011891559,0.9885487424642236
workload_330d3a3a5cddaf3036b919f0,0.5,4,floor,preload_all,6,5,1,3e-05,0.003,one_missing,0.8961080435166806,-0.2029367510416162,0.9881718978452767
workload_330d3a3a5cddaf3036b919f0,0.5,4,nearest,preload_all,6,4,2,0.0001,0.003,two_or_more_missing,0.9215331176033066,-0.19141178773445722,0.9982820116024028
workload_334935de8cd4d54d6e05dc63,0.8,16,ceiling,preload_all,6,6,0,1e-05,0.003,complete,0.9047812673457324,-0.5434920141601601,0.9973378582551092
workload_334935de8cd4d54d6e05dc63,0.8,16,floor,preload_all,6,6,0,1e-05,0.003,complete,0.890883619019946,0.0934340239269796,0.993039686706338
workload_334935de8cd4d54d6e05dc63,0.8,16,nearest,preload_all,6,6,0,1e-05,0.003,complete,0.9261971814460518,0.07020050667167727,0.9869009383089298
workload_33b02586323ebe5e0365ba80,1.25,4,ceiling,preload_all,6,5,1,3e-05,0.003,one_missing,1.05262012476067,0.920780242921504,0.9899582244019589
workload_33b02586323ebe5e0365ba80,1.25,4,floor,preload_all,6,6,0,1e-05,0.003,complete,1.0772135428113032,1.392906707913378,0.9606580994163092
workload_33b02586323ebe5e0365ba80,1.25,4,nearest,preload_all,6,6,0,1e-05,0.003,complete,0.9674633885377113,0.5210835309023586,0.9829616246636851
workload_33ba4f07401716f6daf712e0,0.8,4,ceiling,preload_all,6,5,1,3e-05,0.003,one_missing,1.1019721392710182,0.8340188080494128,0.9919171332344406
workload_33ba4f07401716f6daf712e0,0.8,4,floor,preload_all,6,5,1,3e-05,0.003,one_missing,1.0176681087822381,0.7633610418419425,0.9937367315212996
workload_33ba4f07401716f6daf712e0,0.8,4,nearest,preload_all,6,5,1,3e-05,0.003,one_missing,0.9993076218760815,0.31615041541973793,0.9962801144102306
workload_3405e0ab1e1b64e646d28b6a,0.5,16,ceiling,preload_all,6,6,0,1e-05,0.003,complete,0.6323628041732603,-2.6368932790834863,0.9414814919231163
workload_3405e0ab1e1b64e646d28b6a,0.5,16,floor,preload_all,6,6,0,1e-05,0.003,complete,0.7328360711736249,-1.175398538731022,0.9681349900246473
workload_3405e0ab1e1b64e646d28b6a,0.5,16,nearest,preload_all,6,6,0,1e-05,0.003,complete,0.8494006609184286,-0.5544794017047406,0.9605994673312938
workload_34a692b62e6e1cf6ed126751,1.25,8,ceiling,preload_all,6,6,0,1e-05,0.003,complete,0.8984088664589427,-0.22576589124043867,0.975720704786629
workload_34a692b62e6e1cf6ed126751,1.25,8,floor,preload_all,6,6,0,1e-05,0.003,complete,0.941473589318265,0.4872917275667606,0.9720335870117675
workload_34a692b62e6e1cf6ed126751,1.25,8,nearest,preload_all,6,6,0,1e-05,0.003,complete,0.8934189090494677,0.011102204451099032,0.9897042877366358
workload_34e8b9ecc8608447c3ddc747,1.0,1,ceiling,preload_all,6,4,2,0.0001,0.003,two_or_more_missing,1.1570558602369942,1.189206142976182,0.9931279380143121
workload_34e8b9ecc8608447c3ddc747,1.0,1,floor,preload_all,6,5,1,3e-05,0.003,one_missing,0.9731909590576846,0.4760208486877549,0.9890050386929438
workload_34e8b9ecc8608447c3ddc747,1.0,1,nearest,preload_all,6,5,1,3e-05,0.003,one_missing,1.1978876122195077,1.6754318241879005,0.9830170899397946
workload_353bd6d98065cf0261826805,0.8,4,ceiling,preload_all,6,5,1,3e-05,0.003,one_missing,1.0437833462893484,0.3706693839875554,0.9819985130499975
workload_353bd6d98065cf0261826805,0.8,4,floor,preload_all,6,5,1,3e-05,0.003,one_missing,0.9731590448938304,0.4874438754093081,0.9962733179984049
workload_353bd6d98065cf0261826805,0.8,4,nearest,preload_all,6,5,1,3e-05,0.003,one_missing,1.1746109089166223,1.6220089105413722,0.9948991242575783
workload_3637f535cbebbe2a0ebec447,0.8,16,ceiling,preload_all,6,6,0,1e-05,0.003,complete,0.8395986320521086,-1.0551192859382617,0.9526065535629666
workload_3637f535cbebbe2a0ebec447,0.8,16,floor,preload_all,6,6,0,1e-05,0.003,complete,0.9981818769850809,0.667881569859456,0.9887903698384201
workload_3637f535cbebbe2a0ebec447,0.8,16,nearest,preload_all,6,6,0,1e-05,0.003,complete,0.9969961964940639,0.3858309245440981,0.992108650770439
workload_36518ead5aa6e1798828ad8b,1.25,1,ceiling,preload_all,6,5,1,3e-05,0.003,one_missing,0.8727965206873147,-0.47368395121391643,0.9907430082833036
workload_36518ead5aa6e1798828ad8b,1.25,1,floor,preload_all,6,5,1,1e-05,0.003,one_missing,0.9838106349876679,0.43094433386890485,0.9591245788888306
workload_36518ead5aa6e1798828ad8b,1.25,1,nearest,preload_all,6,5,1,3e-05,0.003,one_missing,1.129884882231038,1.4301477143257726,0.9938898391320985
workload_36b1171d419a5e7c89fdbbb2,1.25,4,ceiling,preload_all,6,5,1,3e-05,0.003,one_missing,1.1599506236648989,1.5705868544814316,0.994109923845595
workload_36b1171d419a5e7c89fdbbb2,1.25,4,floor,preload_all,6,4,2,0.0001,0.003,two_or_more_missing,1.1191565303135833,1.6974975067257727,0.9955094340937441
workload_36b1171d419a5e7c89fdbbb2,1.25,4,nearest,preload_all,6,5,1,3e-05,0.003,one_missing,1.221803355038246,2.243509172645647,0.9955499728112254
workload_36c569cf7c5889571afaa610,0.95,4,ceiling,preload_all,6,6,0,1e-05,0.003,complete,0.7577976397265216,-1.328478086002445,0.9626490676605035
workload_36c569cf7c5889571afaa610,0.95,4,floor,preload_all,6,6,0,1e-05,0.003,complete,0.8194132005048591,-0.4636440057294303,0.986960533881275
workload_36c569cf7c5889571afaa610,0.95,4,nearest,preload_all,6,5,1,3e-05,0.003,one_missing,0.8710294580739004,-0.30653058989280424,0.9667495740359728
workload_36f48966c1e004969f387599,0.8,16,ceiling,preload_all,6,6,0,1e-05,0.003,complete,0.7937913075636346,-1.3557219667960023,0.9663891558239343
workload_36f48966c1e004969f387599,0.8,16,floor,preload_all,6,6,0,1e-05,0.003,complete,0.8802494538302567,-0.06611734577323745,0.9977839765900551
workload_36f48966c1e004969f387599,0.8,16,nearest,preload_all,6,6,0,1e-05,0.003,complete,0.8441688041447237,-0.5882074030503223,0.993119158050919
workload_371eb7eb9a03ee28deb0f631,1.0,1,ceiling,preload_all,6,5,1,3e-05,0.003,one_missing,0.9494065256618107,-0.1025044513808127,0.9917483822559316
workload_371eb7eb9a03ee28deb0f631,1.0,1,floor,preload_all,6,5,1,3e-05,0.003,one_missing,1.1850280618689293,1.9501592955047602,0.9955926818176057
workload_371eb7eb9a03ee28deb0f631,1.0,1,nearest,preload_all,6,6,0,1e-05,0.003,complete,0.9481762433737334,0.10520342422746845,0.9888542036387649
workload_3743720c88619975f9b8adc7,0.8,4,ceiling,preload_all,6,5,1,3e-05,0.003,one_missing,1.153639035228282,1.2130426094414535,0.9918706870120143
workload_3743720c88619975f9b8adc7,0.8,4,floor,preload_all,6,5,1,1e-05,0.003,one_missing,1.0368756061353963,0.9440609050302379,0.9815418699427727
workload_3743720c88619975f9b8adc7,0.8,4,nearest,preload_all,6,4,2,0.0001,0.003,two_or_more_missing,0.9555749805441829,0.07581908254396268,0.9978747479564083
workload_37ba6d612adc105db540f6f0,1.1,4,ceiling,preload_all,6,4,2,0.0001,0.003,two_or_more_missing,1.0539400231909952,0.8276994899451852,0.9998383440024133
workload_37ba6d612adc105db540f6f0,1.1,4,floor,preload_all,6,6,0,1e-05,0.003,complete,1.1017677620128994,1.4127381818246467,0.9723453046615586
workload_37ba6d612adc105db540f6f0,1.1,4,nearest,preload_all,6,6,0,1e-05,0.003,complete,1.0497561863260025,0.9911395843941261,0.9685599446008205
workload_3803bfa45a60c01c05fe1df3,1.1,16,ceiling,preload_all,6,5,1,3e-05,0.003,one_missing,0.8682693361749542,-0.5971878005742055,0.9815125593875418
workload_3803bfa45a60c01c05fe1df3,1.1,16,floor,preload_all,6,6,0,1e-05,0.003,complete,0.9285045797018374,0.1460944037427122,0.9684549341922097
workload_3803bfa45a60c01c05fe1df3,1.1,16,nearest,preload_all,6,5,1,3e-05,0.003,one_missing,1.0399466860577198,0.9089995118778992,0.9942264622294291
workload_38775755c0ba298102146eab,0.8,1,ceiling,preload_all,6,6,0,1e-05,0.003,complete,0.9357116219500575,-0.3135385997913605,0.9689432625874506
workload_38775755c0ba298102146eab,0.8,1,floor,preload_all,6,6,0,1e-05,0.003,complete,1.0490460506477834,0.9921677646594722,0.9715689488804955
workload_38775755c0ba298102146eab,0.8,1,nearest,preload_all,6,5,1,3e-05,0.003,one_missing,1.1498464079718067,1.4375263905662312,0.9986383471233642
workload_38913e7d3cb1a6afdbde5edd,0.95,16,ceiling,preload_all,6,5,1,3e-05,0.003,one_missing,1.126310562414767,1.1695582762155137,0.990474135771886
workload_38913e7d3cb1a6afdbde5edd,0.95,16,floor,preload_all,6,6,0,1e-05,0.003,complete,1.057611437005759,1.2395654356029406,0.9933273214702449
workload_38913e7d3cb1a6afdbde5edd,0.95,16,nearest,preload_all,6,5,1,3e-05,0.003,one_missing,1.1461443554282051,1.5912694153830058,0.9685046721235493
workload_38db2fafb002c0cd64002446,1.0,1,ceiling,preload_all,6,6,0,1e-05,0.003,complete,0.8807160994185993,-0.5754604702822913,0.9943139306969283
workload_38db2fafb002c0cd64002446,1.0,1,floor,preload_all,6,6,0,1e-05,0.003,complete,0.9507223179266412,0.3682679178725884,0.9861111525500716
workload_38db2fafb002c0cd64002446,1.0,1,nearest,preload_all,6,6,0,1e-05,0.003,complete,0.9933253052516151,0.35548233155555076,0.9669720695062762
workload_3908434bb0f7fc1e5430da8d,1.0,8,ceiling,preload_all,6,5,1,3e-05,0.003,one_missing,1.1996670977884463,1.7336901569493564,0.9798150774712694
workload_3908434bb0f7fc1e5430da8d,1.0,8,floor,preload_all,6,6,0,1e-05,0.003,complete,0.952715007779037,0.47245941626889654,0.9728547879202959
workload_3908434bb0f7fc1e5430da8d,1.0,8,nearest,preload_all,6,6,0,1e-05,0.003,complete,1.006993031960088,0.6844070261296904,0.9952054969486243
workload_390b9b9c9075f5fcb725194f,0.8,16,ceiling,preload_all,6,4,2,0.0001,0.003,two_or_more_missing,1.0258023270035537,0.336748673311988,0.9963680340444971
workload_390b9b9c9075f5fcb725194f,0.8,16,floor,preload_all,6,6,0,1e-05,0.003,complete,0.9868704819603425,0.5906068750158154,0.994041956468986
workload_390b9b9c9075f5fcb725194f,0.8,16,nearest,preload_all,6,5,1,3e-05,0.003,one_missing,1.1723869762704604,1.6609813371551851,0.9899082313505868
workload_390f3e1751a97147842fa135,0.95,4,ceiling,preload_all,6,5,1,1e-05,0.003,one_missing,0.949872696548563,0.11634834890655586,0.9977561168668531
workload_390f3e1751a97147842fa135,0.95,4,floor,preload_all,6,5,1,3e-05,0.003,one_missing,1.2487606597473462,2.4495228178472384,0.9942000947865125
workload_390f3e1751a97147842fa135,0.95,4,nearest,preload_all,6,5,1,3e-05,0.003,one_missing,1.170417018134507,1.8484479645669745,0.9791668294344059
workload_399a330840628a6444550e76,1.25,4,ceiling,preload_all,6,5,1,3e-05,0.003,one_missing,1.1645744247652023,1.7089487197505255,0.990398620924676
workload_399a330840628a6444550e76,1.25,4,floor,preload_all,6,6,0,1e-05,0.003,complete,1.1242324572030251,1.824608913907608,0.9696970156675578
workload_399a330840628a6444550e76,1.25,4,nearest,preload_all,6,5,1,3e-05,0.003,one_missing,1.1077161002685116,1.520964026420708,0.9984086132624632
workload_39e7704894c8fb6486ea3586,1.25,4,ceiling,preload_all,6,6,0,1e-05,0.003,complete,0.9715501417603203,0.2951495348272841,0.9940316264033315
workload_39e7704894c8fb6486ea3586,1.25,4,floor,preload_all,6,5,1,3e-05,0.003,one_missing,1.0038771613518056,0.9454972904664962,0.9824437969051919
workload_39e7704894c8fb6486ea3586,1.25,4,nearest,preload_all,6,5,1,3e-05,0.003,one_missing,0.9658621259410557,0.483788933755962,0.9919938067597688
workload_3a30083e22f1cfcc48380d67,0.95,8,ceiling,preload_all,6,6,0,1e-05,0.003,complete,0.9619170112601784,-0.00456058457657445,0.9817056162596144
workload_3a30083e22f1cfcc48380d67,0.95,8,floor,preload_all,6,6,0,1e-05,0.003,complete,0.9330831058669748,0.20030618068331033,0.9732605857591604
workload_3a30083e22f1cfcc48380d67,0.95,8,nearest,preload_all,6,5,1,3e-05,0.003,one_missing,1.0532924542802773,0.8618143568510492,0.99912503513047
workload_3a7423296c830c17429d2b55,0.8,4,ceiling,preload_all,6,5,1,1e-05,0.003,one_missing,0.9295275544423983,-0.40899054469213253,0.9626571000694051
workload_3a7423296c830c17429d2b55,0.8,4,floor,preload_all,6,6,0,1e-05,0.003,complete,0.8932316505605071,0.031245201732849736,0.9827259732931001
workload_3a7423296c830c17429d2b55,0.8,4,nearest,preload_all,6,6,0,1e-05,0.003,complete,0.8252605611037882,-0.7095663170800671,0.9839083575832027
workload_3a9856dfe78cf0d2f013ff2d,1.1,4,ceiling,preload_all,6,4,2,0.0001,0.003,two_or_more_missing,1.0936780335251244,1.1510502256755553,0.989450153352717
workload_3a9856dfe78cf0d2f013ff2d,1.1,4,floor,preload_all,6,6,0,1e-05,0.003,complete,1.0550775889194357,1.3466370067389914,0.9915757601779158
workload_3a9856dfe78cf0d2f013ff2d,1.1,4,nearest,preload_all,6,6,0,1e-05,0.003,complete,1.0080212162941307,0.8004028325522741,0.993849173803598
workload_3aca07b778e10df72b78f5af,0.8,4,ceiling,preload_all,6,6,0,1e-05,0.003,complete,0.8331280681766665,-0.9912899104669,0.9657904557703075
workload_3aca07b778e10df72b78f5af,0.8,4,floor,preload_all,6,5,1,3e-05,0.003,one_missing,0.9925985378783022,0.7126090661503507,0.9993686351526532
workload_3aca07b778e10df72b78f5af,0.8,4,nearest,preload_all,6,5,1,3e-05,0.003,one_missing,0.9102395538456608,-0.1959355476984931,0.976864492126638
workload_3ade225e16c7314635409744,0.8,8,ceiling,preload_all,6,4,2,0.0001,0.003,two_or_more_missing,0.8657573456028798,-0.6270597960628419,0.9915330268741869
workload_3ade225e16c7314635409744,0.8,8,floor,preload_all,6,5,1,3e-05,0.003,one_missing,1.2489755395604363,2.3980690161992406,0.9835155519387909
workload_3ade225e16c7314635409744,0.8,8,nearest,preload_all,6,5,1,3e-05,0.003,one_missing,1.2350015629737523,2.002969909354181,0.98766767813918
workload_3b11e1f8ae26501f9e8b4f88,0.95,4,ceiling,preload_all,6,5,1,1e-05,0.003,one_missing,0.9662436825909417,0.015706936074080104,0.9604385231816397
workload_3b11e1f8ae26501f9e8b4f88,0.95,4,floor,preload_all,6,5,1,3e-05,0.003,one_missing,0.9164876033662749,0.3147062460366508,0.9968944806596887
workload_3b11e1f8ae26501f9e8b4f88,0.95,4,nearest,preload_all,6,4,2,0.0001,0.003,two_or_more_missing,0.9169142321716206,0.0743914451348527,0.9987899294792888
workload_3b6c83f91379f332663f8a69,0.5,16,ceiling,preload_all,6,5,1,3e-05,0.003,one_missing,0.9261102785110421,-0.643719140811641,0.9528642952415698
workload_3b6c83f91379f332663f8a69,0.5,16,floor,preload_all,6,4,2,0.0001,0.003,two_or_more_missing,1.0863327522926292,1.1516721031837551,0.9871638016714205
workload_3b6c83f91379f332663f8a69,0.5,16,nearest,preload_all,6,6,0,1e-05,0.003,complete,0.9178790415976585,-0.33683620344016196,0.9285511157681267
workload_3bc7049e39a7ba444e0e3f8f,1.1,4,ceiling,preload_all,6,6,0,1e-05,0.003,complete,0.942438720188753,0.12155274313636746,0.9974293690811982
workload_3bc7049e39a7ba444e0e3f8f,1.1,4,floor,preload_all,6,5,1,3e-05,0.003,one_missing,1.1204773824850698,1.668945973242002,0.9976395413504638
workload_3bc7049e39a7ba444e0e3f8f,1.1,4,nearest,preload_all,6,6,0,1e-05,0.003,complete,0.9435233124114139,0.4235720307303445,0.9914274558162592
workload_3bdf16badf34ad09adec7a42,0.5,4,ceiling,preload_all,6,4,2,0.0001,0.003,two_or_more_missing,1.1857782552263536,0.9797012333717374,0.9844196393821688
workload_3bdf16badf34ad09adec7a42,0.5,4,floor,preload_all,6,5,1,3e-05,0.003,one_missing,0.9814916991911189,0.38834913253054965,0.995165115902806
workload_3bdf16badf34ad09adec7a42,0.5,4,nearest,preload_all,6,5,1,3e-05,0.003,one_missing,0.9992153774760081,0.3376419402572616,0.9971555399884467
workload_3c118d0912e534110fd4f9af,1.25,8,ceiling,preload_all,6,6,0,1e-05,0.003,complete,0.9030120761461169,-0.08205923492490422,0.8919652091388401
workload_3c118d0912e534110fd4f9af,1.25,8,floor,preload_all,6,6,0,1e-05,0.003,complete,1.041707722586232,1.4052487360125083,0.9929484402344827
workload_3c118d0912e534110fd4f9af,1.25,8,nearest,preload_all,6,6,0,1e-05,0.003,complete,0.8998451539018252,0.1755031261983839,0.9862210608475539
workload_3cf24a6ae2e89ef54ec85692,1.1,4,ceiling,preload_all,6,5,1,1e-05,0.003,one_missing,0.9462405023136926,-0.0033804703901483208,0.9880188170924368
workload_3cf24a6ae2e89ef54ec85692,1.1,4,floor,preload_all,6,6,0,1e-05,0.003,complete,1.1056186310530338,1.5856061743924683,0.9706968508716053
workload_3cf24a6ae2e89ef54ec85692,1.1,4,nearest,preload_all,6,5,1,1e-05,0.003,one_missing,0.974435714154762,0.5748700895756097,0.9984634240624086
workload_3d1f7e4f42d14ab99a813c37,1.1,8,ceiling,preload_all,6,6,0,1e-05,0.003,complete,0.9739022243045264,0.3045777686013037,0.996636608952491
workload_3d1f7e4f42d14ab99a813c37,1.1,8,floor,preload_all,6,6,0,1e-05,0.003,complete,0.9740201454738896,0.734780949785695,0.9705900890728885
workload_3d1f7e4f42d14ab99a813c37,1.1,8,nearest,preload_all,6,6,0,1e-05,0.003,complete,0.8963742649349349,-0.11192339920157597,0.9789831857277317
workload_3d34ca5d27dfdca883e08558,1.1,4,ceiling,preload_all,6,5,1,3e-05,0.003,one_missing,1.098167109025258,1.039666340808318,0.9861286305425431
workload_3d34ca5d27dfdca883e08558,1.1,4,floor,preload_all,6,5,1,3e-05,0.003,one_missing,1.2306630804541285,2.429537163178193,0.9845934823115052
workload_3d34ca5d27dfdca883e08558,1.1,4,nearest,preload_all,6,5,1,3e-05,0.003,one_missing,1.1964262067546674,1.9663471638445909,0.994233340966487
workload_3d4c94648c60609afc784ab8,0.5,8,ceiling,preload_all,6,4,2,0.0001,0.003,two_or_more_missing,1.1009058928000446,0.4463604998054075,0.999075380528327
workload_3d4c94648c60609afc784ab8,0.5,8,floor,preload_all,6,6,0,1e-05,0.003,complete,1.0137464724327656,0.7975548018948287,0.9882021038206286
workload_3d4c94648c60609afc784ab8,0.5,8,nearest,preload_all,6,6,0,1e-05,0.003,complete,0.9719016217110177,0.1763257376397133,0.9914069627375441
workload_3dbab9cfedf329e02ebc64ab,0.5,16,ceiling,preload_all,6,5,1,3e-05,0.003,one_missing,0.883407557823052,-0.9717554729436668,0.9922560102191883
workload_3dbab9cfedf329e02ebc64ab,0.5,16,floor,preload_all,6,5,1,3e-05,0.003,one_missing,0.9962422433753754,0.6482403259359084,0.9991696382889933
workload_3dbab9cfedf329e02ebc64ab,0.5,16,nearest,preload_all,6,5,1,3e-05,0.003,one_missing,0.9552462787096919,0.01724460801123854,0.9902172908498192
workload_3dfc2fb764148ad5c8690769,0.8,1,ceiling,preload_all,6,6,0,1e-05,0.003,complete,0.9215013122565374,-0.5305536232993546,0.9623352568270381
workload_3dfc2fb764148ad5c8690769,0.8,1,floor,preload_all,6,6,0,1e-05,0.003,complete,0.9071450002570793,-0.21631478571071444,0.9866674167524128
workload_3dfc2fb764148ad5c8690769,0.8,1,nearest,preload_all,6,6,0,1e-05,0.003,complete,0.881862570706608,-0.522425588773476,0.9204299532150908
workload_3e1dd4ca73897af7b36ff331,1.25,8,ceiling,preload_all,6,6,0,1e-05,0.003,complete,0.9663062877168791,0.14246461138067487,0.986100366367295
workload_3e1dd4ca73897af7b36ff331,1.25,8,floor,preload_all,6,6,0,1e-05,0.003,complete,0.9034167039901214,0.21906465135162428,0.9898217282438749
workload_3e1dd4ca73897af7b36ff331,1.25,8,nearest,preload_all,6,6,0,1e-05,0.003,complete,0.8945440737596576,-0.2599283575456002,0.8805952451356638
workload_3e425b67a4320bfc95c6edc2,0.5,16,ceiling,preload_all,6,3,3,0.0003,0.003,two_or_more_missing,1.0930635234784645,0.13876181795423928,0.9996779263656458
workload_3e425b67a4320bfc95c6edc2,0.5,16,floor,preload_all,6,5,1,1e-05,0.003,one_missing,1.0039429042444639,0.550279674238553,0.9920019390786099
workload_3e425b67a4320bfc95c6edc2,0.5,16,nearest,preload_all,6,4,2,0.0001,0.003,two_or_more_missing,1.1817320831526157,1.4352922198433364,0.994859733080878
workload_3e50f5f6b07c0db10fb9e634,0.5,4,ceiling,preload_all,6,6,0,1e-05,0.003,complete,0.8163593046937591,-1.597374806228818,0.9907598455597779
workload_3e50f5f6b07c0db10fb9e634,0.5,4,floor,preload_all,6,6,0,1e-05,0.003,complete,0.9376112631583888,0.0996010721857281,0.9948742607268861
workload_3e50f5f6b07c0db10fb9e634,0.5,4,nearest,preload_all,6,6,0,1e-05,0.003,complete,0.9662320960066233,-0.18359860746209547,0.9731780735386802
workload_3f0f4b85131c2001c80c05d0,1.1,8,ceiling,preload_all,6,5,1,3e-05,0.003,one_missing,1.0248951293175539,0.7009703165017,0.998827373134752
workload_3f0f4b85131c2001c80c05d0,1.1,8,floor,preload_all,6,5,1,3e-05,0.003,one_missing,0.9512623639565101,0.6025692915304836,0.9884763172207343
workload_3f0f4b85131c2001c80c05d0,1.1,8,nearest,preload_all,6,5,1,1e-05,0.003,one_missing,1.0313447207351323,1.0001717125615657,0.9943593602799813
workload_400d11bb1284c1812aa824aa,1.0,16,ceiling,preload_all,6,6,0,1e-05,0.003,complete,0.7724386911196541,-1.0680831587202126,0.9809244690741968
workload_400d11bb1284c1812aa824aa,1.0,16,floor,preload_all,6,6,0,1e-05,0.003,complete,0.8709255803394411,-0.008592313796928526,0.9853946625988383
workload_400d11bb1284c1812aa824aa,1.0,16,nearest,preload_all,6,6,0,1e-05,0.003,complete,0.915098110898048,0.20012984187218882,0.9732796903325588
workload_410dd8a121428b7ded613f77,1.25,1,ceiling,preload_all,6,6,0,1e-05,0.003,complete,0.8882590792586185,-0.31292370302437433,0.9939663266331666
workload_410dd8a121428b7ded613f77,1.25,1,floor,preload_all,6,6,0,1e-05,0.003,complete,0.9498552982084865,0.37019324415671634,0.9921465898596163
workload_410dd8a121428b7ded613f77,1.25,1,nearest,preload_all,6,5,1,3e-05,0.003,one_missing,0.8764340995589667,-0.26228352022022255,0.9829919407742398
workload_41dd8af959bfba2415f99bea,1.1,1,ceiling,preload_all,6,4,2,0.0001,0.003,two_or_more_missing,1.0631921233281438,0.5586533514204974,0.9950982246541747
workload_41dd8af959bfba2415f99bea,1.1,1,floor,preload_all,6,5,1,3e-05,0.003,one_missing,1.0546036658764344,0.9676438833552856,0.985816591334239
workload_41dd8af959bfba2415f99bea,1.1,1,nearest,preload_all,6,5,1,3e-05,0.003,one_missing,1.1634454769760918,1.542043382477723,0.9934215101743843
workload_42fac2ca847988897d3e15a7,0.8,8,ceiling,preload_all,6,5,1,1e-05,0.003,one_missing,0.9732266916099317,-0.3449671201934265,0.8602006744652626
workload_42fac2ca847988897d3e15a7,0.8,8,floor,preload_all,6,5,1,3e-05,0.003,one_missing,1.1006340925059264,1.4049718372803506,0.9933175778057483
workload_42fac2ca847988897d3e15a7,0.8,8,nearest,preload_all,6,4,2,0.0001,0.003,two_or_more_missing,1.1097819830880893,1.1140303664768665,0.9968056595302136
workload_4300d69d626a860593636097,0.5,1,ceiling,preload_all,6,5,1,3e-05,0.003,one_missing,0.9085439049336689,-0.9156244938878012,0.9428162273995979
workload_4300d69d626a860593636097,0.5,1,floor,preload_all,6,6,0,1e-05,0.003,complete,0.9398806725435408,0.20373847572349027,0.998400271924948
workload_4300d69d626a860593636097,0.5,1,nearest,preload_all,6,5,1,3e-05,0.003,one_missing,0.9256801996402991,-0.24307414407495823,0.9691506046444895
workload_43451b858d8171d8fdc2678a,0.95,1,ceiling,preload_all,6,4,2,0.0001,0.003,two_or_more_missing,1.0165924291540807,0.27050826949303414,0.9852371598632361
workload_43451b858d8171d8fdc2678a,0.95,1,floor,preload_all,6,5,1,3e-05,0.003,one_missing,0.9873086439908586,0.5492104090477863,0.9940752544910934
workload_43451b858d8171d8fdc2678a,0.95,1,nearest,preload_all,6,5,1,3e-05,0.003,one_missing,1.0940321004626024,0.9528010067192108,0.9967288365782292
workload_434ce1497ca2d714ab8e400b,0.5,1,ceiling,preload_all,6,4,2,0.0001,0.003,two_or_more_missing,1.044082097230345,-0.308615942074749,0.9964402442128114
workload_434ce1497ca2d714ab8e400b,0.5,1,floor,preload_all,6,4,2,0.0001,0.003,two_or_more_missing,1.0619188410332334,0.6230978193772369,0.9961023783559027
workload_434ce1497ca2d714ab8e400b,0.5,1,nearest,preload_all,6,4,2,0.0001,0.003,two_or_more_missing,1.2213641145126926,1.4329138586373025,0.9938504246945343
workload_4352fb63835816a5e1540822,0.95,4,ceiling,preload_all,6,4,2,0.0001,0.003,two_or_more_missing,0.9150650111880094,-0.13517788571863099,0.9924255207158258
workload_4352fb63835816a5e1540822,0.95,4,floor,preload_all,6,6,0,1e-05,0.003,complete,0.8171649713756428,-0.41390823748106,0.9888855578022206
workload_4352fb63835816a5e1540822,0.95,4,nearest,preload_all,6,6,0,1e-05,0.003,complete,0.8433771923158463,-0.37628405248362123,0.995939367545439
workload_43f33aca927bee8b6859f40b,0.5,16,ceiling,preload_all,6,6,0,1e-05,0.003,complete,0.774291932028484,-1.8917960513241916,0.9802760289133058
workload_43f33aca927bee8b6859f40b,0.5,16,floor,preload_all,6,5,1,3e-05,0.003,one_missing,0.9285768106138025,0.1416178242187512,0.9954842129141035
workload_43f33aca927bee8b6859f40b,0.5,16,nearest,preload_all,6,6,0,1e-05,0.003,complete,0.9940394497759854,0.2967839505054864,0.9619733528411416
workload_44517cfaf30bcc45a082c86e,0.95,1,ceiling,preload_all,6,6,0,1e-05,0.003,complete,0.7180602960727525,-1.941694252831122,0.9142309432003652
workload_44517cfaf30bcc45a082c86e,0.95,1,floor,preload_all,6,6,0,1e-05,0.003,complete,0.851593528961708,-0.7227404477511417,0.92121996684501
workload_44517cfaf30bcc45a082c86e,0.95,1,nearest,preload_all,6,6,0,1e-05,0.003,complete,0.9046254504927329,-0.37621234295004974,0.9899408866311921
workload_45004ddbf60a399036324f38,0.8,16,ceiling,preload_all,6,5,1,3e-05,0.003,one_missing,1.0724567036390624,0.7630524828099791,0.9712461118156973
workload_45004ddbf60a399036324f38,0.8,16,floor,preload_all,6,6,0,1e-05,0.003,complete,1.1034094011668782,1.4393172625507942,0.970759642685017
workload_45004ddbf60a399036324f38,0.8,16,nearest,preload_all,6,5,1,3e-05,0.003,one_missing,0.9812430199366173,0.39737562172329494,0.9973233493169026
workload_45413299b191131a4871f08d,0.8,8,ceiling,preload_all,6,5,1,3e-05,0.003,one_missing,0.9283783707155766,-0.4329514499561576,0.995098298509893
workload_45413299b191131a4871f08d,0.8,8,floor,preload_all,6,6,0,1e-05,0.003,complete,0.9853301630278425,0.485146047801001,0.9979011797436501
workload_45413299b191131a4871f08d,0.8,8,nearest,preload_all,6,6,0,1e-05,0.003,complete,0.9784614515092457,0.09813549686981064,0.9784541118171652
workload_4588a85ca053d61d81288eb3,1.25,16,ceiling,preload_all,6,6,0,1e-05,0.003,complete,0.8319812634516093,-0.4566579583195883,0.9574131097878007
workload_4588a85ca053d61d81288eb3,1.25,16,floor,preload_all,6,6,0,1e-05,0.003,complete,0.9103959278520188,0.5277563640191917,0.9982931375372704
workload_4588a85ca053d61d81288eb3,1.25,16,nearest,preload_all,6,6,0,1e-05,0.003,complete,0.8446446370287133,-0.1609389186022008,0.9883373478680195
workload_46aba845a7c23fe29a3a0d63,1.25,16,ceiling,preload_all,6,6,0,1e-05,0.003,complete,0.9203257468846914,0.08209318115266767,0.9933947086229781
workload_46aba845a7c23fe29a3a0d63,1.25,16,floor,preload_all,6,6,0,1e-05,0.003,complete,1.0353906331170346,1.250343163431934,0.9983599974823577
workload_46aba845a7c23fe29a3a0d63,1.25,16,nearest,preload_all,6,6,0,1e-05,0.003,complete,0.9023501427259629,0.04911054103932808,0.9778352456321828
workload_46e6ef8f7e32c2fbbe60512e,1.0,16,ceiling,preload_all,6,6,0,1e-05,0.003,complete,0.9584237372926961,0.2883498436115455,0.9977354353442954
workload_46e6ef8f7e32c2fbbe60512e,1.0,16,floor,preload_all,6,6,0,1e-05,0.003,complete,0.9239668870070916,0.38383430475522445,0.9927214911533943
workload_46e6ef8f7e32c2fbbe60512e,1.0,16,nearest,preload_all,6,4,2,0.0001,0.003,two_or_more_missing,1.0480273585914508,0.9395576498109149,0.9928692325445483
workload_471893ce658a4f7760eb9342,1.25,8,ceiling,preload_all,6,5,1,3e-05,0.003,one_missing,1.0843499404475718,0.967135298739162,0.9702298389553508
workload_471893ce658a4f7760eb9342,1.25,8,floor,preload_all,6,6,0,1e-05,0.003,complete,1.0597553902989971,1.361729616221856,0.9935808346527708
workload_471893ce658a4f7760eb9342,1.25,8,nearest,preload_all,6,6,0,1e-05,0.003,complete,0.9428352072746767,0.2232071568945628,0.958717154020937
workload_47e3304e464d0e0281578ba9,1.25,16,ceiling,preload_all,6,6,0,1e-05,0.003,complete,0.8690623287164451,-0.444065537284974,0.9396943911888799
workload_47e3304e464d0e0281578ba9,1.25,16,floor,preload_all,6,6,0,1e-05,0.003,complete,0.9395197535242046,0.48216220813409844,0.9829846842077105
workload_47e3304e464d0e0281578ba9,1.25,16,nearest,preload_all,6,6,0,1e-05,0.003,complete,0.9060285305793153,0.17751221981841986,0.9915514249816508
workload_4833af204ef5330f1a36cbe0,1.0,4,ceiling,preload_all,6,6,0,1e-05,0.003,complete,0.8642374009645535,-0.5882620157164705,0.9676559949823899
workload_4833af204ef5330f1a36cbe0,1.0,4,floor,preload_all,6,5,1,3e-05,0.003,one_missing,1.2425073560160147,2.591936040917497,0.9804593795540243
workload_4833af204ef5330f1a36cbe0,1.0,4,nearest,preload_all,6,4,2,0.0001,0.003,two_or_more_missing,0.9771233707402173,0.5311938135444199,0.9966071774112305
workload_49a8ad3f09ed9547f9ebac86,0.95,1,ceiling,preload_all,6,6,0,1e-05,0.003,complete,0.7265192173336801,-1.8441681323506036,0.9645028476743649
workload_49a8ad3f09ed9547f9ebac86,0.95,1,floor,preload_all,6,6,0,1e-05,0.003,complete,0.8104584176162011,-0.5697547506517423,0.9965759295783909
workload_49a8ad3f09ed9547f9ebac86,0.95,1,nearest,preload_all,6,6,0,1e-05,0.003,complete,0.7036285273673277,-1.5009689262863142,0.9727789328427149
workload_49e16c939b5b8565fe1c5bfe,1.1,16,ceiling,preload_all,6,6,0,1e-05,0.003,complete,0.9421406840502524,-0.07620073631030028,0.9766884980363338
workload_49e16c939b5b8565fe1c5bfe,1.1,16,floor,preload_all,6,5,1,3e-05,0.003,one_missing,0.9509022680544514,0.6025951332100175,0.9927061329585694
workload_49e16c939b5b8565fe1c5bfe,1.1,16,nearest,preload_all,6,6,0,1e-05,0.003,complete,0.8972207137123269,0.09422775618854293,0.9963368607941433
workload_49f4c1347c1b2fd5736b7c49,1.1,8,ceiling,preload_all,6,4,2,0.0001,0.003,two_or_more_missing,1.219518627969715,1.8554250534614403,0.9769720340696367
workload_49f4c1347c1b2fd5736b7c49,1.1,8,floor,preload_all,6,5,1,3e-05,0.003,one_missing,1.023865277688864,1.0951759541177044,0.9985525710455132
workload_49f4c1347c1b2fd5736b7c49,1.1,8,nearest,preload_all,6,5,1,3e-05,0.003,one_missing,1.1769689583459524,1.9199618800415417,0.9779499358833308
workload_4a2097aadf64e3df0a5bb162,1.1,1,ceiling,preload_all,6,4,2,0.0001,0.003,two_or_more_missing,1.1785207598546745,1.634157992439675,0.9827063023569608
workload_4a2097aadf64e3df0a5bb162,1.1,1,floor,preload_all,6,6,0,1e-05,0.003,complete,0.9552493734737967,0.40761252103407036,0.9933843643710418
workload_4a2097aadf64e3df0a5bb162,1.1,1,nearest,preload_all,6,5,1,3e-05,0.003,one_missing,1.059106290476267,0.8749785179623757,0.9718507848960661
workload_4a4efe0049c8b2ab485f4263,1.1,4,ceiling,preload_all,6,4,2,0.0001,0.003,two_or_more_missing,1.066832553449116,0.8345356352793488,0.9947072159327603
workload_4a4efe0049c8b2ab485f4263,1.1,4,floor,preload_all,6,5,1,3e-05,0.003,one_missing,1.2145630483373453,2.3667530290129397,0.9766491810089418
workload_4a4efe0049c8b2ab485f4263,1.1,4,nearest,preload_all,6,5,1,1e-05,0.003,one_missing,0.9914848912225638,0.5028035811287975,0.99058353638674
workload_4a547756b8ccd726f249fcb7,1.1,1,ceiling,preload_all,6,6,0,1e-05,0.003,complete,0.9496817505410113,-0.12240163705071357,0.970224360203805
workload_4a547756b8ccd726f249fcb7,1.1,1,floor,preload_all,6,6,0,1e-05,0.003,complete,0.9985207542125627,0.6159554649419359,0.9791196692701851
workload_4a547756b8ccd726f249fcb7,1.1,1,nearest,preload_all,6,6,0,1e-05,0.003,complete,0.9818775178587261,0.35316652601520104,0.9724740070100325
workload_4a9c981a8d6984927d189bba,0.8,4,ceiling,preload_all,6,6,0,1e-05,0.003,complete,0.7573121229963498,-1.754841221960468,0.8280133247737468
workload_4a9c981a8d6984927d189bba,0.8,4,floor,preload_all,6,6,0,1e-05,0.003,complete,0.8142831640435787,-0.4796198414658167,0.967637013957218
workload_4a9c981a8d6984927d189bba,0.8,4,nearest,preload_all,6,6,0,1e-05,0.003,complete,0.9426007515755755,0.19667742828115894,0.9912263705723624
workload_4afe66e508a0414a52506990,1.1,1,ceiling,preload_all,6,5,1,3e-05,0.003,one_missing,1.0691281765374665,1.0156298892864912,0.9741409577123497
workload_4afe66e508a0414a52506990,1.1,1,floor,preload_all,6,6,0,1e-05,0.003,complete,0.9817766946562397,0.6300859271077043,0.9957523469446729
workload_4afe66e508a0414a52506990,1.1,1,nearest,preload_all,6,6,0,1e-05,0.003,complete,0.922010282975825,0.09522557677476219,0.9979435363079532
workload_4bcb1df0e66d1b2fb1644847,0.5,4,ceiling,preload_all,6,4,2,0.0001,0.003,two_or_more_missing,1.36009897067793,1.9989578216514168,0.9780713517465235
workload_4bcb1df0e66d1b2fb1644847,0.5,4,floor,preload_all,6,6,0,1e-05,0.003,complete,0.8532911290368097,-0.382289164289012,0.9952303670614598
workload_4bcb1df0e66d1b2fb1644847,0.5,4,nearest,preload_all,6,5,1,3e-05,0.003,one_missing,0.9456447105442428,-0.056878259825897844,0.9895707845242707
workload_4c4e85b649a1abbd12414066,0.95,8,ceiling,preload_all,6,5,1,3e-05,0.003,one_missing,0.9617434186395593,0.16191273833009048,0.9905389098018111
workload_4c4e85b649a1abbd12414066,0.95,8,floor,preload_all,6,6,0,1e-05,0.003,complete,1.0764091357802368,1.3754902055200715,0.9942733642744546
workload_4c4e85b649a1abbd12414066,0.95,8,nearest,preload_all,6,6,0,1e-05,0.003,complete,1.0682735480175904,1.2019534302869501,0.9590792583896416
workload_4c78f196b9e1c0ecde745343,1.0,8,ceiling,preload_all,6,5,1,3e-05,0.003,one_missing,0.954701619636788,-0.1858858042031169,0.9423288850323825
workload_4c78f196b9e1c0ecde745343,1.0,8,floor,preload_all,6,6,0,1e-05,0.003,complete,1.114179085244898,1.435594577157434,0.9699160754177986
workload_4c78f196b9e1c0ecde745343,1.0,8,nearest,preload_all,6,4,2,0.0001,0.003,two_or_more_missing,1.2027424812287337,1.9215901014623948,0.983822928814474
workload_4c9839f5b5204b1aa1a49a66,0.95,8,ceiling,preload_all,6,4,2,0.0001,0.003,two_or_more_missing,1.0213995576094552,0.4717488731020361,0.992775545700919
workload_4c9839f5b5204b1aa1a49a66,0.95,8,floor,preload_all,6,5,1,3e-05,0.003,one_missing,1.020143067454708,1.110437249469644,0.9952864965471271
workload_4c9839f5b5204b1aa1a49a66,0.95,8,nearest,preload_all,6,5,1,1e-05,0.003,one_missing,0.8841863573307545,-0.03916981741146469,0.9940689845558087
workload_4c9da8e12f3e317319bbe48c,0.95,16,ceiling,preload_all,6,5,1,3e-05,0.003,one_missing,0.8415901260706553,-0.7252184889101981,0.9857293550333976
workload_4c9da8e12f3e317319bbe48c,0.95,16,floor,preload_all,6,6,0,1e-05,0.003,complete,1.0664972353075197,1.3057728308657064,0.9947559769869442
workload_4c9da8e12f3e317319bbe48c,0.95,16,nearest,preload_all,6,5,1,3e-05,0.003,one_missing,0.955806268319141,0.29899237214310986,0.9977687198104064
workload_4e833551d669fcfce1382b2c,1.0,8,ceiling,preload_all,6,5,1,3e-05,0.003,one_missing,1.117950843620448,1.1565127038737735,0.9873857218790582
workload_4e833551d669fcfce1382b2c,1.0,8,floor,preload_all,6,6,0,1e-05,0.003,complete,1.0215321606061638,0.9832172857685733,0.9302031792049209
workload_4e833551d669fcfce1382b2c,1.0,8,nearest,preload_all,6,6,0,1e-05,0.003,complete,0.8516031382744738,-0.4561402089925116,0.9778539620253516
workload_4e8ac73587300d1eb1ef38fd,1.0,16,ceiling,preload_all,6,6,0,1e-05,0.003,complete,0.7976595311976221,-1.0229316563750066,0.9870814158687757
workload_4e8ac73587300d1eb1ef38fd,1.0,16,floor,preload_all,6,6,0,1e-05,0.003,complete,1.0499243991826577,1.114229657738721,0.9932599294658675
workload_4e8ac73587300d1eb1ef38fd,1.0,16,nearest,preload_all,6,6,0,1e-05,0.003,complete,1.0792900469908218,1.0944743357435203,0.9717943826232346
workload_4ebb81a7a26756008cf01d67,0.5,1,ceiling,preload_all,6,5,1,1e-05,0.003,one_missing,0.7902023474142141,-1.8146722727809161,0.9666193307082982
workload_4ebb81a7a26756008cf01d67,0.5,1,floor,preload_all,6,6,0,1e-05,0.003,complete,0.9578562337358277,-0.03636303175475639,0.9621816352402052
workload_4ebb81a7a26756008cf01d67,0.5,1,nearest,preload_all,6,6,0,1e-05,0.003,complete,0.8181530909282733,-1.314762652957174,0.8798525814637634
workload_4f2119713740a3d3b01d08b1,1.1,1,ceiling,preload_all,6,6,0,1e-05,0.003,complete,0.9442783146606036,-0.0842823046074686,0.9684076219517037
workload_4f2119713740a3d3b01d08b1,1.1,1,floor,preload_all,6,6,0,1e-05,0.003,complete,0.8472379729435691,-0.21513792983025457,0.993792579453263
workload_4f2119713740a3d3b01d08b1,1.1,1,nearest,preload_all,6,6,0,1e-05,0.003,complete,0.8361105513602785,-0.4646081757483492,0.9898518473998521
workload_4f73097e694221c06ede6592,0.5,1,ceiling,preload_all,6,4,2,0.0001,0.003,two_or_more_missing,1.3684076599464174,1.9445856848157177,0.9975834881448732
workload_4f73097e694221c06ede6592,0.5,1,floor,preload_all,6,6,0,1e-05,0.003,complete,0.9318515742411879,-0.12237207926252401,0.9946293826864433
workload_4f73097e694221c06ede6592,0.5,1,nearest,preload_all,6,6,0,1e-05,0.003,complete,0.926898567462127,-0.5439759583151783,0.9623655166329242
workload_4f940dd4594e6f9a46ebc33e,0.95,8,ceiling,preload_all,6,6,0,1e-05,0.003,complete,0.9976454934949981,0.2195000595707239,0.9737374390977984
workload_4f940dd4594e6f9a46ebc33e,0.95,8,floor,preload_all,6,5,1,3e-05,0.003,one_missing,0.8987107474393071,0.0987492966116931,0.9971542739993181
workload_4f940dd4594e6f9a46ebc33e,0.95,8,nearest,preload_all,6,6,0,1e-05,0.003,complete,0.9864824565634424,0.5119112170741231,0.9963899004827054
workload_4ff3c83962b56c743b91f8b1,1.1,16,ceiling,preload_all,6,6,0,1e-05,0.003,complete,0.9734306473480868,0.25996244415909475,0.9911990969792498
workload_4ff3c83962b56c743b91f8b1,1.1,16,floor,preload_all,6,6,0,1e-05,0.003,complete,0.9031253685460991,0.25386284901750106,0.9723659575193933
workload_4ff3c83962b56c743b91f8b1,1.1,16,nearest,preload_all,6,6,0,1e-05,0.003,complete,0.9048981068497649,0.07452415142139968,0.99013690249043
workload_5017a0bd9bc8cef1ff797d14,0.95,4,ceiling,preload_all,6,6,0,1e-05,0.003,complete,0.8401785928082006,-1.0700838696885802,0.9198898291332933
workload_5017a0bd9bc8cef1ff797d14,0.95,4,floor,preload_all,6,6,0,1e-05,0.003,complete,1.0208976855915826,0.9327520547847593,0.9339166945043814
workload_5017a0bd9bc8cef1ff797d14,0.95,4,nearest,preload_all,6,5,1,3e-05,0.003,one_missing,1.1839115132582765,1.687701775532467,0.9989461707626627
workload_5031acb151d2910fb9b0fb39,0.8,4,ceiling,preload_all,6,5,1,3e-05,0.003,one_missing,1.0860910186480248,0.8632962167870692,0.9846297171808314
workload_5031acb151d2910fb9b0fb39,0.8,4,floor,preload_all,6,6,0,1e-05,0.003,complete,1.042792913788542,0.9989736403059,0.9936743704936887
workload_5031acb151d2910fb9b0fb39,0.8,4,nearest,preload_all,6,5,1,3e-05,0.003,one_missing,1.0944249047835273,1.0610598420514297,0.9869924553116375
workload_505b42065a7a4afdffb491b6,1.0,1,ceiling,preload_all,6,5,1,3e-05,0.003,one_missing,0.784477144365055,-1.2871469856213922,0.949250082025022
workload_505b42065a7a4afdffb491b6,1.0,1,floor,preload_all,6,5,1,3e-05,0.003,one_missing,1.0190310234509834,0.7736154748825874,0.9990686009152664
workload_505b42065a7a4afdffb491b6,1.0,1,nearest,preload_all,6,5,1,3e-05,0.003,one_missing,1.043115775839426,0.7529631610426364,0.9636241677750986
workload_506eac9a1642d8a42e6fb8d8,1.0,1,ceiling,preload_all,6,5,1,3e-05,0.003,one_missing,0.9316808502851581,-0.16871889550533542,0.9939652476189558
workload_506eac9a1642d8a42e6fb8d8,1.0,1,floor,preload_all,6,6,0,1e-05,0.003,complete,0.9138542578837633,0.1622163276717872,0.9948030243153889
workload_506eac9a1642d8a42e6fb8d8,1.0,1,nearest,preload_all,6,5,1,3e-05,0.003,one_missing,0.8813450212994608,-0.31819559015556104,0.9978681996726422
workload_507b22783e21de577a514b17,0.5,1,ceiling,preload_all,6,5,1,3e-05,0.003,one_missing,0.8112537186252494,-2.341426013164215,0.8168015494124469
workload_507b22783e21de577a514b17,0.5,1,floor,preload_all,6,6,0,1e-05,0.003,complete,0.892767677000175,-0.33605738367511057,0.998449506908822
workload_507b22783e21de577a514b17,0.5,1,nearest,preload_all,6,6,0,1e-05,0.003,complete,0.7185712891553641,-1.9261190621190962,0.9623743400105974
workload_50b2d440e273f78593dee91f,1.0,16,ceiling,preload_all,6,5,1,3e-05,0.003,one_missing,1.1720667307182808,1.534380809502662,0.9976817193143753
workload_50b2d440e273f78593dee91f,1.0,16,floor,preload_all,6,6,0,1e-05,0.003,complete,1.0150577294055851,1.1489180167881112,0.9940134210347455
workload_50b2d440e273f78593dee91f,1.0,16,nearest,preload_all,6,5,1,3e-05,0.003,one_missing,1.0946647018388906,1.386225866023533,0.9966113772326461
workload_512312e67261100b325c555d,1.25,8,ceiling,preload_all,6,5,1,3e-05,0.003,one_missing,1.0939822775473464,1.4042808998438485,0.9228696660468945
workload_512312e67261100b325c555d,1.25,8,floor,preload_all,6,6,0,1e-05,0.003,complete,1.0504645385905502,1.4678513233362038,0.9960079676009004
workload_512312e67261100b325c555d,1.25,8,nearest,preload_all,6,5,1,3e-05,0.003,one_missing,0.9999303373825008,0.9343734119162208,0.9960139543537484
workload_52078bf588cdefef90ac6dcc,1.0,8,ceiling,preload_all,6,6,0,1e-05,0.003,complete,0.9344298927902746,-0.373689908051252,0.9199384902524361
workload_52078bf588cdefef90ac6dcc,1.0,8,floor,preload_all,6,6,0,1e-05,0.003,complete,1.0034708273423687,0.9040196671578339,0.9875115052084144
workload_52078bf588cdefef90ac6dcc,1.0,8,nearest,preload_all,6,6,0,1e-05,0.003,complete,0.893633406925585,-0.10096587008655096,0.9860488651517945
workload_521b6d3d40fbd57289e34d9d,1.1,4,ceiling,preload_all,6,6,0,1e-05,0.003,complete,0.9223256725428643,-0.08446113884051612,0.9972747953651343
workload_521b6d3d40fbd57289e34d9d,1.1,4,floor,preload_all,6,6,0,1e-05,0.003,complete,1.0141511714632958,1.041161582941499,0.9981270206627979
workload_521b6d3d40fbd57289e34d9d,1.1,4,nearest,preload_all,6,6,0,1e-05,0.003,complete,0.9878490129730473,0.6749316280877783,0.9963239589595719
workload_523839a3e5050adc9bdbf5e8,0.95,1,ceiling,preload_all,6,6,0,1e-05,0.003,complete,0.7892661398429948,-1.226563100877546,0.9827821786727361
workload_523839a3e5050adc9bdbf5e8,0.95,1,floor,preload_all,6,5,1,3e-05,0.003,one_missing,0.7858831018832678,-0.7287296976280088,0.9969613941531174
workload_523839a3e5050adc9bdbf5e8,0.95,1,nearest,preload_all,6,6,0,1e-05,0.003,complete,0.9214653673642966,0.058364877111787776,0.986922471113254
workload_528ad99f4b7916068adc673e,1.1,8,ceiling,preload_all,6,5,1,3e-05,0.003,one_missing,1.1163770252946152,1.3475160999452998,0.984797465046165
workload_528ad99f4b7916068adc673e,1.1,8,floor,preload_all,6,5,1,3e-05,0.003,one_missing,1.088034966333352,1.7141208769435903,0.9700579827204128
workload_528ad99f4b7916068adc673e,1.1,8,nearest,preload_all,6,6,0,1e-05,0.003,complete,0.976194885277964,0.6438135701210191,0.9952228603030613
workload_541eb18f73d30efd6ee2fe71,0.5,1,ceiling,preload_all,6,4,2,0.0001,0.003,two_or_more_missing,1.1457267989455846,0.6503019970688871,0.9906028792981278
workload_541eb18f73d30efd6ee2fe71,0.5,1,floor,preload_all,6,5,1,3e-05,0.003,one_missing,1.1362530645537092,1.282424139606006,0.9936382823984847
workload_541eb18f73d30efd6ee2fe71,0.5,1,nearest,preload_all,6,4,2,0.0001,0.003,two_or_more_missing,1.1461018274412282,1.0702648557187906,0.998876416103098
workload_544840d3ac01e7b6b3a11a87,1.25,16,ceiling,preload_all,6,6,0,1e-05,0.003,complete,0.9485569781227307,0.32418002775724986,0.9962390449091696
workload_544840d3ac01e7b6b3a11a87,1.25,16,floor,preload_all,6,6,0,1e-05,0.003,complete,0.9368691035418406,0.6100881113014143,0.9969815386829466
workload_544840d3ac01e7b6b3a11a87,1.25,16,nearest,preload_all,6,6,0,1e-05,0.003,complete,0.8932177757858759,0.13759581739051666,0.9939907654074757
workload_547832273547c36a0add78ae,0.8,8,ceiling,preload_all,6,5,1,3e-05,0.003,one_missing,1.011306268059024,0.24241457462396457,0.9878675381256088
workload_547832273547c36a0add78ae,0.8,8,floor,preload_all,6,6,0,1e-05,0.003,complete,0.9977568795656855,0.7626830789605654,0.9951752955954022
workload_547832273547c36a0add78ae,0.8,8,nearest,preload_all,6,6,0,1e-05,0.003,complete,0.9399413633002655,0.14072552956781398,0.9959884345856647
workload_54b5afb0cc44c92e1bd612e5,1.25,4,ceiling,preload_all,6,6,0,1e-05,0.003,complete,0.8459114448276938,-0.43207967926948293,0.9913216526314869
workload_54b5afb0cc44c92e1bd612e5,1.25,4,floor,preload_all,6,5,1,3e-05,0.003,one_missing,1.236843943121418,2.5868781904480236,0.9818392820110743
workload_54b5afb0cc44c92e1bd612e5,1.25,4,nearest,preload_all,6,6,0,1e-05,0.003,complete,1.0150708207772687,0.8800556508405345,0.9951816484351514
workload_54faddcc03a7f38ba0eaf8eb,0.8,4,ceiling,preload_all,6,6,0,1e-05,0.003,complete,0.8850015691551117,-0.6609409991493523,0.9866341008359438
workload_54faddcc03a7f38ba0eaf8eb,0.8,4,floor,preload_all,6,6,0,1e-05,0.003,complete,0.9218427940942102,0.19724582401543936,0.9846299158043693
workload_54faddcc03a7f38ba0eaf8eb,0.8,4,nearest,preload_all,6,5,1,3e-05,0.003,one_missing,0.9126678110937803,-0.1870473363392637,0.9758910754308598
workload_5545beff011d16b5cf244eaf,1.1,4,ceiling,preload_all,6,6,0,1e-05,0.003,complete,0.8659557997327313,-0.42678140782834545,0.9847471906479304
workload_5545beff011d16b5cf244eaf,1.1,4,floor,preload_all,6,6,0,1e-05,0.003,complete,0.8909030568574344,-0.07125750058302864,0.9413938319508602
workload_5545beff011d16b5cf244eaf,1.1,4,nearest,preload_all,6,6,0,1e-05,0.003,complete,0.7751354052793077,-0.9008244452803086,0.9802674659649421
workload_55d1b836006d1ee9773d81a6,0.5,4,ceiling,preload_all,6,6,0,1e-05,0.003,complete,0.7229332065823227,-2.0793924011436573,0.981509467444866
workload_55d1b836006d1ee9773d81a6,0.5,4,floor,preload_all,6,6,0,1e-05,0.003,complete,0.8854503215467926,-0.12351231823754182,0.9879632680051282
workload_55d1b836006d1ee9773d81a6,0.5,4,nearest,preload_all,6,6,0,1e-05,0.003,complete,0.8299471018976777,-0.8377504979397894,0.9893057804784928
workload_56649d1e2c7538d42ce91e9c,0.8,8,ceiling,preload_all,6,5,1,3e-05,0.003,one_missing,0.9854248861951757,0.004798781396044739,0.9950697027275804
workload_56649d1e2c7538d42ce91e9c,0.8,8,floor,preload_all,6,6,0,1e-05,0.003,complete,0.9715221911866992,0.5179846967350129,0.9870366340082856
workload_56649d1e2c7538d42ce91e9c,0.8,8,nearest,preload_all,6,6,0,1e-05,0.003,complete,0.8327733885616625,-0.6472211155591999,0.9891960967252249
workload_566d1546fc8439ba3eaea0b4,1.1,16,ceiling,preload_all,6,5,1,3e-05,0.003,one_missing,0.9273050407599449,-0.06970279725060884,0.9825328418365095
workload_566d1546fc8439ba3eaea0b4,1.1,16,floor,preload_all,6,4,2,0.0001,0.003,two_or_more_missing,1.0337489500064596,1.2125146310972115,0.9982109798178156
workload_566d1546fc8439ba3eaea0b4,1.1,16,nearest,preload_all,6,5,1,3e-05,0.003,one_missing,1.081448684357022,1.3279424848358816,0.995882487363243
workload_56ab150ee639147a24ebcdee,1.25,4,ceiling,preload_all,6,6,0,1e-05,0.003,complete,0.7605200750375491,-1.1938432119690798,0.9740857005080745
workload_56ab150ee639147a24ebcdee,1.25,4,floor,preload_all,6,6,0,1e-05,0.003,complete,0.8762726629547932,0.1201419536150992,0.9857043994091409
workload_56ab150ee639147a24ebcdee,1.25,4,nearest,preload_all,6,6,0,1e-05,0.003,complete,0.9163115426805586,0.3344757491635949,0.9900679369536812
workload_571ba73d01dd831183bc0ae4,1.1,1,ceiling,preload_all,6,5,1,3e-05,0.003,one_missing,1.1055179895023943,1.1759086647989743,0.9919045092550736
workload_571ba73d01dd831183bc0ae4,1.1,1,floor,preload_all,6,4,2,0.0001,0.003,two_or_more_missing,1.0010712139173727,0.8311193069964842,0.9954177207957802
workload_571ba73d01dd831183bc0ae4,1.1,1,nearest,preload_all,6,4,2,0.0001,0.003,two_or_more_missing,1.1211036776965828,1.4034658319011324,0.9796714074575993
workload_57242f707b74280f3e06ed55,0.8,4,ceiling,preload_all,6,5,1,3e-05,0.003,one_missing,1.0787678149463988,0.5148498376589699,0.9878971191532285
workload_57242f707b74280f3e06ed55,0.8,4,floor,preload_all,6,5,1,3e-05,0.003,one_missing,0.9304099559604082,0.15556820984569375,0.9896086447264331
workload_57242f707b74280f3e06ed55,0.8,4,nearest,preload_all,6,5,1,3e-05,0.003,one_missing,1.1014632902547155,1.0687527619303794,0.9754817931267803
workload_5743f9b1adcab468192e7329,0.5,4,ceiling,preload_all,6,4,2,0.0001,0.003,two_or_more_missing,1.117129503622157,0.22064472494032578,0.9953572555301503
workload_5743f9b1adcab468192e7329,0.5,4,floor,preload_all,6,5,1,3e-05,0.003,one_missing,1.0790453202929042,0.8449546146968535,0.9864084814806428
workload_5743f9b1adcab468192e7329,0.5,4,nearest,preload_all,6,5,1,3e-05,0.003,one_missing,1.1574562676701698,0.9765043572340895,0.9845556104581901
workload_574bbd2f0264c61ff6dd7f36,0.95,4,ceiling,preload_all,6,4,2,0.0001,0.003,two_or_more_missing,1.0135117390538906,0.374367372006835,0.9949846114847405
workload_574bbd2f0264c61ff6dd7f36,0.95,4,floor,preload_all,6,6,0,1e-05,0.003,complete,1.0070792313405377,0.8685341173565012,0.9992125809127181
workload_574bbd2f0264c61ff6dd7f36,0.95,4,nearest,preload_all,6,5,1,3e-05,0.003,one_missing,1.0837049704126043,1.1524434349026342,0.9976325197307042
workload_58bd7bf09d0c591ec72b2c64,0.5,16,ceiling,preload_all,6,6,0,1e-05,0.003,complete,0.8466617123484266,-1.2916599567975304,0.9855412639498143
workload_58bd7bf09d0c591ec72b2c64,0.5,16,floor,preload_all,6,6,0,1e-05,0.003,complete,1.068698468875198,0.8805387963589658,0.9622052497220954
workload_58bd7bf09d0c591ec72b2c64,0.5,16,nearest,preload_all,6,4,2,0.0001,0.003,two_or_more_missing,0.9811188180808521,0.05691417920951161,0.9941848557441714
workload_595fe6cdaedb3f0dfb1d0ce9,0.5,4,ceiling,preload_all,6,4,2,0.0001,0.003,two_or_more_missing,0.8170431005419028,-1.306605919503802,0.9991618842395915
workload_595fe6cdaedb3f0dfb1d0ce9,0.5,4,floor,preload_all,6,6,0,1e-05,0.003,complete,0.9443485943507596,0.22851225843174663,0.9940591630155602
workload_595fe6cdaedb3f0dfb1d0ce9,0.5,4,nearest,preload_all,6,5,1,3e-05,0.003,one_missing,0.841373257521208,-0.8356260984367784,0.9906600937886783
workload_59848cba893f082d5d13a93e,0.5,8,ceiling,preload_all,6,4,2,0.0001,0.003,two_or_more_missing,1.0435892653002987,-0.03917601856257051,0.997708052713949
workload_59848cba893f082d5d13a93e,0.5,8,floor,preload_all,6,6,0,1e-05,0.003,complete,0.9049081209047954,-0.21602762650539842,0.9710296063493683
workload_59848cba893f082d5d13a93e,0.5,8,nearest,preload_all,6,6,0,1e-05,0.003,complete,0.94048068208568,-0.45245953115964493,0.9385850874917855
workload_59b5ce632cc159417f027edb,1.0,16,ceiling,preload_all,6,5,1,3e-05,0.003,one_missing,1.0711459092413258,0.7198331247621017,0.9711098139036579
workload_59b5ce632cc159417f027edb,1.0,16,floor,preload_all,6,5,1,3e-05,0.003,one_missing,1.0135431382461277,0.9434574188532504,0.9964681046621185
workload_59b5ce632cc159417f027edb,1.0,16,nearest,preload_all,6,5,1,3e-05,0.003,one_missing,0.9909973233416427,0.4604485334505576,0.9943655806363352
workload_59c0a94805daea2661ade1b0,1.0,4,ceiling,preload_all,6,6,0,1e-05,0.003,complete,0.799899310631219,-1.0647709813658226,0.9739045979429959
workload_59c0a94805daea2661ade1b0,1.0,4,floor,preload_all,6,6,0,1e-05,0.003,complete,0.7845544689163994,-0.6910274497105273,0.9908954912387755
workload_59c0a94805daea2661ade1b0,1.0,4,nearest,preload_all,6,6,0,1e-05,0.003,complete,0.8159527721159143,-0.6489117368363307,0.9977677949853868
workload_5a6484208528ee0df680b975,0.5,8,ceiling,preload_all,6,4,2,0.0001,0.003,two_or_more_missing,0.8992656544049156,-1.010952178300152,0.9560433188075512
workload_5a6484208528ee0df680b975,0.5,8,floor,preload_all,6,5,1,3e-05,0.003,one_missing,1.2029431952795462,2.0195239655963295,0.9845191683080019
workload_5a6484208528ee0df680b975,0.5,8,nearest,preload_all,6,6,0,1e-05,0.003,complete,0.9354416932321675,-0.17780439969101464,0.9859434246808618
workload_5a79128c888d871f91d5570e,0.5,8,ceiling,preload_all,6,6,0,1e-05,0.003,complete,0.8123942081137779,-1.614062624158947,0.989011558835455
workload_5a79128c888d871f91d5570e,0.5,8,floor,preload_all,6,6,0,1e-05,0.003,complete,0.792189350515321,-0.8767516726072421,0.984283683670048
workload_5a79128c888d871f91d5570e,0.5,8,nearest,preload_all,6,6,0,1e-05,0.003,complete,0.7615536734207446,-1.3583259827408674,0.998226337741521
workload_5b7309627c9f7d6b5e8b73df,1.0,4,ceiling,preload_all,6,6,0,1e-05,0.003,complete,0.908627835548589,-0.23800592835169765,0.9985745817204504
workload_5b7309627c9f7d6b5e8b73df,1.0,4,floor,preload_all,6,5,1,3e-05,0.003,one_missing,0.9069265601310892,0.2070114727813706,0.9814010137570905
workload_5b7309627c9f7d6b5e8b73df,1.0,4,nearest,preload_all,6,6,0,1e-05,0.003,complete,1.002333407891991,0.6006357080257178,0.9734666791613502
workload_5b99451bc0d4836d7f437a5c,1.1,1,ceiling,preload_all,6,4,2,0.0001,0.003,two_or_more_missing,1.3140854498499905,2.48018360181817,0.9876289861176664
workload_5b99451bc0d4836d7f437a5c,1.1,1,floor,preload_all,6,6,0,1e-05,0.003,complete,1.0298239617892893,0.8800396938177424,0.9727777316102602
workload_5b99451bc0d4836d7f437a5c,1.1,1,nearest,preload_all,6,6,0,1e-05,0.003,complete,0.9455767855859242,0.22298873221065696,0.9966711489553015
workload_5bb0e88831882f95e32fa07d,1.0,4,ceiling,preload_all,6,4,2,0.0001,0.003,two_or_more_missing,1.1833080723968366,1.5510376947116038,0.9715654873915677
workload_5bb0e88831882f95e32fa07d,1.0,4,floor,preload_all,6,5,1,3e-05,0.003,one_missing,1.0892836389171021,1.497623125575153,0.9948739665492612
workload_5bb0e88831882f95e32fa07d,1.0,4,nearest,preload_all,6,5,1,3e-05,0.003,one_missing,1.1112337374048418,1.421682573509934,0.9921642945859839
workload_5c91106dbc3d9db1a3acd656,0.95,8,ceiling,preload_all,6,5,1,3e-05,0.003,one_missing,1.0615728881579989,0.8165978263001472,0.9804920906457517
workload_5c91106dbc3d9db1a3acd656,0.95,8,floor,preload_all,6,5,1,1e-05,0.003,one_missing,0.9114895928026999,0.2099747998885406,0.9901055424584192
workload_5c91106dbc3d9db1a3acd656,0.95,8,nearest,preload_all,6,6,0,1e-05,0.003,complete,0.9408096667921115,0.18425434296725068,0.9671355394047787
workload_5c984dbe0591a7406e9da480,0.8,8,ceiling,preload_all,6,6,0,1e-05,0.003,complete,0.833213261719944,-1.2998468693991232,0.8830998653343847
workload_5c984dbe0591a7406e9da480,0.8,8,floor,preload_all,6,6,0,1e-05,0.003,complete,0.9448908405362618,0.3347808871570855,0.9758416765928295
workload_5c984dbe0591a7406e9da480,0.8,8,nearest,preload_all,6,6,0,1e-05,0.003,complete,0.9903511204229895,0.2999267634584596,0.9885040954997125
workload_5d37bbeba5006cf024b5f1f2,1.0,1,ceiling,preload_all,6,5,1,3e-05,0.003,one_missing,1.0588652084773709,0.62016044724069,0.9904850841564962
workload_5d37bbeba5006cf024b5f1f2,1.0,1,floor,preload_all,6,5,1,3e-05,0.003,one_missing,1.0177349848189758,0.8672275293745756,0.9966740076853248
workload_5d37bbeba5006cf024b5f1f2,1.0,1,nearest,preload_all,6,6,0,1e-05,0.003,complete,0.925397292235105,-0.08181423659018754,0.9908545416395677
workload_5da9325d7fdf45b2c88d226d,1.1,4,ceiling,preload_all,6,5,1,3e-05,0.003,one_missing,1.170487317820148,1.6998915523517195,0.9942085588659486
workload_5da9325d7fdf45b2c88d226d,1.1,4,floor,preload_all,6,5,1,3e-05,0.003,one_missing,1.040956893602172,1.1588710685767007,0.9965505038705808
workload_5da9325d7fdf45b2c88d226d,1.1,4,nearest,preload_all,6,6,0,1e-05,0.003,complete,0.9161965388574376,0.07685877215367441,0.9835921822871976
workload_5dabc796d00fc02b7f7fdfa1,1.25,1,ceiling,preload_all,6,5,1,3e-05,0.003,one_missing,1.1356678809116054,1.4288516802870368,0.9925592545757378
workload_5dabc796d00fc02b7f7fdfa1,1.25,1,floor,preload_all,6,5,1,3e-05,0.003,one_missing,0.9912633904347404,0.7215508973857417,0.9898167482023317
workload_5dabc796d00fc02b7f7fdfa1,1.25,1,nearest,preload_all,6,5,1,3e-05,0.003,one_missing,1.0930228640792041,1.3543924978826969,0.9655351490319866
workload_5dda93652c79153b69f40a47,1.25,8,ceiling,preload_all,6,5,1,3e-05,0.003,one_missing,1.1377447027543237,1.407498967671418,0.988753396283563
workload_5dda93652c79153b69f40a47,1.25,8,floor,preload_all,6,5,1,3e-05,0.003,one_missing,1.0825876857955734,1.3637326483219705,0.978810492684467
workload_5dda93652c79153b69f40a47,1.25,8,nearest,preload_all,6,6,0,1e-05,0.003,complete,1.0807981678102352,1.2857452616040692,0.971416187352727
workload_5ddbf8c18f10dbd11eab57c9,0.8,16,ceiling,preload_all,6,6,0,1e-05,0.003,complete,0.8682383394837674,-0.5409735371158119,0.9856852267865698
workload_5ddbf8c18f10dbd11eab57c9,0.8,16,floor,preload_all,6,6,0,1e-05,0.003,complete,1.0307246276205533,0.998839382442898,0.9792876180043601
workload_5ddbf8c18f10dbd11eab57c9,0.8,16,nearest,preload_all,6,6,0,1e-05,0.003,complete,0.8072153299284047,-0.7271870364968791,0.9782245530085218
workload_5df69d40ee121f6fa356e043,0.8,4,ceiling,preload_all,6,6,0,1e-05,0.003,complete,0.7831270109579102,-1.40958969432643,0.9740621993507069
workload_5df69d40ee121f6fa356e043,0.8,4,floor,preload_all,6,6,0,1e-05,0.003,complete,1.0399848935577984,0.9938882400421305,0.9920201283540477
workload_5df69d40ee121f6fa356e043,0.8,4,nearest,preload_all,6,6,0,1e-05,0.003,complete,0.9080902966331623,-0.18340589894567927,0.9924093349145653
workload_5e10c73208dc6c04d377de80,0.5,1,ceiling,preload_all,6,4,2,0.0001,0.003,two_or_more_missing,1.2651536624879551,1.1165057395608864,0.9964030099371414
workload_5e10c73208dc6c04d377de80,0.5,1,floor,preload_all,6,4,2,0.0001,0.003,two_or_more_missing,1.063075906913178,0.8059175294502717,0.9990438889989797
workload_5e10c73208dc6c04d377de80,0.5,1,nearest,preload_all,6,4,2,0.0001,0.003,two_or_more_missing,1.2001891258295543,1.463067846393124,0.9578964169514554
workload_5e2ebcb0ea1fc87a07bebc7e,1.1,4,ceiling,preload_all,6,6,0,1e-05,0.003,complete,0.9334216442413474,0.07674624005779528,0.999547391422356
workload_5e2ebcb0ea1fc87a07bebc7e,1.1,4,floor,preload_all,6,6,0,1e-05,0.003,complete,0.9721829521071417,0.7198505799466043,0.9793705013166935
workload_5e2ebcb0ea1fc87a07bebc7e,1.1,4,nearest,preload_all,6,6,0,1e-05,0.003,complete,0.9685459709463156,0.4375747277443606,0.9977714604129094
workload_5e401f742b453370768750ad,1.25,8,ceiling,preload_all,6,6,0,1e-05,0.003,complete,0.9818891965753733,0.6320746874583079,0.9976654844637451
workload_5e401f742b453370768750ad,1.25,8,floor,preload_all,6,6,0,1e-05,0.003,complete,1.044191480209,1.4032382754429082,0.9957095967951904
workload_5e401f742b453370768750ad,1.25,8,nearest,preload_all,6,6,0,1e-05,0.003,complete,0.9404115771661553,0.40269203804609865,0.9695813558332098
workload_5e54151b1fdbb5e68d5bd8e9,0.5,1,ceiling,preload_all,6,6,0,1e-05,0.003,complete,0.7076804977581695,-2.3971234991159984,0.9796397155641098
workload_5e54151b1fdbb5e68d5bd8e9,0.5,1,floor,preload_all,6,6,0,1e-05,0.003,complete,0.8634085382233903,-0.5498834966874105,0.9924247540087787
workload_5e54151b1fdbb5e68d5bd8e9,0.5,1,nearest,preload_all,6,6,0,1e-05,0.003,complete,0.8362092100350745,-1.0395665550410798,0.9900387249266537
workload_5e81caac31af245e83a6da0f,1.1,4,ceiling,preload_all,6,6,0,1e-05,0.003,complete,0.96978874968309,0.19797371837502056,0.9881791901810651
workload_5e81caac31af245e83a6da0f,1.1,4,floor,preload_all,6,5,1,3e-05,0.003,one_missing,0.9714349476862604,0.7410340114726954,0.9960197822265353
workload_5e81caac31af245e83a6da0f,1.1,4,nearest,preload_all,6,6,0,1e-05,0.003,complete,0.9278620018615859,0.08919040512613588,0.962950365624916
workload_5ed85e6dfce282120763ddf6,0.8,1,ceiling,preload_all,6,6,0,1e-05,0.003,complete,0.8608627048621799,-0.9996229757294193,0.9666656988827126
workload_5ed85e6dfce282120763ddf6,0.8,1,floor,preload_all,6,6,0,1e-05,0.003,complete,0.9725890974832142,0.41446786507269673,0.9934055235627073
workload_5ed85e6dfce282120763ddf6,0.8,1,nearest,preload_all,6,5,1,3e-05,0.003,one_missing,1.0850167959360246,0.9088362741345606,0.9942812732418352
workload_5f7e86a9922d154b423260eb,0.8,16,ceiling,preload_all,6,6,0,1e-05,0.003,complete,0.8236844172104675,-0.9962932297831512,0.9675803413409061
workload_5f7e86a9922d154b423260eb,0.8,16,floor,preload_all,6,6,0,1e-05,0.003,complete,0.8247836520788386,-0.39765476127917987,0.9932341284190407
workload_5f7e86a9922d154b423260eb,0.8,16,nearest,preload_all,6,6,0,1e-05,0.003,complete,0.961057311109561,0.35550243817133376,0.9958825309815277
workload_5f83a0963af3ce6165ede450,1.25,8,ceiling,preload_all,6,5,1,3e-05,0.003,one_missing,1.1504036791953056,1.5793240834251008,0.9867898209301814
workload_5f83a0963af3ce6165ede450,1.25,8,floor,preload_all,6,5,1,3e-05,0.003,one_missing,0.9442857449733699,0.5193511789757516,0.9888526140712566
workload_5f83a0963af3ce6165ede450,1.25,8,nearest,preload_all,6,6,0,1e-05,0.003,complete,1.0132044366773545,0.8121594279329835,0.9830351485287397
workload_5fa28c1c8ee59b80842d2e43,1.25,8,ceiling,preload_all,6,6,0,1e-05,0.003,complete,0.8427856786896974,-0.5593076152866955,0.9816178475072708
workload_5fa28c1c8ee59b80842d2e43,1.25,8,floor,preload_all,6,6,0,1e-05,0.003,complete,0.9726970575248655,0.7581596187442934,0.9879896842740484
workload_5fa28c1c8ee59b80842d2e43,1.25,8,nearest,preload_all,6,6,0,1e-05,0.003,complete,0.8356583939812866,-0.2835391581797915,0.9844154842901436
workload_5fa644145be9698c55eb59ae,0.8,1,ceiling,preload_all,6,4,2,0.0001,0.003,two_or_more_missing,1.0720437481407497,0.5447860127068609,0.9901441284665604
workload_5fa644145be9698c55eb59ae,0.8,1,floor,preload_all,6,4,2,0.0001,0.003,two_or_more_missing,1.392073216302939,3.125379320334585,0.9888123164535637
workload_5fa644145be9698c55eb59ae,0.8,1,nearest,preload_all,6,3,3,0.0003,0.003,two_or_more_missing,1.1973687355941909,1.5590831695404146,0.9995047448594744
workload_5fdd391fc3c20ef69c20bdf9,0.95,16,ceiling,preload_all,6,6,0,1e-05,0.003,complete,0.8929684329415021,-0.32211588448348627,0.9713161107153822
workload_5fdd391fc3c20ef69c20bdf9,0.95,16,floor,preload_all,6,6,0,1e-05,0.003,complete,1.0045141429880626,1.0144951296326352,0.9939485129097062
workload_5fdd391fc3c20ef69c20bdf9,0.95,16,nearest,preload_all,6,6,0,1e-05,0.003,complete,1.0897239995243098,1.337825807268342,0.9678214175642915
workload_600b7b98c717385b7225addc,1.25,16,ceiling,preload_all,6,6,0,1e-05,0.003,complete,0.9132197489837717,-0.1869801401248082,0.9241425153296209
workload_600b7b98c717385b7225addc,1.25,16,floor,preload_all,6,6,0,1e-05,0.003,complete,0.976551821980475,0.7366219612282875,0.9861129774281794
workload_600b7b98c717385b7225addc,1.25,16,nearest,preload_all,6,6,0,1e-05,0.003,complete,0.8107747778022776,-0.6709712971654352,0.962244498201524
workload_6059f8b3a98157073d5fb3cd,1.1,8,ceiling,preload_all,6,6,0,1e-05,0.003,complete,0.9704331695917254,0.13015530401838465,0.9865909920768259
workload_6059f8b3a98157073d5fb3cd,1.1,8,floor,preload_all,6,6,0,1e-05,0.003,complete,0.978427691692725,0.7789271349252529,0.9731037086722489
workload_6059f8b3a98157073d5fb3cd,1.1,8,nearest,preload_all,6,5,1,3e-05,0.003,one_missing,1.0543482447094394,1.132007899248834,0.992743259662773
workload_609b1bca8524934bd9450b16,1.1,16,ceiling,preload_all,6,6,0,1e-05,0.003,complete,0.910709671123582,-0.1486222621696172,0.9923781073786839
workload_609b1bca8524934bd9450b16,1.1,16,floor,preload_all,6,6,0,1e-05,0.003,complete,0.8001865909823502,-0.4654867521859927,0.9770593726113802
workload_609b1bca8524934bd9450b16,1.1,16,nearest,preload_all,6,5,1,3e-05,0.003,one_missing,0.9196771924365733,0.07299818577343303,0.9706926261022569
workload_612edebb626b881ffaf32ac3,1.1,16,ceiling,preload_all,6,4,2,0.0001,0.003,two_or_more_missing,1.272167754770467,2.2623518325980974,0.9863808793891183
workload_612edebb626b881ffaf32ac3,1.1,16,floor,preload_all,6,6,0,1e-05,0.003,complete,1.0190759403567098,1.041472948513926,0.9971587235495548
workload_612edebb626b881ffaf32ac3,1.1,16,nearest,preload_all,6,4,2,0.0001,0.003,two_or_more_missing,0.9788975365505787,0.5551471774587028,0.9952912660112636
workload_615c8db937ba27d1c2cb8d0a,1.0,8,ceiling,preload_all,6,5,1,3e-05,0.003,one_missing,0.870381583428539,-0.5069140027856051,0.9901566004135337
workload_615c8db937ba27d1c2cb8d0a,1.0,8,floor,preload_all,6,6,0,1e-05,0.003,complete,1.0407006080121872,1.072800985783309,0.9931866892476504
workload_615c8db937ba27d1c2cb8d0a,1.0,8,nearest,preload_all,6,5,1,1e-05,0.003,one_missing,0.9817522436192408,0.4762818792594928,0.9982484622817466
workload_61778be4330fec2ef155e0e8,1.0,4,ceiling,preload_all,6,6,0,1e-05,0.003,complete,0.8999031021721512,-0.3117640026932706,0.9853936957309717
workload_61778be4330fec2ef155e0e8,1.0,4,floor,preload_all,6,6,0,1e-05,0.003,complete,1.0138432795278676,0.7862298077828587,0.9879035929437557
workload_61778be4330fec2ef155e0e8,1.0,4,nearest,preload_all,6,6,0,1e-05,0.003,complete,1.003166202121003,0.7035879678959845,0.9931731691671312
workload_618533223044a2c8ab6403fd,1.0,8,ceiling,preload_all,6,5,1,3e-05,0.003,one_missing,1.1360670617274178,1.241128750111679,0.9932875526639661
workload_618533223044a2c8ab6403fd,1.0,8,floor,preload_all,6,5,1,3e-05,0.003,one_missing,0.9907116653242413,0.72120741639286,0.9897465406141132
workload_618533223044a2c8ab6403fd,1.0,8,nearest,preload_all,6,6,0,1e-05,0.003,complete,0.9634728038054051,0.3834560177692471,0.991972089763887
workload_62c79b7454272ee8ac143d14,0.8,16,ceiling,preload_all,6,5,1,3e-05,0.003,one_missing,1.1644737438724977,1.3879547217092356,0.9935011171784687
workload_62c79b7454272ee8ac143d14,0.8,16,floor,preload_all,6,5,1,3e-05,0.003,one_missing,1.0972246074553205,1.5262895712852484,0.9912879123401641
workload_62c79b7454272ee8ac143d14,0.8,16,nearest,preload_all,6,6,0,1e-05,0.003,complete,0.952351751158685,0.23201210992332919,0.993829703837716
workload_630e45181a6fa7b678e75c95,1.1,16,ceiling,preload_all,6,5,1,3e-05,0.003,one_missing,0.9331113501977194,0.08935297049859275,0.994381235071869
workload_630e45181a6fa7b678e75c95,1.1,16,floor,preload_all,6,6,0,1e-05,0.003,complete,1.0017990473135463,0.9543746416791062,0.99354535049731
workload_630e45181a6fa7b678e75c95,1.1,16,nearest,preload_all,6,4,2,0.0001,0.003,two_or_more_missing,0.9815975522811228,0.6937597660729635,0.9960245506099499
workload_638170b2add3ab7ad40cb865,0.8,4,ceiling,preload_all,6,6,0,1e-05,0.003,complete,0.8460889275685565,-0.981778409963854,0.9925826411184624
workload_638170b2add3ab7ad40cb865,0.8,4,floor,preload_all,6,6,0,1e-05,0.003,complete,0.910170826784652,0.07140315287084475,0.9866673214516363
workload_638170b2add3ab7ad40cb865,0.8,4,nearest,preload_all,6,6,0,1e-05,0.003,complete,0.9383014338788453,0.0019211916325974413,0.9969370481518218
workload_638847af9f2b1cb338a4b8ea,0.8,4,ceiling,preload_all,6,5,1,3e-05,0.003,one_missing,1.0947269059154072,0.9118014335134526,0.9874200977354434
workload_638847af9f2b1cb338a4b8ea,0.8,4,floor,preload_all,6,6,0,1e-05,0.003,complete,0.9790527553899989,0.5797663025078321,0.9945139646979245
workload_638847af9f2b1cb338a4b8ea,0.8,4,nearest,preload_all,6,4,2,0.0001,0.003,two_or_more_missing,0.8591042420738179,-0.3981477257438104,0.9922119610645672
workload_63d45f79d1e94af83cee9783,0.8,1,ceiling,preload_all,6,5,1,3e-05,0.003,one_missing,1.0572028086349912,0.36792509998255246,0.9975139384597231
workload_63d45f79d1e94af83cee9783,0.8,1,floor,preload_all,6,5,1,3e-05,0.003,one_missing,1.1196906864400415,1.3813295664856098,0.9872859599181748
workload_63d45f79d1e94af83cee9783,0.8,1,nearest,preload_all,6,4,2,0.0001,0.003,two_or_more_missing,0.9964901592163753,0.22125879250012973,0.9999914113702557
workload_6406f6be6e30c392f058cd2e,0.5,16,ceiling,preload_all,6,5,1,3e-05,0.003,one_missing,1.0482778042898022,-0.10363898576776108,0.986681798362275
workload_6406f6be6e30c392f058cd2e,0.5,16,floor,preload_all,6,5,1,3e-05,0.003,one_missing,1.0357475040538928,0.6722007329630585,0.9906326900072708
workload_6406f6be6e30c392f058cd2e,0.5,16,nearest,preload_all,6,4,2,0.0001,0.003,two_or_more_missing,1.112566453289981,0.9480457485208109,0.9919091822584567
workload_64237680dee87d5d7f860316,0.8,16,ceiling,preload_all,6,6,0,1e-05,0.003,complete,0.7244836309971862,-1.8988247339557869,0.9204850201189743
workload_64237680dee87d5d7f860316,0.8,16,floor,preload_all,6,6,0,1e-05,0.003,complete,0.9093931676355711,0.01113133063070518,0.9738526740386121
workload_64237680dee87d5d7f860316,0.8,16,nearest,preload_all,6,5,1,3e-05,0.003,one_missing,1.1112461939551883,1.306684486210084,0.9509852815501472
workload_64654baa65e2e01b66891b98,0.95,4,ceiling,preload_all,6,6,0,1e-05,0.003,complete,0.9061339790493445,-0.3542132979199471,0.9861487913136623
workload_64654baa65e2e01b66891b98,0.95,4,floor,preload_all,6,6,0,1e-05,0.003,complete,1.0126483612088635,0.8621869212158224,0.9885615379154785
workload_64654baa65e2e01b66891b98,0.95,4,nearest,preload_all,6,5,1,3e-05,0.003,one_missing,1.0232164925120986,0.8061350419602034,0.993720016444292
workload_647d1e78b1fd5f0a174ce03c,1.0,8,ceiling,preload_all,6,6,0,1e-05,0.003,complete,0.9494765585164912,0.0025715258318347732,0.995611195771673
workload_647d1e78b1fd5f0a174ce03c,1.0,8,floor,preload_all,6,6,0,1e-05,0.003,complete,0.873486222261388,0.010970567900725692,0.9977909478323662
workload_647d1e78b1fd5f0a174ce03c,1.0,8,nearest,preload_all,6,6,0,1e-05,0.003,complete,0.7733056621106229,-0.9602731472502909,0.983687718020339
workload_64e72634375b3643288308f7,0.95,4,ceiling,preload_all,6,6,0,1e-05,0.003,complete,0.8838560156026178,-0.28419224910039004,0.9899416322735227
workload_64e72634375b3643288308f7,0.95,4,floor,preload_all,6,5,1,3e-05,0.003,one_missing,0.9107146161978703,0.2018288026782963,0.9953053266116235
workload_64e72634375b3643288308f7,0.95,4,nearest,preload_all,6,5,1,3e-05,0.003,one_missing,1.1340635809564124,1.5590621721017872,0.9624776845990946
workload_6526be2443184f34b262c2a5,1.0,4,ceiling,preload_all,6,5,1,1e-05,0.003,one_missing,0.9292993172535695,-0.0713814072861918,0.9983328061669031
workload_6526be2443184f34b262c2a5,1.0,4,floor,preload_all,6,4,2,0.0001,0.003,two_or_more_missing,0.9190059849858448,0.24218507207673357,0.9961335938052632
workload_6526be2443184f34b262c2a5,1.0,4,nearest,preload_all,6,6,0,1e-05,0.003,complete,1.0070336488040263,0.6174418935782808,0.9924659108675569
workload_65dedb5aa5188b3e4815d79c,0.5,1,ceiling,preload_all,6,4,2,0.0001,0.003,two_or_more_missing,1.2970855565003512,1.5298955290021392,0.9856914853737113
workload_65dedb5aa5188b3e4815d79c,0.5,1,floor,preload_all,6,5,1,3e-05,0.003,one_missing,1.1732454295015131,1.5036525650436168,0.9946041349131068
workload_65dedb5aa5188b3e4815d79c,0.5,1,nearest,preload_all,6,4,2,0.0001,0.003,two_or_more_missing,1.2946435078863507,1.8957321793247488,0.9883455478531075
workload_65e062c652d3faac5e9f69f5,0.5,8,ceiling,preload_all,6,5,1,3e-05,0.003,one_missing,0.8128147865356217,-1.6232718782653428,0.9599508058908509
workload_65e062c652d3faac5e9f69f5,0.5,8,floor,preload_all,6,5,1,3e-05,0.003,one_missing,0.9025705540389641,-0.0596577949304548,0.9984947698918855
workload_65e062c652d3faac5e9f69f5,0.5,8,nearest,preload_all,6,5,1,3e-05,0.003,one_missing,0.987803278507084,0.20126815468003834,0.9987051920943755
workload_6614d9399bb028d616e36e88,0.8,8,ceiling,preload_all,6,4,2,0.0001,0.003,two_or_more_missing,1.126360246350334,0.9921466397256277,0.9969006635959665
workload_6614d9399bb028d616e36e88,0.8,8,floor,preload_all,6,6,0,1e-05,0.003,complete,0.8792664892205635,-0.30634571850324344,0.9256891602767959
workload_6614d9399bb028d616e36e88,0.8,8,nearest,preload_all,6,6,0,1e-05,0.003,complete,0.8990432081803392,-0.3733984244292121,0.9562721223589378
workload_6694d2f6c06f678144dcb095,1.1,8,ceiling,preload_all,6,5,1,3e-05,0.003,one_missing,1.0509552778252873,0.6174155813682929,0.9852110331390498
workload_6694d2f6c06f678144dcb095,1.1,8,floor,preload_all,6,5,1,3e-05,0.003,one_missing,1.0217830208928078,0.950480711435592,0.9745479493646823
workload_6694d2f6c06f678144dcb095,1.1,8,nearest,preload_all,6,5,1,3e-05,0.003,one_missing,0.9219787530671828,0.018945160856111875,0.9551940756545596
workload_66f9c42903deda4409c8acec,1.25,4,ceiling,preload_all,6,4,2,0.0001,0.003,two_or_more_missing,1.082959534384532,1.194114763062734,0.9889583018678139
workload_66f9c42903deda4409c8acec,1.25,4,floor,preload_all,6,6,0,1e-05,0.003,complete,1.0701801618251507,1.4344215929186273,0.9949166296174035
workload_66f9c42903deda4409c8acec,1.25,4,nearest,preload_all,6,5,1,3e-05,0.003,one_missing,0.8881897306348768,0.006719064882309551,0.9873990843251005
workload_670071717b9974f95371662a,1.1,4,ceiling,preload_all,6,6,0,1e-05,0.003,complete,0.9679882608882417,0.2076481799359012,0.9934322643596704
workload_670071717b9974f95371662a,1.1,4,floor,preload_all,6,6,0,1e-05,0.003,complete,1.0234587051366466,1.0243901028920945,0.9973446982493861
workload_670071717b9974f95371662a,1.1,4,nearest,preload_all,6,5,1,3e-05,0.003,one_missing,1.1943369052240744,1.9581303450243972,0.9932828208102598
workload_677206d9239b302dfff073a1,1.25,1,ceiling,preload_all,6,6,0,1e-05,0.003,complete,0.9094770358592634,-0.23553322589730125,0.9591652409614388
workload_677206d9239b302dfff073a1,1.25,1,floor,preload_all,6,6,0,1e-05,0.003,complete,1.044070174838452,0.915219503221291,0.9664216871740361
workload_677206d9239b302dfff073a1,1.25,1,nearest,preload_all,6,6,0,1e-05,0.003,complete,1.0375137521595783,0.6829837440540185,0.936062361962081
workload_6788525d8c66b069bd589480,0.8,16,ceiling,preload_all,6,5,1,3e-05,0.003,one_missing,0.9217331415743066,-0.4829574787819898,0.9939566712757748
workload_6788525d8c66b069bd589480,0.8,16,floor,preload_all,6,5,1,3e-05,0.003,one_missing,0.9299503414852752,0.24319884199540437,0.9858135959747506
workload_6788525d8c66b069bd589480,0.8,16,nearest,preload_all,6,5,1,3e-05,0.003,one_missing,1.1528751095655025,1.4440053755449047,0.9866686995703013
workload_67dab8e403cf606e75316f45,1.25,4,ceiling,preload_all,6,6,0,1e-05,0.003,complete,0.9709735260818633,0.305888892370023,0.9932489362360861
workload_67dab8e403cf606e75316f45,1.25,4,floor,preload_all,6,6,0,1e-05,0.003,complete,0.9848669743042497,0.9060505246575934,0.9934938248738191
workload_67dab8e403cf606e75316f45,1.25,4,nearest,preload_all,6,6,0,1e-05,0.003,complete,0.9397970788352105,0.5042332477651094,0.9669260629465434
workload_685f1b61a95597e53ac0924d,0.5,1,ceiling,preload_all,6,5,1,3e-05,0.003,one_missing,0.977487726117065,-0.29725245677051576,0.9908293699439289
workload_685f1b61a95597e53ac0924d,0.5,1,floor,preload_all,6,6,0,1e-05,0.003,complete,1.0003095057328453,0.4643031940583505,0.9703821625142341
workload_685f1b61a95597e53ac0924d,0.5,1,nearest,preload_all,6,5,1,3e-05,0.003,one_missing,0.9342803953063676,-0.19092692335110248,0.9981779210105706
workload_6872903807efa481b785874a,0.8,1,ceiling,preload_all,6,5,1,3e-05,0.003,one_missing,1.0268048041315108,0.314807411445576,0.9933675558416455
workload_6872903807efa481b785874a,0.8,1,floor,preload_all,6,4,2,0.0001,0.003,two_or_more_missing,0.9667278418215505,0.258797606286951,0.999622882471749
workload_6872903807efa481b785874a,0.8,1,nearest,preload_all,6,4,2,0.0001,0.003,two_or_more_missing,1.019933682212706,0.3238257641127645,0.9897083508371012
workload_6894cea257518ee12000246c,1.25,4,ceiling,preload_all,6,6,0,1e-05,0.003,complete,0.9152020018164451,-0.20959909648693373,0.9151603517525942
workload_6894cea257518ee12000246c,1.25,4,floor,preload_all,6,6,0,1e-05,0.003,complete,0.9769251533468355,0.7657878050550873,0.9965890754727557
workload_6894cea257518ee12000246c,1.25,4,nearest,preload_all,6,6,0,1e-05,0.003,complete,0.904114110356185,0.007600500432719895,0.9655182106997514
workload_6903be6975ca8f7c022c9ee1,1.0,1,ceiling,preload_all,6,5,1,3e-05,0.003,one_missing,1.1459004501604493,1.1560461864000797,0.9842761737996892
workload_6903be6975ca8f7c022c9ee1,1.0,1,floor,preload_all,6,6,0,1e-05,0.003,complete,0.9294160285240547,0.23709753270419195,0.9910308241551544
workload_6903be6975ca8f7c022c9ee1,1.0,1,nearest,preload_all,6,6,0,1e-05,0.003,complete,0.81035568967046,-0.8987239340993098,0.971099339471971
workload_694e3cc74aff9fff741bfbef,1.25,16,ceiling,preload_all,6,6,0,1e-05,0.003,complete,1.017326393611621,0.6655310534972354,0.976648905471171
workload_694e3cc74aff9fff741bfbef,1.25,16,floor,preload_all,6,6,0,1e-05,0.003,complete,1.020609088978111,1.1676474686359046,0.9903947196231017
workload_694e3cc74aff9fff741bfbef,1.25,16,nearest,preload_all,6,5,1,3e-05,0.003,one_missing,1.0959721598112324,1.4962781570242711,0.9945329565948686
workload_6973deda24c4a0a7d93d48dd,0.8,16,ceiling,preload_all,6,5,1,3e-05,0.003,one_missing,1.23977838132704,1.5273700888717239,0.9430786187095274
workload_6973deda24c4a0a7d93d48dd,0.8,16,floor,preload_all,6,6,0,1e-05,0.003,complete,1.028438948358723,0.8408462331544395,0.990715495796597
workload_6973deda24c4a0a7d93d48dd,0.8,16,nearest,preload_all,6,6,0,1e-05,0.003,complete,0.8436837760204917,-0.7468847155662541,0.9304392163403394
workload_699399e3bc689a78648fc2aa,0.8,8,ceiling,preload_all,6,6,0,1e-05,0.003,complete,0.8234479472484916,-1.0100249565401127,0.9677018596762754
workload_699399e3bc689a78648fc2aa,0.8,8,floor,preload_all,6,6,0,1e-05,0.003,complete,0.9016113277886743,-0.0045112483232313235,0.9851111453949009
workload_699399e3bc689a78648fc2aa,0.8,8,nearest,preload_all,6,6,0,1e-05,0.003,complete,0.9550622246278971,0.185788375683584,0.9984077620862807
workload_69d34f56331d2630bf0a855f,1.1,4,ceiling,preload_all,6,6,0,1e-05,0.003,complete,1.0160821394759814,0.3801575472293195,0.9657231505364862
workload_69d34f56331d2630bf0a855f,1.1,4,floor,preload_all,6,5,1,3e-05,0.003,one_missing,1.0723369892957322,1.2548443697502039,0.9983543447975519
workload_69d34f56331d2630bf0a855f,1.1,4,nearest,preload_all,6,5,1,3e-05,0.003,one_missing,1.0776437937580494,1.0815503684700376,0.9944636980611608
workload_6a4a1019733dad5d9590d063,1.25,8,ceiling,preload_all,6,6,0,1e-05,0.003,complete,0.9973102646272071,0.5985888541584715,0.9928499787304841
workload_6a4a1019733dad5d9590d063,1.25,8,floor,preload_all,6,6,0,1e-05,0.003,complete,1.1350848525127895,1.9075172493529207,0.9692701734907702
workload_6a4a1019733dad5d9590d063,1.25,8,nearest,preload_all,6,5,1,3e-05,0.003,one_missing,0.9804430487093576,0.7182400203461989,0.9920388334561807
workload_6a55c8807140f5bde2c3aea0,0.95,1,ceiling,preload_all,6,6,0,1e-05,0.003,complete,0.7917182616916658,-1.2507881779708447,0.9592604219073905
workload_6a55c8807140f5bde2c3aea0,0.95,1,floor,preload_all,6,6,0,1e-05,0.003,complete,1.0262608027876299,0.9397286968305825,0.9628474312734032
workload_6a55c8807140f5bde2c3aea0,0.95,1,nearest,preload_all,6,6,0,1e-05,0.003,complete,0.9207965377574544,0.07611185806943728,0.9994753822671328
workload_6aed22df81cb9d4f59dafa4e,0.95,4,ceiling,preload_all,6,6,0,1e-05,0.003,complete,0.8046570527567495,-1.0208200722113367,0.9795820093284666
workload_6aed22df81cb9d4f59dafa4e,0.95,4,floor,preload_all,6,6,0,1e-05,0.003,complete,0.897519708728047,0.04136342738203552,0.9884454669913592
workload_6aed22df81cb9d4f59dafa4e,0.95,4,nearest,preload_all,6,6,0,1e-05,0.003,complete,0.9140615410060134,0.022696214389642894,0.9886126249589562
workload_6b27d62dfb050dfba91aa689,1.0,16,ceiling,preload_all,6,5,1,3e-05,0.003,one_missing,1.1118981125776453,1.3040377818324833,0.9583429066134739
workload_6b27d62dfb050dfba91aa689,1.0,16,floor,preload_all,6,6,0,1e-05,0.003,complete,1.0166774406298402,0.9737177900381808,0.994566143489776
workload_6b27d62dfb050dfba91aa689,1.0,16,nearest,preload_all,6,6,0,1e-05,0.003,complete,0.9441371532111671,0.21640274399766565,0.9841986610637022
workload_6b536cd1a2853bdc95b1dbf6,0.95,16,ceiling,preload_all,6,5,1,1e-05,0.003,one_missing,0.8516565792349723,-0.7330905501058167,0.9524114038521292
workload_6b536cd1a2853bdc95b1dbf6,0.95,16,floor,preload_all,6,5,1,3e-05,0.003,one_missing,1.2464558318385917,2.572972229752275,0.9810674034406041
workload_6b536cd1a2853bdc95b1dbf6,0.95,16,nearest,preload_all,6,5,1,3e-05,0.003,one_missing,1.1933149290834304,2.0255692836951544,0.9783500370075178
workload_6b5ae7190ed083656ddb86a3,1.1,16,ceiling,preload_all,6,4,2,0.0001,0.003,two_or_more_missing,1.2488279224159413,2.0246110170275493,0.9891445505932354
workload_6b5ae7190ed083656ddb86a3,1.1,16,floor,preload_all,6,5,1,3e-05,0.003,one_missing,1.104567347781885,1.7142671135875447,0.9854631099197423
workload_6b5ae7190ed083656ddb86a3,1.1,16,nearest,preload_all,6,5,1,3e-05,0.003,one_missing,1.069624268274385,1.2932794663707177,0.9881709145120324
workload_6b6c5498f1493ebc06127cee,0.95,4,ceiling,preload_all,6,5,1,3e-05,0.003,one_missing,1.0058101799558687,0.35763784643432184,0.9973382136355355
workload_6b6c5498f1493ebc06127cee,0.95,4,floor,preload_all,6,5,1,3e-05,0.003,one_missing,0.9617239379595252,0.5338535997045746,0.9946158542354003
workload_6b6c5498f1493ebc06127cee,0.95,4,nearest,preload_all,6,5,1,3e-05,0.003,one_missing,1.1757103077319815,1.922750388079014,0.9772442450508267
workload_6ba815f88088c55c27231203,1.0,16,ceiling,preload_all,6,4,2,0.0001,0.003,two_or_more_missing,0.8836839666682196,-0.37451144603834347,0.9981849712482409
workload_6ba815f88088c55c27231203,1.0,16,floor,preload_all,6,5,1,3e-05,0.003,one_missing,1.2616143175504602,2.5671279365372177,0.990122708674674
workload_6ba815f88088c55c27231203,1.0,16,nearest,preload_all,6,5,1,3e-05,0.003,one_missing,1.2048220521273836,1.8961496878065593,0.9951354753657943
workload_6bb0b9a0feb79cdcb81f4691,1.0,1,ceiling,preload_all,6,5,1,3e-05,0.003,one_missing,0.9052486595329747,-0.30754158524200653,0.996971017265443
workload_6bb0b9a0feb79cdcb81f4691,1.0,1,floor,preload_all,6,5,1,3e-05,0.003,one_missing,1.1924402163421597,1.9647467878877496,0.9920275764155135
workload_6bb0b9a0feb79cdcb81f4691,1.0,1,nearest,preload_all,6,6,0,1e-05,0.003,complete,0.9606082904303621,0.06987328220638443,0.9730869288071373
workload_6cf29a46f8479a0faac786ca,1.25,4,ceiling,preload_all,6,5,1,3e-05,0.003,one_missing,0.8740501547131334,-0.4320513328334647,0.9339975502812811
workload_6cf29a46f8479a0faac786ca,1.25,4,floor,preload_all,6,6,0,1e-05,0.003,complete,0.9281513702869935,0.455813391467997,0.9886680265941756
workload_6cf29a46f8479a0faac786ca,1.25,4,nearest,preload_all,6,6,0,1e-05,0.003,complete,0.8724593306672869,-0.1930993452077987,0.983598983410395
workload_6d0320e6d5e211ec3463e6dc,1.25,16,ceiling,preload_all,6,6,0,1e-05,0.003,complete,0.993964182391528,0.5822301523006485,0.9954470775123408
workload_6d0320e6d5e211ec3463e6dc,1.25,16,floor,preload_all,6,6,0,1e-05,0.003,complete,0.8746925631036278,0.13606315334217375,0.9835606256905456
workload_6d0320e6d5e211ec3463e6dc,1.25,16,nearest,preload_all,6,6,0,1e-05,0.003,complete,0.8764229817708972,-0.07518465919500368,0.9714473150282821
workload_6d04b638f7e6285be935ba3f,0.95,8,ceiling,preload_all,6,4,2,0.0001,0.003,two_or_more_missing,1.1492602056664771,1.1975193073806478,0.994799388099655
workload_6d04b638f7e6285be935ba3f,0.95,8,floor,preload_all,6,5,1,3e-05,0.003,one_missing,0.9892967969495968,0.6541936835307038,0.9839803816576745
workload_6d04b638f7e6285be935ba3f,0.95,8,nearest,preload_all,6,6,0,1e-05,0.003,complete,0.9949897523568771,0.5277933083025941,0.9931561664556147
workload_6d711c685b5121a7b661e816,0.8,8,ceiling,preload_all,6,6,0,1e-05,0.003,complete,0.9130696829180143,-0.2771118784790072,0.9985892110707358
workload_6d711c685b5121a7b661e816,0.8,8,floor,preload_all,6,6,0,1e-05,0.003,complete,0.98883692630263,0.8056066911916784,0.9943635094230152
workload_6d711c685b5121a7b661e816,0.8,8,nearest,preload_all,6,6,0,1e-05,0.003,complete,0.8090449227123633,-0.8080643809267625,0.9719689239975314
workload_6e0ba9a4eadf09a8433a10f8,0.95,1,ceiling,preload_all,6,4,2,0.0001,0.003,two_or_more_missing,1.0654487085047406,0.5952712516687959,0.9981200064504753
workload_6e0ba9a4eadf09a8433a10f8,0.95,1,floor,preload_all,6,5,1,3e-05,0.003,one_missing,0.9886238050234415,0.4615048781157872,0.9928744836228308
workload_6e0ba9a4eadf09a8433a10f8,0.95,1,nearest,preload_all,6,5,1,3e-05,0.003,one_missing,1.1135143992913252,1.1132926441516806,0.9938309465235189
workload_6e14bb87785d0c3873715fb5,0.95,8,ceiling,preload_all,6,6,0,1e-05,0.003,complete,0.9333754219160297,-0.17000288606375522,0.9834401490784322
workload_6e14bb87785d0c3873715fb5,0.95,8,floor,preload_all,6,6,0,1e-05,0.003,complete,1.0221774154875554,0.9245518670085449,0.9330397906733028
workload_6e14bb87785d0c3873715fb5,0.95,8,nearest,preload_all,6,6,0,1e-05,0.003,complete,1.0136890750907974,0.6952579430797503,0.9931464787855226
workload_6e2a228ebe833245e0256d2c,1.1,4,ceiling,preload_all,6,6,0,1e-05,0.003,complete,0.8735883735425916,-0.5865156224504489,0.945898971492469
workload_6e2a228ebe833245e0256d2c,1.1,4,floor,preload_all,6,6,0,1e-05,0.003,complete,0.9436252877421606,0.551089353388992,0.9786749917484543
workload_6e2a228ebe833245e0256d2c,1.1,4,nearest,preload_all,6,5,1,3e-05,0.003,one_missing,1.0536835335225352,1.0117348419558652,0.9991637896539799
workload_6edbe3db796608b3ef862528,1.25,1,ceiling,preload_all,6,6,0,1e-05,0.003,complete,0.8774672224960898,-0.5052653115904273,0.9785946177699019
workload_6edbe3db796608b3ef862528,1.25,1,floor,preload_all,6,6,0,1e-05,0.003,complete,0.8373987622199388,-0.3983375874780844,0.9863393094246553
workload_6edbe3db796608b3ef862528,1.25,1,nearest,preload_all,6,6,0,1e-05,0.003,complete,0.8332174743358765,-0.5682952575136196,0.9803620816570591
workload_6f2ad96c9314e4e0a536c96e,1.25,4,ceiling,preload_all,6,5,1,3e-05,0.003,one_missing,0.9496621615398603,0.2946951680592164,0.9926293841104937
workload_6f2ad96c9314e4e0a536c96e,1.25,4,floor,preload_all,6,5,1,3e-05,0.003,one_missing,1.102574072410614,1.6577463980802434,0.9950406973255955
workload_6f2ad96c9314e4e0a536c96e,1.25,4,nearest,preload_all,6,5,1,3e-05,0.003,one_missing,0.9795394715772903,0.6458641235450528,0.999831073712837
workload_6f512a387ed9d51f8f303b0a,0.5,1,ceiling,preload_all,6,4,2,0.0001,0.003,two_or_more_missing,1.2226557264192683,0.8653177240228211,0.9797723577048122
workload_6f512a387ed9d51f8f303b0a,0.5,1,floor,preload_all,6,5,1,3e-05,0.003,one_missing,0.885363803764327,-0.5872049090911243,0.9778808692597609
workload_6f512a387ed9d51f8f303b0a,0.5,1,nearest,preload_all,6,4,2,0.0001,0.003,two_or_more_missing,1.0688851061614324,0.32045870813335,0.999908878714375
workload_70385547ed4e0beee0128e6b,0.8,4,ceiling,preload_all,6,4,2,0.0001,0.003,two_or_more_missing,1.10008440914223,0.7379600324221663,0.9994856394228907
workload_70385547ed4e0beee0128e6b,0.8,4,floor,preload_all,6,6,0,1e-05,0.003,complete,0.9802503681280751,0.509705878712028,0.9971336254077522
workload_70385547ed4e0beee0128e6b,0.8,4,nearest,preload_all,6,6,0,1e-05,0.003,complete,1.0256321113884153,0.3880494569613998,0.9575908786053499
workload_70504157cc55230e107fbff0,0.95,8,ceiling,preload_all,6,4,2,0.0001,0.003,two_or_more_missing,1.106048848729975,1.0936038533515227,0.9649896136650901
workload_70504157cc55230e107fbff0,0.95,8,floor,preload_all,6,6,0,1e-05,0.003,complete,1.1138098160165102,1.6532125493604155,0.9655027477239498
workload_70504157cc55230e107fbff0,0.95,8,nearest,preload_all,6,6,0,1e-05,0.003,complete,1.0613374110478577,0.9600220576416864,0.9725284135277305
workload_70e998867f473a4a94566363,0.95,8,ceiling,preload_all,6,5,1,3e-05,0.003,one_missing,0.8291394256756252,-0.9088331625471857,0.9601656888376726
workload_70e998867f473a4a94566363,0.95,8,floor,preload_all,6,5,1,3e-05,0.003,one_missing,0.9095730086680159,0.24255711912786326,0.9936337874965342
workload_70e998867f473a4a94566363,0.95,8,nearest,preload_all,6,6,0,1e-05,0.003,complete,0.9350787466180439,0.2435453009877303,0.9886180036082352
workload_70fe481b52268f80d0f19037,0.95,1,ceiling,preload_all,6,6,0,1e-05,0.003,complete,0.8254148925251845,-0.8650019168655847,0.98927171080205
workload_70fe481b52268f80d0f19037,0.95,1,floor,preload_all,6,6,0,1e-05,0.003,complete,0.8575243421990578,-0.28346265760213135,0.988198824598119
workload_70fe481b52268f80d0f19037,0.95,1,nearest,preload_all,6,6,0,1e-05,0.003,complete,0.8261257254705172,-0.7623642848754507,0.9714806097901995
workload_71001a1cee306951bf1e6eba,1.1,1,ceiling,preload_all,6,5,1,3e-05,0.003,one_missing,1.1147618127155217,1.2159907947807758,0.9974658729119823
workload_71001a1cee306951bf1e6eba,1.1,1,floor,preload_all,6,6,0,1e-05,0.003,complete,0.9978703291791352,0.5587008162993375,0.9646460120579609
workload_71001a1cee306951bf1e6eba,1.1,1,nearest,preload_all,6,5,1,3e-05,0.003,one_missing,1.1119850156644429,1.3109075007968685,0.9891839227168734
workload_72319ade49e464aabdb23c8f,0.5,8,ceiling,preload_all,6,4,2,0.0001,0.003,two_or_more_missing,1.0750951462761542,0.06121998034485566,0.9913443570339266
workload_72319ade49e464aabdb23c8f,0.5,8,floor,preload_all,6,6,0,1e-05,0.003,complete,1.028872391015443,0.5267562270458416,0.9727680551181175
workload_72319ade49e464aabdb23c8f,0.5,8,nearest,preload_all,6,4,2,0.0001,0.003,two_or_more_missing,1.3976676646992672,2.611518686814623,0.9246708670369902
workload_723f02118f4903bd2de1e5cf,0.95,8,ceiling,preload_all,6,5,1,3e-05,0.003,one_missing,0.9190732478698452,-0.29389978553468726,0.9913252656901975
workload_723f02118f4903bd2de1e5cf,0.95,8,floor,preload_all,6,5,1,3e-05,0.003,one_missing,0.9867132727483079,0.834254536363508,0.9885211170772115
workload_723f02118f4903bd2de1e5cf,0.95,8,nearest,preload_all,6,6,0,1e-05,0.003,complete,0.9600693643310233,0.44143557882223716,0.9959247893589219
workload_724e046c225c494505f8dbc6,1.25,8,ceiling,preload_all,6,5,1,3e-05,0.003,one_missing,1.0353735243898499,0.978408114582334,0.9916466462060988
workload_724e046c225c494505f8dbc6,1.25,8,floor,preload_all,6,6,0,1e-05,0.003,complete,1.0112325559396158,1.1665322668284817,0.9938106895520816
workload_724e046c225c494505f8dbc6,1.25,8,nearest,preload_all,6,6,0,1e-05,0.003,complete,0.8530908860250658,-0.13613770488876092,0.997689038872654
workload_72a7031a690d0844b5343aba,1.1,1,ceiling,preload_all,6,6,0,1e-05,0.003,complete,0.9541384362512182,0.29707944056348073,0.9910181952981585
workload_72a7031a690d0844b5343aba,1.1,1,floor,preload_all,6,6,0,1e-05,0.003,complete,1.0082654796318504,1.0009837536903805,0.992084698589745
workload_72a7031a690d0844b5343aba,1.1,1,nearest,preload_all,6,6,0,1e-05,0.003,complete,1.0291799173629317,0.9050945637814084,0.9716044754817509
workload_72c4faf23fa671b2fda3b51a,1.1,1,ceiling,preload_all,6,6,0,1e-05,0.003,complete,0.9330903136041363,-0.42553320329879885,0.8667676148514823
workload_72c4faf23fa671b2fda3b51a,1.1,1,floor,preload_all,6,6,0,1e-05,0.003,complete,0.8306504137125181,-0.5628741091557333,0.9370994657202594
workload_72c4faf23fa671b2fda3b51a,1.1,1,nearest,preload_all,6,6,0,1e-05,0.003,complete,0.9293963226494653,-0.029786537991265502,0.9937653295010351
workload_72d721bef8e64bc0b9cd19aa,0.8,16,ceiling,preload_all,6,6,0,1e-05,0.003,complete,0.9569482612764654,-0.27276574342576526,0.9723163873254014
workload_72d721bef8e64bc0b9cd19aa,0.8,16,floor,preload_all,6,6,0,1e-05,0.003,complete,1.058987738158044,1.1827992307990496,0.995169407153916
workload_72d721bef8e64bc0b9cd19aa,0.8,16,nearest,preload_all,6,5,1,3e-05,0.003,one_missing,1.0820528233343132,1.0625439590713712,0.9886827698741513
workload_72ed17fcb0df4c465df642e4,0.95,16,ceiling,preload_all,6,6,0,1e-05,0.003,complete,0.7977562183722247,-0.943187406814363,0.9880414761052898
workload_72ed17fcb0df4c465df642e4,0.95,16,floor,preload_all,6,6,0,1e-05,0.003,complete,1.07798730958578,1.356940228088599,0.9901937827994729
workload_72ed17fcb0df4c465df642e4,0.95,16,nearest,preload_all,6,6,0,1e-05,0.003,complete,0.9665252523688342,0.4542514854909947,0.9963834271575366
workload_732dc43cdffe37b2106f0d08,0.5,1,ceiling,preload_all,6,6,0,1e-05,0.003,complete,0.8609641681024635,-1.3544359696151245,0.9412218746975353
workload_732dc43cdffe37b2106f0d08,0.5,1,floor,preload_all,6,4,2,0.0001,0.003,two_or_more_missing,1.0491374223285226,0.4720485260243301,0.9879507209283155
workload_732dc43cdffe37b2106f0d08,0.5,1,nearest,preload_all,6,4,2,0.0001,0.003,two_or_more_missing,0.9772692656051304,-0.15439247417913077,0.9945645577324261
workload_737d37aee95272329bd91d7f,1.0,4,ceiling,preload_all,6,5,1,3e-05,0.003,one_missing,0.9447234832065908,-0.07553343388738401,0.9154879762866246
workload_737d37aee95272329bd91d7f,1.0,4,floor,preload_all,6,6,0,1e-05,0.003,complete,0.9179919561976752,0.2299684956364911,0.9627772235818056
workload_737d37aee95272329bd91d7f,1.0,4,nearest,preload_all,6,6,0,1e-05,0.003,complete,0.7974999231647861,-0.8070125364693852,0.9834165340329665
workload_74a1c760b83334e93f0384c1,1.0,4,ceiling,preload_all,6,4,2,0.0001,0.003,two_or_more_missing,1.0006383379499142,0.3558716087037316,0.9949926736471685
workload_74a1c760b83334e93f0384c1,1.0,4,floor,preload_all,6,6,0,1e-05,0.003,complete,1.045801032353217,1.2110926545538871,0.9926962233399956
workload_74a1c760b83334e93f0384c1,1.0,4,nearest,preload_all,6,5,1,3e-05,0.003,one_missing,0.9872674552574127,0.5128500394949171,0.9950958692332423
workload_74cbaf2d594addced512e4b2,1.25,8,ceiling,preload_all,6,6,0,1e-05,0.003,complete,1.0392188124231534,0.8181316215034263,0.9709989274644263
workload_74cbaf2d594addced512e4b2,1.25,8,floor,preload_all,6,6,0,1e-05,0.003,complete,1.0457726582330793,1.2137263239956444,0.9916252301573824
workload_74cbaf2d594addced512e4b2,1.25,8,nearest,preload_all,6,5,1,3e-05,0.003,one_missing,0.9364219268621227,0.30872181812777877,0.9944342713904253
workload_7510e7ae2eb2cfc12cce8284,1.1,4,ceiling,preload_all,6,6,0,1e-05,0.003,complete,0.9209839805512461,-0.12287468382140991,0.9323077895929655
workload_7510e7ae2eb2cfc12cce8284,1.1,4,floor,preload_all,6,5,1,3e-05,0.003,one_missing,1.1047987689384595,1.422301778295408,0.9414787124260438
workload_7510e7ae2eb2cfc12cce8284,1.1,4,nearest,preload_all,6,6,0,1e-05,0.003,complete,1.0522497698575444,0.7623899791799169,0.9653253285452961
workload_752d576f2c2689cdffe7898d,0.5,1,ceiling,preload_all,6,4,2,0.0001,0.003,two_or_more_missing,0.9821012655229852,-0.5932140729896812,0.9946722045649767
workload_752d576f2c2689cdffe7898d,0.5,1,floor,preload_all,6,6,0,1e-05,0.003,complete,0.8683912384994686,-0.3884412412527361,0.9731317060123561
workload_752d576f2c2689cdffe7898d,0.5,1,nearest,preload_all,6,6,0,1e-05,0.003,complete,0.7607196763675792,-1.578060609546455,0.962247630620631
workload_754015d316249d1d01a88aed,1.25,1,ceiling,preload_all,6,5,1,3e-05,0.003,one_missing,1.131906161111788,1.3640299431343388,0.9962473460012432
workload_754015d316249d1d01a88aed,1.25,1,floor,preload_all,6,4,2,0.0001,0.003,two_or_more_missing,1.1163561757611693,1.5677874877823597,0.9877617682304675
workload_754015d316249d1d01a88aed,1.25,1,nearest,preload_all,6,4,2,0.0001,0.003,two_or_more_missing,1.3507914566216508,2.867753842974567,0.9824865501455026
workload_75b18c6767ed3a2cd985adbc,0.8,4,ceiling,preload_all,6,5,1,3e-05,0.003,one_missing,1.0763462124948882,0.6700296015141282,0.9908584435100859
workload_75b18c6767ed3a2cd985adbc,0.8,4,floor,preload_all,6,6,0,1e-05,0.003,complete,1.0556115773670567,1.0990690886997145,0.9899279217268432
workload_75b18c6767ed3a2cd985adbc,0.8,4,nearest,preload_all,6,5,1,3e-05,0.003,one_missing,1.093425343353012,1.027982580313396,0.9856118616217424
workload_766d56cb5a35a1468795b12f,0.95,16,ceiling,preload_all,6,5,1,3e-05,0.003,one_missing,0.9734822230718715,0.06571149778403118,0.9942925167565082
workload_766d56cb5a35a1468795b12f,0.95,16,floor,preload_all,6,5,1,3e-05,0.003,one_missing,0.9172218806715372,0.2792596829734798,0.9955366517593729
workload_766d56cb5a35a1468795b12f,0.95,16,nearest,preload_all,6,5,1,3e-05,0.003,one_missing,0.8366410998263161,-0.5503848902564581,0.9554349903961137
workload_7692fa44e73a138cabc5c186,0.5,16,ceiling,preload_all,6,6,0,1e-05,0.003,complete,0.8248379592818335,-1.4746230553969037,0.9957558866902751
workload_7692fa44e73a138cabc5c186,0.5,16,floor,preload_all,6,6,0,1e-05,0.003,complete,0.8831303296104156,-0.27427623681899155,0.9861287618607558
workload_7692fa44e73a138cabc5c186,0.5,16,nearest,preload_all,6,5,1,3e-05,0.003,one_missing,0.9060201523778092,-0.3839622571016429,0.9970921454606729
workload_76e5557d5ed7198150ce68ae,1.1,8,ceiling,preload_all,6,6,0,1e-05,0.003,complete,0.976534866829575,0.2948059507740533,0.9946701465286562
workload_76e5557d5ed7198150ce68ae,1.1,8,floor,preload_all,6,6,0,1e-05,0.003,complete,0.9571494019003438,0.6152641564277673,0.979459052971515
workload_76e5557d5ed7198150ce68ae,1.1,8,nearest,preload_all,6,5,1,3e-05,0.003,one_missing,1.0031826328864248,0.688407122967038,0.9837951316041235
workload_772ac3fa68a11de83e567de7,1.25,8,ceiling,preload_all,6,5,1,3e-05,0.003,one_missing,0.9323446996160816,0.2821938006997454,0.9918347040371303
workload_772ac3fa68a11de83e567de7,1.25,8,floor,preload_all,6,6,0,1e-05,0.003,complete,1.0294731412859957,1.2266261521366544,0.996827047207492
workload_772ac3fa68a11de83e567de7,1.25,8,nearest,preload_all,6,4,2,0.0001,0.003,two_or_more_missing,0.9137083071314825,0.32405170696899555,0.9980623977327336
workload_776f618e4e4401310f6da27f,1.1,8,ceiling,preload_all,6,6,0,1e-05,0.003,complete,0.9585031211749501,-0.008990880402304668,0.9819842344372629
workload_776f618e4e4401310f6da27f,1.1,8,floor,preload_all,6,6,0,1e-05,0.003,complete,0.9415393576267675,0.4610940652727308,0.9883174420369075
workload_776f618e4e4401310f6da27f,1.1,8,nearest,preload_all,6,6,0,1e-05,0.003,complete,1.0049370651550202,0.6051828080279715,0.9939120351913842
workload_7805b32dfe1c728467d93898,0.95,4,ceiling,preload_all,6,5,1,1e-05,0.003,one_missing,0.9158275869882868,-0.24369631772953187,0.9979537999862141
workload_7805b32dfe1c728467d93898,0.95,4,floor,preload_all,6,6,0,1e-05,0.003,complete,0.9746703157055111,0.733431036401578,0.9730780820639447
workload_7805b32dfe1c728467d93898,0.95,4,nearest,preload_all,6,6,0,1e-05,0.003,complete,1.0156788973314326,0.8950017191447242,0.9858988929149305
workload_784638016892cd77da208975,0.5,1,ceiling,preload_all,6,4,2,0.0001,0.003,two_or_more_missing,1.0346573181016752,-0.16151417441558413,0.9821271256478789
workload_784638016892cd77da208975,0.5,1,floor,preload_all,6,4,2,0.0001,0.003,two_or_more_missing,0.8279432915998352,-0.8072775929600653,0.9865880053618107
workload_784638016892cd77da208975,0.5,1,nearest,preload_all,6,5,1,3e-05,0.003,one_missing,1.0127964636149602,0.0561156617071448,0.9862770075268199
workload_78a8094c100a63ef23482a05,1.1,16,ceiling,preload_all,6,4,2,0.0001,0.003,two_or_more_missing,0.985844046568173,0.32040687454878647,0.9963358445932863
workload_78a8094c100a63ef23482a05,1.1,16,floor,preload_all,6,6,0,1e-05,0.003,complete,1.0686593892721545,1.367385073337155,0.9938888814630643
workload_78a8094c100a63ef23482a05,1.1,16,nearest,preload_all,6,6,0,1e-05,0.003,complete,0.9801308019013435,0.4265517754868179,0.9318020144191977
workload_78f2afcd76f2569909c73531,0.5,8,ceiling,preload_all,6,5,1,3e-05,0.003,one_missing,0.8510072645667626,-1.4979676857511268,0.9785273696946487
workload_78f2afcd76f2569909c73531,0.5,8,floor,preload_all,6,5,1,3e-05,0.003,one_missing,0.8970730366533048,-0.1329239802262277,0.9994637756334179
workload_78f2afcd76f2569909c73531,0.5,8,nearest,preload_all,6,6,0,1e-05,0.003,complete,0.974836363866697,-0.012747571079201608,0.9722099981240503
workload_7a0f43aa9a5b59852d5f4297,0.95,8,ceiling,preload_all,6,6,0,1e-05,0.003,complete,1.0050997560579855,0.12074572562818524,0.9579273200950339
workload_7a0f43aa9a5b59852d5f4297,0.95,8,floor,preload_all,6,6,0,1e-05,0.003,complete,1.055094826361899,0.9659796922222795,0.9761098373148687
workload_7a0f43aa9a5b59852d5f4297,0.95,8,nearest,preload_all,6,6,0,1e-05,0.003,complete,0.9873155335644962,0.43062553549566995,0.9961237607586273
workload_7a5e4d2e9999783991f4294f,1.1,1,ceiling,preload_all,6,5,1,3e-05,0.003,one_missing,0.9349013665643959,-0.015444833172589743,0.9985936932388153
workload_7a5e4d2e9999783991f4294f,1.1,1,floor,preload_all,6,5,1,3e-05,0.003,one_missing,1.1738010486338104,2.0097901622139593,0.9858820450092796
workload_7a5e4d2e9999783991f4294f,1.1,1,nearest,preload_all,6,5,1,3e-05,0.003,one_missing,0.9573749035458108,0.2613662307409137,0.9946840072487552
workload_7a6a3787da146e261104c0d2,0.5,1,ceiling,preload_all,6,5,1,3e-05,0.003,one_missing,0.9965709905263929,-0.4489296836830733,0.9889652893514702
workload_7a6a3787da146e261104c0d2,0.5,1,floor,preload_all,6,5,1,3e-05,0.003,one_missing,0.8559738181859803,-0.6214106727032904,0.9768362395845488
workload_7a6a3787da146e261104c0d2,0.5,1,nearest,preload_all,6,5,1,3e-05,0.003,one_missing,0.9939949923633211,0.11404547149130481,0.9607982836292264
workload_7aa59349a63fd1ce43d5cbb9,1.25,16,ceiling,preload_all,6,6,0,1e-05,0.003,complete,0.9917394547350687,0.5209281983573203,0.9936245008057573
workload_7aa59349a63fd1ce43d5cbb9,1.25,16,floor,preload_all,6,6,0,1e-05,0.003,complete,0.9994959570809087,1.1264283002820934,0.9889702347879711
workload_7aa59349a63fd1ce43d5cbb9,1.25,16,nearest,preload_all,6,6,0,1e-05,0.003,complete,0.9882965908733368,0.9111253605522938,0.9843117608469089
workload_7aeba008aed913e730a92cb5,1.25,1,ceiling,preload_all,6,5,1,3e-05,0.003,one_missing,1.0346468804850848,0.5935817056174458,0.9729149762819214
workload_7aeba008aed913e730a92cb5,1.25,1,floor,preload_all,6,5,1,3e-05,0.003,one_missing,1.109904111544957,1.3501953882122917,0.9723566769660904
workload_7aeba008aed913e730a92cb5,1.25,1,nearest,preload_all,6,6,0,1e-05,0.003,complete,1.0034163180393576,0.38553739627074035,0.9579323655714935
workload_7b3e110b102973f2fd206c0f,0.5,8,ceiling,preload_all,6,4,2,0.0001,0.003,two_or_more_missing,0.9442043820734177,-0.6925352821587651,0.9971075926423154
workload_7b3e110b102973f2fd206c0f,0.5,8,floor,preload_all,6,5,1,3e-05,0.003,one_missing,1.0605233112365047,1.112808684582146,0.992731410825941
workload_7b3e110b102973f2fd206c0f,0.5,8,nearest,preload_all,6,6,0,1e-05,0.003,complete,0.9802253123301425,0.06503757381701217,0.9700902070098754
workload_7b7722f9212e9f86e55454b1,1.0,8,ceiling,preload_all,6,4,2,0.0001,0.003,two_or_more_missing,0.8595610741557062,-0.5841770928322851,0.9864270682579239
workload_7b7722f9212e9f86e55454b1,1.0,8,floor,preload_all,6,6,0,1e-05,0.003,complete,1.0885164827611362,1.3817006972934784,0.9662653199230297
workload_7b7722f9212e9f86e55454b1,1.0,8,nearest,preload_all,6,5,1,3e-05,0.003,one_missing,1.0103160777955613,0.7011791851437084,0.9871217677245271
workload_7b847b8ce3995a12b6fd4fbf,1.0,8,ceiling,preload_all,6,5,1,3e-05,0.003,one_missing,0.9195582385127732,-0.14670845327300655,0.9833164509951609
workload_7b847b8ce3995a12b6fd4fbf,1.0,8,floor,preload_all,6,6,0,1e-05,0.003,complete,0.9308512803183885,0.360707824446697,0.9887965383405021
workload_7b847b8ce3995a12b6fd4fbf,1.0,8,nearest,preload_all,6,6,0,1e-05,0.003,complete,0.9431403929845061,0.18113040420863327,0.9931199727240996
workload_7bb3e2fa41387257a9f50224,0.8,8,ceiling,preload_all,6,5,1,3e-05,0.003,one_missing,1.127460037353485,1.0689125350332027,0.9870525670353207
workload_7bb3e2fa41387257a9f50224,0.8,8,floor,preload_all,6,6,0,1e-05,0.003,complete,1.0014628352336934,0.8565170616157329,0.9977754068849417
workload_7bb3e2fa41387257a9f50224,0.8,8,nearest,preload_all,6,5,1,3e-05,0.003,one_missing,0.9696712146561453,0.3574242359714713,0.9995991171701102
workload_7cd39f8e95acf9732e8e9cb3,1.1,4,ceiling,preload_all,6,6,0,1e-05,0.003,complete,0.8372835781438396,-0.6736875006461363,0.9700895150208163
workload_7cd39f8e95acf9732e8e9cb3,1.1,4,floor,preload_all,6,6,0,1e-05,0.003,complete,0.8583865219564268,-0.15853323241498882,0.9909206966731312
workload_7cd39f8e95acf9732e8e9cb3,1.1,4,nearest,preload_all,6,6,0,1e-05,0.003,complete,0.7436046553366947,-1.110922290159239,0.964767798266807
workload_7d6fb426a9bdda13a3ba807d,0.5,8,ceiling,preload_all,6,5,1,3e-05,0.003,one_missing,0.9579253047827279,-0.6142293488823541,0.945020509207303
workload_7d6fb426a9bdda13a3ba807d,0.5,8,floor,preload_all,6,6,0,1e-05,0.003,complete,0.8451361664097639,-0.5458403400929329,0.9944196970166481
workload_7d6fb426a9bdda13a3ba807d,0.5,8,nearest,preload_all,6,6,0,1e-05,0.003,complete,0.8772762109486478,-0.5907910247537166,0.9920509693612505
workload_7de8997bf7a7d185d53ca4a4,1.0,16,ceiling,preload_all,6,4,2,0.0001,0.003,two_or_more_missing,1.14117320908928,1.1160935723838432,0.9628703402087385
workload_7de8997bf7a7d185d53ca4a4,1.0,16,floor,preload_all,6,6,0,1e-05,0.003,complete,0.8447444547244407,-0.27707722507880256,0.9760534612869737
workload_7de8997bf7a7d185d53ca4a4,1.0,16,nearest,preload_all,6,6,0,1e-05,0.003,complete,0.8140097621062434,-0.775216449264152,0.9647461771118211
workload_7f3ccfdb20ebc448ad99a699,1.0,1,ceiling,preload_all,6,5,1,3e-05,0.003,one_missing,0.7835150581923128,-1.0717328567089246,0.9699336263273821
workload_7f3ccfdb20ebc448ad99a699,1.0,1,floor,preload_all,6,5,1,3e-05,0.003,one_missing,0.9260596945980468,0.24796835366666897,0.9850327321371463
workload_7f3ccfdb20ebc448ad99a699,1.0,1,nearest,preload_all,6,5,1,3e-05,0.003,one_missing,1.1281700201645304,1.5364985216721534,0.9845324334440517
workload_7f7156426ab54bd776f402a0,0.95,1,ceiling,preload_all,6,5,1,3e-05,0.003,one_missing,0.9445617735890288,-0.388966268787637,0.9679931510106253
workload_7f7156426ab54bd776f402a0,0.95,1,floor,preload_all,6,5,1,3e-05,0.003,one_missing,1.0169326681638615,0.6033405805513211,0.9959142222358899
workload_7f7156426ab54bd776f402a0,0.95,1,nearest,preload_all,6,5,1,3e-05,0.003,one_missing,1.1070158202558624,1.070655200442579,0.9947595519156562
workload_7f9a1418e1f2888639508c53,0.8,16,ceiling,preload_all,6,6,0,1e-05,0.003,complete,0.8660997281782961,-1.003727727223025,0.9151647009289933
workload_7f9a1418e1f2888639508c53,0.8,16,floor,preload_all,6,6,0,1e-05,0.003,complete,1.0082286339473894,0.9007133668375046,0.9982032327776035
workload_7f9a1418e1f2888639508c53,0.8,16,nearest,preload_all,6,6,0,1e-05,0.003,complete,1.0578884264338229,0.9099109695164054,0.9690212505905677
workload_7fe5ec55e70c4cd01d8d97cd,0.95,16,ceiling,preload_all,6,6,0,1e-05,0.003,complete,0.8941613719057472,-0.52240465072163,0.9749281759314942
workload_7fe5ec55e70c4cd01d8d97cd,0.95,16,floor,preload_all,6,6,0,1e-05,0.003,complete,0.9322203636301061,0.300944544320029,0.989122497282098
workload_7fe5ec55e70c4cd01d8d97cd,0.95,16,nearest,preload_all,6,6,0,1e-05,0.003,complete,0.9791386342099329,0.4440262970318346,0.9987921132416876
workload_7fe716f3a213c4dab4238685,0.5,16,ceiling,preload_all,6,4,2,0.0001,0.003,two_or_more_missing,0.8881544797853539,-1.037340169759566,0.9769816943812379
workload_7fe716f3a213c4dab4238685,0.5,16,floor,preload_all,6,6,0,1e-05,0.003,complete,0.8883892927170913,-0.18981790124798725,0.9889943953385036
workload_7fe716f3a213c4dab4238685,0.5,16,nearest,preload_all,6,5,1,3e-05,0.003,one_missing,0.9163546019106273,-0.2700298662053375,0.9964641889256416
workload_7ffebfbad224500e53cb7257,1.0,4,ceiling,preload_all,6,6,0,1e-05,0.003,complete,0.7525149359232118,-1.2432177426637043,0.9739826552992419
workload_7ffebfbad224500e53cb7257,1.0,4,floor,preload_all,6,6,0,1e-05,0.003,complete,0.9617286639590098,0.7137805223005022,0.985782995187601
workload_7ffebfbad224500e53cb7257,1.0,4,nearest,preload_all,6,6,0,1e-05,0.003,complete,0.9663880626526093,0.5688730047624144,0.9972805571237097
workload_8022582c30f1c3ae543177d6,1.1,8,ceiling,preload_all,6,6,0,1e-05,0.003,complete,0.9184780705852594,0.05898951315873285,0.9891785599227437
workload_8022582c30f1c3ae543177d6,1.1,8,floor,preload_all,6,6,0,1e-05,0.003,complete,0.9171670559268499,0.3667659766355907,0.9916908510124851
workload_8022582c30f1c3ae543177d6,1.1,8,nearest,preload_all,6,6,0,1e-05,0.003,complete,0.8786779543761611,-0.13890990377857143,0.9921360279952434
workload_80b92648be6a490feb7b5e78,0.95,1,ceiling,preload_all,6,5,1,3e-05,0.003,one_missing,1.1156324797475055,1.0334405999958298,0.995072078733897
workload_80b92648be6a490feb7b5e78,0.95,1,floor,preload_all,6,6,0,1e-05,0.003,complete,1.0277268124268013,0.6692878031844247,0.9666073619804938
workload_80b92648be6a490feb7b5e78,0.95,1,nearest,preload_all,6,5,1,3e-05,0.003,one_missing,0.9756465031803319,0.06567148323902934,0.987187891333997
workload_80e62b40510dadb1dee095ca,0.95,8,ceiling,preload_all,6,6,0,1e-05,0.003,complete,0.9512296143598389,0.2014752645078056,0.9998126140856477
workload_80e62b40510dadb1dee095ca,0.95,8,floor,preload_all,6,6,0,1e-05,0.003,complete,1.081628642688865,1.5600288828492845,0.990034662386636
workload_80e62b40510dadb1dee095ca,0.95,8,nearest,preload_all,6,6,0,1e-05,0.003,complete,0.9234621763372768,0.17551298677061236,0.9826182813299708
workload_80ffc9c69784a82fb28788b1,1.25,1,ceiling,preload_all,6,6,0,1e-05,0.003,complete,0.969740349345951,0.3608400556158222,0.956098269524342
workload_80ffc9c69784a82fb28788b1,1.25,1,floor,preload_all,6,6,0,1e-05,0.003,complete,0.7536703495174756,-0.7339639924508565,0.9752830890331081
workload_80ffc9c69784a82fb28788b1,1.25,1,nearest,preload_all,6,6,0,1e-05,0.003,complete,0.8890934833030613,0.10627621090331342,0.98064620446167
workload_8165a21c5f3ab43873bd8138,0.8,8,ceiling,preload_all,6,4,2,0.0001,0.003,two_or_more_missing,1.2636214585591874,1.8881477200464474,0.9608249962044187
workload_8165a21c5f3ab43873bd8138,0.8,8,floor,preload_all,6,5,1,3e-05,0.003,one_missing,1.0582740971918165,0.950823244247625,0.9645857358872534
workload_8165a21c5f3ab43873bd8138,0.8,8,nearest,preload_all,6,5,1,3e-05,0.003,one_missing,1.1690606889173187,1.4760047722882115,0.9921276015865136
workload_818c6299107e352318f6b602,0.95,8,ceiling,preload_all,6,5,1,3e-05,0.003,one_missing,0.9788038122314481,0.1919710685674266,0.997419246388606
workload_818c6299107e352318f6b602,0.95,8,floor,preload_all,6,5,1,3e-05,0.003,one_missing,1.140452009715138,1.8389279692935645,0.9913136258950935
workload_818c6299107e352318f6b602,0.95,8,nearest,preload_all,6,5,1,1e-05,0.003,one_missing,0.9779274350635301,0.39097571564111755,0.9968319612383498
workload_819b562d24d55f84c8d4e2f6,0.5,8,ceiling,preload_all,6,6,0,1e-05,0.003,complete,0.8793519067837746,-1.185073486456033,0.9706944900560112
workload_819b562d24d55f84c8d4e2f6,0.5,8,floor,preload_all,6,6,0,1e-05,0.003,complete,0.9711218258040515,0.2704639396227945,0.992799882492567
workload_819b562d24d55f84c8d4e2f6,0.5,8,nearest,preload_all,6,5,1,3e-05,0.003,one_missing,1.191046277447982,1.2821541410641792,0.9835774758394613
workload_81f491168695dd281f840d4d,1.0,1,ceiling,preload_all,6,6,0,1e-05,0.003,complete,0.910951300373404,-0.475725695012766,0.9621259318537436
workload_81f491168695dd281f840d4d,1.0,1,floor,preload_all,6,6,0,1e-05,0.003,complete,0.7901933826058979,-0.9506471334953397,0.9631090340134644
workload_81f491168695dd281f840d4d,1.0,1,nearest,preload_all,6,5,1,3e-05,0.003,one_missing,0.843579674170874,-0.7802866314213988,0.9544835998600957
workload_82407bd7ba0f1c5fb34676fb,1.0,4,ceiling,preload_all,6,4,2,0.0001,0.003,two_or_more_missing,1.0044947197119252,0.3305446085733777,0.9999882131438775
workload_82407bd7ba0f1c5fb34676fb,1.0,4,floor,preload_all,6,5,1,3e-05,0.003,one_missing,1.0815242629784516,1.2967966225942493,0.9989566713067041
workload_82407bd7ba0f1c5fb34676fb,1.0,4,nearest,preload_all,6,5,1,3e-05,0.003,one_missing,0.9494960881039097,0.2009076295115141,0.9958695184697741
workload_82481b53a9803cdbe58c60d6,1.0,16,ceiling,preload_all,6,6,0,1e-05,0.003,complete,0.8853203174180047,-0.5895889304238682,0.8775324621241051
workload_82481b53a9803cdbe58c60d6,1.0,16,floor,preload_all,6,6,0,1e-05,0.003,complete,0.9930009832751304,0.8981171973668515,0.9855042710506807
workload_82481b53a9803cdbe58c60d6,1.0,16,nearest,preload_all,6,6,0,1e-05,0.003,complete,1.0880239090757124,1.27360605656383,0.9710053383924961
workload_82d0851c40e24fce2f224fb4,1.0,4,ceiling,preload_all,6,6,0,1e-05,0.003,complete,0.8984961016826378,-0.21276415420954134,0.9915272311362622
workload_82d0851c40e24fce2f224fb4,1.0,4,floor,preload_all,6,6,0,1e-05,0.003,complete,0.8703267435673356,0.006230946779485726,0.9975588560826789
workload_82d0851c40e24fce2f224fb4,1.0,4,nearest,preload_all,6,5,1,3e-05,0.003,one_missing,0.8743528067412403,-0.20261577999125419,0.9969093561513508
workload_8301a8e8bc308e2b441b2497,0.8,8,ceiling,preload_all,6,6,0,1e-05,0.003,complete,0.9855313114429131,0.12881699728674517,0.9647153609715813
workload_8301a8e8bc308e2b441b2497,0.8,8,floor,preload_all,6,5,1,3e-05,0.003,one_missing,1.1239079711469528,1.5487978495136603,0.9948708536663349
workload_8301a8e8bc308e2b441b2497,0.8,8,nearest,preload_all,6,4,2,0.0001,0.003,two_or_more_missing,1.015145610757348,0.5021553058105226,0.9999000948088091
workload_838f1774dcc0f142b4f54b71,0.8,4,ceiling,preload_all,6,4,2,0.0001,0.003,two_or_more_missing,0.9938389822407832,0.03064477128931732,0.9933477858282731
workload_838f1774dcc0f142b4f54b71,0.8,4,floor,preload_all,6,5,1,3e-05,0.003,one_missing,1.0445468920842393,1.0096332726048012,0.9925583432360076
workload_838f1774dcc0f142b4f54b71,0.8,4,nearest,preload_all,6,5,1,3e-05,0.003,one_missing,0.997905839002364,0.4407738434330535,0.9806680316620167
workload_8398710a05b40dc167d5d689,0.8,16,ceiling,preload_all,6,5,1,3e-05,0.003,one_missing,1.1027597685095791,0.9538449286813303,0.9865814491539941
workload_8398710a05b40dc167d5d689,0.8,16,floor,preload_all,6,6,0,1e-05,0.003,complete,0.8366460828444602,-0.3526665422068276,0.9900482459357525
workload_8398710a05b40dc167d5d689,0.8,16,nearest,preload_all,6,6,0,1e-05,0.003,complete,0.9834292574817124,0.5214215431894833,0.9983067272539233
workload_841d263fa8d18547788791a6,1.1,16,ceiling,preload_all,6,6,0,1e-05,0.003,complete,0.9523661235278297,0.0900135886824356,0.9896798432317885
workload_841d263fa8d18547788791a6,1.1,16,floor,preload_all,6,5,1,3e-05,0.003,one_missing,1.2346989014660283,2.5271305873759844,0.9759537573970619
workload_841d263fa8d18547788791a6,1.1,16,nearest,preload_all,6,5,1,3e-05,0.003,one_missing,0.9063572071884682,0.019076679716442984,0.9831073632032086
workload_842026d2208893a100a32719,0.95,16,ceiling,preload_all,6,6,0,1e-05,0.003,complete,0.9404093309021165,-0.18344741519673136,0.9951652651781928
workload_842026d2208893a100a32719,0.95,16,floor,preload_all,6,6,0,1e-05,0.003,complete,0.9787362140222007,0.7304919053039135,0.9725725674609554
workload_842026d2208893a100a32719,0.95,16,nearest,preload_all,6,5,1,3e-05,0.003,one_missing,0.9558764063489849,0.3971283229008447,0.9945408004822046
workload_86b734f735ec64c99ec5cfef,1.0,4,ceiling,preload_all,6,4,2,0.0001,0.003,two_or_more_missing,1.1565002110616809,1.34694340431362,0.9998197074146444
workload_86b734f735ec64c99ec5cfef,1.0,4,floor,preload_all,6,6,0,1e-05,0.003,complete,1.0256034252905328,1.1536422727529234,0.9972179821100317
workload_86b734f735ec64c99ec5cfef,1.0,4,nearest,preload_all,6,5,1,3e-05,0.003,one_missing,0.9952756988867992,0.7343998767954345,0.9987739315872516
workload_86d7610757194745da332632,1.25,4,ceiling,preload_all,6,5,1,3e-05,0.003,one_missing,0.926402705014675,0.002301814918367723,0.9963174239969917
workload_86d7610757194745da332632,1.25,4,floor,preload_all,6,5,1,3e-05,0.003,one_missing,1.103564241999504,1.5472260803404163,0.9972023651599864
workload_86d7610757194745da332632,1.25,4,nearest,preload_all,6,5,1,1e-05,0.003,one_missing,0.9574678455489679,0.19149072686184354,0.9935123079685412
workload_8739cc389d4cea8456b88c63,0.5,16,ceiling,preload_all,6,5,1,3e-05,0.003,one_missing,1.0357238155977877,0.01861724731104692,0.9990587417510612
workload_8739cc389d4cea8456b88c63,0.5,16,floor,preload_all,6,5,1,3e-05,0.003,one_missing,0.8867179420612638,-0.1163056168972221,0.9962755902486045
workload_8739cc389d4cea8456b88c63,0.5,16,nearest,preload_all,6,4,2,0.0001,0.003,two_or_more_missing,0.9728039240726564,0.08969897637262857,0.99917968611223
workload_8743d53047c6356bcf0dcbd9,0.8,16,ceiling,preload_all,6,5,1,3e-05,0.003,one_missing,1.0923861661531744,0.8936041350936028,0.9806222924254314
workload_8743d53047c6356bcf0dcbd9,0.8,16,floor,preload_all,6,6,0,1e-05,0.003,complete,1.0329708110962004,1.0262074076360512,0.9952841509786143
workload_8743d53047c6356bcf0dcbd9,0.8,16,nearest,preload_all,6,6,0,1e-05,0.003,complete,0.9794146252608301,0.37312876541244266,0.9919421946614249
workload_8879de6542f059bafb2f094f,0.95,16,ceiling,preload_all,6,5,1,3e-05,0.003,one_missing,1.2623124744651963,1.8960144558549001,0.9225899181193506
workload_8879de6542f059bafb2f094f,0.95,16,floor,preload_all,6,5,1,3e-05,0.003,one_missing,1.0022941193221826,0.8507600324970948,0.9971865399028765
workload_8879de6542f059bafb2f094f,0.95,16,nearest,preload_all,6,5,1,3e-05,0.003,one_missing,1.2105705090402865,2.1030389537816543,0.9866835415348709
workload_88a260b9dcb82cb92952f3fb,0.8,1,ceiling,preload_all,6,5,1,3e-05,0.003,one_missing,1.0797253787421568,0.36292216667361177,0.9834726604226698
workload_88a260b9dcb82cb92952f3fb,0.8,1,floor,preload_all,6,5,1,3e-05,0.003,one_missing,1.018186267690705,0.635884394594894,0.9967126201839279
workload_88a260b9dcb82cb92952f3fb,0.8,1,nearest,preload_all,6,5,1,3e-05,0.003,one_missing,0.9352011807077084,-0.1420630842920576,0.9942471355481113
workload_88b535700f2caee6f56ad9d2,1.0,4,ceiling,preload_all,6,4,2,0.0001,0.003,two_or_more_missing,0.9789495907395608,0.18652080566898202,0.992758139754188
workload_88b535700f2caee6f56ad9d2,1.0,4,floor,preload_all,6,5,1,3e-05,0.003,one_missing,0.9712322794284312,0.5967999259051001,0.9979093244181974
workload_88b535700f2caee6f56ad9d2,1.0,4,nearest,preload_all,6,6,0,1e-05,0.003,complete,0.972613570183686,0.5254796471167464,0.9990454953181424
workload_88c57f8f5210cce3387e85f9,1.25,16,ceiling,preload_all,6,5,1,3e-05,0.003,one_missing,1.1310456373725577,1.573028187964481,0.9587074669303091
workload_88c57f8f5210cce3387e85f9,1.25,16,floor,preload_all,6,6,0,1e-05,0.003,complete,0.86053419345221,-0.18112545707649313,0.9677497253126413
workload_88c57f8f5210cce3387e85f9,1.25,16,nearest,preload_all,6,5,1,3e-05,0.003,one_missing,0.9707768653601403,0.5928779655698695,0.9902425344869864
workload_88c9c75ce76850e503b47214,0.95,16,ceiling,preload_all,6,6,0,1e-05,0.003,complete,0.9732487091693857,0.21202935030785025,0.9900680307636565
workload_88c9c75ce76850e503b47214,0.95,16,floor,preload_all,6,6,0,1e-05,0.003,complete,0.9007588842924413,0.27763246823064175,0.998009973447351
workload_88c9c75ce76850e503b47214,0.95,16,nearest,preload_all,6,6,0,1e-05,0.003,complete,0.9783193658288061,0.6845545869405713,0.9940471260175997
workload_88d6e7c2c50c6b124086ae87,1.1,1,ceiling,preload_all,6,6,0,1e-05,0.003,complete,0.7555313672825597,-1.1720781984035722,0.9140013116939348
workload_88d6e7c2c50c6b124086ae87,1.1,1,floor,preload_all,6,6,0,1e-05,0.003,complete,0.7915606673430763,-0.4873370468079203,0.9902280334043926
workload_88d6e7c2c50c6b124086ae87,1.1,1,nearest,preload_all,6,6,0,1e-05,0.003,complete,0.8216112655244319,-0.3907833585241709,0.9977536583715886
workload_890bf8e37fa102b7d0892d5c,0.5,8,ceiling,preload_all,6,4,2,0.0001,0.003,two_or_more_missing,1.3458989986720709,1.8847959813227837,0.9744437362735437
workload_890bf8e37fa102b7d0892d5c,0.5,8,floor,preload_all,6,6,0,1e-05,0.003,complete,0.9486833830750329,0.011627258637360789,0.9923500716781877
workload_890bf8e37fa102b7d0892d5c,0.5,8,nearest,preload_all,6,5,1,3e-05,0.003,one_missing,1.157038670493963,1.0929804680921873,0.9972033956363313
workload_89233de4890495ba7a8b2b52,1.0,4,ceiling,preload_all,6,6,0,1e-05,0.003,complete,0.9131138650340496,-0.3054219808897524,0.9811227534069857
workload_89233de4890495ba7a8b2b52,1.0,4,floor,preload_all,6,5,1,3e-05,0.003,one_missing,0.9006328920466908,0.1310779681415573,0.9936168707515431
workload_89233de4890495ba7a8b2b52,1.0,4,nearest,preload_all,6,4,2,0.0001,0.003,two_or_more_missing,0.9379354855341842,0.18753952442037092,0.9983406085892587
workload_8959a9a8e6506945617f75df,0.95,8,ceiling,preload_all,6,6,0,1e-05,0.003,complete,0.9240057096598522,-0.13825990025973917,0.9268706383856131
workload_8959a9a8e6506945617f75df,0.95,8,floor,preload_all,6,6,0,1e-05,0.003,complete,0.9434307488095977,0.512903967755389,0.9895744160874487
workload_8959a9a8e6506945617f75df,0.95,8,nearest,preload_all,6,6,0,1e-05,0.003,complete,0.8324750220104571,-0.5707234250303252,0.9830045965585816
workload_895c5aa276ae64dacb806070,1.25,4,ceiling,preload_all,6,6,0,1e-05,0.003,complete,0.9401857408429722,0.17723197709656063,0.9857231353755354
workload_895c5aa276ae64dacb806070,1.25,4,floor,preload_all,6,6,0,1e-05,0.003,complete,0.9886733032409104,0.8389378568245797,0.9943223896957536
workload_895c5aa276ae64dacb806070,1.25,4,nearest,preload_all,6,6,0,1e-05,0.003,complete,0.9552240704496487,0.5507355100992742,0.994289020159313
workload_897447830956d558d7a12ab4,1.0,16,ceiling,preload_all,6,6,0,1e-05,0.003,complete,0.7284253557355317,-1.445639986400479,0.9802050849648469
workload_897447830956d558d7a12ab4,1.0,16,floor,preload_all,6,6,0,1e-05,0.003,complete,0.7850153558211096,-0.6469498283042175,0.9794108390699781
workload_897447830956d558d7a12ab4,1.0,16,nearest,preload_all,6,6,0,1e-05,0.003,complete,0.9841207562629963,0.6361420583100641,0.996357846451623
workload_89bba59d2d2dee5ed38561b3,1.1,8,ceiling,preload_all,6,6,0,1e-05,0.003,complete,0.797836902634897,-0.9276540556898959,0.9459455014678742
workload_89bba59d2d2dee5ed38561b3,1.1,8,floor,preload_all,6,6,0,1e-05,0.003,complete,0.9007425216373557,0.15802670468750743,0.9890321975978983
workload_89bba59d2d2dee5ed38561b3,1.1,8,nearest,preload_all,6,5,1,3e-05,0.003,one_missing,1.034619244706312,1.0115309576925124,0.981746137565022
workload_89cbcd61bd971d04d1becca5,1.1,1,ceiling,preload_all,6,4,2,0.0001,0.003,two_or_more_missing,1.0563396568541479,0.7600781058884148,0.9881000425381513
workload_89cbcd61bd971d04d1becca5,1.1,1,floor,preload_all,6,5,1,3e-05,0.003,one_missing,1.0451205297471242,0.9794436901338602,0.9907304228360344
workload_89cbcd61bd971d04d1becca5,1.1,1,nearest,preload_all,6,4,2,0.0001,0.003,two_or_more_missing,1.3427183412938688,2.6885537093430174,0.9941593303880292
workload_8a4113c77996fa38afb837f3,0.8,1,ceiling,preload_all,6,5,1,3e-05,0.003,one_missing,0.8853764819505935,-0.8491340047370682,0.9724558880340157
workload_8a4113c77996fa38afb837f3,0.8,1,floor,preload_all,6,6,0,1e-05,0.003,complete,0.9579387473562573,0.2480113332405653,0.994571937991819
workload_8a4113c77996fa38afb837f3,0.8,1,nearest,preload_all,6,6,0,1e-05,0.003,complete,0.799103687041029,-1.0898053196287563,0.9636547848755141
workload_8b25434027377fbd57ea6412,0.5,16,ceiling,preload_all,6,5,1,3e-05,0.003,one_missing,0.9312254405227349,-0.6485896586850018,0.9893373053140003
workload_8b25434027377fbd57ea6412,0.5,16,floor,preload_all,6,6,0,1e-05,0.003,complete,1.0458304236455516,0.8139136575980175,0.9684619238148036
workload_8b25434027377fbd57ea6412,0.5,16,nearest,preload_all,6,4,2,0.0001,0.003,two_or_more_missing,1.0379884274803977,0.3934452379261914,0.9988059378130956
workload_8ba4ad8b7cc2ba0d0f434756,0.5,1,ceiling,preload_all,6,4,2,0.0001,0.003,two_or_more_missing,1.1223350629376632,0.2764876560914303,0.9930177762437203
workload_8ba4ad8b7cc2ba0d0f434756,0.5,1,floor,preload_all,6,5,1,3e-05,0.003,one_missing,1.1014784422598727,1.1939190533380775,0.9788784857425185
workload_8ba4ad8b7cc2ba0d0f434756,0.5,1,nearest,preload_all,6,5,1,3e-05,0.003,one_missing,0.8998076965637827,-0.5126011619024181,0.9926528423773646
workload_8bdd56bc43027cc2adb819c6,1.0,16,ceiling,preload_all,6,5,1,3e-05,0.003,one_missing,0.8467262519919295,-0.6934539063918442,0.9828949033863129
workload_8bdd56bc43027cc2adb819c6,1.0,16,floor,preload_all,6,6,0,1e-05,0.003,complete,0.8380417525725519,-0.2951695047211347,0.9625510942229389
workload_8bdd56bc43027cc2adb819c6,1.0,16,nearest,preload_all,6,6,0,1e-05,0.003,complete,0.8830816133895385,-0.14227561863621474,0.9909258658819415
workload_8c73f08041661b00d170fc36,1.0,8,ceiling,preload_all,6,6,0,1e-05,0.003,complete,0.878774977421131,-0.578379302435564,0.9523717299695601
workload_8c73f08041661b00d170fc36,1.0,8,floor,preload_all,6,6,0,1e-05,0.003,complete,0.8642762249236426,0.08614786303775376,0.9940054619624284
workload_8c73f08041661b00d170fc36,1.0,8,nearest,preload_all,6,5,1,3e-05,0.003,one_missing,0.9147159108210778,0.16121594957560456,0.9874729979973729
workload_8c7b39588d444543a32d1e70,1.0,1,ceiling,preload_all,6,6,0,1e-05,0.003,complete,0.8843473599213699,-0.4957271485953469,0.9967246802306013
workload_8c7b39588d444543a32d1e70,1.0,1,floor,preload_all,6,5,1,3e-05,0.003,one_missing,0.8354559676833618,-0.4477046776771583,0.9853996016615086
workload_8c7b39588d444543a32d1e70,1.0,1,nearest,preload_all,6,6,0,1e-05,0.003,complete,0.8486068280586545,-0.5132551396141276,0.9762963197652091
workload_8c839e6e66ebd4308c84dd4a,1.0,4,ceiling,preload_all,6,6,0,1e-05,0.003,complete,0.9684011590265156,0.23084014506942788,0.9926880934690824
workload_8c839e6e66ebd4308c84dd4a,1.0,4,floor,preload_all,6,6,0,1e-05,0.003,complete,0.836814200742966,-0.35353373082155526,0.9723806871097532
workload_8c839e6e66ebd4308c84dd4a,1.0,4,nearest,preload_all,6,6,0,1e-05,0.003,complete,0.9083564827411895,0.06800834147172433,0.9834736617764482
workload_8ca8767cef4a411021670712,0.5,1,ceiling,preload_all,6,6,0,1e-05,0.003,complete,0.7848258576777326,-1.8561612919332156,0.9591814355910062
workload_8ca8767cef4a411021670712,0.5,1,floor,preload_all,6,6,0,1e-05,0.003,complete,0.9936573875699215,0.08727997960335696,0.9351918873361231
workload_8ca8767cef4a411021670712,0.5,1,nearest,preload_all,6,6,0,1e-05,0.003,complete,0.9126705070164786,-0.9983844274725958,0.881964154687985
workload_8cb8faafd8b4bade396f13d4,0.5,8,ceiling,preload_all,6,4,2,0.0001,0.003,two_or_more_missing,1.1550285784116843,0.7593295218896808,0.9755960365463995
workload_8cb8faafd8b4bade396f13d4,0.5,8,floor,preload_all,6,5,1,3e-05,0.003,one_missing,1.1898136793188911,1.8055719804626695,0.9905131751548174
workload_8cb8faafd8b4bade396f13d4,0.5,8,nearest,preload_all,6,4,2,0.0001,0.003,two_or_more_missing,1.3344175764740007,2.4075988666944332,0.9795754830374214
workload_8d6867afba650f5be9110737,1.0,1,ceiling,preload_all,6,5,1,3e-05,0.003,one_missing,0.931768065835493,-0.11850130487358329,0.9968676419567234
workload_8d6867afba650f5be9110737,1.0,1,floor,preload_all,6,6,0,1e-05,0.003,complete,1.0385624551423016,0.938333596956256,0.9734641558636566
workload_8d6867afba650f5be9110737,1.0,1,nearest,preload_all,6,6,0,1e-05,0.003,complete,0.9925252083420453,0.4144096822817759,0.9736066866544435
workload_8d6fdad7168df5cb8f1a6018,0.8,1,ceiling,preload_all,6,5,1,3e-05,0.003,one_missing,1.1253648185203589,0.9151975151666427,0.9849577166159583
workload_8d6fdad7168df5cb8f1a6018,0.8,1,floor,preload_all,6,6,0,1e-05,0.003,complete,0.945968166232847,0.17177333027169678,0.9760982930505206
workload_8d6fdad7168df5cb8f1a6018,0.8,1,nearest,preload_all,6,6,0,1e-05,0.003,complete,0.9397361702096296,0.05667352047345629,0.9949955883837825
workload_8d9f650853334de568627031,1.25,8,ceiling,preload_all,6,6,0,1e-05,0.003,complete,0.8259889265522521,-0.6394448637074835,0.9941736866379027
workload_8d9f650853334de568627031,1.25,8,floor,preload_all,6,6,0,1e-05,0.003,complete,0.8232010085483472,-0.4457659246802218,0.9805590678711487
workload_8d9f650853334de568627031,1.25,8,nearest,preload_all,6,6,0,1e-05,0.003,complete,0.8271512346670399,-0.6335756816052215,0.9392866180655135
workload_8e160de300d7364957226098,0.8,8,ceiling,preload_all,6,6,0,1e-05,0.003,complete,0.876129331738801,-0.7413727610795054,0.9659000374534666
workload_8e160de300d7364957226098,0.8,8,floor,preload_all,6,5,1,3e-05,0.003,one_missing,1.0328715144035352,0.810512597727952,0.9874071528924587
workload_8e160de300d7364957226098,0.8,8,nearest,preload_all,6,5,1,3e-05,0.003,one_missing,0.8735233297882978,-0.40369614190262937,0.9964465712843948
workload_8e295b5102294be545b0cea7,1.0,16,ceiling,preload_all,6,6,0,1e-05,0.003,complete,0.8591548945359407,-0.7147531338526424,0.9660554400069298
workload_8e295b5102294be545b0cea7,1.0,16,floor,preload_all,6,6,0,1e-05,0.003,complete,0.8385013653563264,-0.14964934740357888,0.9934359996985734
workload_8e295b5102294be545b0cea7,1.0,16,nearest,preload_all,6,6,0,1e-05,0.003,complete,0.9124068639790177,0.15277094649847955,0.9582807861595672
workload_8e63d4f42966f132fdf95d38,0.8,4,ceiling,preload_all,6,4,2,0.0001,0.003,two_or_more_missing,0.9493183650405307,-0.3520561970941573,0.9781449504602838
workload_8e63d4f42966f132fdf95d38,0.8,4,floor,preload_all,6,6,0,1e-05,0.003,complete,1.069025447198901,0.9732057511202181,0.969356615889363
workload_8e63d4f42966f132fdf95d38,0.8,4,nearest,preload_all,6,6,0,1e-05,0.003,complete,0.9690501596225947,-0.007774498222242551,0.9658965325546752
workload_8f11abb00bc06a7716bfe323,0.8,8,ceiling,preload_all,6,4,2,0.0001,0.003,two_or_more_missing,0.9754836770411015,-0.07178668740088896,0.9911096046378591
workload_8f11abb00bc06a7716bfe323,0.8,8,floor,preload_all,6,5,1,3e-05,0.003,one_missing,1.0252606612061284,1.0262011843503611,0.9992882970528236
workload_8f11abb00bc06a7716bfe323,0.8,8,nearest,preload_all,6,5,1,3e-05,0.003,one_missing,0.9869322754906141,0.43450739531133364,0.9952514550912946
workload_8f5e3de866979a0e1ecc6b36,1.25,8,ceiling,preload_all,6,4,2,0.0001,0.003,two_or_more_missing,1.092502336277854,1.0756658135888741,0.9965837127682996
workload_8f5e3de866979a0e1ecc6b36,1.25,8,floor,preload_all,6,5,1,3e-05,0.003,one_missing,1.1967865325726161,2.2172055032020603,0.9631572425336968
workload_8f5e3de866979a0e1ecc6b36,1.25,8,nearest,preload_all,6,5,1,3e-05,0.003,one_missing,1.298460697954295,2.560811182639111,0.9762166520026995
workload_8f85561bc498a32844d4be8a,1.25,8,ceiling,preload_all,6,6,0,1e-05,0.003,complete,0.8456351284283657,-0.5581879481741533,0.9412128427151415
workload_8f85561bc498a32844d4be8a,1.25,8,floor,preload_all,6,6,0,1e-05,0.003,complete,0.9784417558649251,0.7976656734887081,0.9734607305690709
workload_8f85561bc498a32844d4be8a,1.25,8,nearest,preload_all,6,6,0,1e-05,0.003,complete,0.9786022362774727,0.7364096191777941,0.9965511360194712
workload_8fcbbf73015f49936896d572,0.8,4,ceiling,preload_all,6,6,0,1e-05,0.003,complete,0.8778113719335102,-0.756777240725984,0.9433920647968244
workload_8fcbbf73015f49936896d572,0.8,4,floor,preload_all,6,6,0,1e-05,0.003,complete,0.8881051992516238,0.015923617276079712,0.9973746704770527
workload_8fcbbf73015f49936896d572,0.8,4,nearest,preload_all,6,6,0,1e-05,0.003,complete,0.9156377395087864,0.011349327090515648,0.9889094689022732
workload_8fe4d72c86085ded206ddd31,1.1,4,ceiling,preload_all,6,5,1,3e-05,0.003,one_missing,0.9905808114689881,0.33856092319065256,0.9936797026268721
workload_8fe4d72c86085ded206ddd31,1.1,4,floor,preload_all,6,6,0,1e-05,0.003,complete,0.9411749708136291,0.35866590818786465,0.9731986628600063
workload_8fe4d72c86085ded206ddd31,1.1,4,nearest,preload_all,6,6,0,1e-05,0.003,complete,0.9651886295446722,0.3354350005267333,0.9907407028993627
workload_8fef5861a738411ca2639e1d,0.5,8,ceiling,preload_all,6,5,1,3e-05,0.003,one_missing,1.0041415650099181,-0.4046238740662168,0.9992079922851186
workload_8fef5861a738411ca2639e1d,0.5,8,floor,preload_all,6,5,1,3e-05,0.003,one_missing,0.9025367374157732,-0.08344967555771367,0.9990956979592839
workload_8fef5861a738411ca2639e1d,0.5,8,nearest,preload_all,6,5,1,3e-05,0.003,one_missing,0.9492614586256058,-0.07770529676897941,0.990570779955001
workload_90139e5583c00c527af0ad32,0.8,8,ceiling,preload_all,6,6,0,1e-05,0.003,complete,0.8871345129098994,-0.5942672360302118,0.995390821552707
workload_90139e5583c00c527af0ad32,0.8,8,floor,preload_all,6,6,0,1e-05,0.003,complete,0.8885608071407155,0.042495237279792326,0.996362040140815
workload_90139e5583c00c527af0ad32,0.8,8,nearest,preload_all,6,6,0,1e-05,0.003,complete,0.9014354511780645,-0.12826661320744878,0.9855922024298455
workload_905f276253206f4846281fc3,0.5,16,ceiling,preload_all,6,4,2,0.0001,0.003,two_or_more_missing,0.8868524329498371,-1.0686788813059778,0.997155424653153
workload_905f276253206f4846281fc3,0.5,16,floor,preload_all,6,6,0,1e-05,0.003,complete,0.9458314932710212,0.11381004735892596,0.9886215975926792
workload_905f276253206f4846281fc3,0.5,16,nearest,preload_all,6,6,0,1e-05,0.003,complete,0.8988745322723326,-0.5125503058359503,0.9919307543123678
workload_9081671a8b207b0d4c816d92,1.1,16,ceiling,preload_all,6,5,1,1e-05,0.003,one_missing,0.9499694199519899,0.16852584557215453,0.9981178454492846
workload_9081671a8b207b0d4c816d92,1.1,16,floor,preload_all,6,6,0,1e-05,0.003,complete,1.0775919555450448,1.4986193828573011,0.9933975384843997
workload_9081671a8b207b0d4c816d92,1.1,16,nearest,preload_all,6,6,0,1e-05,0.003,complete,1.041634062109412,0.9477742352856947,0.9909689046786729
workload_91631f3f10efd26af1d2dd69,1.25,1,ceiling,preload_all,6,6,0,1e-05,0.003,complete,0.9137473616092076,-0.08231727754487982,0.9458205055206035
workload_91631f3f10efd26af1d2dd69,1.25,1,floor,preload_all,6,6,0,1e-05,0.003,complete,0.9648196350029009,0.6088733570117792,0.9993439113430078
workload_91631f3f10efd26af1d2dd69,1.25,1,nearest,preload_all,6,6,0,1e-05,0.003,complete,1.0235218753559292,0.8760193593706229,0.9700985922189264
workload_91a0c2051af94044e3c1fba1,1.25,16,ceiling,preload_all,6,5,1,3e-05,0.003,one_missing,1.1086380207585225,1.4460825605638505,0.9369792551046067
workload_91a0c2051af94044e3c1fba1,1.25,16,floor,preload_all,6,6,0,1e-05,0.003,complete,1.0053099460902308,1.1131307710480622,0.988719480581399
workload_91a0c2051af94044e3c1fba1,1.25,16,nearest,preload_all,6,5,1,3e-05,0.003,one_missing,0.9801657852832708,0.7717241826407883,0.9899144281825571
workload_920f275203cb62430f65441f,0.8,1,ceiling,preload_all,6,4,2,0.0001,0.003,two_or_more_missing,1.1128822318858416,0.8760084302755894,0.9942948798739958
workload_920f275203cb62430f65441f,0.8,1,floor,preload_all,6,5,1,3e-05,0.003,one_missing,1.0126985144501015,0.6413832976733952,0.9990827298777173
workload_920f275203cb62430f65441f,0.8,1,nearest,preload_all,6,5,1,3e-05,0.003,one_missing,1.1038364903718538,1.1222625702297944,0.9918204696974604
workload_9263f0e715d7732117efab5a,1.0,1,ceiling,preload_all,6,6,0,1e-05,0.003,complete,0.9887259478061797,0.32861299215252243,0.9727984221475205
workload_9263f0e715d7732117efab5a,1.0,1,floor,preload_all,6,6,0,1e-05,0.003,complete,0.9568963268011804,0.4116775540206453,0.9950829677078326
workload_9263f0e715d7732117efab5a,1.0,1,nearest,preload_all,6,5,1,3e-05,0.003,one_missing,1.1092964294148635,1.376145521747688,0.9799292421729354
workload_92cc7e7213073c1a85c09cef,0.8,16,ceiling,preload_all,6,6,0,1e-05,0.003,complete,0.9227486701435966,-0.32843101939485814,0.9961309988660557
workload_92cc7e7213073c1a85c09cef,0.8,16,floor,preload_all,6,6,0,1e-05,0.003,complete,0.8404078409256392,-0.3403641837997276,0.9735260494343593
workload_92cc7e7213073c1a85c09cef,0.8,16,nearest,preload_all,6,6,0,1e-05,0.003,complete,0.9592012975815958,0.24102306300797924,0.9927821398827974
workload_92d190854f7232c8f672e350,1.25,16,ceiling,preload_all,6,5,1,3e-05,0.003,one_missing,0.9554368595496068,0.3433257661766473,0.9981267000634095
workload_92d190854f7232c8f672e350,1.25,16,floor,preload_all,6,6,0,1e-05,0.003,complete,0.8864750658897957,0.14766554317887914,0.9923642788828936
workload_92d190854f7232c8f672e350,1.25,16,nearest,preload_all,6,6,0,1e-05,0.003,complete,0.9756950326956497,0.49483661548526114,0.9542385510308382
workload_92ea28904e23fe0efd3eeb3a,1.0,8,ceiling,preload_all,6,6,0,1e-05,0.003,complete,0.9032634802189243,-0.3216771992791435,0.9859697617205551
workload_92ea28904e23fe0efd3eeb3a,1.0,8,floor,preload_all,6,5,1,3e-05,0.003,one_missing,1.2239640968161738,2.3689025610160623,0.9810905989248878
workload_92ea28904e23fe0efd3eeb3a,1.0,8,nearest,preload_all,6,6,0,1e-05,0.003,complete,0.993669426183161,0.43663480140591276,0.9933151783919109
workload_92ee8eb9735821ae1e61a4ec,0.8,16,ceiling,preload_all,6,5,1,1e-05,0.003,one_missing,0.8024598601774958,-1.1765823126936423,0.9707881040117003
workload_92ee8eb9735821ae1e61a4ec,0.8,16,floor,preload_all,6,6,0,1e-05,0.003,complete,0.9728605312289532,0.5856326624777688,0.9922651328628159
workload_92ee8eb9735821ae1e61a4ec,0.8,16,nearest,preload_all,6,6,0,1e-05,0.003,complete,1.0071062272559397,0.5781985632558685,0.9931648326816391
workload_92fac51977f411d80d646d9c,1.25,8,ceiling,preload_all,6,5,1,3e-05,0.003,one_missing,1.1544205362416256,1.6596318563639743,0.9839330026475565
workload_92fac51977f411d80d646d9c,1.25,8,floor,preload_all,6,5,1,3e-05,0.003,one_missing,0.9392869965895341,0.6566461024267168,0.9911595795036593
workload_92fac51977f411d80d646d9c,1.25,8,nearest,preload_all,6,5,1,3e-05,0.003,one_missing,1.1284812209541097,1.6724403352270811,0.9828583581213571
workload_93a7907e4c65a058ffcc9456,0.5,1,ceiling,preload_all,6,3,3,0.0003,0.003,two_or_more_missing,1.4376127426316863,2.2068544624456927,0.9914854728031415
workload_93a7907e4c65a058ffcc9456,0.5,1,floor,preload_all,6,6,0,1e-05,0.003,complete,0.7847332239083101,-1.1527042103209013,0.9775945294833238
workload_93a7907e4c65a058ffcc9456,0.5,1,nearest,preload_all,6,6,0,1e-05,0.003,complete,0.8433738672524507,-1.0672155688248488,0.9911577429261015
workload_93c3a0acf59dae007ebd66e1,1.0,16,ceiling,preload_all,6,6,0,1e-05,0.003,complete,1.0086069227038248,0.31282000980724284,0.9731528558082163
workload_93c3a0acf59dae007ebd66e1,1.0,16,floor,preload_all,6,5,1,3e-05,0.003,one_missing,1.0934453769843338,1.5237043661494112,0.991005142172318
workload_93c3a0acf59dae007ebd66e1,1.0,16,nearest,preload_all,6,5,1,3e-05,0.003,one_missing,1.1978662494887677,2.059308633985866,0.979350940509081
workload_93e311b6f56e874884cbe0ac,0.95,1,ceiling,preload_all,6,5,1,3e-05,0.003,one_missing,0.8569480160200484,-0.8048038428357448,0.9125910732311687
workload_93e311b6f56e874884cbe0ac,0.95,1,floor,preload_all,6,6,0,1e-05,0.003,complete,0.9630607990140386,0.46951589814313377,0.9930873706155178
workload_93e311b6f56e874884cbe0ac,0.95,1,nearest,preload_all,6,6,0,1e-05,0.003,complete,1.0093416597576974,0.4325067389960912,0.9578119899632034
workload_954166e5def9f2e5ccf89bb5,0.95,4,ceiling,preload_all,6,6,0,1e-05,0.003,complete,0.8379014086219672,-1.028496875622369,0.9420180967362118
workload_954166e5def9f2e5ccf89bb5,0.95,4,floor,preload_all,6,6,0,1e-05,0.003,complete,1.0454034709388094,1.01186411964684,0.9909800401940732
workload_954166e5def9f2e5ccf89bb5,0.95,4,nearest,preload_all,6,5,1,3e-05,0.003,one_missing,1.057659812188731,0.8534033212302333,0.9941809886896793
workload_964a8135dd9d22bd2023f872,0.95,8,ceiling,preload_all,6,6,0,1e-05,0.003,complete,0.9316864920278388,-0.12453904938543275,0.99464660904549
workload_964a8135dd9d22bd2023f872,0.95,8,floor,preload_all,6,6,0,1e-05,0.003,complete,0.8670314832448869,-0.14513473461703283,0.9730987963592531
workload_964a8135dd9d22bd2023f872,0.95,8,nearest,preload_all,6,6,0,1e-05,0.003,complete,0.9408097537523199,0.26711536255049145,0.9718465572000403
workload_974eeda9e9617a3db79282fd,0.5,8,ceiling,preload_all,6,6,0,1e-05,0.003,complete,0.8168350727358621,-1.6024187232221563,0.9492888825636353
workload_974eeda9e9617a3db79282fd,0.5,8,floor,preload_all,6,6,0,1e-05,0.003,complete,0.9700512077327756,0.28457253451554276,0.983212718751291
workload_974eeda9e9617a3db79282fd,0.5,8,nearest,preload_all,6,6,0,1e-05,0.003,complete,0.829443629781226,-0.8838562072973211,0.9872867774661627
workload_97dad8bde192d102687fd0c2,1.25,4,ceiling,preload_all,6,5,1,3e-05,0.003,one_missing,1.2353104047059174,2.055119668457973,0.9954741143460456
workload_97dad8bde192d102687fd0c2,1.25,4,floor,preload_all,6,5,1,1e-05,0.003,one_missing,1.0346919056171762,1.1467628286212252,0.9973858439789473
workload_97dad8bde192d102687fd0c2,1.25,4,nearest,preload_all,6,6,0,1e-05,0.003,complete,1.015403630244199,0.8889216570003043,0.9950987237741853
workload_986694c410477b690fef811d,0.8,16,ceiling,preload_all,6,6,0,1e-05,0.003,complete,0.973132584606718,0.0978066278373969,0.9575223043789033
workload_986694c410477b690fef811d,0.8,16,floor,preload_all,6,6,0,1e-05,0.003,complete,0.9537729300613076,0.4576702294428886,0.9717765419002004
workload_986694c410477b690fef811d,0.8,16,nearest,preload_all,6,6,0,1e-05,0.003,complete,0.8491701093411402,-0.564999283918727,0.9869986565076256
workload_9875960c13ad46aa721f3eeb,1.1,1,ceiling,preload_all,6,5,1,3e-05,0.003,one_missing,1.0629443923979356,0.7163801839598449,0.9872089330753969
workload_9875960c13ad46aa721f3eeb,1.1,1,floor,preload_all,6,5,1,3e-05,0.003,one_missing,0.9172652589491772,0.1947776887949649,0.9969631061669189
workload_9875960c13ad46aa721f3eeb,1.1,1,nearest,preload_all,6,5,1,3e-05,0.003,one_missing,1.0139218842651718,0.6899865097685254,0.999376468220376
workload_987bea4f2e230273c5ad521a,0.95,4,ceiling,preload_all,6,5,1,3e-05,0.003,one_missing,0.9737706552933242,0.04639494637661033,0.9968738709702529
workload_987bea4f2e230273c5ad521a,0.95,4,floor,preload_all,6,6,0,1e-05,0.003,complete,0.9668270938162242,0.4762545016764199,0.9777545301337329
workload_987bea4f2e230273c5ad521a,0.95,4,nearest,preload_all,6,6,0,1e-05,0.003,complete,0.9510897418611385,0.09084506245316173,0.921073264756358
workload_988c744335e2399ebccbe454,1.1,4,ceiling,preload_all,6,5,1,3e-05,0.003,one_missing,1.1790560600568831,1.6878109825100314,0.9883245573064449
workload_988c744335e2399ebccbe454,1.1,4,floor,preload_all,6,6,0,1e-05,0.003,complete,0.9283282716273249,0.3998436382540488,0.9894592540931368
workload_988c744335e2399ebccbe454,1.1,4,nearest,preload_all,6,6,0,1e-05,0.003,complete,1.052307286999181,0.9283791282189822,0.9645527835924387
workload_98b8b3289683ba624f8ad135,0.5,8,ceiling,preload_all,6,6,0,1e-05,0.003,complete,0.8846445803446111,-1.0978615983713575,0.9698490978106257
workload_98b8b3289683ba624f8ad135,0.5,8,floor,preload_all,6,6,0,1e-05,0.003,complete,0.9475292303278956,0.28009274717284166,0.9954406899627498
workload_98b8b3289683ba624f8ad135,0.5,8,nearest,preload_all,6,6,0,1e-05,0.003,complete,0.8423616582375252,-0.925405585717609,0.9691118440986758
workload_993314217a21d356783461eb,1.0,4,ceiling,preload_all,6,5,1,3e-05,0.003,one_missing,1.0467293637455746,0.761626285935432,0.9945318299109356
workload_993314217a21d356783461eb,1.0,4,floor,preload_all,6,6,0,1e-05,0.003,complete,0.9920385385879134,0.8375514088513366,0.997887507910048
workload_993314217a21d356783461eb,1.0,4,nearest,preload_all,6,6,0,1e-05,0.003,complete,0.8689937757307368,-0.26404574424342026,0.9879962547223472
workload_9934e379730d59eece5da3e7,0.5,1,ceiling,preload_all,6,4,2,0.0001,0.003,two_or_more_missing,1.286388225424865,1.1526193048588944,0.9800119002511687
workload_9934e379730d59eece5da3e7,0.5,1,floor,preload_all,6,5,1,3e-05,0.003,one_missing,1.0576818931015357,0.6157091359778577,0.9811137943482883
workload_9934e379730d59eece5da3e7,0.5,1,nearest,preload_all,6,4,2,0.0001,0.003,two_or_more_missing,1.1782119033477796,1.1095302461128813,0.9849838222158439
workload_9982053969626b2b2765497b,1.1,8,ceiling,preload_all,6,5,1,3e-05,0.003,one_missing,0.8917306301656063,-0.23870289205649153,0.9832564009218989
workload_9982053969626b2b2765497b,1.1,8,floor,preload_all,6,5,1,3e-05,0.003,one_missing,1.083426800580255,1.4616496038529199,0.9900278319576333
workload_9982053969626b2b2765497b,1.1,8,nearest,preload_all,6,5,1,3e-05,0.003,one_missing,1.2384437499304293,2.2136082493112976,0.9927175853626962
workload_99d8e62c689ffe322a442c0e,0.8,8,ceiling,preload_all,6,5,1,3e-05,0.003,one_missing,1.1134956338407485,0.9151930779864358,0.9897194896114454
workload_99d8e62c689ffe322a442c0e,0.8,8,floor,preload_all,6,6,0,1e-05,0.003,complete,0.984625481411997,0.6934232100660366,0.9965365017510148
workload_99d8e62c689ffe322a442c0e,0.8,8,nearest,preload_all,6,6,0,1e-05,0.003,complete,1.0024592229542715,0.535498639135565,0.9953549725290167
workload_9a2753adfbf6c829a8160bf9,1.0,8,ceiling,preload_all,6,6,0,1e-05,0.003,complete,0.9470010629133948,-0.2064098041471933,0.9241478282997166
workload_9a2753adfbf6c829a8160bf9,1.0,8,floor,preload_all,6,5,1,1e-05,0.003,one_missing,1.0207893829054995,0.9771697645671001,0.999364959674337
workload_9a2753adfbf6c829a8160bf9,1.0,8,nearest,preload_all,6,6,0,1e-05,0.003,complete,1.0463599032817275,0.8570597428013184,0.97071770040056
workload_9aa74fdc895edf1204900605,1.25,4,ceiling,preload_all,6,5,1,3e-05,0.003,one_missing,1.0385989463164707,0.7340544010185891,0.9952882907045314
workload_9aa74fdc895edf1204900605,1.25,4,floor,preload_all,6,5,1,3e-05,0.003,one_missing,1.076445435992951,1.4453877573793747,0.9909580601670909
workload_9aa74fdc895edf1204900605,1.25,4,nearest,preload_all,6,4,2,0.0001,0.003,two_or_more_missing,1.0885190112437204,1.3403483039424293,0.9837758262424512
workload_9baa89ac7ae8c2294891d2f3,0.5,16,ceiling,preload_all,6,6,0,1e-05,0.003,complete,0.7359956731776085,-2.2599090606973697,0.9488972477353141
workload_9baa89ac7ae8c2294891d2f3,0.5,16,floor,preload_all,6,6,0,1e-05,0.003,complete,0.9902122209445844,0.5009830427346977,0.9907133063247572
workload_9baa89ac7ae8c2294891d2f3,0.5,16,nearest,preload_all,6,6,0,1e-05,0.003,complete,0.8456791742109645,-0.8004681259536672,0.969436361873226
workload_9bb23724c794d2584106fd48,0.8,1,ceiling,preload_all,6,5,1,3e-05,0.003,one_missing,0.8613719120819887,-0.8166405737259116,0.9928991080207848
workload_9bb23724c794d2584106fd48,0.8,1,floor,preload_all,6,5,1,3e-05,0.003,one_missing,0.7409457984895842,-1.1244755269958024,0.9945714442562616
workload_9bb23724c794d2584106fd48,0.8,1,nearest,preload_all,6,5,1,3e-05,0.003,one_missing,1.0915193219648907,1.0418700820732014,0.9835371457026253
workload_9bb81b3f63499f8a23bde694,1.1,1,ceiling,preload_all,6,6,0,1e-05,0.003,complete,0.8900460487431746,-0.2986468897749081,0.9953439719352498
workload_9bb81b3f63499f8a23bde694,1.1,1,floor,preload_all,6,6,0,1e-05,0.003,complete,0.8679263800890148,-0.16469795557174327,0.973386740917525
workload_9bb81b3f63499f8a23bde694,1.1,1,nearest,preload_all,6,6,0,1e-05,0.003,complete,0.9451836784482142,0.27091094253669395,0.986572451093112
workload_9c87f96a4cdbfa83e5ad7d20,0.95,4,ceiling,preload_all,6,6,0,1e-05,0.003,complete,0.8857274699635211,-0.39676662211990144,0.9752630707168864
workload_9c87f96a4cdbfa83e5ad7d20,0.95,4,floor,preload_all,6,6,0,1e-05,0.003,complete,0.8773206906358054,0.1331863129163243,0.9980882800162799
workload_9c87f96a4cdbfa83e5ad7d20,0.95,4,nearest,preload_all,6,6,0,1e-05,0.003,complete,0.8740293935422261,-0.2888909863933412,0.8581580156831407
workload_9c9e132d9f3edc22f3f32275,1.1,1,ceiling,preload_all,6,5,1,3e-05,0.003,one_missing,1.0885187044355773,1.1342204131549853,0.9822551787829868
workload_9c9e132d9f3edc22f3f32275,1.1,1,floor,preload_all,6,6,0,1e-05,0.003,complete,0.931359876009322,0.5324096265995456,0.9890239047890399
workload_9c9e132d9f3edc22f3f32275,1.1,1,nearest,preload_all,6,5,1,3e-05,0.003,one_missing,0.9272155669320783,0.2926489606046561,0.998769241857236
workload_9cf17a2c83fe2a7bcc68c7b3,1.0,1,ceiling,preload_all,6,5,1,1e-05,0.003,one_missing,0.9242926380971025,-0.4230717610769274,0.9307190558788717
workload_9cf17a2c83fe2a7bcc68c7b3,1.0,1,floor,preload_all,6,6,0,1e-05,0.003,complete,0.9267129958016654,0.2609509436782437,0.993973140380642
workload_9cf17a2c83fe2a7bcc68c7b3,1.0,1,nearest,preload_all,6,6,0,1e-05,0.003,complete,0.9182197747398222,-0.02663498322196376,0.9938457211880102
workload_9d12061671d29a5337f63b31,0.5,4,ceiling,preload_all,6,6,0,1e-05,0.003,complete,0.8581283486085878,-1.3784476664150953,0.9667165159956452
workload_9d12061671d29a5337f63b31,0.5,4,floor,preload_all,6,6,0,1e-05,0.003,complete,1.005531006366875,0.590689715357889,0.9959423149441032
workload_9d12061671d29a5337f63b31,0.5,4,nearest,preload_all,6,6,0,1e-05,0.003,complete,0.9768469581872322,-0.030519044362140164,0.9736890456560742
workload_9d34c06c52197f5bbfb75f22,0.8,4,ceiling,preload_all,6,6,0,1e-05,0.003,complete,0.7803281221111018,-1.3048340666474114,0.9770856507339086
workload_9d34c06c52197f5bbfb75f22,0.8,4,floor,preload_all,6,6,0,1e-05,0.003,complete,1.0071740491694046,0.9251966171560928,0.9976023501092793
workload_9d34c06c52197f5bbfb75f22,0.8,4,nearest,preload_all,6,6,0,1e-05,0.003,complete,0.9191294758485948,-0.061828575138758335,0.988428638640146
workload_9db047729e722634b857f7c6,0.8,1,ceiling,preload_all,6,4,2,0.0001,0.003,two_or_more_missing,1.1479603637890923,0.7628941377472236,0.9973438620398426
workload_9db047729e722634b857f7c6,0.8,1,floor,preload_all,6,4,2,0.0001,0.003,two_or_more_missing,1.2956180751672188,2.327173286817559,0.978003886948694
workload_9db047729e722634b857f7c6,0.8,1,nearest,preload_all,6,4,2,0.0001,0.003,two_or_more_missing,1.2530058242642976,1.862928853202098,0.9854912109183865
workload_9e08aced0a389cb02fcfe54b,0.95,4,ceiling,preload_all,6,4,2,0.0001,0.003,two_or_more_missing,0.9934850347906401,0.3487899167805236,0.9997117962751981
workload_9e08aced0a389cb02fcfe54b,0.95,4,floor,preload_all,6,5,1,3e-05,0.003,one_missing,1.2152347279969806,2.37883796368252,0.9736671731728187
workload_9e08aced0a389cb02fcfe54b,0.95,4,nearest,preload_all,6,4,2,0.0001,0.003,two_or_more_missing,1.1373901885309408,1.5825857613005758,0.9806082898852185
workload_9e52c20edaeabd98cf1dfde7,0.95,8,ceiling,preload_all,6,6,0,1e-05,0.003,complete,0.7865688056906276,-1.282989538959322,0.9717388653950759
workload_9e52c20edaeabd98cf1dfde7,0.95,8,floor,preload_all,6,6,0,1e-05,0.003,complete,0.9486869282217232,0.4195301500622764,0.9784761883502533
workload_9e52c20edaeabd98cf1dfde7,0.95,8,nearest,preload_all,6,6,0,1e-05,0.003,complete,0.9518545647160359,0.28967213570976763,0.9806634324028861
workload_9f78f35677fb39f38b4ad129,1.25,16,ceiling,preload_all,6,5,1,3e-05,0.003,one_missing,1.1965194232044265,1.6681492808236595,0.9941990357841524
workload_9f78f35677fb39f38b4ad129,1.25,16,floor,preload_all,6,6,0,1e-05,0.003,complete,0.9531710724585676,0.4994366391529286,0.9741677986167124
workload_9f78f35677fb39f38b4ad129,1.25,16,nearest,preload_all,6,6,0,1e-05,0.003,complete,0.9725157227010275,0.4536826329567361,0.9975549075340105
workload_9fc6a8ab7ca8872097a4a42d,1.1,8,ceiling,preload_all,6,6,0,1e-05,0.003,complete,0.9468494749318135,0.17715508038836966,0.9971561112245527
workload_9fc6a8ab7ca8872097a4a42d,1.1,8,floor,preload_all,6,6,0,1e-05,0.003,complete,0.998411215949462,0.8721618544871631,0.9979140942039588
workload_9fc6a8ab7ca8872097a4a42d,1.1,8,nearest,preload_all,6,6,0,1e-05,0.003,complete,0.8565780018517892,-0.24989317343322326,0.9923021188680148
workload_a08e03e292705131cadfa55d,0.5,1,ceiling,preload_all,6,5,1,3e-05,0.003,one_missing,0.9542461894102139,-0.7817463498098793,0.9947286547383375
workload_a08e03e292705131cadfa55d,0.5,1,floor,preload_all,6,5,1,3e-05,0.003,one_missing,0.9964751863988995,0.33442994411488414,0.9962997960273393
workload_a08e03e292705131cadfa55d,0.5,1,nearest,preload_all,6,5,1,3e-05,0.003,one_missing,0.9099086676619323,-0.5995179757288348,0.9939107987777226
workload_a10d7315302b74cde6967688,1.25,16,ceiling,preload_all,6,5,1,3e-05,0.003,one_missing,1.1997061498884294,1.7924528236278268,0.9989352619340027
workload_a10d7315302b74cde6967688,1.25,16,floor,preload_all,6,6,0,1e-05,0.003,complete,1.0368697877791582,1.2641811562630336,0.9987446069381767
workload_a10d7315302b74cde6967688,1.25,16,nearest,preload_all,6,5,1,3e-05,0.003,one_missing,1.1544227328369119,1.7132103350234122,0.9773089893106343
workload_a1975d61820c9e1530b41152,1.0,4,ceiling,preload_all,6,5,1,3e-05,0.003,one_missing,0.9723158551050484,0.05145895931503774,0.9988316080746165
workload_a1975d61820c9e1530b41152,1.0,4,floor,preload_all,6,6,0,1e-05,0.003,complete,0.9934206138533169,0.9392166400652657,0.9940580786097482
workload_a1975d61820c9e1530b41152,1.0,4,nearest,preload_all,6,6,0,1e-05,0.003,complete,0.8992081796469586,-0.04609759885244691,0.9711493927400642
workload_a20dba68af5b913d9bccf7f3,1.0,4,ceiling,preload_all,6,6,0,1e-05,0.003,complete,0.9215464341846726,0.022253409892786173,0.9936547374175251
workload_a20dba68af5b913d9bccf7f3,1.0,4,floor,preload_all,6,6,0,1e-05,0.003,complete,0.990434092322129,0.8693675347804243,0.9942538571303213
workload_a20dba68af5b913d9bccf7f3,1.0,4,nearest,preload_all,6,6,0,1e-05,0.003,complete,0.85998183208522,-0.3343749932260855,0.9917065569671686
workload_a2f77d25219daf15cdd75d66,1.25,4,ceiling,preload_all,6,6,0,1e-05,0.003,complete,0.8701066117601132,-0.3419615305369939,0.97828627902721
workload_a2f77d25219daf15cdd75d66,1.25,4,floor,preload_all,6,6,0,1e-05,0.003,complete,0.9119757200572922,0.2839975690183547,0.9904162123307483
workload_a2f77d25219daf15cdd75d66,1.25,4,nearest,preload_all,6,5,1,3e-05,0.003,one_missing,1.062475525964903,1.1801353154953553,0.9978116170278396
workload_a31f0bb34ff4a350ddafd46f,0.5,8,ceiling,preload_all,6,5,1,3e-05,0.003,one_missing,1.0103066523103668,-0.2027792123597304,0.9959220773622949
workload_a31f0bb34ff4a350ddafd46f,0.5,8,floor,preload_all,6,6,0,1e-05,0.003,complete,1.0729374122030853,0.8913864770786846,0.9655026476044487
workload_a31f0bb34ff4a350ddafd46f,0.5,8,nearest,preload_all,6,5,1,3e-05,0.003,one_missing,1.1618906753244242,1.139482922155408,0.9946539885278503
workload_a39be4f5b2ccea5264cb026d,1.1,4,ceiling,preload_all,6,5,1,3e-05,0.003,one_missing,1.1054040434301047,1.1797247133315023,0.9683674545366076
workload_a39be4f5b2ccea5264cb026d,1.1,4,floor,preload_all,6,6,0,1e-05,0.003,complete,1.0458347073989442,1.2467984468607591,0.991402682501654
workload_a39be4f5b2ccea5264cb026d,1.1,4,nearest,preload_all,6,5,1,3e-05,0.003,one_missing,1.1260516282465667,1.5537455437676135,0.9598083932421769
workload_a40d87876d482dcd69d225f9,0.95,1,ceiling,preload_all,6,6,0,1e-05,0.003,complete,0.891294568428419,-0.34385864242497627,0.9896776974736179
workload_a40d87876d482dcd69d225f9,0.95,1,floor,preload_all,6,6,0,1e-05,0.003,complete,0.8538926894436542,-0.22134991517569927,0.9876579134969741
workload_a40d87876d482dcd69d225f9,0.95,1,nearest,preload_all,6,6,0,1e-05,0.003,complete,0.8306325726708654,-0.57522839824104,0.9870758845601941
workload_a45dfaa7cf547679dd86c1b7,0.95,8,ceiling,preload_all,6,4,2,0.0001,0.003,two_or_more_missing,1.0368326698540749,0.6573738289089412,0.9949448089066758
workload_a45dfaa7cf547679dd86c1b7,0.95,8,floor,preload_all,6,6,0,1e-05,0.003,complete,1.0187552287688282,1.0008666621192912,0.9246232011427332
workload_a45dfaa7cf547679dd86c1b7,0.95,8,nearest,preload_all,6,5,1,3e-05,0.003,one_missing,1.082720633334863,1.2961818177486308,0.9945998439993095
workload_a48a5c75d954bb70ed15e11c,1.25,1,ceiling,preload_all,6,5,1,3e-05,0.003,one_missing,1.0039389831100192,0.5270663615371297,0.9962316963736012
workload_a48a5c75d954bb70ed15e11c,1.25,1,floor,preload_all,6,6,0,1e-05,0.003,complete,1.0705368804094295,1.2148997755816848,0.9641715075787227
workload_a48a5c75d954bb70ed15e11c,1.25,1,nearest,preload_all,6,5,1,3e-05,0.003,one_missing,1.1524351912986175,1.7124678651055072,0.9885883344797001
workload_a5046dcd07d0fca7e36fc51a,1.1,8,ceiling,preload_all,6,6,0,1e-05,0.003,complete,0.8560104397897809,-0.5491862088382146,0.9809359893186056
workload_a5046dcd07d0fca7e36fc51a,1.1,8,floor,preload_all,6,6,0,1e-05,0.003,complete,1.0504226577692144,1.3720028162403997,0.9974001172815625
workload_a5046dcd07d0fca7e36fc51a,1.1,8,nearest,preload_all,6,4,2,0.0001,0.003,two_or_more_missing,1.0085756454264247,0.8503692975336724,0.9998579360493913
workload_a5065b88b5b9c1323dc6c4a4,0.8,1,ceiling,preload_all,6,4,2,0.0001,0.003,two_or_more_missing,1.183775320013613,1.1008047751690817,0.9930954689353517
workload_a5065b88b5b9c1323dc6c4a4,0.8,1,floor,preload_all,6,6,0,1e-05,0.003,complete,0.966139455375796,0.04886067923457982,0.9364619048887437
workload_a5065b88b5b9c1323dc6c4a4,0.8,1,nearest,preload_all,6,5,1,3e-05,0.003,one_missing,1.1544519631853227,1.146572295102445,0.9820822172710015
workload_a5192b3fb980397ec2a3c056,0.5,8,ceiling,preload_all,6,5,1,3e-05,0.003,one_missing,1.0015155952540866,-0.31771005521943574,0.9980773232500942
workload_a5192b3fb980397ec2a3c056,0.5,8,floor,preload_all,6,6,0,1e-05,0.003,complete,1.0666854450820573,1.041110841832549,0.9696044453969388
workload_a5192b3fb980397ec2a3c056,0.5,8,nearest,preload_all,6,6,0,1e-05,0.003,complete,0.9015733970890096,-0.48228384524748014,0.9948387435027168
workload_a52a059712b993cadd0457d3,1.0,16,ceiling,preload_all,6,5,1,3e-05,0.003,one_missing,1.0106636517993894,0.40769304381299415,0.9951462874122532
workload_a52a059712b993cadd0457d3,1.0,16,floor,preload_all,6,6,0,1e-05,0.003,complete,1.0085289294479154,0.9784178011353648,0.9977086334176231
workload_a52a059712b993cadd0457d3,1.0,16,nearest,preload_all,6,6,0,1e-05,0.003,complete,1.0142980997449424,0.7793332325947111,0.9899929392519334
workload_a55c46abd3329276a53a43d8,1.1,16,ceiling,preload_all,6,6,0,1e-05,0.003,complete,0.9206476972348877,0.06853526782928458,0.9930149281097574
workload_a55c46abd3329276a53a43d8,1.1,16,floor,preload_all,6,6,0,1e-05,0.003,complete,1.016299681703384,1.1483189177545,0.9945105445264186
workload_a55c46abd3329276a53a43d8,1.1,16,nearest,preload_all,6,6,0,1e-05,0.003,complete,0.9350341683427258,0.3577480772864843,0.9819047087934383
workload_a5f971dc5a08616a8c64b898,0.5,16,ceiling,preload_all,6,5,1,3e-05,0.003,one_missing,1.0113606776936868,-0.2538591109202123,0.9883984598693102
workload_a5f971dc5a08616a8c64b898,0.5,16,floor,preload_all,6,5,1,3e-05,0.003,one_missing,1.0981075378250282,1.0962929280627234,0.9846872269143156
workload_a5f971dc5a08616a8c64b898,0.5,16,nearest,preload_all,6,4,2,0.0001,0.003,two_or_more_missing,0.955912540193159,-0.22951295466814806,0.9824965429272673
workload_a6a119ae17ca5e17b51d885f,1.1,4,ceiling,preload_all,6,6,0,1e-05,0.003,complete,0.9332593528268999,-0.044465317953020965,0.9284462906258738
workload_a6a119ae17ca5e17b51d885f,1.1,4,floor,preload_all,6,6,0,1e-05,0.003,complete,0.9880243821024848,0.8442060028390777,0.9966033244454061
workload_a6a119ae17ca5e17b51d885f,1.1,4,nearest,preload_all,6,5,1,3e-05,0.003,one_missing,0.9359388998650344,0.29177161057574275,0.9896373593668327
workload_a6b7fe9455e6f80c7e18e5a0,0.95,16,ceiling,preload_all,6,5,1,3e-05,0.003,one_missing,1.0329716880860844,0.35398420304932443,0.981291143936389
workload_a6b7fe9455e6f80c7e18e5a0,0.95,16,floor,preload_all,6,5,1,3e-05,0.003,one_missing,1.0066771964051748,0.7718644946590337,0.9997808301264687
workload_a6b7fe9455e6f80c7e18e5a0,0.95,16,nearest,preload_all,6,5,1,3e-05,0.003,one_missing,1.0469810004622573,0.8403845508787501,0.9992759117443242
workload_a7081d1fb2725c27424b5dfa,1.0,16,ceiling,preload_all,6,6,0,1e-05,0.003,complete,0.9175767274048318,-0.3042504403050765,0.9635395008067764
workload_a7081d1fb2725c27424b5dfa,1.0,16,floor,preload_all,6,5,1,3e-05,0.003,one_missing,1.1015040824090419,1.4552094300442346,0.9989215698651063
workload_a7081d1fb2725c27424b5dfa,1.0,16,nearest,preload_all,6,6,0,1e-05,0.003,complete,1.0446740153321734,0.8200978892617292,0.9588449819339923
workload_a718529f14aa37304e329337,0.95,8,ceiling,preload_all,6,6,0,1e-05,0.003,complete,0.9331888200291089,-0.06939432474373587,0.990767573242377
workload_a718529f14aa37304e329337,0.95,8,floor,preload_all,6,6,0,1e-05,0.003,complete,0.9259503644079237,0.359935068393998,0.9942165721679694
workload_a718529f14aa37304e329337,0.95,8,nearest,preload_all,6,6,0,1e-05,0.003,complete,0.9345329252936619,0.2709967353135805,0.9900847863914175
workload_a75467ea0314b8cbd880fee0,1.0,4,ceiling,preload_all,6,5,1,3e-05,0.003,one_missing,1.1433082072624476,1.4268844665966007,0.9912406872950191
workload_a75467ea0314b8cbd880fee0,1.0,4,floor,preload_all,6,5,1,3e-05,0.003,one_missing,0.9938798201247065,0.7507121567477298,0.9451805911719421
workload_a75467ea0314b8cbd880fee0,1.0,4,nearest,preload_all,6,5,1,3e-05,0.003,one_missing,1.1023543798606337,1.3757039798164112,0.9869883422956554
workload_a8374e0de49bc2c0053d838c,0.5,8,ceiling,preload_all,6,6,0,1e-05,0.003,complete,0.7833446948836601,-2.145335247541939,0.8115033292720477
workload_a8374e0de49bc2c0053d838c,0.5,8,floor,preload_all,6,5,1,3e-05,0.003,one_missing,0.9557992675820653,0.13941809245523312,0.9972332958375394
workload_a8374e0de49bc2c0053d838c,0.5,8,nearest,preload_all,6,6,0,1e-05,0.003,complete,0.9768044378913886,-0.13854294019042349,0.9693939458734222
workload_a85173eec564c3fe15bff5b9,1.0,8,ceiling,preload_all,6,5,1,3e-05,0.003,one_missing,1.085204101904216,0.84298144602255,0.965305311861554
workload_a85173eec564c3fe15bff5b9,1.0,8,floor,preload_all,6,6,0,1e-05,0.003,complete,1.0200697739098235,0.9836012082562172,0.9996835053699172
workload_a85173eec564c3fe15bff5b9,1.0,8,nearest,preload_all,6,6,0,1e-05,0.003,complete,0.8861491790281324,-0.16517084891181924,0.9883933125109807
workload_a9431ad7c8e2838d41acf9d7,0.95,1,ceiling,preload_all,6,5,1,1e-05,0.003,one_missing,0.9031053228768801,-0.3178069536647611,0.9947929279326052
workload_a9431ad7c8e2838d41acf9d7,0.95,1,floor,preload_all,6,5,1,3e-05,0.003,one_missing,1.0666799819675625,1.224307110056108,0.9966975209745383
workload_a9431ad7c8e2838d41acf9d7,0.95,1,nearest,preload_all,6,5,1,3e-05,0.003,one_missing,0.9864571061756591,0.4061683611918131,0.9969016443583877
workload_a9619a6c9b059a5b63583e35,0.5,4,ceiling,preload_all,6,4,2,0.0001,0.003,two_or_more_missing,1.0529773447663997,-0.11384024522331168,0.9918984135461428
workload_a9619a6c9b059a5b63583e35,0.5,4,floor,preload_all,6,6,0,1e-05,0.003,complete,0.9388824090606818,0.12836821372945476,0.9951211502026601
workload_a9619a6c9b059a5b63583e35,0.5,4,nearest,preload_all,6,5,1,3e-05,0.003,one_missing,0.8769488381843079,-0.5239178397629398,0.9982137706157749
workload_a9889926dadfe7679bb2b279,0.8,4,ceiling,preload_all,6,5,1,3e-05,0.003,one_missing,0.8264984647086593,-0.8752924668486838,0.9954896418811908
workload_a9889926dadfe7679bb2b279,0.8,4,floor,preload_all,6,5,1,3e-05,0.003,one_missing,1.2362851737932594,2.430561478285824,0.9832524522598911
workload_a9889926dadfe7679bb2b279,0.8,4,nearest,preload_all,6,5,1,3e-05,0.003,one_missing,1.1611178815622718,1.6249475215203735,0.9877185749638797
workload_a9a39f431513ae7b6891c746,1.0,1,ceiling,preload_all,6,4,2,0.0001,0.003,two_or_more_missing,1.1290876626945674,1.1605461939705632,0.9837001504698426
workload_a9a39f431513ae7b6891c746,1.0,1,floor,preload_all,6,5,1,3e-05,0.003,one_missing,1.164332307239206,1.6307138492585889,0.9984046885900084
workload_a9a39f431513ae7b6891c746,1.0,1,nearest,preload_all,6,5,1,3e-05,0.003,one_missing,1.1023229960051806,1.1750841077510266,0.9915750850880742
workload_a9a4b63d85b10da1bb889411,1.1,8,ceiling,preload_all,6,6,0,1e-05,0.003,complete,0.7533061827136971,-1.2398635524695427,0.9782478845017055
workload_a9a4b63d85b10da1bb889411,1.1,8,floor,preload_all,6,6,0,1e-05,0.003,complete,0.9992847598059487,0.7708386417312525,0.9911714534793821
workload_a9a4b63d85b10da1bb889411,1.1,8,nearest,preload_all,6,6,0,1e-05,0.003,complete,0.9683339344057816,0.4293122416994051,0.9904397339629442
workload_a9bd9d1c844da7c6fde60d8e,0.95,1,ceiling,preload_all,6,5,1,3e-05,0.003,one_missing,1.0777097877865476,0.8462920612211019,0.9949555022764615
workload_a9bd9d1c844da7c6fde60d8e,0.95,1,floor,preload_all,6,4,2,0.0001,0.003,two_or_more_missing,1.0192393545779435,0.6786310515479721,0.999210993817074
workload_a9bd9d1c844da7c6fde60d8e,0.95,1,nearest,preload_all,6,4,2,0.0001,0.003,two_or_more_missing,1.2454733369508169,2.0452268097219566,0.944410639692984
workload_aac4133c11b8c7b86ab48133,1.25,4,ceiling,preload_all,6,5,1,3e-05,0.003,one_missing,1.0571103755810238,1.1154458807433238,0.9984174175496158
workload_aac4133c11b8c7b86ab48133,1.25,4,floor,preload_all,6,6,0,1e-05,0.003,complete,1.0101696741579251,1.089787467749641,0.9981164242834109
workload_aac4133c11b8c7b86ab48133,1.25,4,nearest,preload_all,6,6,0,1e-05,0.003,complete,0.9205043949844892,0.38799465474340245,0.9750737640255304
workload_aaf36d9575decd039c7ea194,0.95,1,ceiling,preload_all,6,5,1,3e-05,0.003,one_missing,1.096387368399113,0.6642825341684545,0.9847446870895605
workload_aaf36d9575decd039c7ea194,0.95,1,floor,preload_all,6,5,1,3e-05,0.003,one_missing,0.9632437370277241,0.3391495158172242,0.9817128713977128
workload_aaf36d9575decd039c7ea194,0.95,1,nearest,preload_all,6,4,2,0.0001,0.003,two_or_more_missing,0.9119894223733482,-0.12780377168982993,0.9959411664203266
workload_ab4acbf7d610b340b3a47a2e,0.8,16,ceiling,preload_all,6,6,0,1e-05,0.003,complete,0.9797097022083009,-0.07519898209723155,0.9713683650421698
workload_ab4acbf7d610b340b3a47a2e,0.8,16,floor,preload_all,6,6,0,1e-05,0.003,complete,0.8496115675996943,-0.27116724354080923,0.9846843872641056
workload_ab4acbf7d610b340b3a47a2e,0.8,16,nearest,preload_all,6,6,0,1e-05,0.003,complete,0.9034897324819892,-0.08478639424040843,0.9748974989941344
workload_ab69e13319f0a3b7b241aeb5,1.1,16,ceiling,preload_all,6,6,0,1e-05,0.003,complete,0.9391750926905111,0.06488034023579663,0.9994617772813231
workload_ab69e13319f0a3b7b241aeb5,1.1,16,floor,preload_all,6,6,0,1e-05,0.003,complete,1.0610608037289415,1.2635769502202079,0.9954028306141367
workload_ab69e13319f0a3b7b241aeb5,1.1,16,nearest,preload_all,6,5,1,3e-05,0.003,one_missing,1.2203568608817124,2.1633475061214464,0.9928548248814041
workload_abab837117e31dcd3ec9b7b8,1.1,1,ceiling,preload_all,6,6,0,1e-05,0.003,complete,0.9298614385381694,-0.003955120651354163,0.9957063546185034
workload_abab837117e31dcd3ec9b7b8,1.1,1,floor,preload_all,6,6,0,1e-05,0.003,complete,1.042251231405077,1.0607186778770714,0.9705081293709368
workload_abab837117e31dcd3ec9b7b8,1.1,1,nearest,preload_all,6,6,0,1e-05,0.003,complete,0.9283960449354492,0.2099537717605796,0.9998010526974325
workload_ac22049381aaf8b407b32895,0.5,4,ceiling,preload_all,6,5,1,3e-05,0.003,one_missing,0.9703531339334309,-0.43893289045209494,0.9808498235315172
workload_ac22049381aaf8b407b32895,0.5,4,floor,preload_all,6,6,0,1e-05,0.003,complete,0.875025826649339,-0.22528042761176922,0.9859972734844549
workload_ac22049381aaf8b407b32895,0.5,4,nearest,preload_all,6,6,0,1e-05,0.003,complete,0.8071604819796788,-1.040276037147053,0.9899882171934296
workload_ac43736883d9f84f038cfdb4,1.1,8,ceiling,preload_all,6,6,0,1e-05,0.003,complete,0.8582315769896867,-0.4761156316527905,0.9883309911106939
workload_ac43736883d9f84f038cfdb4,1.1,8,floor,preload_all,6,6,0,1e-05,0.003,complete,0.835752035096117,-0.1902359314761287,0.9950096714584963
workload_ac43736883d9f84f038cfdb4,1.1,8,nearest,preload_all,6,6,0,1e-05,0.003,complete,0.84853633657891,-0.43643028650865223,0.9854252679053166
workload_ac4576b22095329675c24608,0.5,16,ceiling,preload_all,6,5,1,3e-05,0.003,one_missing,1.0110623845673905,-0.27395468945513496,0.995167143121988
workload_ac4576b22095329675c24608,0.5,16,floor,preload_all,6,6,0,1e-05,0.003,complete,0.847081951060897,-0.4132027422141793,0.9989644985769701
workload_ac4576b22095329675c24608,0.5,16,nearest,preload_all,6,6,0,1e-05,0.003,complete,0.912894906876416,-0.25708341683973385,0.9992473060634053
workload_ac61ce7d159a1cbc47130ca9,0.8,8,ceiling,preload_all,6,6,0,1e-05,0.003,complete,0.8478351094503477,-0.8749463789035303,0.9655370702993491
workload_ac61ce7d159a1cbc47130ca9,0.8,8,floor,preload_all,6,6,0,1e-05,0.003,complete,0.9133770446406221,-0.04342395739677468,0.9715415716024846
workload_ac61ce7d159a1cbc47130ca9,0.8,8,nearest,preload_all,6,5,1,3e-05,0.003,one_missing,0.9211567442862038,-0.06642428656370969,0.9842996411605192
workload_ac643e268dd804726e844d27,0.5,16,ceiling,preload_all,6,5,1,3e-05,0.003,one_missing,0.9765052889029913,-0.223700982899382,0.9641363640197497
workload_ac643e268dd804726e844d27,0.5,16,floor,preload_all,6,6,0,1e-05,0.003,complete,0.9214942152586504,0.17099464129058192,0.9746404232432261
workload_ac643e268dd804726e844d27,0.5,16,nearest,preload_all,6,5,1,3e-05,0.003,one_missing,0.9775694432719388,0.2327655631649405,0.9863963873478183
workload_acc4a5447cc004d0def33551,0.5,4,ceiling,preload_all,6,5,1,3e-05,0.003,one_missing,1.0262157586130145,-0.1370817761627227,0.9974767474311033
workload_acc4a5447cc004d0def33551,0.5,4,floor,preload_all,6,6,0,1e-05,0.003,complete,0.8952222516283703,-0.2669269770350633,0.9721721446750272
workload_acc4a5447cc004d0def33551,0.5,4,nearest,preload_all,6,5,1,3e-05,0.003,one_missing,0.8676859574725072,-0.7666340246807863,0.9623693584692086
workload_ad3ac617bf3b39efeffbb903,1.25,4,ceiling,preload_all,6,6,0,1e-05,0.003,complete,0.9096413996288439,-0.3554637305134286,0.8804977124024144
workload_ad3ac617bf3b39efeffbb903,1.25,4,floor,preload_all,6,6,0,1e-05,0.003,complete,1.031438468785941,1.0575457730540143,0.9939360359692396
workload_ad3ac617bf3b39efeffbb903,1.25,4,nearest,preload_all,6,5,1,3e-05,0.003,one_missing,1.1459709430706504,1.7465254302813873,0.9684882273761556
workload_ad42d6d4b7d0bd8629a76df5,1.0,16,ceiling,preload_all,6,5,1,3e-05,0.003,one_missing,0.9695218208000919,0.23339804528426877,0.993949424086445
workload_ad42d6d4b7d0bd8629a76df5,1.0,16,floor,preload_all,6,6,0,1e-05,0.003,complete,1.0268212797187393,1.2129938781522456,0.9953035127527865
workload_ad42d6d4b7d0bd8629a76df5,1.0,16,nearest,preload_all,6,6,0,1e-05,0.003,complete,1.0124888116499224,0.897001960766568,0.9991848033642897
workload_ad5f3a64b8784211a79893ee,1.1,8,ceiling,preload_all,6,5,1,3e-05,0.003,one_missing,0.8223883350777264,-0.6560634258188192,0.9921084627892796
workload_ad5f3a64b8784211a79893ee,1.1,8,floor,preload_all,6,6,0,1e-05,0.003,complete,0.9142187575713594,0.3713550267702027,0.994853795489251
workload_ad5f3a64b8784211a79893ee,1.1,8,nearest,preload_all,6,6,0,1e-05,0.003,complete,0.8559474669303344,-0.23305012253288593,0.9909870672358785
workload_ad81ba1e3d4a7dce1562acfa,1.1,16,ceiling,preload_all,6,5,1,3e-05,0.003,one_missing,0.8584045285286788,-0.3993317148858108,0.9973651312394687
workload_ad81ba1e3d4a7dce1562acfa,1.1,16,floor,preload_all,6,6,0,1e-05,0.003,complete,0.9430931753556039,0.5972400130593087,0.9722242579284435
workload_ad81ba1e3d4a7dce1562acfa,1.1,16,nearest,preload_all,6,6,0,1e-05,0.003,complete,0.956005565427163,0.41339998012733997,0.9936091883976961
workload_ae0a2d0c6cabf53cd639d9f1,1.0,16,ceiling,preload_all,6,6,0,1e-05,0.003,complete,0.8276458793316389,-0.9006141801149286,0.9311788506941072
workload_ae0a2d0c6cabf53cd639d9f1,1.0,16,floor,preload_all,6,6,0,1e-05,0.003,complete,0.9182164667963011,0.33252683357280255,0.966565524971563
workload_ae0a2d0c6cabf53cd639d9f1,1.0,16,nearest,preload_all,6,6,0,1e-05,0.003,complete,0.9854759030206867,0.6197780405413759,0.9943060822688545
workload_aea446c3f9a667387b32149f,1.25,8,ceiling,preload_all,6,6,0,1e-05,0.003,complete,1.062585952915922,0.8888380840557437,0.9499528272744145
workload_aea446c3f9a667387b32149f,1.25,8,floor,preload_all,6,6,0,1e-05,0.003,complete,0.9514743207743,0.520928227406953,0.9752642913324984
workload_aea446c3f9a667387b32149f,1.25,8,nearest,preload_all,6,6,0,1e-05,0.003,complete,0.9940236621933266,0.6747661057239672,0.9960342213364763
workload_afc7f4f9b3e14645005c9933,0.95,1,ceiling,preload_all,6,4,2,0.0001,0.003,two_or_more_missing,1.4149341315951631,2.7275797580839445,0.9853410154161408
workload_afc7f4f9b3e14645005c9933,0.95,1,floor,preload_all,6,5,1,3e-05,0.003,one_missing,1.0422355806756234,0.8797786857764162,0.9929477223415416
workload_afc7f4f9b3e14645005c9933,0.95,1,nearest,preload_all,6,6,0,1e-05,0.003,complete,0.9540292722010784,-0.07169107795712538,0.9724068127206801
workload_b0c123c559b6160dbe97f60e,0.95,1,ceiling,preload_all,6,5,1,3e-05,0.003,one_missing,1.0632168273065339,0.6469003876956845,0.9942928655909905
workload_b0c123c559b6160dbe97f60e,0.95,1,floor,preload_all,6,5,1,3e-05,0.003,one_missing,0.9754300651089028,0.5773051336631493,0.9840611808539612
workload_b0c123c559b6160dbe97f60e,0.95,1,nearest,preload_all,6,5,1,3e-05,0.003,one_missing,1.051733345973397,0.854094814557664,0.9654879378451153
workload_b0e3eacc68deac38033f8650,1.0,4,ceiling,preload_all,6,6,0,1e-05,0.003,complete,0.886551940106731,-0.34160485200399976,0.992268312425491
workload_b0e3eacc68deac38033f8650,1.0,4,floor,preload_all,6,6,0,1e-05,0.003,complete,0.9292788068352075,0.33135052063747167,0.9875777639330029
workload_b0e3eacc68deac38033f8650,1.0,4,nearest,preload_all,6,6,0,1e-05,0.003,complete,0.9996390916154003,0.5667993518958538,0.9952999642218952
workload_b13d8420cf885db527bce4be,0.95,16,ceiling,preload_all,6,5,1,3e-05,0.003,one_missing,0.8434098315004237,-0.7805337756107457,0.9904560526120099
workload_b13d8420cf885db527bce4be,0.95,16,floor,preload_all,6,6,0,1e-05,0.003,complete,0.860977371683374,-0.1591438246903778,0.9819445989110077
workload_b13d8420cf885db527bce4be,0.95,16,nearest,preload_all,6,6,0,1e-05,0.003,complete,0.9651469833003149,0.44308985545097257,0.9972726679438321
workload_b15a628b5ed0026589d0acf3,0.5,16,ceiling,preload_all,6,6,0,1e-05,0.003,complete,0.832119566152856,-1.4686475101995968,0.9869591934887731
workload_b15a628b5ed0026589d0acf3,0.5,16,floor,preload_all,6,6,0,1e-05,0.003,complete,0.882300485289423,-0.13379427186543832,0.9965389509441026
workload_b15a628b5ed0026589d0acf3,0.5,16,nearest,preload_all,6,6,0,1e-05,0.003,complete,0.9010875097547109,-0.3328864941171892,0.9904930756985229
workload_b162d0fce671f98c3548cc1f,0.8,1,ceiling,preload_all,6,4,2,0.0001,0.003,two_or_more_missing,1.0099821806730935,0.042917142871041876,0.9968958897982672
workload_b162d0fce671f98c3548cc1f,0.8,1,floor,preload_all,6,6,0,1e-05,0.003,complete,0.9583325498612782,0.2593920030618877,0.9938484572183814
workload_b162d0fce671f98c3548cc1f,0.8,1,nearest,preload_all,6,5,1,3e-05,0.003,one_missing,1.1334086380057622,1.1718677306271925,0.9956980577394062
workload_b179351082c6778fdfebab7f,1.25,1,ceiling,preload_all,6,5,1,3e-05,0.003,one_missing,1.1029773677692036,1.303699019665651,0.97961952427939
workload_b179351082c6778fdfebab7f,1.25,1,floor,preload_all,6,6,0,1e-05,0.003,complete,0.8841888290346399,0.06489541019053262,0.9876180781331486
workload_b179351082c6778fdfebab7f,1.25,1,nearest,preload_all,6,6,0,1e-05,0.003,complete,0.9790595881886943,0.6705363373115263,0.994768893273235
workload_b26307132b00f82117d3217c,0.5,16,ceiling,preload_all,6,6,0,1e-05,0.003,complete,0.8767805021526877,-1.1537941047181581,0.9731461815563571
workload_b26307132b00f82117d3217c,0.5,16,floor,preload_all,6,5,1,3e-05,0.003,one_missing,0.9214685101140682,0.050832960455895373,0.9960778857013085
workload_b26307132b00f82117d3217c,0.5,16,nearest,preload_all,6,6,0,1e-05,0.003,complete,0.910135410110645,-0.37334084158972114,0.9960744026660755
workload_b2a5cd0bcd4e60470f9effdd,0.8,8,ceiling,preload_all,6,6,0,1e-05,0.003,complete,0.9697294032165056,-0.1386175830000515,0.9720132539812696
workload_b2a5cd0bcd4e60470f9effdd,0.8,8,floor,preload_all,6,6,0,1e-05,0.003,complete,0.9531603447383874,0.40262156042214636,0.991596181484754
workload_b2a5cd0bcd4e60470f9effdd,0.8,8,nearest,preload_all,6,5,1,3e-05,0.003,one_missing,1.180869368405146,1.7653378192417724,0.9891392801608003
workload_b2f31aada606ee62766589f4,1.1,16,ceiling,preload_all,6,5,1,3e-05,0.003,one_missing,1.1502370448802548,1.6029382586673,0.9752056242063488
workload_b2f31aada606ee62766589f4,1.1,16,floor,preload_all,6,6,0,1e-05,0.003,complete,1.1366732914265032,1.8545291296143012,0.9712753283456831
workload_b2f31aada606ee62766589f4,1.1,16,nearest,preload_all,6,6,0,1e-05,0.003,complete,0.9818528140929368,0.7046987604490517,0.9911677854731715
workload_b3550c749f97ba727fa17216,1.0,8,ceiling,preload_all,6,5,1,3e-05,0.003,one_missing,1.124467175633244,1.1090300921909788,0.9935224437479371
workload_b3550c749f97ba727fa17216,1.0,8,floor,preload_all,6,4,2,0.0001,0.003,two_or_more_missing,1.048997611932326,1.0210946515832329,0.9957951228199465
workload_b3550c749f97ba727fa17216,1.0,8,nearest,preload_all,6,5,1,3e-05,0.003,one_missing,1.0519178815871135,0.8003323274203393,0.9987956929682644
workload_b35b6d2059dae824b2431e8b,0.8,1,ceiling,preload_all,6,6,0,1e-05,0.003,complete,0.8337200179807299,-1.1395104743347333,0.9863417275475237
workload_b35b6d2059dae824b2431e8b,0.8,1,floor,preload_all,6,6,0,1e-05,0.003,complete,0.84474046915575,-0.5010276237824268,0.9810221303586326
workload_b35b6d2059dae824b2431e8b,0.8,1,nearest,preload_all,6,6,0,1e-05,0.003,complete,0.8825692436004688,-0.38885913719579046,0.978666780684424
workload_b365524deaaa10d4c727d2f6,0.95,4,ceiling,preload_all,6,6,0,1e-05,0.003,complete,0.889589621740362,-0.3082350772668704,0.9949626435529588
workload_b365524deaaa10d4c727d2f6,0.95,4,floor,preload_all,6,6,0,1e-05,0.003,complete,0.9816949989656406,0.803221843498282,0.993502733278743
workload_b365524deaaa10d4c727d2f6,0.95,4,nearest,preload_all,6,5,1,3e-05,0.003,one_missing,1.0245171309049843,0.8392350931515667,0.9919822780252311
workload_b569709ad0254234d8bb6c0a,0.5,1,ceiling,preload_all,6,4,2,0.0001,0.003,two_or_more_missing,1.1497663242624268,0.31669853421942384,0.954838018628773
workload_b569709ad0254234d8bb6c0a,0.5,1,floor,preload_all,6,6,0,1e-05,0.003,complete,0.8183501925482439,-0.963003439861006,0.9594991657615558
workload_b569709ad0254234d8bb6c0a,0.5,1,nearest,preload_all,6,6,0,1e-05,0.003,complete,0.7281066498163477,-1.9337614505977345,0.9598749712892198
workload_b6135164d6115f338dfd170d,0.95,1,ceiling,preload_all,6,5,1,3e-05,0.003,one_missing,0.9289567351100926,-0.25575114992374753,0.9977933102883185
workload_b6135164d6115f338dfd170d,0.95,1,floor,preload_all,6,6,0,1e-05,0.003,complete,0.967064472651491,0.4235317517787861,0.9954862919725559
workload_b6135164d6115f338dfd170d,0.95,1,nearest,preload_all,6,5,1,3e-05,0.003,one_missing,0.9848857759480517,0.3616313351163384,0.9987563698271463
workload_b61ecfd051afdba4ff2c6f77,1.25,1,ceiling,preload_all,6,4,2,0.0001,0.003,two_or_more_missing,1.2621962663889166,2.0603778845486738,0.9801636682755649
workload_b61ecfd051afdba4ff2c6f77,1.25,1,floor,preload_all,6,6,0,1e-05,0.003,complete,1.0281503223233823,0.7489938022135306,0.9670167176692531
workload_b61ecfd051afdba4ff2c6f77,1.25,1,nearest,preload_all,6,5,1,3e-05,0.003,one_missing,1.1744903392592452,1.653390423448541,0.9952072652319549
workload_b64b87260f8789eb3470a7ca,1.0,8,ceiling,preload_all,6,6,0,1e-05,0.003,complete,0.86721811230228,-0.661412654093356,0.9603498199233911
workload_b64b87260f8789eb3470a7ca,1.0,8,floor,preload_all,6,6,0,1e-05,0.003,complete,1.046058128446955,1.245335069146837,0.999595778705529
workload_b64b87260f8789eb3470a7ca,1.0,8,nearest,preload_all,6,6,0,1e-05,0.003,complete,1.0208683604097466,0.6135574956832431,0.9014753982073631
workload_b7670651cdd42122e5357471,1.25,1,ceiling,preload_all,6,6,0,1e-05,0.003,complete,0.912948516587149,-0.508333117239391,0.9226873212690921
workload_b7670651cdd42122e5357471,1.25,1,floor,preload_all,6,6,0,1e-05,0.003,complete,0.9922669795015416,0.37681417710308734,0.9701569012578328
workload_b7670651cdd42122e5357471,1.25,1,nearest,preload_all,6,6,0,1e-05,0.003,complete,1.0015116455495183,0.4128724925001146,0.9655140988939306
workload_b78793c88ccab1ab733bb754,0.5,16,ceiling,preload_all,6,6,0,1e-05,0.003,complete,0.8719653597804156,-1.2366681349483826,0.969716786798961
workload_b78793c88ccab1ab733bb754,0.5,16,floor,preload_all,6,5,1,3e-05,0.003,one_missing,1.1577381392618673,1.6350144126045891,0.9774744127091509
workload_b78793c88ccab1ab733bb754,0.5,16,nearest,preload_all,6,5,1,3e-05,0.003,one_missing,1.0809838394287954,0.6419260365620653,0.9917465327963881
workload_b8033a16b48e5732b8b199cf,1.0,16,ceiling,preload_all,6,5,1,3e-05,0.003,one_missing,0.9874497529596067,0.3500638749328114,0.9909021204940829
workload_b8033a16b48e5732b8b199cf,1.0,16,floor,preload_all,6,6,0,1e-05,0.003,complete,0.7985899859504757,-0.5517514244675318,0.9799735061488761
workload_b8033a16b48e5732b8b199cf,1.0,16,nearest,preload_all,6,6,0,1e-05,0.003,complete,0.9625299788373158,0.43373340650910674,0.9969387958109189
workload_b81511de5c913a9857f29250,1.0,8,ceiling,preload_all,6,5,1,3e-05,0.003,one_missing,0.9386632472088189,0.009373192200494328,0.9967175893884043
workload_b81511de5c913a9857f29250,1.0,8,floor,preload_all,6,6,0,1e-05,0.003,complete,0.9435712799749205,0.45049996466806397,0.9672680062656719
workload_b81511de5c913a9857f29250,1.0,8,nearest,preload_all,6,6,0,1e-05,0.003,complete,1.0031447252125594,0.6777276046667301,0.991875766198151
workload_b86cb28c05884b70046a8469,0.8,4,ceiling,preload_all,6,5,1,3e-05,0.003,one_missing,1.1628139842998915,1.3305032258129448,0.9874519757230826
workload_b86cb28c05884b70046a8469,0.8,4,floor,preload_all,6,4,2,0.0001,0.003,two_or_more_missing,1.1334113727716084,1.614358455332387,0.9923183949135536
workload_b86cb28c05884b70046a8469,0.8,4,nearest,preload_all,6,4,2,0.0001,0.003,two_or_more_missing,1.2514592479087951,2.1870789794468375,0.968333331973481
workload_b89c27c6a80d52b3b30aa744,1.25,16,ceiling,preload_all,6,6,0,1e-05,0.003,complete,0.8277311300418112,-0.518154477373344,0.9912988962086245
workload_b89c27c6a80d52b3b30aa744,1.25,16,floor,preload_all,6,5,1,3e-05,0.003,one_missing,1.024769951646806,1.2504857038449118,0.991906254602898
workload_b89c27c6a80d52b3b30aa744,1.25,16,nearest,preload_all,6,5,1,3e-05,0.003,one_missing,1.1896769121311952,2.166211988731603,0.9684081600011716
workload_b8ba25ccae475a860c881f50,0.8,8,ceiling,preload_all,6,5,1,3e-05,0.003,one_missing,0.9051921230425105,-0.34832916292082655,0.9646031456839518
workload_b8ba25ccae475a860c881f50,0.8,8,floor,preload_all,6,6,0,1e-05,0.003,complete,0.8323031306591671,-0.26884981374104316,0.9904066256008345
workload_b8ba25ccae475a860c881f50,0.8,8,nearest,preload_all,6,6,0,1e-05,0.003,complete,0.8408770822429433,-0.47542685561641773,0.9985570860034942
workload_b95ace8af4fa344aeceda456,0.95,1,ceiling,preload_all,6,5,1,3e-05,0.003,one_missing,1.054719572084882,0.37473615201130184,0.9985953046209546
workload_b95ace8af4fa344aeceda456,0.95,1,floor,preload_all,6,6,0,1e-05,0.003,complete,0.914523531805883,-0.2557255232594739,0.9038967680147623
workload_b95ace8af4fa344aeceda456,0.95,1,nearest,preload_all,6,6,0,1e-05,0.003,complete,0.9775654348089272,0.1535202787865804,0.9692453776278194
workload_b9954971d95a4e03a45a0b8a,0.8,1,ceiling,preload_all,6,4,2,0.0001,0.003,two_or_more_missing,1.2215167225457444,1.5248328894005165,0.9924554615467442
workload_b9954971d95a4e03a45a0b8a,0.8,1,floor,preload_all,6,5,1,3e-05,0.003,one_missing,1.13162514002091,1.4039776159421666,0.9941103509320312
workload_b9954971d95a4e03a45a0b8a,0.8,1,nearest,preload_all,6,5,1,3e-05,0.003,one_missing,1.003102044804915,0.2431686728626335,0.9749301292925997
workload_b9a4d41beac5e180cbc4ba70,0.5,1,ceiling,preload_all,6,5,1,3e-05,0.003,one_missing,0.8669824092511319,-1.259235212854517,0.9698118790184745
workload_b9a4d41beac5e180cbc4ba70,0.5,1,floor,preload_all,6,5,1,3e-05,0.003,one_missing,1.0576191726092072,0.8444265319990378,0.9042334740241567
workload_b9a4d41beac5e180cbc4ba70,0.5,1,nearest,preload_all,6,4,2,0.0001,0.003,two_or_more_missing,1.060883684543965,0.6063824615521125,0.9963362761639022
workload_ba0c2abeccf10512a5f5ffb4,0.8,16,ceiling,preload_all,6,5,1,3e-05,0.003,one_missing,1.0946914570171762,0.7284028472115649,0.9898047273170878
workload_ba0c2abeccf10512a5f5ffb4,0.8,16,floor,preload_all,6,5,1,3e-05,0.003,one_missing,1.0981335600978568,1.4944715988465558,0.993996027737822
workload_ba0c2abeccf10512a5f5ffb4,0.8,16,nearest,preload_all,6,5,1,3e-05,0.003,one_missing,1.0745014709772007,1.085988365121236,0.9985308584987042
workload_ba1e2f9df7c44a6954136bac,1.1,16,ceiling,preload_all,6,5,1,3e-05,0.003,one_missing,0.8643924251845799,-0.4383148589689803,0.9789901090826606
workload_ba1e2f9df7c44a6954136bac,1.1,16,floor,preload_all,6,5,1,3e-05,0.003,one_missing,0.963390979905313,0.7590286181234887,0.9977039134487787
workload_ba1e2f9df7c44a6954136bac,1.1,16,nearest,preload_all,6,6,0,1e-05,0.003,complete,1.0234267140970563,0.8485940773154442,0.9950116241498729
workload_bad5f8df88ceb8c999a1e975,0.5,4,ceiling,preload_all,6,5,1,3e-05,0.003,one_missing,0.9913980281123593,-0.3909179966206073,0.9942934212699449
workload_bad5f8df88ceb8c999a1e975,0.5,4,floor,preload_all,6,4,2,0.0001,0.003,two_or_more_missing,1.077386755143804,0.9813100622283865,0.9978851783395261
workload_bad5f8df88ceb8c999a1e975,0.5,4,nearest,preload_all,6,6,0,1e-05,0.003,complete,0.9104275864621507,-0.5146019423993154,0.9955019789287631
workload_bb41d3328013455acb99f125,1.25,8,ceiling,preload_all,6,5,1,3e-05,0.003,one_missing,1.0684225619910586,0.9475948664194939,0.9814555764161643
workload_bb41d3328013455acb99f125,1.25,8,floor,preload_all,6,6,0,1e-05,0.003,complete,1.0343642081227065,1.154487799623443,0.9869511272953616
workload_bb41d3328013455acb99f125,1.25,8,nearest,preload_all,6,6,0,1e-05,0.003,complete,0.8973798981843413,-0.06780101307818678,0.9804350850566719
workload_bb80d15fd5e74f4e000a7de8,1.0,16,ceiling,preload_all,6,5,1,1e-05,0.003,one_missing,0.9723708584948663,0.21649517785363104,0.9910571294034451
workload_bb80d15fd5e74f4e000a7de8,1.0,16,floor,preload_all,6,6,0,1e-05,0.003,complete,0.8545137293121611,-0.025310234359799167,0.9869603594253968
workload_bb80d15fd5e74f4e000a7de8,1.0,16,nearest,preload_all,6,6,0,1e-05,0.003,complete,0.8696782886565182,-0.1943298090066592,0.9944319889980582
workload_bb83bb3bbf4376f16561ed1f,0.95,16,ceiling,preload_all,6,5,1,3e-05,0.003,one_missing,1.0018912365388408,0.3434810311710203,0.9994757362841264
workload_bb83bb3bbf4376f16561ed1f,0.95,16,floor,preload_all,6,6,0,1e-05,0.003,complete,1.0488532215281052,1.086374646642204,0.9951137604982694
workload_bb83bb3bbf4376f16561ed1f,0.95,16,nearest,preload_all,6,6,0,1e-05,0.003,complete,1.0745096098090183,1.0797314282247332,0.972089963933455
workload_bc16a7208ef30379c2e46101,1.0,4,ceiling,preload_all,6,6,0,1e-05,0.003,complete,0.8304836138671517,-0.6203544717761106,0.9960078701683563
workload_bc16a7208ef30379c2e46101,1.0,4,floor,preload_all,6,5,1,3e-05,0.003,one_missing,0.9364040059513898,0.41954747524501046,0.9839160046295236
workload_bc16a7208ef30379c2e46101,1.0,4,nearest,preload_all,6,6,0,1e-05,0.003,complete,1.0793987806111585,1.1431089747050134,0.9687220432469652
workload_bc968189fe230f6ed08f4503,0.8,4,ceiling,preload_all,6,5,1,3e-05,0.003,one_missing,0.9825008919288656,-0.03135749429884651,0.9901506764770353
workload_bc968189fe230f6ed08f4503,0.8,4,floor,preload_all,6,6,0,1e-05,0.003,complete,0.9316876147808658,0.2781257892157134,0.9820773415051487
workload_bc968189fe230f6ed08f4503,0.8,4,nearest,preload_all,6,6,0,1e-05,0.003,complete,0.9037285250022502,-0.14007487286123327,0.9841737534636563
workload_bc9f291220b713a28aafdea2,1.25,1,ceiling,preload_all,6,6,0,1e-05,0.003,complete,0.7913152707714427,-1.0203840176830763,0.9799467627830984
workload_bc9f291220b713a28aafdea2,1.25,1,floor,preload_all,6,6,0,1e-05,0.003,complete,0.8326364719717876,-0.43363231488655957,0.987427130758296
workload_bc9f291220b713a28aafdea2,1.25,1,nearest,preload_all,6,6,0,1e-05,0.003,complete,0.7790630631078943,-0.8421566277457437,0.9964896501914339
workload_bcc94cd33ee6c8b3f12c9d08,1.1,1,ceiling,preload_all,6,4,2,0.0001,0.003,two_or_more_missing,1.0021286160656122,0.30055248667794304,0.999200238514579
workload_bcc94cd33ee6c8b3f12c9d08,1.1,1,floor,preload_all,6,6,0,1e-05,0.003,complete,1.0340165244752437,0.8788499120957148,0.9716630773628138
workload_bcc94cd33ee6c8b3f12c9d08,1.1,1,nearest,preload_all,6,5,1,1e-05,0.003,one_missing,0.943365343483765,0.06433364324965132,0.9790063218795382
workload_bdbdd92db10635e14e0059c8,0.5,4,ceiling,preload_all,6,5,1,3e-05,0.003,one_missing,1.0324432383582147,-0.12739699518727693,0.9765641384690231
workload_bdbdd92db10635e14e0059c8,0.5,4,floor,preload_all,6,6,0,1e-05,0.003,complete,1.0463686624627704,0.7204205022222622,0.9734013111974686
workload_bdbdd92db10635e14e0059c8,0.5,4,nearest,preload_all,6,5,1,3e-05,0.003,one_missing,1.1429931028053855,1.0577595068869687,0.9973435130968429
workload_bdd3ae1e6a0b46b015e818c3,1.0,1,ceiling,preload_all,6,4,2,0.0001,0.003,two_or_more_missing,1.2772862821966542,2.123507013448388,0.9840380946400881
workload_bdd3ae1e6a0b46b015e818c3,1.0,1,floor,preload_all,6,4,2,0.0001,0.003,two_or_more_missing,1.0496867284210456,0.9595869051716535,0.9915074084889114
workload_bdd3ae1e6a0b46b015e818c3,1.0,1,nearest,preload_all,6,5,1,3e-05,0.003,one_missing,1.1651168394447984,1.5778776153863907,0.9869413864623154
workload_bf35fdda8c0d6a02ea755bd7,1.0,4,ceiling,preload_all,6,5,1,3e-05,0.003,one_missing,1.0842555673246368,0.8501004927767151,0.963128311947245
workload_bf35fdda8c0d6a02ea755bd7,1.0,4,floor,preload_all,6,4,2,0.0001,0.003,two_or_more_missing,0.9707711740254467,0.6708351421323282,0.998808563202231
workload_bf35fdda8c0d6a02ea755bd7,1.0,4,nearest,preload_all,6,5,1,3e-05,0.003,one_missing,1.2268773864667892,2.1723834085859153,0.9973262562822444
workload_bf4a8ed669dbce07b8588d7d,0.8,1,ceiling,preload_all,6,4,2,0.0001,0.003,two_or_more_missing,1.1595165914076184,1.280707138116118,0.9960844220843065
workload_bf4a8ed669dbce07b8588d7d,0.8,1,floor,preload_all,6,6,0,1e-05,0.003,complete,1.0341035144747412,0.708528187365422,0.9658218538899737
workload_bf4a8ed669dbce07b8588d7d,0.8,1,nearest,preload_all,6,6,0,1e-05,0.003,complete,0.9720156242439035,0.19226616064560922,0.9724140920161838
workload_bffcdd0c5c39d5bb3d3ab2e9,0.5,16,ceiling,preload_all,6,6,0,1e-05,0.003,complete,0.7515008078491583,-1.8740630081763683,0.968089063006122
workload_bffcdd0c5c39d5bb3d3ab2e9,0.5,16,floor,preload_all,6,6,0,1e-05,0.003,complete,0.950432101814204,0.09438553942173682,0.9976068974888774
workload_bffcdd0c5c39d5bb3d3ab2e9,0.5,16,nearest,preload_all,6,6,0,1e-05,0.003,complete,0.7563059127422351,-1.4927432081107244,0.9928423049416122
workload_c02e98ec5f48b393b14f14aa,1.1,16,ceiling,preload_all,6,5,1,3e-05,0.003,one_missing,0.9113277370911885,-0.2155807149674395,0.9728390361864389
workload_c02e98ec5f48b393b14f14aa,1.1,16,floor,preload_all,6,6,0,1e-05,0.003,complete,1.0242997600151706,0.8859793999840929,0.9900094509391976
workload_c02e98ec5f48b393b14f14aa,1.1,16,nearest,preload_all,6,6,0,1e-05,0.003,complete,0.9250533845849616,0.1307081265390716,0.9734112748107204
workload_c096b60a5587595d9fce9066,0.8,4,ceiling,preload_all,6,4,2,0.0001,0.003,two_or_more_missing,0.9802547202261034,-0.03826080817622809,0.9943519158928378
workload_c096b60a5587595d9fce9066,0.8,4,floor,preload_all,6,6,0,1e-05,0.003,complete,1.0178614792988552,0.8493562768256864,0.9935063490619086
workload_c096b60a5587595d9fce9066,0.8,4,nearest,preload_all,6,5,1,3e-05,0.003,one_missing,0.9570996873508495,0.1452492770207943,0.9890934028887017
workload_c134336a389999ac5ba38dac,0.8,4,ceiling,preload_all,6,6,0,1e-05,0.003,complete,0.779198302134387,-1.5098436589629705,0.9523494437772567
workload_c134336a389999ac5ba38dac,0.8,4,floor,preload_all,6,6,0,1e-05,0.003,complete,1.0035008741628857,0.6825665375066828,0.9935117337034789
workload_c134336a389999ac5ba38dac,0.8,4,nearest,preload_all,6,6,0,1e-05,0.003,complete,0.7371358458155598,-1.5112225928076863,0.9362128051387194
workload_c139295ea985a8e9a83099ce,1.0,8,ceiling,preload_all,6,6,0,1e-05,0.003,complete,0.9671928022735193,0.18928822727890715,0.922857179162743
workload_c139295ea985a8e9a83099ce,1.0,8,floor,preload_all,6,6,0,1e-05,0.003,complete,1.0698684829065284,1.301664454038536,0.9692716995529183
workload_c139295ea985a8e9a83099ce,1.0,8,nearest,preload_all,6,6,0,1e-05,0.003,complete,0.9909192334252686,0.6108853433938182,0.9985237822366502
workload_c159984f1031d99789dcd29d,0.8,1,ceiling,preload_all,6,4,2,0.0001,0.003,two_or_more_missing,0.9042410837047852,-0.8714657626501902,0.9637673152899607
workload_c159984f1031d99789dcd29d,0.8,1,floor,preload_all,6,5,1,3e-05,0.003,one_missing,1.1466751086259979,1.414715777127862,0.9983488155804031
workload_c159984f1031d99789dcd29d,0.8,1,nearest,preload_all,6,5,1,3e-05,0.003,one_missing,1.0698010263035285,0.7159069032018148,0.9963239359466963
workload_c1b77a71b3c47b6c3ac9eefe,1.0,4,ceiling,preload_all,6,5,1,1e-05,0.003,one_missing,0.9000714026604498,-0.4841086831917972,0.9889665321418301
workload_c1b77a71b3c47b6c3ac9eefe,1.0,4,floor,preload_all,6,5,1,3e-05,0.003,one_missing,1.0144952044844742,0.9070323770821535,0.9983376589181778
workload_c1b77a71b3c47b6c3ac9eefe,1.0,4,nearest,preload_all,6,5,1,3e-05,0.003,one_missing,1.0657868621472835,1.046740423026291,0.9981036807543375
workload_c1d801bc2b2f76d14d0163e6,1.25,8,ceiling,preload_all,6,5,1,3e-05,0.003,one_missing,1.0544517558247337,1.132556929840736,0.9942243239805303
workload_c1d801bc2b2f76d14d0163e6,1.25,8,floor,preload_all,6,6,0,1e-05,0.003,complete,0.9201091555105718,0.5398014052756527,0.9947198753130921
workload_c1d801bc2b2f76d14d0163e6,1.25,8,nearest,preload_all,6,6,0,1e-05,0.003,complete,0.7867325471488772,-0.6163572386265751,0.9908709347918803
workload_c2602fd28869bb6904235460,0.5,4,ceiling,preload_all,6,4,2,0.0001,0.003,two_or_more_missing,0.9174774160895819,-0.8893462739062404,0.9915532211623621
workload_c2602fd28869bb6904235460,0.5,4,floor,preload_all,6,4,2,0.0001,0.003,two_or_more_missing,1.1347570463590348,1.3345380197966175,0.9964325986272011
workload_c2602fd28869bb6904235460,0.5,4,nearest,preload_all,6,4,2,0.0001,0.003,two_or_more_missing,0.9581810544264627,-0.0629362014199883,0.9979909942695115
workload_c2802ef85c6e32b2b14516a8,1.0,1,ceiling,preload_all,6,6,0,1e-05,0.003,complete,0.9333192453123259,-0.32729259226116475,0.9702648985294222
workload_c2802ef85c6e32b2b14516a8,1.0,1,floor,preload_all,6,5,1,3e-05,0.003,one_missing,1.0052147780572922,0.7959272784264052,0.994161997664387
workload_c2802ef85c6e32b2b14516a8,1.0,1,nearest,preload_all,6,6,0,1e-05,0.003,complete,0.9895289849965372,0.4548777810427548,0.9696998150287852
workload_c2ebafb6363693708ee2aac2,1.25,8,ceiling,preload_all,6,6,0,1e-05,0.003,complete,1.0671841940563334,1.0291417311748172,0.9690512640514621
workload_c2ebafb6363693708ee2aac2,1.25,8,floor,preload_all,6,6,0,1e-05,0.003,complete,0.9403945089113824,0.5847560075323572,0.9902991129809325
workload_c2ebafb6363693708ee2aac2,1.25,8,nearest,preload_all,6,6,0,1e-05,0.003,complete,0.9194594952882493,0.23435402619997114,0.9860196854813997
workload_c3599485d0f9e07bc4e7de4c,1.0,1,ceiling,preload_all,6,4,2,0.0001,0.003,two_or_more_missing,1.0101296229839156,0.3945949385341396,0.9995013290576026
workload_c3599485d0f9e07bc4e7de4c,1.0,1,floor,preload_all,6,4,2,0.0001,0.003,two_or_more_missing,1.0037371447618944,0.7913866119550432,0.9978111011937814
workload_c3599485d0f9e07bc4e7de4c,1.0,1,nearest,preload_all,6,6,0,1e-05,0.003,complete,0.9528558099710975,0.23671101654812204,0.9952382734492201
workload_c3c4538448f5c81e9f8af630,0.95,16,ceiling,preload_all,6,5,1,3e-05,0.003,one_missing,1.0024508714679654,0.2983825156406249,0.9962604491967058
workload_c3c4538448f5c81e9f8af630,0.95,16,floor,preload_all,6,5,1,3e-05,0.003,one_missing,0.9050353930334393,0.18242680699084501,0.9859200215230557
workload_c3c4538448f5c81e9f8af630,0.95,16,nearest,preload_all,6,6,0,1e-05,0.003,complete,1.0131591856842588,0.6564120148431686,0.9956009015279242
workload_c3ecacd63f998730814b6e82,1.1,1,ceiling,preload_all,6,6,0,1e-05,0.003,complete,0.9037325213141827,-0.31594917227096314,0.9928773238643432
workload_c3ecacd63f998730814b6e82,1.1,1,floor,preload_all,6,6,0,1e-05,0.003,complete,1.019635009883011,0.94004732450506,0.9849811905266525
workload_c3ecacd63f998730814b6e82,1.1,1,nearest,preload_all,6,5,1,3e-05,0.003,one_missing,1.0024563889477531,0.5641552540786727,0.9989951556880011
workload_c4b4d435bb8bb45ae34e1df9,0.5,8,ceiling,preload_all,6,5,1,3e-05,0.003,one_missing,1.0353388099791065,-0.1851837424610411,0.9786298699793109
workload_c4b4d435bb8bb45ae34e1df9,0.5,8,floor,preload_all,6,6,0,1e-05,0.003,complete,0.9414587505228945,0.08891429100319,0.9911368100344676
workload_c4b4d435bb8bb45ae34e1df9,0.5,8,nearest,preload_all,6,6,0,1e-05,0.003,complete,0.9296676103316132,-0.29551798457595696,0.995429157428387
workload_c4ccd0d7c382f678fd2dfb16,1.0,16,ceiling,preload_all,6,6,0,1e-05,0.003,complete,0.8689347834694351,-0.45826194145804977,0.9678128768746458
workload_c4ccd0d7c382f678fd2dfb16,1.0,16,floor,preload_all,6,6,0,1e-05,0.003,complete,0.9722253544491959,0.6544167561325027,0.971628082154637
workload_c4ccd0d7c382f678fd2dfb16,1.0,16,nearest,preload_all,6,6,0,1e-05,0.003,complete,0.9499234395628324,0.2368690742373475,0.9608398551821564
workload_c4ddaf82922c74aae0222e60,0.95,1,ceiling,preload_all,6,5,1,3e-05,0.003,one_missing,1.019606130507442,0.20446632231014028,0.9739020524693899
workload_c4ddaf82922c74aae0222e60,0.95,1,floor,preload_all,6,5,1,3e-05,0.003,one_missing,1.185249376396123,1.9344511366026917,0.9956710058719325
workload_c4ddaf82922c74aae0222e60,0.95,1,nearest,preload_all,6,4,2,0.0001,0.003,two_or_more_missing,1.1192630559018864,1.3154461390931418,0.9877206417280636
workload_c543e02b8df7ee22adf95585,1.0,8,ceiling,preload_all,6,5,1,3e-05,0.003,one_missing,1.0058842178706753,0.5090036619881994,0.9173244137979808
workload_c543e02b8df7ee22adf95585,1.0,8,floor,preload_all,6,6,0,1e-05,0.003,complete,0.987870046311033,0.8878258977009834,0.9925116309056291
workload_c543e02b8df7ee22adf95585,1.0,8,nearest,preload_all,6,6,0,1e-05,0.003,complete,0.9291577586898897,0.28796706193334903,0.9829641505407938
workload_c5e8df2326a006521dca2c3e,1.1,4,ceiling,preload_all,6,5,1,3e-05,0.003,one_missing,0.9070870651370387,-0.2126645417058246,0.9925741710602481
workload_c5e8df2326a006521dca2c3e,1.1,4,floor,preload_all,6,6,0,1e-05,0.003,complete,1.0489952931908963,1.198872766672361,0.9925540143827355
workload_c5e8df2326a006521dca2c3e,1.1,4,nearest,preload_all,6,6,0,1e-05,0.003,complete,0.885650075128914,-0.1483294692735283,0.9695832193643308
workload_c60b5e782519750046e1b894,0.8,1,ceiling,preload_all,6,5,1,3e-05,0.003,one_missing,0.9059518582615022,-0.4931246560759948,0.9970041683895806
workload_c60b5e782519750046e1b894,0.8,1,floor,preload_all,6,5,1,3e-05,0.003,one_missing,1.0029071243063707,0.6136619933724561,0.9980850569829982
workload_c60b5e782519750046e1b894,0.8,1,nearest,preload_all,6,6,0,1e-05,0.003,complete,0.8269872774210092,-0.9197070101674345,0.9575143130140432
workload_c639467498f9d607671b427d,0.95,8,ceiling,preload_all,6,5,1,3e-05,0.003,one_missing,0.8824205425957448,-0.523035370543727,0.9996109015166885
workload_c639467498f9d607671b427d,0.95,8,floor,preload_all,6,5,1,3e-05,0.003,one_missing,1.1654752523578733,2.0054703314493385,0.9415599348464992
workload_c639467498f9d607671b427d,0.95,8,nearest,preload_all,6,5,1,3e-05,0.003,one_missing,1.1836287273767327,1.8716571112380176,0.985958150829216
workload_c641f52f61c0d873416f052f,0.8,16,ceiling,preload_all,6,6,0,1e-05,0.003,complete,0.916127812400005,-0.37025836539006823,0.9954696712273745
workload_c641f52f61c0d873416f052f,0.8,16,floor,preload_all,6,5,1,3e-05,0.003,one_missing,0.8769735392336225,-0.16564705311038389,0.9816251005727921
workload_c641f52f61c0d873416f052f,0.8,16,nearest,preload_all,6,4,2,0.0001,0.003,two_or_more_missing,0.9601642828805098,0.21172024018439586,0.9934993386032103
workload_c6497c07005fba19e32321ad,0.8,4,ceiling,preload_all,6,5,1,3e-05,0.003,one_missing,0.9855649970191998,0.038246718267371686,0.9941359105294202
workload_c6497c07005fba19e32321ad,0.8,4,floor,preload_all,6,6,0,1e-05,0.003,complete,0.9906628984667102,0.6982923942251222,0.9988050229910111
workload_c6497c07005fba19e32321ad,0.8,4,nearest,preload_all,6,6,0,1e-05,0.003,complete,0.8891183110574433,-0.3110227568224296,0.9720243581890536
workload_c651106e55f344c1734211fb,0.8,4,ceiling,preload_all,6,5,1,1e-05,0.003,one_missing,0.9078720861391248,-0.33891248753602987,0.9988979138137527
workload_c651106e55f344c1734211fb,0.8,4,floor,preload_all,6,5,1,3e-05,0.003,one_missing,1.0776080954917198,1.380149130594018,0.9914477266016638
workload_c651106e55f344c1734211fb,0.8,4,nearest,preload_all,6,5,1,3e-05,0.003,one_missing,1.1517445863862352,1.5865254651741596,0.9823708157406738
workload_c6804b64ccb1ac3b8d497563,0.5,16,ceiling,preload_all,6,4,2,0.0001,0.003,two_or_more_missing,1.0786120914118287,0.3296837159119683,0.9940935101175854
workload_c6804b64ccb1ac3b8d497563,0.5,16,floor,preload_all,6,6,0,1e-05,0.003,complete,1.0113672003564427,0.5757630650693955,0.9917299331149644
workload_c6804b64ccb1ac3b8d497563,0.5,16,nearest,preload_all,6,6,0,1e-05,0.003,complete,0.9142784599041361,-0.27714719518890624,0.999024272417653
workload_c6c0a638ce0d40e549e46b38,0.95,16,ceiling,preload_all,6,4,2,0.0001,0.003,two_or_more_missing,1.0653489023507798,0.6396772379230673,0.9997311145647401
workload_c6c0a638ce0d40e549e46b38,0.95,16,floor,preload_all,6,5,1,3e-05,0.003,one_missing,1.2737001286695886,2.6574057581480157,0.9931638364747873
workload_c6c0a638ce0d40e549e46b38,0.95,16,nearest,preload_all,6,4,2,0.0001,0.003,two_or_more_missing,1.1389001799023155,1.5339470799165653,0.9982839047764875
workload_c7aafed58d34679e1c5edf97,1.25,4,ceiling,preload_all,6,6,0,1e-05,0.003,complete,1.0260474624458182,0.5475357554514646,0.9676679245388814
workload_c7aafed58d34679e1c5edf97,1.25,4,floor,preload_all,6,6,0,1e-05,0.003,complete,1.0619626928494674,1.4187597115348831,0.9937637954876006
workload_c7aafed58d34679e1c5edf97,1.25,4,nearest,preload_all,6,5,1,3e-05,0.003,one_missing,1.182701090811907,2.1342076546958713,0.968511743155194
workload_c974ceec45a33b4b70d236fa,1.25,16,ceiling,preload_all,6,5,1,3e-05,0.003,one_missing,1.1698270454793038,1.6848359839801397,0.9928501413801066
workload_c974ceec45a33b4b70d236fa,1.25,16,floor,preload_all,6,5,1,3e-05,0.003,one_missing,1.2391011876184272,2.544845617535152,0.9835402001587935
workload_c974ceec45a33b4b70d236fa,1.25,16,nearest,preload_all,6,6,0,1e-05,0.003,complete,0.8957593315750346,-0.1175046448626921,0.9768429288047266
workload_c9cb1792f7312e27486b829e,0.95,8,ceiling,preload_all,6,6,0,1e-05,0.003,complete,0.9084612791068553,-0.4245978114186686,0.979109884326842
workload_c9cb1792f7312e27486b829e,0.95,8,floor,preload_all,6,5,1,3e-05,0.003,one_missing,1.0123107625629597,0.9306429082887364,0.9975868026285831
workload_c9cb1792f7312e27486b829e,0.95,8,nearest,preload_all,6,6,0,1e-05,0.003,complete,0.9514257441199337,0.1360258917779734,0.9965493277362861
workload_cb4a2b389ab7494dd40ff1b6,0.95,4,ceiling,preload_all,6,5,1,3e-05,0.003,one_missing,0.9534689790838498,-0.0772111986835819,0.9678828018590285
workload_cb4a2b389ab7494dd40ff1b6,0.95,4,floor,preload_all,6,6,0,1e-05,0.003,complete,1.0570559141746876,0.9472273879339969,0.9735484041040354
workload_cb4a2b389ab7494dd40ff1b6,0.95,4,nearest,preload_all,6,5,1,3e-05,0.003,one_missing,1.0078068651094265,0.5743961908378068,0.996570067373973
workload_cba93acea333eba3cf7cbc81,1.1,8,ceiling,preload_all,6,5,1,3e-05,0.003,one_missing,1.0361414070162582,0.8472212009295985,0.9971421311349664
workload_cba93acea333eba3cf7cbc81,1.1,8,floor,preload_all,6,5,1,3e-05,0.003,one_missing,0.9944010603126103,0.8375725977491957,0.9939467392434869
workload_cba93acea333eba3cf7cbc81,1.1,8,nearest,preload_all,6,5,1,3e-05,0.003,one_missing,1.0150553583309996,0.6816447691982991,0.9885952224097909
workload_cc4f88efee42a5b64e0b9bb4,0.8,16,ceiling,preload_all,6,6,0,1e-05,0.003,complete,0.842964690718533,-0.9926439522717861,0.9573748580850051
workload_cc4f88efee42a5b64e0b9bb4,0.8,16,floor,preload_all,6,6,0,1e-05,0.003,complete,0.9655095204336203,0.6293804494324066,0.986775828912212
workload_cc4f88efee42a5b64e0b9bb4,0.8,16,nearest,preload_all,6,6,0,1e-05,0.003,complete,0.9007328596778521,-0.15006077882695784,0.9707198844890055
workload_cc9ad5b2339e8dd7085bd2a3,1.0,8,ceiling,preload_all,6,5,1,3e-05,0.003,one_missing,0.7825416499665138,-1.052294058432599,0.9758430184813359
workload_cc9ad5b2339e8dd7085bd2a3,1.0,8,floor,preload_all,6,5,1,3e-05,0.003,one_missing,1.0678685422313108,1.2761143360068,0.9875514953576833
workload_cc9ad5b2339e8dd7085bd2a3,1.0,8,nearest,preload_all,6,6,0,1e-05,0.003,complete,0.949693582449874,0.37804170231961387,0.9908688750448482
workload_cce2ce4b3ab6092c494b0734,0.5,8,ceiling,preload_all,6,5,1,3e-05,0.003,one_missing,1.0111075785898258,-0.007722629062623897,0.9847593806040457
workload_cce2ce4b3ab6092c494b0734,0.5,8,floor,preload_all,6,6,0,1e-05,0.003,complete,0.9098053556423392,0.016733068784519592,0.986549302674309
workload_cce2ce4b3ab6092c494b0734,0.5,8,nearest,preload_all,6,5,1,3e-05,0.003,one_missing,0.9291893767446053,-0.12616344785497585,0.9953131238375743
workload_cd48d4a3947ed9065a68c703,1.1,1,ceiling,preload_all,6,5,1,1e-05,0.003,one_missing,0.8852340720774903,-0.546864238182135,0.9868731456113631
workload_cd48d4a3947ed9065a68c703,1.1,1,floor,preload_all,6,6,0,1e-05,0.003,complete,0.9504079428101866,0.4009691117176857,0.99871517169316
workload_cd48d4a3947ed9065a68c703,1.1,1,nearest,preload_all,6,5,1,3e-05,0.003,one_missing,0.9839882094465101,0.44156059659283353,0.9721799720783886
workload_cd631e5c4c02b53d000ea3ee,0.95,1,ceiling,preload_all,6,5,1,3e-05,0.003,one_missing,0.8068741843643229,-1.104380778921438,0.9565238998779296
workload_cd631e5c4c02b53d000ea3ee,0.95,1,floor,preload_all,6,6,0,1e-05,0.003,complete,0.8923153681550521,-0.09445330998713868,0.993412104352935
workload_cd631e5c4c02b53d000ea3ee,0.95,1,nearest,preload_all,6,5,1,3e-05,0.003,one_missing,1.0731076615765802,0.9212055146674241,0.9786677914408496
workload_cd9214fde7e08e0b647b3284,0.5,8,ceiling,preload_all,6,6,0,1e-05,0.003,complete,0.7822240575351485,-1.937917719467661,0.9594944827124775
workload_cd9214fde7e08e0b647b3284,0.5,8,floor,preload_all,6,6,0,1e-05,0.003,complete,0.9801024279115516,0.2813201435882025,0.9926720314707027
workload_cd9214fde7e08e0b647b3284,0.5,8,nearest,preload_all,6,6,0,1e-05,0.003,complete,0.9052906215058306,-0.6240576291647228,0.9884537156265047
workload_ce2e67118da016981b917394,1.1,8,ceiling,preload_all,6,6,0,1e-05,0.003,complete,0.9768128638401186,0.3143664620073828,0.9945853654659956
workload_ce2e67118da016981b917394,1.1,8,floor,preload_all,6,6,0,1e-05,0.003,complete,0.845125908339928,-0.2696597748301236,0.975818756271814
workload_ce2e67118da016981b917394,1.1,8,nearest,preload_all,6,6,0,1e-05,0.003,complete,0.9751919184603275,0.5176824148236618,0.9984599771703039
workload_ceee1eac16bf093e19687024,0.8,8,ceiling,preload_all,6,6,0,1e-05,0.003,complete,0.9445800110767311,-0.21485744542984708,0.9858641871272643
workload_ceee1eac16bf093e19687024,0.8,8,floor,preload_all,6,6,0,1e-05,0.003,complete,0.8127688602483202,-0.5133974989550052,0.9671342110715848
workload_ceee1eac16bf093e19687024,0.8,8,nearest,preload_all,6,5,1,3e-05,0.003,one_missing,0.8812922932390038,-0.3056873705168913,0.9882344047480803
workload_cf4d604ab96f3e3c4344e794,1.0,8,ceiling,preload_all,6,6,0,1e-05,0.003,complete,0.9945448270449457,0.25376021953303013,0.9705095936607734
workload_cf4d604ab96f3e3c4344e794,1.0,8,floor,preload_all,6,6,0,1e-05,0.003,complete,0.9708423766092682,0.6122538892463085,0.9729250554546174
workload_cf4d604ab96f3e3c4344e794,1.0,8,nearest,preload_all,6,6,0,1e-05,0.003,complete,0.983506822968255,0.4555636239406506,0.9936310166262892
workload_cf8bea394bc57505686df934,1.0,16,ceiling,preload_all,6,6,0,1e-05,0.003,complete,0.9471817148214371,0.05706600834767128,0.984244779636308
workload_cf8bea394bc57505686df934,1.0,16,floor,preload_all,6,6,0,1e-05,0.003,complete,0.9139167961621458,0.25555016930592894,0.9905054559709014
workload_cf8bea394bc57505686df934,1.0,16,nearest,preload_all,6,6,0,1e-05,0.003,complete,0.9055063977704637,-0.05059953991056266,0.9819939862883748
workload_cf9ae182f0f0852be099d3a5,1.1,16,ceiling,preload_all,6,6,0,1e-05,0.003,complete,0.9516650116580628,0.06099037138706941,0.9801621671861201
workload_cf9ae182f0f0852be099d3a5,1.1,16,floor,preload_all,6,5,1,3e-05,0.003,one_missing,1.2285798007224604,2.381688799708095,0.9843990326836148
workload_cf9ae182f0f0852be099d3a5,1.1,16,nearest,preload_all,6,5,1,1e-05,0.003,one_missing,1.0041509211032973,0.7377767765437387,0.990642516177357
workload_cfa8e84c6872a80d22134693,1.1,16,ceiling,preload_all,6,5,1,3e-05,0.003,one_missing,0.8329501614864226,-0.7460717622200808,0.9800943265014807
workload_cfa8e84c6872a80d22134693,1.1,16,floor,preload_all,6,6,0,1e-05,0.003,complete,0.8290413869374109,-0.312577217277214,0.980676075726225
workload_cfa8e84c6872a80d22134693,1.1,16,nearest,preload_all,6,6,0,1e-05,0.003,complete,0.8998135802618707,-0.019819209209874098,0.9886601024844772
workload_cfdf339bf3b6298d6c157993,1.1,16,ceiling,preload_all,6,5,1,3e-05,0.003,one_missing,1.027003533143733,0.5304422040170548,0.9451106840906182
workload_cfdf339bf3b6298d6c157993,1.1,16,floor,preload_all,6,5,1,3e-05,0.003,one_missing,1.123063726317096,1.7568045521436164,0.9956298802216188
workload_cfdf339bf3b6298d6c157993,1.1,16,nearest,preload_all,6,5,1,3e-05,0.003,one_missing,1.0179034905761526,0.8063690059722104,0.9935035915057601
workload_cfe4faddb32fc92aa7a9bbef,1.1,4,ceiling,preload_all,6,6,0,1e-05,0.003,complete,0.839861041014349,-0.5769563090908318,0.9901552334686383
workload_cfe4faddb32fc92aa7a9bbef,1.1,4,floor,preload_all,6,6,0,1e-05,0.003,complete,0.9040915423909063,0.19070160063581582,0.9929975936145186
workload_cfe4faddb32fc92aa7a9bbef,1.1,4,nearest,preload_all,6,6,0,1e-05,0.003,complete,0.9193768881163029,0.08485115083298393,0.989195498228642
workload_d0c3c55b82834441851181b5,1.1,8,ceiling,preload_all,6,5,1,3e-05,0.003,one_missing,1.108632394744678,1.1255129532292742,0.9724686369784901
workload_d0c3c55b82834441851181b5,1.1,8,floor,preload_all,6,6,0,1e-05,0.003,complete,0.9794877195104241,0.7448057710163678,0.9825821394586394
workload_d0c3c55b82834441851181b5,1.1,8,nearest,preload_all,6,6,0,1e-05,0.003,complete,0.9949937067738064,0.7529005973536582,0.999238578644705
workload_d0eb36de88b63a7fed0d7ccc,0.8,16,ceiling,preload_all,6,6,0,1e-05,0.003,complete,0.8416037623250814,-0.9450419089742518,0.9738131805740287
workload_d0eb36de88b63a7fed0d7ccc,0.8,16,floor,preload_all,6,6,0,1e-05,0.003,complete,1.0617096442134937,1.2656504187860087,0.9933094460672808
workload_d0eb36de88b63a7fed0d7ccc,0.8,16,nearest,preload_all,6,6,0,1e-05,0.003,complete,0.9730419706790702,0.45725107362973233,0.9981426513997531
workload_d1378c81335b6fb6d449bc2e,1.0,16,ceiling,preload_all,6,6,0,1e-05,0.003,complete,0.9543991702202264,-0.03475443706357448,0.9937699151448617
workload_d1378c81335b6fb6d449bc2e,1.0,16,floor,preload_all,6,6,0,1e-05,0.003,complete,0.8933338293197708,0.08475134977021039,0.925473597618305
workload_d1378c81335b6fb6d449bc2e,1.0,16,nearest,preload_all,6,6,0,1e-05,0.003,complete,0.8805087961992581,-0.12114732386774539,0.9959743486071173
workload_d19c2aa2a90f25a89fe23198,0.95,4,ceiling,preload_all,6,5,1,3e-05,0.003,one_missing,0.9293106012036023,-0.13167820343376913,0.972670769026488
workload_d19c2aa2a90f25a89fe23198,0.95,4,floor,preload_all,6,6,0,1e-05,0.003,complete,1.0095486497966277,0.989733265858565,0.9933296308252689
workload_d19c2aa2a90f25a89fe23198,0.95,4,nearest,preload_all,6,6,0,1e-05,0.003,complete,0.8325772313219945,-0.5871985464547663,0.9863983944161622
workload_d1a02032777246f179b98348,0.95,4,ceiling,preload_all,6,4,2,0.0001,0.003,two_or_more_missing,0.9009995209762979,-0.30982294742614747,0.9927830194502746
workload_d1a02032777246f179b98348,0.95,4,floor,preload_all,6,6,0,1e-05,0.003,complete,0.8781688897602328,-0.007182636043406406,0.9938202686037096
workload_d1a02032777246f179b98348,0.95,4,nearest,preload_all,6,5,1,3e-05,0.003,one_missing,0.962270415944292,0.3579467355560078,0.9995193615513147
workload_d1b6861eacd46567f8951f54,1.1,16,ceiling,preload_all,6,5,1,3e-05,0.003,one_missing,0.8695335391950563,-0.4753204887326643,0.9901781904531517
workload_d1b6861eacd46567f8951f54,1.1,16,floor,preload_all,6,6,0,1e-05,0.003,complete,1.0705200661003729,1.4664685343098658,0.9875860886164834
workload_d1b6861eacd46567f8951f54,1.1,16,nearest,preload_all,6,6,0,1e-05,0.003,complete,0.883985891654033,-0.05791902855874774,0.9963159912800952
workload_d272c2901516e2fb8b8d512b,0.8,16,ceiling,preload_all,6,6,0,1e-05,0.003,complete,0.9747802294747808,-0.13430093418762257,0.9702094096193765
workload_d272c2901516e2fb8b8d512b,0.8,16,floor,preload_all,6,6,0,1e-05,0.003,complete,0.9422812339752685,0.24013086777099996,0.9734743567856013
workload_d272c2901516e2fb8b8d512b,0.8,16,nearest,preload_all,6,5,1,3e-05,0.003,one_missing,1.1618239233272953,1.5588080504139235,0.9834356382398225
workload_d3448afe4f1e4b452f9461f1,1.25,8,ceiling,preload_all,6,5,1,3e-05,0.003,one_missing,0.9336804100428657,0.19192517797513112,0.9847246872711267
workload_d3448afe4f1e4b452f9461f1,1.25,8,floor,preload_all,6,5,1,3e-05,0.003,one_missing,1.1211328809349699,1.7721721875833278,0.9927927487763124
workload_d3448afe4f1e4b452f9461f1,1.25,8,nearest,preload_all,6,6,0,1e-05,0.003,complete,1.021040823545983,0.927490906935003,0.9920257454117093
workload_d3a9deef01d8745c82254ae7,0.5,4,ceiling,preload_all,6,5,1,3e-05,0.003,one_missing,0.9730569445255658,-0.6125832377552068,0.9967623673943199
workload_d3a9deef01d8745c82254ae7,0.5,4,floor,preload_all,6,6,0,1e-05,0.003,complete,0.9855348235816274,0.38188003569932916,0.9957656273864195
workload_d3a9deef01d8745c82254ae7,0.5,4,nearest,preload_all,6,6,0,1e-05,0.003,complete,0.9175535608884227,-0.43012353152585164,0.9960126649975702
workload_d3bd50f61ca995e10c8dcedd,0.95,16,ceiling,preload_all,6,6,0,1e-05,0.003,complete,0.9361148284975603,-0.006939107768924823,0.9990140686552282
workload_d3bd50f61ca995e10c8dcedd,0.95,16,floor,preload_all,6,6,0,1e-05,0.003,complete,0.7672256421191752,-0.6949085375181979,0.9578156646821316
workload_d3bd50f61ca995e10c8dcedd,0.95,16,nearest,preload_all,6,6,0,1e-05,0.003,complete,0.8667192441791184,-0.1834472998048204,0.9967476804459254
workload_d483cf17e5f9ef1c25b3b1fa,0.95,4,ceiling,preload_all,6,5,1,3e-05,0.003,one_missing,1.1067211355732172,1.0941495798014664,0.9869066731736164
workload_d483cf17e5f9ef1c25b3b1fa,0.95,4,floor,preload_all,6,5,1,3e-05,0.003,one_missing,1.1619685639789323,2.0177664521535723,0.9439400500783379
workload_d483cf17e5f9ef1c25b3b1fa,0.95,4,nearest,preload_all,6,5,1,3e-05,0.003,one_missing,1.1716594074119004,1.791347724841754,0.9846198916710541
workload_d487fd6bffea3f01d03e20c5,1.0,1,ceiling,preload_all,6,6,0,1e-05,0.003,complete,0.9554689003877566,-0.2933586280624476,0.933942141111031
workload_d487fd6bffea3f01d03e20c5,1.0,1,floor,preload_all,6,5,1,3e-05,0.003,one_missing,1.1804602599705272,1.7388086540038892,0.999602737680109
workload_d487fd6bffea3f01d03e20c5,1.0,1,nearest,preload_all,6,6,0,1e-05,0.003,complete,0.9134610229589597,-0.3244636805268598,0.981763831196406
workload_d4b951246c56eb5025059550,0.5,8,ceiling,preload_all,6,6,0,1e-05,0.003,complete,0.8111372247441206,-1.6393904195513043,0.9565261598084863
workload_d4b951246c56eb5025059550,0.5,8,floor,preload_all,6,5,1,3e-05,0.003,one_missing,1.0565200170698372,0.8936904011329945,0.9975112970969212
workload_d4b951246c56eb5025059550,0.5,8,nearest,preload_all,6,6,0,1e-05,0.003,complete,0.9203667349093239,-0.34584220381718384,0.9966122029537432
workload_d5450c7cbd5fd6b7a805368d,0.8,16,ceiling,preload_all,6,5,1,3e-05,0.003,one_missing,0.9170923409436392,-0.6402598045922513,0.9394072049534387
workload_d5450c7cbd5fd6b7a805368d,0.8,16,floor,preload_all,6,5,1,3e-05,0.003,one_missing,1.0844589935100375,1.3539380391256877,0.9903304501107824
workload_d5450c7cbd5fd6b7a805368d,0.8,16,nearest,preload_all,6,6,0,1e-05,0.003,complete,0.9931592309306344,0.38855482294265725,0.9951721574989965
workload_d5a2866aa61515a52b220241,0.8,1,ceiling,preload_all,6,6,0,1e-05,0.003,complete,0.8191765315412066,-1.3614140350448072,0.9749872976366141
workload_d5a2866aa61515a52b220241,0.8,1,floor,preload_all,6,6,0,1e-05,0.003,complete,0.6885475476041335,-1.493206045796257,0.9598505625382346
workload_d5a2866aa61515a52b220241,0.8,1,nearest,preload_all,6,6,0,1e-05,0.003,complete,0.8649852942734102,-0.5263471329006933,0.987128611736382
workload_d6931dd84fdaccea6e9cf1d5,1.0,4,ceiling,preload_all,6,6,0,1e-05,0.003,complete,0.8924471913341404,-0.45912257567408804,0.9955630418717699
workload_d6931dd84fdaccea6e9cf1d5,1.0,4,floor,preload_all,6,6,0,1e-05,0.003,complete,0.9979473021581801,0.8629036016904736,0.9919817714650166
workload_d6931dd84fdaccea6e9cf1d5,1.0,4,nearest,preload_all,6,6,0,1e-05,0.003,complete,0.8674474732979586,-0.33686255352208916,0.9886037310977709
workload_d6cf28d9f234826a81722e78,1.0,4,ceiling,preload_all,6,5,1,1e-05,0.003,one_missing,0.9285591246204827,-0.1497835211761936,0.9935645770145785
workload_d6cf28d9f234826a81722e78,1.0,4,floor,preload_all,6,6,0,1e-05,0.003,complete,0.7881460733442869,-0.610112571986019,0.9796892275553992
workload_d6cf28d9f234826a81722e78,1.0,4,nearest,preload_all,6,6,0,1e-05,0.003,complete,0.7857308050061266,-0.8389377444448441,0.9519497210754011
workload_d6d4476ffe927f0e14c8a4b1,1.25,1,ceiling,preload_all,6,5,1,3e-05,0.003,one_missing,0.9500324581162786,0.08085049071264269,0.9950489212883336
workload_d6d4476ffe927f0e14c8a4b1,1.25,1,floor,preload_all,6,5,1,3e-05,0.003,one_missing,1.0294907439700387,0.9510289239753728,0.9981872288255587
workload_d6d4476ffe927f0e14c8a4b1,1.25,1,nearest,preload_all,6,5,1,3e-05,0.003,one_missing,1.1367860839089492,1.5039946725964277,0.9946815387458912
workload_d73f81c9ff3eacd8f3ee4e87,0.95,8,ceiling,preload_all,6,5,1,3e-05,0.003,one_missing,0.9676122098480927,0.21182809534102515,0.9905186625196408
workload_d73f81c9ff3eacd8f3ee4e87,0.95,8,floor,preload_all,6,5,1,3e-05,0.003,one_missing,1.224745172694889,2.3363436349544755,0.9838948076100785
workload_d73f81c9ff3eacd8f3ee4e87,0.95,8,nearest,preload_all,6,5,1,3e-05,0.003,one_missing,1.1154950102443895,1.2940198250809714,0.9856183224326986
workload_d74bafdeaf5dbc3728fdaa84,0.5,1,ceiling,preload_all,6,4,2,0.0001,0.003,two_or_more_missing,1.0456681119759805,-0.11882848279819198,0.9830284914288908
workload_d74bafdeaf5dbc3728fdaa84,0.5,1,floor,preload_all,6,6,0,1e-05,0.003,complete,0.9122142724480481,-0.3440425652348569,0.9936603946714717
workload_d74bafdeaf5dbc3728fdaa84,0.5,1,nearest,preload_all,6,5,1,3e-05,0.003,one_missing,1.0662300118644694,0.546434666507939,0.995278262909631
workload_d760824a4d2025038591888e,1.0,1,ceiling,preload_all,6,6,0,1e-05,0.003,complete,0.8124403001831478,-1.2083690584156945,0.9878240938804377
workload_d760824a4d2025038591888e,1.0,1,floor,preload_all,6,6,0,1e-05,0.003,complete,0.7383523196049518,-1.2151266781409928,0.9557760546516698
workload_d760824a4d2025038591888e,1.0,1,nearest,preload_all,6,6,0,1e-05,0.003,complete,0.7302242803981682,-1.45337309013681,0.9828502416465031
workload_d7a64a01a772793b619e0706,1.25,4,ceiling,preload_all,6,4,2,0.0001,0.003,two_or_more_missing,0.9639684958927153,0.31302666675529617,0.993800442838316
workload_d7a64a01a772793b619e0706,1.25,4,floor,preload_all,6,6,0,1e-05,0.003,complete,1.002357185393749,1.0367071568351973,0.988577465248381
workload_d7a64a01a772793b619e0706,1.25,4,nearest,preload_all,6,5,1,3e-05,0.003,one_missing,1.070960236076098,1.3049404034542325,0.9931589769564445
workload_d83e8abeb7e4a94dad658ee5,0.5,8,ceiling,preload_all,6,6,0,1e-05,0.003,complete,0.8735184904831543,-1.3651212042734886,0.9405464293367628
workload_d83e8abeb7e4a94dad658ee5,0.5,8,floor,preload_all,6,6,0,1e-05,0.003,complete,1.0207146876544186,0.9616027172208649,0.9754633922645388
workload_d83e8abeb7e4a94dad658ee5,0.5,8,nearest,preload_all,6,6,0,1e-05,0.003,complete,0.9784701977036576,0.26802859628921627,0.9963835537786947
workload_d896cc4bdda4b5bd38ea267f,1.1,4,ceiling,preload_all,6,5,1,3e-05,0.003,one_missing,1.1364655190894573,1.5169271603862462,0.9781881142560657
workload_d896cc4bdda4b5bd38ea267f,1.1,4,floor,preload_all,6,6,0,1e-05,0.003,complete,0.9278824528057502,0.23797373877488062,0.974656682319346
workload_d896cc4bdda4b5bd38ea267f,1.1,4,nearest,preload_all,6,6,0,1e-05,0.003,complete,0.9647086986616572,0.42293199311413887,0.9994107479858246
workload_d9097b4e8541f1dc088848bc,0.95,16,ceiling,preload_all,6,5,1,3e-05,0.003,one_missing,0.986039240877513,0.19846567681538796,0.9996111611484911
workload_d9097b4e8541f1dc088848bc,0.95,16,floor,preload_all,6,6,0,1e-05,0.003,complete,1.0606496416786877,1.323971229897898,0.9896209400203323
workload_d9097b4e8541f1dc088848bc,0.95,16,nearest,preload_all,6,6,0,1e-05,0.003,complete,1.0259513000752785,0.8412517162650712,0.9947061034578432
workload_d974a0c657bf3f9b98e2cd56,0.5,8,ceiling,preload_all,6,4,2,0.0001,0.003,two_or_more_missing,0.9068336764208736,-0.9166885358851633,0.9974797315132807
workload_d974a0c657bf3f9b98e2cd56,0.5,8,floor,preload_all,6,6,0,1e-05,0.003,complete,0.9653060943548131,0.29135947733587736,0.9993778944345904
workload_d974a0c657bf3f9b98e2cd56,0.5,8,nearest,preload_all,6,6,0,1e-05,0.003,complete,0.8162308189869922,-1.0790954397544537,0.9801055187473628
workload_da4aeb928b22dc3a11c29c3b,0.95,16,ceiling,preload_all,6,5,1,3e-05,0.003,one_missing,1.038833657309205,0.56412315250274,0.9864754797194503
workload_da4aeb928b22dc3a11c29c3b,0.95,16,floor,preload_all,6,6,0,1e-05,0.003,complete,1.1129824997071445,1.6164917452400356,0.9657073347401776
workload_da4aeb928b22dc3a11c29c3b,0.95,16,nearest,preload_all,6,5,1,3e-05,0.003,one_missing,1.1186432037466811,1.4009955166912489,0.9923953919446756
workload_da4fd5b1085267ac5669e885,1.1,16,ceiling,preload_all,6,6,0,1e-05,0.003,complete,0.886035641318492,-0.47316424160183235,0.9556349101558368
workload_da4fd5b1085267ac5669e885,1.1,16,floor,preload_all,6,5,1,3e-05,0.003,one_missing,0.8690772912322241,-0.02355867524882564,0.961171114842644
workload_da4fd5b1085267ac5669e885,1.1,16,nearest,preload_all,6,5,1,3e-05,0.003,one_missing,1.0535283822301598,1.0530997991767992,0.9957242216086378
workload_da72d4eb4af9eb814096ac3a,0.95,4,ceiling,preload_all,6,6,0,1e-05,0.003,complete,0.8662025360048191,-0.7083588852622252,0.8777752741911963
workload_da72d4eb4af9eb814096ac3a,0.95,4,floor,preload_all,6,6,0,1e-05,0.003,complete,0.9364666983082487,0.1667610565575184,0.9408357735205469
workload_da72d4eb4af9eb814096ac3a,0.95,4,nearest,preload_all,6,5,1,3e-05,0.003,one_missing,1.035067854107252,0.7983175224658814,0.9984693099098484
workload_da86aed8c9e6507ca8f2bbc3,0.95,4,ceiling,preload_all,6,6,0,1e-05,0.003,complete,0.7767529781584865,-1.171685210371168,0.9646187232507629
workload_da86aed8c9e6507ca8f2bbc3,0.95,4,floor,preload_all,6,6,0,1e-05,0.003,complete,0.9625936406894745,0.644295498210552,0.9713525898460961
workload_da86aed8c9e6507ca8f2bbc3,0.95,4,nearest,preload_all,6,6,0,1e-05,0.003,complete,0.9833915261271763,0.6576030820106822,0.9984139426004744
workload_db817f4dda1691151f748763,0.95,8,ceiling,preload_all,6,6,0,1e-05,0.003,complete,0.8480219556397005,-0.8096046383102719,0.9651699969880204
workload_db817f4dda1691151f748763,0.95,8,floor,preload_all,6,6,0,1e-05,0.003,complete,0.8826141130566472,-0.07970042342798225,0.9950979001263255
workload_db817f4dda1691151f748763,0.95,8,nearest,preload_all,6,6,0,1e-05,0.003,complete,0.7901349209091165,-0.8745044922865907,0.9806456840409884
workload_dbc53e2eac7d677b7f1f316e,1.25,16,ceiling,preload_all,6,5,1,3e-05,0.003,one_missing,1.0708608687678938,1.1008812013970857,0.9963240493953566
workload_dbc53e2eac7d677b7f1f316e,1.25,16,floor,preload_all,6,5,1,3e-05,0.003,one_missing,0.9344536906153003,0.6119181465170304,0.9897156876235366
workload_dbc53e2eac7d677b7f1f316e,1.25,16,nearest,preload_all,6,5,1,3e-05,0.003,one_missing,1.07140080119787,1.3382882311566227,0.9931558410543394
workload_dbcea78b3f610b5cf5ef1a6d,0.5,8,ceiling,preload_all,6,4,2,0.0001,0.003,two_or_more_missing,0.7947728247343021,-1.6493255412343975,0.989417105679667
workload_dbcea78b3f610b5cf5ef1a6d,0.5,8,floor,preload_all,6,5,1,3e-05,0.003,one_missing,0.927730405954725,0.05720025719743716,0.992181167663587
workload_dbcea78b3f610b5cf5ef1a6d,0.5,8,nearest,preload_all,6,5,1,3e-05,0.003,one_missing,0.9612486577912964,-0.03633593423861155,0.9964863366351516
workload_dbdd2bb57f5dbe7e57e05564,1.1,4,ceiling,preload_all,6,5,1,3e-05,0.003,one_missing,0.966841065107036,-0.0935436800294313,0.8654169385859527
workload_dbdd2bb57f5dbe7e57e05564,1.1,4,floor,preload_all,6,6,0,1e-05,0.003,complete,0.826441800657385,-0.5070631209836737,0.9757865721165985
workload_dbdd2bb57f5dbe7e57e05564,1.1,4,nearest,preload_all,6,6,0,1e-05,0.003,complete,0.8181039427435259,-0.774063849079483,0.9911768582449627
workload_dc36420ed6decc909e68ee54,0.5,4,ceiling,preload_all,6,5,1,3e-05,0.003,one_missing,0.9701692335906165,-0.5958212707220149,0.9976103063684821
workload_dc36420ed6decc909e68ee54,0.5,4,floor,preload_all,6,5,1,3e-05,0.003,one_missing,1.0654732237997298,0.9178938972450307,0.9967343671045523
workload_dc36420ed6decc909e68ee54,0.5,4,nearest,preload_all,6,5,1,3e-05,0.003,one_missing,1.1154625782282637,0.9140472824667153,0.9955491658570309
workload_dc6f259337ba5f5d197df8ff,1.0,1,ceiling,preload_all,6,6,0,1e-05,0.003,complete,0.9323845112193888,-0.3011188305865059,0.9712568914042091
workload_dc6f259337ba5f5d197df8ff,1.0,1,floor,preload_all,6,5,1,3e-05,0.003,one_missing,0.955512358173198,0.3170167100744444,0.9906913775308969
workload_dc6f259337ba5f5d197df8ff,1.0,1,nearest,preload_all,6,6,0,1e-05,0.003,complete,0.9624494846191467,0.13474954009892257,0.96853309576952
workload_dd6c8b07c7f528c2e381879d,1.0,16,ceiling,preload_all,6,6,0,1e-05,0.003,complete,0.8325756922744358,-0.8917338163493739,0.9750411522584045
workload_dd6c8b07c7f528c2e381879d,1.0,16,floor,preload_all,6,6,0,1e-05,0.003,complete,1.0510735189442264,1.1828925499245415,0.9320126983223865
workload_dd6c8b07c7f528c2e381879d,1.0,16,nearest,preload_all,6,5,1,3e-05,0.003,one_missing,0.9760067077908167,0.5103178918778377,0.9989804344185658
workload_ddc4d3f92ba0bbf30379357d,0.5,4,ceiling,preload_all,6,5,1,1e-05,0.003,one_missing,0.8735077755556733,-1.2087104022964101,0.9359692250879518
workload_ddc4d3f92ba0bbf30379357d,0.5,4,floor,preload_all,6,5,1,3e-05,0.003,one_missing,0.9477830100431086,0.29138694069816856,0.9951617526263485
workload_ddc4d3f92ba0bbf30379357d,0.5,4,nearest,preload_all,6,5,1,3e-05,0.003,one_missing,1.0939956219393807,0.9075294772516926,0.9823002997306045
workload_ddc5c1fb5d2a4a58f7b62c0e,0.95,8,ceiling,preload_all,6,6,0,1e-05,0.003,complete,0.9434407026519039,0.018338086889221686,0.993264202634171
workload_ddc5c1fb5d2a4a58f7b62c0e,0.95,8,floor,preload_all,6,6,0,1e-05,0.003,complete,0.9844436464690453,0.7605267714675661,0.9923513338819605
workload_ddc5c1fb5d2a4a58f7b62c0e,0.95,8,nearest,preload_all,6,5,1,3e-05,0.003,one_missing,1.0394746813041722,0.856446924384126,0.9932726218088718
workload_de683d5a3f46ef3cf0294a22,0.95,8,ceiling,preload_all,6,5,1,3e-05,0.003,one_missing,1.1393299704782522,1.2260025082195358,0.995937692441003
workload_de683d5a3f46ef3cf0294a22,0.95,8,floor,preload_all,6,6,0,1e-05,0.003,complete,1.0540928589547824,1.1290374323222918,0.9946707524963968
workload_de683d5a3f46ef3cf0294a22,0.95,8,nearest,preload_all,6,5,1,3e-05,0.003,one_missing,1.058540015420062,0.8833910823650252,0.9980475705897174
workload_de6c2e439e33e50d4c2b2053,1.1,16,ceiling,preload_all,6,6,0,1e-05,0.003,complete,0.8231683250781865,-0.8973882475430435,0.9861722498489877
workload_de6c2e439e33e50d4c2b2053,1.1,16,floor,preload_all,6,5,1,3e-05,0.003,one_missing,1.1992262478122153,2.2513375928740795,0.9612174617533668
workload_de6c2e439e33e50d4c2b2053,1.1,16,nearest,preload_all,6,6,0,1e-05,0.003,complete,0.9177816792665502,0.010047948592814222,0.9711834625686422
workload_df2c5fc0250e79101c3ab70a,1.25,1,ceiling,preload_all,6,5,1,3e-05,0.003,one_missing,0.9000620887262878,-0.175289701930593,0.9917753244305022
workload_df2c5fc0250e79101c3ab70a,1.25,1,floor,preload_all,6,5,1,3e-05,0.003,one_missing,0.9487869459059367,0.5339501345414276,0.9936243928466466
workload_df2c5fc0250e79101c3ab70a,1.25,1,nearest,preload_all,6,6,0,1e-05,0.003,complete,0.8650680173120147,-0.21063283014756307,0.9809050362463096
workload_dffad10d3a3eacc49c34ebcf,1.25,1,ceiling,preload_all,6,5,1,3e-05,0.003,one_missing,0.9356858182294623,0.10192410708235115,0.982826508978877
workload_dffad10d3a3eacc49c34ebcf,1.25,1,floor,preload_all,6,6,0,1e-05,0.003,complete,0.9246359104208424,0.37382557113280035,0.9897069874014813
workload_dffad10d3a3eacc49c34ebcf,1.25,1,nearest,preload_all,6,5,1,3e-05,0.003,one_missing,1.0049494032412827,0.803745680186536,0.9959890417820707
workload_e0560816ab2535e7eba56299,0.5,8,ceiling,preload_all,6,4,2,0.0001,0.003,two_or_more_missing,1.3389434587561215,1.9732912142556933,0.943797933993834
workload_e0560816ab2535e7eba56299,0.5,8,floor,preload_all,6,5,1,3e-05,0.003,one_missing,1.0795918412815533,1.0864172335886355,0.9956243960615262
workload_e0560816ab2535e7eba56299,0.5,8,nearest,preload_all,6,5,1,3e-05,0.003,one_missing,1.0837759456813343,0.8167084666348425,0.9794000309590207
workload_e091c77c44d152efbb3b4864,0.95,16,ceiling,preload_all,6,5,1,3e-05,0.003,one_missing,1.1817248202837278,1.542819900841872,0.9973877016955952
workload_e091c77c44d152efbb3b4864,0.95,16,floor,preload_all,6,5,1,1e-05,0.003,one_missing,1.0060348687824174,0.7878808615930812,0.989068657910826
workload_e091c77c44d152efbb3b4864,0.95,16,nearest,preload_all,6,6,0,1e-05,0.003,complete,0.9804245505132858,0.32655889738352406,0.985072458354002
workload_e1a1bd8b05abd663046db34a,1.25,1,ceiling,preload_all,6,5,1,3e-05,0.003,one_missing,1.0023428981286637,0.54419829260306,0.9958566816409141
workload_e1a1bd8b05abd663046db34a,1.25,1,floor,preload_all,6,5,1,3e-05,0.003,one_missing,1.028744225192736,0.8862825140625646,0.9980881544385227
workload_e1a1bd8b05abd663046db34a,1.25,1,nearest,preload_all,6,4,2,0.0001,0.003,two_or_more_missing,1.0443904280638143,0.8588643905201558,0.9930479767882446
workload_e1d6d9be3635825a653d8f3a,1.0,16,ceiling,preload_all,6,6,0,1e-05,0.003,complete,0.9874857026457222,0.44103596001040574,0.9955108933965874
workload_e1d6d9be3635825a653d8f3a,1.0,16,floor,preload_all,6,6,0,1e-05,0.003,complete,1.0351476456597013,1.1608176914551718,0.9987280310955442
workload_e1d6d9be3635825a653d8f3a,1.0,16,nearest,preload_all,6,6,0,1e-05,0.003,complete,0.8521592714644637,-0.4537732207324907,0.9584501872064075
workload_e21e1d0bd4ddb57758d99576,1.25,16,ceiling,preload_all,6,6,0,1e-05,0.003,complete,1.0321720234001346,0.7833278821763804,0.9644195951173519
workload_e21e1d0bd4ddb57758d99576,1.25,16,floor,preload_all,6,5,1,3e-05,0.003,one_missing,0.9644719002006724,0.6734256427052634,0.9986343680296831
workload_e21e1d0bd4ddb57758d99576,1.25,16,nearest,preload_all,6,6,0,1e-05,0.003,complete,0.8854394199288976,0.0073240676442111905,0.9959792785695742
workload_e2347d3095e506b7faf9ace2,0.8,16,ceiling,preload_all,6,5,1,1e-05,0.003,one_missing,0.7863669932206095,-1.4160391587837777,0.9625914982583733
workload_e2347d3095e506b7faf9ace2,0.8,16,floor,preload_all,6,5,1,3e-05,0.003,one_missing,0.9225122046147926,0.3517638176082591,0.9982074108289481
workload_e2347d3095e506b7faf9ace2,0.8,16,nearest,preload_all,6,5,1,3e-05,0.003,one_missing,0.9190282647628784,0.0051852705925265015,0.9899960734808144
workload_e2385e2c8ade6d166801f753,0.5,16,ceiling,preload_all,6,4,2,0.0001,0.003,two_or_more_missing,1.1629052606527013,0.7080663770637419,0.991429714106161
workload_e2385e2c8ade6d166801f753,0.5,16,floor,preload_all,6,6,0,1e-05,0.003,complete,0.9769653719058687,0.45272824238597986,0.9995310093159694
workload_e2385e2c8ade6d166801f753,0.5,16,nearest,preload_all,6,6,0,1e-05,0.003,complete,1.015322908797309,0.39330659626797937,0.9723834895095919
workload_e315bfe0306ee9da7150097f,1.1,4,ceiling,preload_all,6,6,0,1e-05,0.003,complete,0.8606368177545906,-0.6102693901688809,0.9681510410639464
workload_e315bfe0306ee9da7150097f,1.1,4,floor,preload_all,6,6,0,1e-05,0.003,complete,0.8950524318819114,0.28862765124731216,0.99926295140065
workload_e315bfe0306ee9da7150097f,1.1,4,nearest,preload_all,6,6,0,1e-05,0.003,complete,0.8255517876317502,-0.4758534164748566,0.9793875988707135
workload_e33593f5859eb9f95c1404e7,1.1,1,ceiling,preload_all,6,4,2,0.0001,0.003,two_or_more_missing,1.0257601720838618,0.4332058734459144,0.9944438887124224
workload_e33593f5859eb9f95c1404e7,1.1,1,floor,preload_all,6,5,1,3e-05,0.003,one_missing,1.177246792860809,1.9253406594273033,0.9952272473009209
workload_e33593f5859eb9f95c1404e7,1.1,1,nearest,preload_all,6,5,1,3e-05,0.003,one_missing,0.9400232873940151,0.17378212733823167,0.9908883207128562
workload_e388979d2389265ca022296c,1.1,16,ceiling,preload_all,6,6,0,1e-05,0.003,complete,0.9075573369320041,-0.11645476934078947,0.9714610105795214
workload_e388979d2389265ca022296c,1.1,16,floor,preload_all,6,6,0,1e-05,0.003,complete,0.8978739581688789,0.33836427623255877,0.998746885029848
workload_e388979d2389265ca022296c,1.1,16,nearest,preload_all,6,6,0,1e-05,0.003,complete,0.9904043609727614,0.7440547786617622,0.9942206651178851
workload_e3c2975a071c7231d4e41934,1.1,8,ceiling,preload_all,6,6,0,1e-05,0.003,complete,0.9078880387513831,-0.14737474616007976,0.9617697665991001
workload_e3c2975a071c7231d4e41934,1.1,8,floor,preload_all,6,6,0,1e-05,0.003,complete,1.1216296386457705,1.753534424523703,0.9659394424203939
workload_e3c2975a071c7231d4e41934,1.1,8,nearest,preload_all,6,6,0,1e-05,0.003,complete,0.8847991579640407,-0.08929539148240974,0.9890591368638502
workload_e4fc646f94bf39187b009035,0.95,4,ceiling,preload_all,6,5,1,3e-05,0.003,one_missing,1.0189221012463836,0.6074486033115556,0.989310847850821
workload_e4fc646f94bf39187b009035,0.95,4,floor,preload_all,6,6,0,1e-05,0.003,complete,1.0120327033468717,1.095900873629445,0.9969972290576468
workload_e4fc646f94bf39187b009035,0.95,4,nearest,preload_all,6,6,0,1e-05,0.003,complete,1.0233787871720479,0.9849345085966299,0.9892806139225816
workload_e4fdf11748174e6a881a7807,0.8,8,ceiling,preload_all,6,5,1,3e-05,0.003,one_missing,0.9511685117669816,-0.08138867059972625,0.9930252602136765
workload_e4fdf11748174e6a881a7807,0.8,8,floor,preload_all,6,5,1,3e-05,0.003,one_missing,1.0759713836226865,1.313286293906397,0.9915038549708052
workload_e4fdf11748174e6a881a7807,0.8,8,nearest,preload_all,6,6,0,1e-05,0.003,complete,1.0015191799848477,0.484893072655441,0.992591891225379
workload_e5437c7d603d529c60e8987c,0.95,1,ceiling,preload_all,6,6,0,1e-05,0.003,complete,0.8763840770112159,-0.7497854069711465,0.9716676125257169
workload_e5437c7d603d529c60e8987c,0.95,1,floor,preload_all,6,6,0,1e-05,0.003,complete,0.7781754171293849,-0.8378921731292813,0.9797962211898094
workload_e5437c7d603d529c60e8987c,0.95,1,nearest,preload_all,6,6,0,1e-05,0.003,complete,0.8005702368865394,-0.9288841743258845,0.985601171056392
workload_e65b291d8235e1c5c4c2800e,1.1,8,ceiling,preload_all,6,5,1,3e-05,0.003,one_missing,1.1048756673008016,1.1003672457454479,0.9733897335134145
workload_e65b291d8235e1c5c4c2800e,1.1,8,floor,preload_all,6,6,0,1e-05,0.003,complete,0.9432471660802801,0.4892986525477839,0.9889334500432128
workload_e65b291d8235e1c5c4c2800e,1.1,8,nearest,preload_all,6,6,0,1e-05,0.003,complete,0.9455548656292074,0.35717686037286933,0.9908417365218368
workload_e660ded48af81b5637a334ec,0.8,4,ceiling,preload_all,6,6,0,1e-05,0.003,complete,0.9723450626596797,-0.18868981680266989,0.960370281449655
workload_e660ded48af81b5637a334ec,0.8,4,floor,preload_all,6,5,1,3e-05,0.003,one_missing,0.9431003524804331,0.4155168143025781,0.9991281838002674
workload_e660ded48af81b5637a334ec,0.8,4,nearest,preload_all,6,6,0,1e-05,0.003,complete,0.9664370653260669,0.22971892276021008,0.9953629784388544
workload_e6d042113809f393eb7d46d9,1.0,16,ceiling,preload_all,6,4,2,0.0001,0.003,two_or_more_missing,0.9921855927641628,0.26681499264248637,0.9988013160852076
workload_e6d042113809f393eb7d46d9,1.0,16,floor,preload_all,6,6,0,1e-05,0.003,complete,0.9535099162058444,0.549409029208377,0.9565664836913049
workload_e6d042113809f393eb7d46d9,1.0,16,nearest,preload_all,6,6,0,1e-05,0.003,complete,1.0799035155568877,1.1392811511446774,0.9676092860691202
workload_e70250a92810fb483ff595bc,0.5,4,ceiling,preload_all,6,5,1,1e-05,0.003,one_missing,0.8176311915494542,-1.6435011911361,0.9638748794714463
workload_e70250a92810fb483ff595bc,0.5,4,floor,preload_all,6,5,1,3e-05,0.003,one_missing,1.2112263197731246,1.8653256567041054,0.9938863434402816
workload_e70250a92810fb483ff595bc,0.5,4,nearest,preload_all,6,4,2,0.0001,0.003,two_or_more_missing,1.3282713052596573,2.241379704093559,0.995484541434565
workload_e77b7efca87586d7a4a35818,1.1,1,ceiling,preload_all,6,6,0,1e-05,0.003,complete,0.9752069684283219,0.16228527977960872,0.9681894589985021
workload_e77b7efca87586d7a4a35818,1.1,1,floor,preload_all,6,6,0,1e-05,0.003,complete,1.050733557564693,0.8017970533008894,0.9354811357265882
workload_e77b7efca87586d7a4a35818,1.1,1,nearest,preload_all,6,5,1,3e-05,0.003,one_missing,1.0490713979085826,0.7308670367619468,0.9727641369298258
workload_e824318bce554ef182f5e277,0.5,16,ceiling,preload_all,6,6,0,1e-05,0.003,complete,0.8614315512976395,-1.3066815140133081,0.9704005729090751
workload_e824318bce554ef182f5e277,0.5,16,floor,preload_all,6,6,0,1e-05,0.003,complete,0.9330608476989547,0.07924081972819665,0.9891194068077254
workload_e824318bce554ef182f5e277,0.5,16,nearest,preload_all,6,5,1,3e-05,0.003,one_missing,0.9238657714721582,-0.21702231920882858,0.9798593057809362
workload_e840bf70696954322c023832,1.25,4,ceiling,preload_all,6,5,1,1e-05,0.003,one_missing,0.9579275431303778,0.21328034372408744,0.9940727691410595
workload_e840bf70696954322c023832,1.25,4,floor,preload_all,6,6,0,1e-05,0.003,complete,0.9971278764307333,1.0198742703949222,0.9914642303043867
workload_e840bf70696954322c023832,1.25,4,nearest,preload_all,6,5,1,3e-05,0.003,one_missing,1.0693828143703812,1.264420301661523,0.9971169988440586
workload_e99bc94ec0ecdb6e8b1359e6,1.1,1,ceiling,preload_all,6,5,1,3e-05,0.003,one_missing,1.106788169985496,1.0348918478024929,0.9998270372712509
workload_e99bc94ec0ecdb6e8b1359e6,1.1,1,floor,preload_all,6,5,1,3e-05,0.003,one_missing,1.3606350165579808,3.1660265861109598,0.9239231574572428
workload_e99bc94ec0ecdb6e8b1359e6,1.1,1,nearest,preload_all,6,4,2,0.0001,0.003,two_or_more_missing,1.2576741267329827,2.4487446750374824,0.9752902916896596
workload_ea42170a2bd6dcb691b432ee,0.8,16,ceiling,preload_all,6,6,0,1e-05,0.003,complete,0.930055010721437,-0.35362451124832084,0.990686804485122
workload_ea42170a2bd6dcb691b432ee,0.8,16,floor,preload_all,6,6,0,1e-05,0.003,complete,1.048363445676387,1.1269350984607833,0.9931142559607287
workload_ea42170a2bd6dcb691b432ee,0.8,16,nearest,preload_all,6,6,0,1e-05,0.003,complete,0.9848086337423885,0.5318810958536283,0.9987362032669194
workload_ea55e2b68640b2dc9ae2a18d,1.25,16,ceiling,preload_all,6,6,0,1e-05,0.003,complete,0.8379432411512163,-0.4357698772804846,0.9851707107906746
workload_ea55e2b68640b2dc9ae2a18d,1.25,16,floor,preload_all,6,6,0,1e-05,0.003,complete,0.9263739312068987,0.44627838029650263,0.9939142771940727
workload_ea55e2b68640b2dc9ae2a18d,1.25,16,nearest,preload_all,6,6,0,1e-05,0.003,complete,1.011738903696533,0.8894548140317006,0.9321119785294691
workload_ea59da682b43475d4f521956,1.25,1,ceiling,preload_all,6,4,2,0.0001,0.003,two_or_more_missing,1.1264917793339078,1.3140635416639481,0.9986163562250624
workload_ea59da682b43475d4f521956,1.25,1,floor,preload_all,6,4,2,0.0001,0.003,two_or_more_missing,1.0350283423315774,1.0565896744473107,0.9957176289276811
workload_ea59da682b43475d4f521956,1.25,1,nearest,preload_all,6,5,1,3e-05,0.003,one_missing,1.0972819315183941,1.3493462583445726,0.9707768367194863
workload_ec7f178bafd06874259b2a31,1.0,1,ceiling,preload_all,6,5,1,3e-05,0.003,one_missing,1.100315797901578,0.6836762414973747,0.9856891195758735
workload_ec7f178bafd06874259b2a31,1.0,1,floor,preload_all,6,6,0,1e-05,0.003,complete,0.8159813604026991,-0.7055507403255217,0.9783454597360698
workload_ec7f178bafd06874259b2a31,1.0,1,nearest,preload_all,6,6,0,1e-05,0.003,complete,0.9834820430619123,0.24942281821642634,0.9712248013217059
workload_ec9ae9285689e0d99c1a10d4,1.1,8,ceiling,preload_all,6,5,1,3e-05,0.003,one_missing,0.882143886445632,-0.229789319041051,0.9987547955922934
workload_ec9ae9285689e0d99c1a10d4,1.1,8,floor,preload_all,6,6,0,1e-05,0.003,complete,0.9055333242577934,0.3456176290073336,0.9994197707268451
workload_ec9ae9285689e0d99c1a10d4,1.1,8,nearest,preload_all,6,6,0,1e-05,0.003,complete,0.905311976434542,0.06058705297862122,0.9864843810137158
workload_ed78ce776a0879c15c743592,1.25,4,ceiling,preload_all,6,4,2,0.0001,0.003,two_or_more_missing,1.0004997194002174,0.5792191365309515,0.9957097346980887
workload_ed78ce776a0879c15c743592,1.25,4,floor,preload_all,6,6,0,1e-05,0.003,complete,1.1058220418307172,1.5753426828938324,0.9725801713369693
workload_ed78ce776a0879c15c743592,1.25,4,nearest,preload_all,6,5,1,3e-05,0.003,one_missing,1.1964185780842977,2.109265528291516,0.9872087789151166
workload_ee32d837024069b89ca26af8,1.25,16,ceiling,preload_all,6,5,1,3e-05,0.003,one_missing,1.0392895288802524,0.7773103768326584,0.9905129334102504
workload_ee32d837024069b89ca26af8,1.25,16,floor,preload_all,6,6,0,1e-05,0.003,complete,1.0305782856531098,1.2320226785252275,0.9947399935461791
workload_ee32d837024069b89ca26af8,1.25,16,nearest,preload_all,6,5,1,3e-05,0.003,one_missing,0.9991189101015326,0.7970092545461493,0.9999217634045942
workload_ee4cacde15b05ac03df90998,1.0,8,ceiling,preload_all,6,5,1,3e-05,0.003,one_missing,1.177853158347466,1.5379467200057277,0.9973038662652187
workload_ee4cacde15b05ac03df90998,1.0,8,floor,preload_all,6,5,1,3e-05,0.003,one_missing,1.1183127139054527,1.772459450711004,0.9906289035121
workload_ee4cacde15b05ac03df90998,1.0,8,nearest,preload_all,6,5,1,3e-05,0.003,one_missing,1.1576434388029313,1.5815611656120008,0.968940271481955
workload_ef057b886d14e70a439b085a,0.5,4,ceiling,preload_all,6,4,2,0.0001,0.003,two_or_more_missing,0.9483886852652123,-0.6160270700626477,0.9862178419906715
workload_ef057b886d14e70a439b085a,0.5,4,floor,preload_all,6,6,0,1e-05,0.003,complete,0.9971915300214077,0.5068836898719717,0.995760692680829
workload_ef057b886d14e70a439b085a,0.5,4,nearest,preload_all,6,5,1,3e-05,0.003,one_missing,0.951206916889565,-0.09933876284160342,0.9644903066233149
workload_ef3b2500cd25920a6e34c57d,0.95,4,ceiling,preload_all,6,6,0,1e-05,0.003,complete,0.9249730192348403,-0.1561931821461398,0.9878880606785044
workload_ef3b2500cd25920a6e34c57d,0.95,4,floor,preload_all,6,5,1,3e-05,0.003,one_missing,1.2024414896634867,2.2767948669794476,0.9684420759070492
workload_ef3b2500cd25920a6e34c57d,0.95,4,nearest,preload_all,6,5,1,3e-05,0.003,one_missing,1.2228382072369062,2.0931429275573286,0.9888285357099416
workload_ef5f5940d417d752bc715cb3,1.25,1,ceiling,preload_all,6,5,1,3e-05,0.003,one_missing,0.9835190342648156,0.018763210825668404,0.9643163308119459
workload_ef5f5940d417d752bc715cb3,1.25,1,floor,preload_all,6,5,1,3e-05,0.003,one_missing,0.9433062475272883,0.24698693640882208,0.9914534629674323
workload_ef5f5940d417d752bc715cb3,1.25,1,nearest,preload_all,6,5,1,3e-05,0.003,one_missing,0.9679563027330215,0.15769362843562615,0.9965832816410446
workload_effab509361d0b090c7a247a,1.1,4,ceiling,preload_all,6,5,1,3e-05,0.003,one_missing,1.1021552940206338,1.185533323421658,0.9744068288384327
workload_effab509361d0b090c7a247a,1.1,4,floor,preload_all,6,6,0,1e-05,0.003,complete,1.0464667254725477,1.2115341588900956,0.9942681772490404
workload_effab509361d0b090c7a247a,1.1,4,nearest,preload_all,6,6,0,1e-05,0.003,complete,1.0584485198393536,1.0747760096496477,0.9674709029034273
workload_f00640a5392040896ea80cd0,1.25,1,ceiling,preload_all,6,5,1,3e-05,0.003,one_missing,0.9638957604691364,0.41318899584533125,0.9933368291117405
workload_f00640a5392040896ea80cd0,1.25,1,floor,preload_all,6,5,1,3e-05,0.003,one_missing,0.8059002675341512,-0.44053188541071187,0.9934935339805666
workload_f00640a5392040896ea80cd0,1.25,1,nearest,preload_all,6,5,1,3e-05,0.003,one_missing,0.9975805340639516,0.8675442393653316,0.982172695159243
workload_f05d01c53d52f6cb5b943e0c,0.5,16,ceiling,preload_all,6,5,1,3e-05,0.003,one_missing,0.9947041513316078,-0.41023405231857657,0.996235340371023
workload_f05d01c53d52f6cb5b943e0c,0.5,16,floor,preload_all,6,6,0,1e-05,0.003,complete,0.8624562357300704,-0.4494970325967524,0.944707609051546
workload_f05d01c53d52f6cb5b943e0c,0.5,16,nearest,preload_all,6,6,0,1e-05,0.003,complete,0.93473797415859,-0.13031077791891074,0.9907439061257473
workload_f060a52ac90d1f7181115786,1.0,8,ceiling,preload_all,6,5,1,1e-05,0.003,one_missing,0.9103459976845859,-0.3859290765069745,0.9875133117529235
workload_f060a52ac90d1f7181115786,1.0,8,floor,preload_all,6,6,0,1e-05,0.003,complete,0.9875848068979158,0.7204386615673015,0.9830789787970756
workload_f060a52ac90d1f7181115786,1.0,8,nearest,preload_all,6,6,0,1e-05,0.003,complete,0.9410931474592865,0.2654601519285903,0.9896213973146193
workload_f0690a9c0097804e3b380aab,0.95,4,ceiling,preload_all,6,6,0,1e-05,0.003,complete,0.7973257046168917,-1.1230359908542422,0.9302682504651735
workload_f0690a9c0097804e3b380aab,0.95,4,floor,preload_all,6,6,0,1e-05,0.003,complete,0.8817385619401018,-0.03400573843341098,0.9900157231977049
workload_f0690a9c0097804e3b380aab,0.95,4,nearest,preload_all,6,6,0,1e-05,0.003,complete,0.6931324203031958,-1.5330626677730297,0.9600189551760028
workload_f0a66dfae60fa4de47cb990b,0.5,1,ceiling,preload_all,6,4,2,0.0001,0.003,two_or_more_missing,1.0279284290951398,-0.32667893379875385,0.9693908713218028
workload_f0a66dfae60fa4de47cb990b,0.5,1,floor,preload_all,6,6,0,1e-05,0.003,complete,1.002208421908305,0.42006897464774445,0.9717862753153679
workload_f0a66dfae60fa4de47cb990b,0.5,1,nearest,preload_all,6,5,1,3e-05,0.003,one_missing,0.9328158663892094,-0.344811820643567,0.9968599178918891
workload_f1151dd132786df174f7bb7a,0.95,1,ceiling,preload_all,6,4,2,0.0001,0.003,two_or_more_missing,1.0898054919888596,0.8662250735057764,0.9695024114082132
workload_f1151dd132786df174f7bb7a,0.95,1,floor,preload_all,6,5,1,3e-05,0.003,one_missing,1.2327086844562254,2.2623714219142275,0.9833874328323422
workload_f1151dd132786df174f7bb7a,0.95,1,nearest,preload_all,6,4,2,0.0001,0.003,two_or_more_missing,0.9993822791095542,0.46303319365439743,0.9996074575046473
workload_f117939f55bb9071e8ed541c,0.95,8,ceiling,preload_all,6,6,0,1e-05,0.003,complete,1.011089821638495,0.24765365775484563,0.967178504292744
workload_f117939f55bb9071e8ed541c,0.95,8,floor,preload_all,6,6,0,1e-05,0.003,complete,1.0814033607885574,1.2929332019508344,0.9719430237548392
workload_f117939f55bb9071e8ed541c,0.95,8,nearest,preload_all,6,5,1,3e-05,0.003,one_missing,1.2934252261098667,2.441315461013773,0.9747351903768879
workload_f19f4b390f3d03637d246ffe,0.95,16,ceiling,preload_all,6,6,0,1e-05,0.003,complete,0.8600441881440481,-0.6130753221793027,0.9729215720176558
workload_f19f4b390f3d03637d246ffe,0.95,16,floor,preload_all,6,6,0,1e-05,0.003,complete,0.8851553760844073,0.06563759949386502,0.9856834244487782
workload_f19f4b390f3d03637d246ffe,0.95,16,nearest,preload_all,6,6,0,1e-05,0.003,complete,0.8748643586342867,-0.15253140613342067,0.9924213278832548
workload_f1eff23370758d44eeb6712e,0.8,8,ceiling,preload_all,6,6,0,1e-05,0.003,complete,0.763380291711759,-1.5765820500618,0.9301450016375771
workload_f1eff23370758d44eeb6712e,0.8,8,floor,preload_all,6,6,0,1e-05,0.003,complete,0.8612247881104049,-0.18393677084958843,0.9803732928671022
workload_f1eff23370758d44eeb6712e,0.8,8,nearest,preload_all,6,6,0,1e-05,0.003,complete,0.9377518182128033,0.1580058182603551,0.9965959390081108
workload_f330deed94834ad5ca42ae92,0.5,1,ceiling,preload_all,6,4,2,0.0001,0.003,two_or_more_missing,1.031439215185132,-0.1822730833795713,0.9806516447010846
workload_f330deed94834ad5ca42ae92,0.5,1,floor,preload_all,6,6,0,1e-05,0.003,complete,0.9180561001794937,-0.09003692964862883,0.9973865293652234
workload_f330deed94834ad5ca42ae92,0.5,1,nearest,preload_all,6,5,1,3e-05,0.003,one_missing,0.9097344155826821,-0.40789084218693294,0.9966470976181466
workload_f504d30cca8df24abeffc6ac,0.8,1,ceiling,preload_all,6,5,1,3e-05,0.003,one_missing,0.9643442504035553,-0.42319743655139946,0.9319338001386721
workload_f504d30cca8df24abeffc6ac,0.8,1,floor,preload_all,6,6,0,1e-05,0.003,complete,0.9370517171518031,-0.007972679674663157,0.9933517307344899
workload_f504d30cca8df24abeffc6ac,0.8,1,nearest,preload_all,6,5,1,3e-05,0.003,one_missing,1.1001545231440293,0.7472553934525117,0.9954159685253859
workload_f5594a86b6ea0bb2b4a2cc88,1.1,16,ceiling,preload_all,6,6,0,1e-05,0.003,complete,0.879429812023996,-0.3031405123479824,0.9784173444199328
workload_f5594a86b6ea0bb2b4a2cc88,1.1,16,floor,preload_all,6,6,0,1e-05,0.003,complete,1.0552174545655557,1.3027527492589264,0.9887173927689933
workload_f5594a86b6ea0bb2b4a2cc88,1.1,16,nearest,preload_all,6,6,0,1e-05,0.003,complete,0.9409842237030602,0.29420249699903717,0.9733320588599134
workload_f5c8e87be1b3403e8b7d8647,1.25,8,ceiling,preload_all,6,5,1,3e-05,0.003,one_missing,1.1814097824716592,1.746615596425841,0.9952445164594558
workload_f5c8e87be1b3403e8b7d8647,1.25,8,floor,preload_all,6,6,0,1e-05,0.003,complete,1.1281601661950327,1.8436307012618327,0.9698875815545325
workload_f5c8e87be1b3403e8b7d8647,1.25,8,nearest,preload_all,6,6,0,1e-05,0.003,complete,0.8933694051571334,-0.020228923845690572,0.9789795859317173
workload_f5e8548563650bbfe5c59d7a,1.25,8,ceiling,preload_all,6,5,1,3e-05,0.003,one_missing,1.1699466387738477,1.8040485655530647,0.98457790214427
workload_f5e8548563650bbfe5c59d7a,1.25,8,floor,preload_all,6,5,1,1e-05,0.003,one_missing,1.0095983350959568,0.8662645054303663,0.9968273086148248
workload_f5e8548563650bbfe5c59d7a,1.25,8,nearest,preload_all,6,5,1,3e-05,0.003,one_missing,1.0768948982717905,1.0869224162315667,0.9451671034498463
workload_f638dba4088cf4220e67127f,0.95,16,ceiling,preload_all,6,6,0,1e-05,0.003,complete,0.9601193070592439,0.04765448978088056,0.9953708214435063
workload_f638dba4088cf4220e67127f,0.95,16,floor,preload_all,6,6,0,1e-05,0.003,complete,0.9272437719424882,0.30006394525378216,0.9873874454439998
workload_f638dba4088cf4220e67127f,0.95,16,nearest,preload_all,6,5,1,3e-05,0.003,one_missing,0.8846272821248647,-0.107279226419707,0.9926672776367473
workload_f63e2b9b0654334af94d3a45,1.0,16,ceiling,preload_all,6,6,0,1e-05,0.003,complete,0.8887397630810703,-0.309611276238307,0.9697855758373727
workload_f63e2b9b0654334af94d3a45,1.0,16,floor,preload_all,6,6,0,1e-05,0.003,complete,1.074379487069188,1.3862922328733644,0.9929271620599325
workload_f63e2b9b0654334af94d3a45,1.0,16,nearest,preload_all,6,6,0,1e-05,0.003,complete,0.9954413239965887,0.5988905163512689,0.9973996477894044
workload_f63f98e7ce00f42601af6d98,1.25,16,ceiling,preload_all,6,5,1,3e-05,0.003,one_missing,1.0243227547017535,0.7675515403629248,0.9908918445075073
workload_f63f98e7ce00f42601af6d98,1.25,16,floor,preload_all,6,6,0,1e-05,0.003,complete,0.9034280250301082,0.3902568565711689,0.9261426867053131
workload_f63f98e7ce00f42601af6d98,1.25,16,nearest,preload_all,6,5,1,3e-05,0.003,one_missing,1.0406020878268063,1.1676089883921112,0.9936992794160037
workload_f661841e97993128b2567b1f,1.1,4,ceiling,preload_all,6,5,1,3e-05,0.003,one_missing,1.1441662703057007,1.3969688760656,0.9945773455254941
workload_f661841e97993128b2567b1f,1.1,4,floor,preload_all,6,6,0,1e-05,0.003,complete,0.8908308397948479,0.12836103504559995,0.9935088211960496
workload_f661841e97993128b2567b1f,1.1,4,nearest,preload_all,6,6,0,1e-05,0.003,complete,0.973454131323271,0.35289757908234154,0.9849559184009643
workload_f697a145fb4ef9c8cbf7cfbe,1.1,8,ceiling,preload_all,6,6,0,1e-05,0.003,complete,1.016686068537569,0.4413650313825732,0.9722056095553289
workload_f697a145fb4ef9c8cbf7cfbe,1.1,8,floor,preload_all,6,5,1,3e-05,0.003,one_missing,1.048388971385426,1.2139857858615883,0.9763194317328441
workload_f697a145fb4ef9c8cbf7cfbe,1.1,8,nearest,preload_all,6,5,1,3e-05,0.003,one_missing,1.16413073122163,1.8271205378116266,0.972646530079955
workload_f6b0f5279ae8af77fd7dc74d,0.95,16,ceiling,preload_all,6,5,1,3e-05,0.003,one_missing,0.9437791171741682,-0.09231390466464853,0.9897392371028081
workload_f6b0f5279ae8af77fd7dc74d,0.95,16,floor,preload_all,6,6,0,1e-05,0.003,complete,0.9938304357460559,0.6926635246203525,0.9949966604880209
workload_f6b0f5279ae8af77fd7dc74d,0.95,16,nearest,preload_all,6,5,1,3e-05,0.003,one_missing,1.230456879662201,2.0501853521375915,0.9937620146227345
workload_f81b7b1183f6aa77a50c243b,0.8,1,ceiling,preload_all,6,4,2,0.0001,0.003,two_or_more_missing,0.8731449238476476,-0.8556064129098606,0.9973989717260001
workload_f81b7b1183f6aa77a50c243b,0.8,1,floor,preload_all,6,5,1,3e-05,0.003,one_missing,0.971190346360971,0.487486524885445,0.986611987280986
workload_f81b7b1183f6aa77a50c243b,0.8,1,nearest,preload_all,6,5,1,3e-05,0.003,one_missing,1.0510834178168804,0.7915637922029448,0.9686396668242205
workload_f839f3dbc73b1a653d09f354,1.0,4,ceiling,preload_all,6,4,2,0.0001,0.003,two_or_more_missing,1.0065752709243234,0.6002995397751016,0.9949612076494314
workload_f839f3dbc73b1a653d09f354,1.0,4,floor,preload_all,6,5,1,3e-05,0.003,one_missing,1.0311666795896166,1.0568524297193391,0.998898283901298
workload_f839f3dbc73b1a653d09f354,1.0,4,nearest,preload_all,6,6,0,1e-05,0.003,complete,1.0363324153832212,0.735712465228583,0.9701264069069754
workload_f883b5b7677e5b6387d697ef,0.8,1,ceiling,preload_all,6,4,2,0.0001,0.003,two_or_more_missing,0.8712586854868819,-0.8531927708850094,0.9922793127342528
workload_f883b5b7677e5b6387d697ef,0.8,1,floor,preload_all,6,6,0,1e-05,0.003,complete,0.9678265776654716,0.33633533772244717,0.9932055161788653
workload_f883b5b7677e5b6387d697ef,0.8,1,nearest,preload_all,6,6,0,1e-05,0.003,complete,0.8603610796690027,-0.745713675756841,0.9845659816253998
workload_f930eda663ff22f86fe611ee,1.25,1,ceiling,preload_all,6,6,0,1e-05,0.003,complete,0.6652502883642794,-1.8456288548804,0.9491075452414797
workload_f930eda663ff22f86fe611ee,1.25,1,floor,preload_all,6,6,0,1e-05,0.003,complete,0.7007640619014335,-1.2611350158784438,0.9546722698555098
workload_f930eda663ff22f86fe611ee,1.25,1,nearest,preload_all,6,6,0,1e-05,0.003,complete,0.7781696888168699,-0.8085726090054961,0.9925916514223966
workload_f951b1400d5317bfacb2f651,1.0,1,ceiling,preload_all,6,5,1,3e-05,0.003,one_missing,0.9039376355314883,-0.24449992922562452,0.9848625400465448
workload_f951b1400d5317bfacb2f651,1.0,1,floor,preload_all,6,6,0,1e-05,0.003,complete,0.9287061730951269,0.3123650400785675,0.9955850828003212
workload_f951b1400d5317bfacb2f651,1.0,1,nearest,preload_all,6,5,1,3e-05,0.003,one_missing,1.0130310265016922,0.7868805351945275,0.9950516894632537
workload_f96cc108bd0e9f6e7f064c30,1.25,1,ceiling,preload_all,6,4,2,0.0001,0.003,two_or_more_missing,1.1830922287687629,1.6493255402738425,0.9917290890748456
workload_f96cc108bd0e9f6e7f064c30,1.25,1,floor,preload_all,6,6,0,1e-05,0.003,complete,0.9920962974436308,0.6716379945122128,0.9928082808860396
workload_f96cc108bd0e9f6e7f064c30,1.25,1,nearest,preload_all,6,5,1,3e-05,0.003,one_missing,1.1726389281856073,1.7925367571831754,0.9940578893743637
workload_fa07108101ae8ec87d7daa64,1.0,16,ceiling,preload_all,6,6,0,1e-05,0.003,complete,0.9593925061709891,0.17325317981050392,0.9937170701916804
workload_fa07108101ae8ec87d7daa64,1.0,16,floor,preload_all,6,6,0,1e-05,0.003,complete,1.05541810127963,1.2870700421238461,0.9983561350291543
workload_fa07108101ae8ec87d7daa64,1.0,16,nearest,preload_all,6,5,1,3e-05,0.003,one_missing,0.9159253658097548,0.2012906527249209,0.9942937512142545
workload_fa56e566db363ee602383202,0.95,4,ceiling,preload_all,6,6,0,1e-05,0.003,complete,0.9868113912374669,0.2660937169769264,0.9673316763415566
workload_fa56e566db363ee602383202,0.95,4,floor,preload_all,6,6,0,1e-05,0.003,complete,1.0273949253208965,1.023656571231196,0.9893639298612876
workload_fa56e566db363ee602383202,0.95,4,nearest,preload_all,6,6,0,1e-05,0.003,complete,1.0775839268539198,1.10078579875298,0.9688186976393406
workload_fa7ce96438f81436ae69e1be,0.95,1,ceiling,preload_all,6,4,2,0.0001,0.003,two_or_more_missing,1.0199423758318833,0.3815268590837212,0.9937906453902328
workload_fa7ce96438f81436ae69e1be,0.95,1,floor,preload_all,6,5,1,3e-05,0.003,one_missing,1.1939861761090391,1.8478782890167065,0.988836292443318
workload_fa7ce96438f81436ae69e1be,0.95,1,nearest,preload_all,6,5,1,3e-05,0.003,one_missing,1.1123078856856587,1.138394238518721,0.9968043986885511
workload_fa7e36a743348f107ee8c5c9,0.95,1,ceiling,preload_all,6,6,0,1e-05,0.003,complete,0.8712070639714473,-0.7355117650225228,0.9898004465137524
workload_fa7e36a743348f107ee8c5c9,0.95,1,floor,preload_all,6,5,1,3e-05,0.003,one_missing,0.8397727664952328,-0.3711625492724871,0.9897620274070112
workload_fa7e36a743348f107ee8c5c9,0.95,1,nearest,preload_all,6,5,1,3e-05,0.003,one_missing,0.9349425507958896,0.04291038148913376,0.9826251254325238
workload_fab61fd4387fe746b8dafd1b,1.1,8,ceiling,preload_all,6,6,0,1e-05,0.003,complete,0.8473366976714362,-0.5780431239450338,0.9761259006566076
workload_fab61fd4387fe746b8dafd1b,1.1,8,floor,preload_all,6,6,0,1e-05,0.003,complete,0.8603910260109008,-0.03266416050659598,0.973172331573224
workload_fab61fd4387fe746b8dafd1b,1.1,8,nearest,preload_all,6,6,0,1e-05,0.003,complete,0.9369786960663461,0.22085400056559892,0.9696858139946318
workload_fb57babe2674c97c397816ae,1.25,4,ceiling,preload_all,6,6,0,1e-05,0.003,complete,1.0226511832132654,0.7290824398076787,0.967568464178017
workload_fb57babe2674c97c397816ae,1.25,4,floor,preload_all,6,6,0,1e-05,0.003,complete,0.8895655624822199,0.19926033298913834,0.994110689416545
workload_fb57babe2674c97c397816ae,1.25,4,nearest,preload_all,6,5,1,3e-05,0.003,one_missing,0.8900800704435796,0.1453869482020355,0.9983032276093899
workload_fbf43d84dee0c15882f91d21,1.0,4,ceiling,preload_all,6,5,1,3e-05,0.003,one_missing,0.9110913198046257,-0.28860394823894897,0.9844802787105751
workload_fbf43d84dee0c15882f91d21,1.0,4,floor,preload_all,6,4,2,0.0001,0.003,two_or_more_missing,0.9961800182975674,0.8564299461214383,0.9999595587212795
workload_fbf43d84dee0c15882f91d21,1.0,4,nearest,preload_all,6,5,1,1e-05,0.003,one_missing,0.9766761237064887,0.39022868212457035,0.996056817002123
workload_fbfae195c32a4a4398a102e1,0.8,1,ceiling,preload_all,6,5,1,3e-05,0.003,one_missing,1.0741585346902005,0.6588080725813121,0.9989562894589282
workload_fbfae195c32a4a4398a102e1,0.8,1,floor,preload_all,6,5,1,3e-05,0.003,one_missing,0.9781356172976882,0.5448355974963522,0.9878503180300252
workload_fbfae195c32a4a4398a102e1,0.8,1,nearest,preload_all,6,5,1,3e-05,0.003,one_missing,1.157468874116969,1.3302992440708559,0.9693724431889607
workload_fc27c49a180c793ea3cf8f38,1.0,1,ceiling,preload_all,6,5,1,3e-05,0.003,one_missing,1.1701052930859421,1.1455033528346137,0.9394090780394161
workload_fc27c49a180c793ea3cf8f38,1.0,1,floor,preload_all,6,6,0,1e-05,0.003,complete,0.9397850211380827,0.28431605017914335,0.999383416670675
workload_fc27c49a180c793ea3cf8f38,1.0,1,nearest,preload_all,6,6,0,1e-05,0.003,complete,0.960288347883479,0.10896440237537529,0.9711634108798715
workload_fc3a6c2e1d0de1eabf3712ac,1.1,16,ceiling,preload_all,6,5,1,1e-05,0.003,one_missing,0.9449849037590587,0.07154074615241789,0.9994542341197955
workload_fc3a6c2e1d0de1eabf3712ac,1.1,16,floor,preload_all,6,4,2,0.0001,0.003,two_or_more_missing,1.0580043424326584,1.2974325492371799,0.9926455161553102
workload_fc3a6c2e1d0de1eabf3712ac,1.1,16,nearest,preload_all,6,5,1,3e-05,0.003,one_missing,1.072940359528124,1.231264769682802,0.9961819391958006
workload_fca84b0cb09c745c07fcef5e,0.5,4,ceiling,preload_all,6,4,2,0.0001,0.003,two_or_more_missing,0.9575275883177901,-0.6779522805793421,0.9732881798799011
workload_fca84b0cb09c745c07fcef5e,0.5,4,floor,preload_all,6,5,1,3e-05,0.003,one_missing,1.2008554403909457,1.8160623831962062,0.997393307767737
workload_fca84b0cb09c745c07fcef5e,0.5,4,nearest,preload_all,6,4,2,0.0001,0.003,two_or_more_missing,1.175582558706084,1.2261944713901565,0.9930197972742237
workload_fcf656c6c2924d5afd87e50d,0.8,4,ceiling,preload_all,6,4,2,0.0001,0.003,two_or_more_missing,0.9026404881485234,-0.6920511494037535,0.9769004251486396
workload_fcf656c6c2924d5afd87e50d,0.8,4,floor,preload_all,6,4,2,0.0001,0.003,two_or_more_missing,1.047330895319085,0.9899036124607816,0.999482584764572
workload_fcf656c6c2924d5afd87e50d,0.8,4,nearest,preload_all,6,5,1,3e-05,0.003,one_missing,0.9751474143488184,0.13586252713481253,0.9672510834834119
workload_fd0c8bd30c0570c8025b8f38,0.8,16,ceiling,preload_all,6,6,0,1e-05,0.003,complete,0.8857562371705435,-0.5786184236785361,0.9975499339290025
workload_fd0c8bd30c0570c8025b8f38,0.8,16,floor,preload_all,6,6,0,1e-05,0.003,complete,1.0113184274980829,0.8405623348433788,0.998184390937597
workload_fd0c8bd30c0570c8025b8f38,0.8,16,nearest,preload_all,6,6,0,1e-05,0.003,complete,1.0437278411146043,0.666737424002202,0.9687637581646078
workload_fd7a6446b535ad58506c3793,0.95,1,ceiling,preload_all,6,5,1,3e-05,0.003,one_missing,0.7896554055887287,-0.9899723091197018,0.9742372448376245
workload_fd7a6446b535ad58506c3793,0.95,1,floor,preload_all,6,5,1,3e-05,0.003,one_missing,0.8656678572188122,-0.21302101334688664,0.9937227395380652
workload_fd7a6446b535ad58506c3793,0.95,1,nearest,preload_all,6,6,0,1e-05,0.003,complete,0.9309013098996463,0.14446022704105416,0.988177777612173
workload_fd844956691efa2cb37aa84e,1.1,1,ceiling,preload_all,6,6,0,1e-05,0.003,complete,0.7610975006228746,-1.3850511232205158,0.9748207810648054
workload_fd844956691efa2cb37aa84e,1.1,1,floor,preload_all,6,6,0,1e-05,0.003,complete,0.8243854371673082,-0.571656926572016,0.9841052268195639
workload_fd844956691efa2cb37aa84e,1.1,1,nearest,preload_all,6,6,0,1e-05,0.003,complete,0.9395587453190257,0.0570172807716635,0.9889451923437691
workload_fda4aabf0d64beaadd083a39,1.25,8,ceiling,preload_all,6,5,1,3e-05,0.003,one_missing,1.03049646524485,0.6156880251918734,0.9806749659461252
workload_fda4aabf0d64beaadd083a39,1.25,8,floor,preload_all,6,6,0,1e-05,0.003,complete,0.940721878370546,0.4010065325109509,0.9793930155345221
workload_fda4aabf0d64beaadd083a39,1.25,8,nearest,preload_all,6,6,0,1e-05,0.003,complete,0.963422682560014,0.2794230840300846,0.9911259635400489
workload_fdcec0b28e4abbf9b097aedf,1.0,1,ceiling,preload_all,6,6,0,1e-05,0.003,complete,0.8622766758159353,-0.5974238925658542,0.9962978452504495
workload_fdcec0b28e4abbf9b097aedf,1.0,1,floor,preload_all,6,6,0,1e-05,0.003,complete,0.9417753377900643,0.3316929037115191,0.9993938277219394
workload_fdcec0b28e4abbf9b097aedf,1.0,1,nearest,preload_all,6,6,0,1e-05,0.003,complete,0.9956847001991435,0.4697643707037972,0.9703292040257763
workload_fddfc43117cf31e8811e87b5,1.25,16,ceiling,preload_all,6,5,1,3e-05,0.003,one_missing,0.9955128641656789,0.5836388888283466,0.989229343581803
workload_fddfc43117cf31e8811e87b5,1.25,16,floor,preload_all,6,6,0,1e-05,0.003,complete,0.9812059364465461,1.0006728960594138,0.9836259282778023
workload_fddfc43117cf31e8811e87b5,1.25,16,nearest,preload_all,6,5,1,3e-05,0.003,one_missing,0.934928385012303,0.4516159203670614,0.9793021957878185
workload_fded5d11dce09dfe50bb0148,0.5,8,ceiling,preload_all,6,5,1,1e-05,0.003,one_missing,0.8832560888114158,-1.1027364926932217,0.9340620546814944
workload_fded5d11dce09dfe50bb0148,0.5,8,floor,preload_all,6,6,0,1e-05,0.003,complete,0.9179432858097843,-0.09333942556602425,0.9695779108890612
workload_fded5d11dce09dfe50bb0148,0.5,8,nearest,preload_all,6,6,0,1e-05,0.003,complete,0.7877712278379215,-1.2537994650574702,0.9875280934500572
workload_ff91ebe7160799ed16644fdb,0.5,1,ceiling,preload_all,6,5,1,3e-05,0.003,one_missing,0.9569676373557252,-0.4881072147678571,0.9894807272742624
workload_ff91ebe7160799ed16644fdb,0.5,1,floor,preload_all,6,5,1,3e-05,0.003,one_missing,0.9058458129353532,-0.21741644371782679,0.9962614857672698
workload_ff91ebe7160799ed16644fdb,0.5,1,nearest,preload_all,6,5,1,3e-05,0.003,one_missing,1.0246263182061561,0.4244231822544583,0.9709359944569681
workload_ffd387c3aba701556be5915f,0.95,16,ceiling,preload_all,6,6,0,1e-05,0.003,complete,0.9558206979818747,0.04344637946677625,0.9962327053815283
workload_ffd387c3aba701556be5915f,0.95,16,floor,preload_all,6,6,0,1e-05,0.003,complete,0.9629920330546622,0.5586262295504982,0.992253554732951
workload_ffd387c3aba701556be5915f,0.95,16,nearest,preload_all,6,6,0,1e-05,0.003,complete,0.9584555530239594,0.19355961137324332,0.9779006947573418
workload_ffde6a454611bc9f0beb4141,1.25,1,ceiling,preload_all,6,6,0,1e-05,0.003,complete,0.9772009345276051,0.20100809893512223,0.969201403519
workload_ffde6a454611bc9f0beb4141,1.25,1,floor,preload_all,6,6,0,1e-05,0.003,complete,0.8296350662859716,-0.450232093741455,0.9458126479358279
workload_ffde6a454611bc9f0beb4141,1.25,1,nearest,preload_all,6,6,0,1e-05,0.003,complete,0.9505245756501696,0.3080760992925303,0.9856156832843626
workload_ffdf6d83f66a52f224dffa51,0.95,1,ceiling,preload_all,6,6,0,1e-05,0.003,complete,0.8692394888340336,-0.8603580309791209,0.9708221332672922
workload_ffdf6d83f66a52f224dffa51,0.95,1,floor,preload_all,6,5,1,3e-05,0.003,one_missing,1.1390236740838224,1.5365111349227143,0.9930545809405364
workload_ffdf6d83f66a52f224dffa51,0.95,1,nearest,preload_all,6,5,1,3e-05,0.003,one_missing,0.97542846064607,0.19034551723217888,0.9969953826306214
workload_fff526d85eb2bd792e187a1a,1.25,16,ceiling,preload_all,6,6,0,1e-05,0.003,complete,1.050154545063278,0.8142418728934981,0.9606369464688352
workload_fff526d85eb2bd792e187a1a,1.25,16,floor,preload_all,6,6,0,1e-05,0.003,complete,1.0267866740777094,1.124656211023831,0.9991730100249329
workload_fff526d85eb2bd792e187a1a,1.25,16,nearest,preload_all,6,6,0,1e-05,0.003,complete,0.8613571473437687,-0.20172197606772127,0.9681915206243725
