analysis_configuration_id,rho,capacity,delta,quantizer,arrival_scheduling_mode,n_workloads,absolute_policy_gap,total_collision_rate,mixed_collision_rate,critical_collision_rate,inverse_capacity,policy_gap_bootstrap_ci95_low,policy_gap_bootstrap_ci95_high,aggregation,bootstrap_unit
analysis_configuration_00496a8ddda1c00e34a892b7,0.8,8,0.0003,nearest,preload_all,30,4.0000000000000684e-06,0.0004898636947254428,0.0002606666666666667,1.2e-05,0.125,1.333333333333279e-06,7.999999999999674e-06,mean of workload-paired AF/DF estimates,workload replication
analysis_configuration_00ac4d73eeae35c79c88caa4,0.5,4,0.03,ceiling,preload_all,30,0.0005093333333333334,0.022290817554574047,0.014466666666666666,0.000986,0.25,0.0004593333333333329,0.0005600000000000008,mean of workload-paired AF/DF estimates,workload replication
analysis_configuration_00f01783fa5bc967cdedf4be,1.25,1,0.01,ceiling,preload_all,30,0.0024700000000000017,0.016191233380820073,0.005547333333333334,0.005547333333333334,1.0,0.0023059999999999934,0.0026346666666666628,mean of workload-paired AF/DF estimates,workload replication
analysis_configuration_01085c3b20173846a0e4e54c,1.1,4,0.03,ceiling,preload_all,30,0.0010933333333333305,0.046282411551894324,0.024558333333333335,0.007305000000000001,0.25,0.0009153333333333301,0.0012706666666666634,mean of workload-paired AF/DF estimates,workload replication
analysis_configuration_014ccd38c7fbda09884b7bc4,0.5,1,0.0003,ceiling,preload_all,30,4.999999999999449e-05,0.00016885152285515994,7.000000000000001e-05,7.000000000000001e-05,1.0,3.933333333333196e-05,6.199999999999174e-05,mean of workload-paired AF/DF estimates,workload replication
analysis_configuration_03418d4272570ba84246387e,0.5,4,0.001,floor,preload_all,30,1.9333333333332893e-05,0.0017212055972672087,0.0009663333333333333,3.366666666666667e-05,0.25,1.1333333333333103e-05,2.7999999999999322e-05,mean of workload-paired AF/DF estimates,workload replication
analysis_configuration_0366ca930ab8edbd64093773,1.0,1,0.03,ceiling,preload_all,30,0.0074193333333333255,0.03913823664561246,0.014584333333333333,0.014584333333333333,1.0,0.007217999999999986,0.00761666666666667,mean of workload-paired AF/DF estimates,workload replication
analysis_configuration_03722c467ed8d5a8f8165be6,0.5,16,0.0003,nearest,preload_all,30,0.0,0.00039966949676276743,0.00024266666666666667,0.0,0.0625,0.0,0.0,mean of workload-paired AF/DF estimates,workload replication
analysis_configuration_038980ad757ceb4f9d72cc28,0.8,4,0.0003,nearest,preload_all,30,1.4000000000000123e-05,0.00045398683832979206,0.00023533333333333335,3.066666666666667e-05,0.25,9.333333333333878e-06,1.866666666666683e-05,mean of workload-paired AF/DF estimates,workload replication
analysis_configuration_03b1d34c216102464e57c63f,0.95,4,0.003,nearest,preload_all,30,0.00014533333333333157,0.005554145826339488,0.002692333333333333,0.0005593333333333333,0.25,0.0001073333333333315,0.00018535000000000264,mean of workload-paired AF/DF estimates,workload replication
analysis_configuration_040b4bf870d54ce5ca94dde6,1.0,8,1e-05,floor,preload_all,30,1.333333333333279e-06,2.47045633738387e-05,8.000000000000001e-06,1.3333333333333334e-06,0.125,0.0,3.999999999999837e-06,mean of workload-paired AF/DF estimates,workload replication
analysis_configuration_041aff57c3fa6070acfe6f63,1.1,16,0.1,floor,preload_all,30,0.0008980000000000016,0.22480248887957088,0.090017,0.007924,0.0625,0.0006973333333333355,0.0011080166666666688,mean of workload-paired AF/DF estimates,workload replication
analysis_configuration_042f54cfad596d60aefbda1a,0.95,16,0.0001,ceiling,preload_all,30,4.666666666666708e-06,0.00013657248636569677,8.8e-05,2.666666666666667e-06,0.0625,0.0,1.2000000000000205e-05,mean of workload-paired AF/DF estimates,workload replication
analysis_configuration_05445869e5a3b7132be0737e,0.95,8,0.003,nearest,preload_all,30,9.666666666666665e-05,0.005618362128777885,0.002761,0.00025833333333333334,0.125,6.866666666666688e-05,0.00012599999999999973,mean of workload-paired AF/DF estimates,workload replication
analysis_configuration_058e0aec304c584d7e75feff,1.25,4,0.0001,floor,preload_all,30,1.400000000000475e-05,0.00025060977869753576,9.733333333333335e-05,2.6000000000000002e-05,0.25,8.0000000000006e-06,2.1333333333338014e-05,mean of workload-paired AF/DF estimates,workload replication
analysis_configuration_0596185b8c9664f07ab8ffb3,0.8,16,0.01,ceiling,preload_all,30,2.466666666666673e-05,0.011940981923102372,0.007929666666666666,6.733333333333333e-05,0.0625,1.666666666666671e-05,3.266666666666684e-05,mean of workload-paired AF/DF estimates,workload replication
analysis_configuration_05a864833c8165bd8f5b68ec,1.1,16,0.0001,ceiling,preload_all,30,4.1333333333333035e-05,0.0001687884997474911,9.666666666666668e-05,9.333333333333334e-06,0.0625,1.5999999999998885e-05,7.199999999999984e-05,mean of workload-paired AF/DF estimates,workload replication
analysis_configuration_05c8be9569ec1a812fd79990,0.95,8,0.0001,floor,preload_all,30,5.3333333333335784e-06,0.00023170775694864265,9.200000000000001e-05,3.3333333333333333e-06,0.125,0.0,1.2666666666666845e-05,mean of workload-paired AF/DF estimates,workload replication
analysis_configuration_063322a777721e7e32efff0f,0.5,4,0.003,floor,preload_all,30,6.0666666666667086e-05,0.005148427763997505,0.0029516666666666667,0.00011166666666666667,0.25,4.7333333333333716e-05,7.466666666666663e-05,mean of workload-paired AF/DF estimates,workload replication
analysis_configuration_067d1b94e25b18621d51bf10,0.5,1,0.01,nearest,preload_all,30,0.002267333333333332,0.010870084368932753,0.006646666666666666,0.0033323333333333334,1.0,0.0021800000000000005,0.0023559999999999953,mean of workload-paired AF/DF estimates,workload replication
analysis_configuration_06dec4acc989949c5433217e,1.0,1,0.0001,floor,preload_all,30,2.9333333333336765e-05,0.00020087296715655474,9.933333333333334e-05,5.066666666666667e-05,1.0,2.1333333333334314e-05,3.80000000000121e-05,mean of workload-paired AF/DF estimates,workload replication
analysis_configuration_074d3e755fe8999747683485,1.25,4,0.003,floor,preload_all,30,0.00023666666666666652,0.007756274632585836,0.0029753333333333337,0.0009043333333333334,0.25,0.00017533333333333469,0.00030466666666666793,mean of workload-paired AF/DF estimates,workload replication
analysis_configuration_07f8f2b888cab74a3f7fe298,0.8,4,0.1,ceiling,preload_all,30,0.0035559999999999984,0.11083766918060649,0.06662933333333333,0.012585666666666667,0.25,0.003368,0.003737349999999998,mean of workload-paired AF/DF estimates,workload replication
analysis_configuration_0852e21bc115441367957c8b,1.1,8,0.001,floor,preload_all,30,0.00011466666666666662,0.002522130620455228,0.0010086666666666666,0.00017033333333333334,0.125,8.733333333333463e-05,0.00014266666666666594,mean of workload-paired AF/DF estimates,workload replication
analysis_configuration_08a112e03147dcf436fc7e79,0.5,8,0.01,ceiling,preload_all,30,9.333333333333322e-06,0.007434412732477327,0.004938333333333334,2e-05,0.125,3.999999999999989e-06,1.5333333333333324e-05,mean of workload-paired AF/DF estimates,workload replication
analysis_configuration_09557e2a453264d1dc8e9e5e,0.8,4,0.0003,floor,preload_all,30,1.5333333333333866e-05,0.0006278588416615909,0.000306,3.6e-05,0.25,1.0000000000001675e-05,2.0666666666666517e-05,mean of workload-paired AF/DF estimates,workload replication
analysis_configuration_09960d31c7d3b48c2c80d2d0,0.95,8,0.001,floor,preload_all,30,4.399999999999959e-05,0.0023539958197262337,0.000988,9.133333333333334e-05,0.125,3.33333333333329e-05,5.466666666666721e-05,mean of workload-paired AF/DF estimates,workload replication
analysis_configuration_09a869bc45b7f6bd9d1b56a2,1.1,1,0.01,nearest,preload_all,30,0.0024933333333333326,0.01763789388574992,0.0074860000000000005,0.005134333333333334,1.0,0.0023926666666666653,0.002600666666666677,mean of workload-paired AF/DF estimates,workload replication
analysis_configuration_09ed7161a60060da90d814ba,0.95,16,0.03,nearest,preload_all,30,0.00019800000000000002,0.055262635896790334,0.027764,0.0010846666666666667,0.0625,0.00012399999999999982,0.0003013333333333338,mean of workload-paired AF/DF estimates,workload replication
analysis_configuration_0ae3977944bb97b610c70dca,0.5,1,1e-05,ceiling,preload_all,30,6.666666666673334e-07,4.000205426872288e-06,1.3333333333333334e-06,1.3333333333333334e-06,1.0,0.0,2.000000000002e-06,mean of workload-paired AF/DF estimates,workload replication
analysis_configuration_0b2b6c9b493045fa2c177f09,0.95,8,3e-05,floor,preload_all,30,2.0000000000006123e-06,5.86223085610996e-05,2.1333333333333335e-05,1.3333333333333334e-06,0.125,0.0,5.333333333334967e-06,mean of workload-paired AF/DF estimates,workload replication
analysis_configuration_0b47d970aa6d4dc075c85fb1,1.1,4,0.001,floor,preload_all,30,8.400000000000352e-05,0.0023999790094485873,0.0010046666666666667,0.00022600000000000002,0.25,6.333333333333744e-05,0.0001046666666666705,mean of workload-paired AF/DF estimates,workload replication
analysis_configuration_0bd2cdd7cfbc840fda19d7c7,1.1,16,0.0001,floor,preload_all,30,1.7333333333332628e-05,0.00026514625929717516,9.466666666666667e-05,7.333333333333334e-06,0.0625,4.66666666666532e-06,3.335000000000064e-05,mean of workload-paired AF/DF estimates,workload replication
analysis_configuration_0c403396673c3b6375837a6b,1.0,4,3e-05,ceiling,preload_all,30,2.666666666666558e-06,4.514047696795911e-05,2.6666666666666667e-05,4.666666666666667e-06,0.25,0.0,6.000000000000449e-06,mean of workload-paired AF/DF estimates,workload replication
analysis_configuration_0c4bd2d83cc8c5ee4f4b32ef,1.25,8,0.003,nearest,preload_all,30,0.0002926666666666707,0.0066521204592904365,0.002920333333333333,0.0006973333333333333,0.125,0.0002066666666666735,0.0003866666666666713,mean of workload-paired AF/DF estimates,workload replication
analysis_configuration_0c748ef8c57bd302e71167d9,1.25,8,0.01,nearest,preload_all,30,0.0006180000000000009,0.022124254683418842,0.009748666666666666,0.0023226666666666665,0.125,0.0005033333333333398,0.0007453333333333311,mean of workload-paired AF/DF estimates,workload replication
analysis_configuration_0cb3092218db28426ab6ff77,1.25,16,3e-05,ceiling,preload_all,30,6.333333333333191e-05,6.0911232995352816e-05,3.3333333333333335e-05,8e-06,0.0625,2.2666666666666207e-05,0.00011333333333332921,mean of workload-paired AF/DF estimates,workload replication
analysis_configuration_0d47195aa7bf9ddda7335692,1.0,4,0.0001,floor,preload_all,30,7.333333333335116e-06,0.00025919309218422874,0.00010866666666666667,1.4e-05,0.25,3.333333333332966e-06,1.20000000000046e-05,mean of workload-paired AF/DF estimates,workload replication
analysis_configuration_0e2c74893b090771adaac882,0.8,8,0.03,floor,preload_all,30,0.00024799999999999985,0.06302251885702026,0.029398666666666667,0.0010486666666666667,0.125,0.00020533333333333422,0.0002906666666666659,mean of workload-paired AF/DF estimates,workload replication
analysis_configuration_0e70ddc27c34ce7aa8f4a52a,1.0,16,0.03,ceiling,preload_all,30,0.0002826666666666686,0.04367093927279123,0.027725666666666666,0.0020136666666666666,0.0625,0.0002126666666666684,0.0003599999999999997,mean of workload-paired AF/DF estimates,workload replication
analysis_configuration_0ebc85a7367ff32419dbd219,1.0,4,0.03,ceiling,preload_all,30,0.0012726666666666626,0.04262625491689842,0.023683666666666665,0.0060353333333333335,0.25,0.0011346666666666645,0.0014079999999999945,mean of workload-paired AF/DF estimates,workload replication
analysis_configuration_0ef50d9992493321bac6f269,1.25,8,0.03,nearest,preload_all,30,0.000804000000000002,0.06502287679119421,0.028601333333333333,0.006853333333333334,0.125,0.0006599833333333339,0.000955350000000004,mean of workload-paired AF/DF estimates,workload replication
analysis_configuration_0f34530f0560fd35c1b74548,0.8,1,0.0003,ceiling,preload_all,30,7.1999999999998e-05,0.00028119506377765165,0.00011866666666666667,0.00011866666666666667,1.0,5.733333333332961e-05,8.800000000000104e-05,mean of workload-paired AF/DF estimates,workload replication
analysis_configuration_0fa8cd46e025b31b9b3787e5,1.25,4,0.03,ceiling,preload_all,30,0.0011119999999999982,0.05155381992078412,0.025627666666666667,0.008979333333333334,0.25,0.000875333333333328,0.0013640000000000021,mean of workload-paired AF/DF estimates,workload replication
analysis_configuration_0fce2f1e816e995070b202b6,1.1,8,1e-05,ceiling,preload_all,30,2.00000000000015e-06,2.1695905864327683e-05,1.2666666666666667e-05,2.0000000000000003e-06,0.125,0.0,5.333333333333116e-06,mean of workload-paired AF/DF estimates,workload replication
analysis_configuration_10a105716d93c0ae6bf29b59,1.1,4,0.0001,nearest,preload_all,30,2.666666666666558e-05,0.0001984301091397441,9.8e-05,3.4e-05,0.25,1.666666666666668e-05,3.733333333333181e-05,mean of workload-paired AF/DF estimates,workload replication
analysis_configuration_112797c057074554d6ba18e1,0.8,1,0.03,floor,preload_all,30,0.007545333333333332,0.05252832911725962,0.029079999999999998,0.012801,1.0,0.0073420000000000004,0.007747333333333332,mean of workload-paired AF/DF estimates,workload replication
analysis_configuration_11d8a09cde926b190793468a,1.0,8,0.001,nearest,preload_all,30,5.066666666666645e-05,0.001871585748459953,0.0009086666666666667,0.00010666666666666667,0.125,3.533333333333397e-05,6.99999999999997e-05,mean of workload-paired AF/DF estimates,workload replication
analysis_configuration_12112c35b5d1b597d0e0c6ca,0.95,8,0.03,ceiling,preload_all,30,0.0004893333333333324,0.04120437740999879,0.025310999999999997,0.002713,0.125,0.00038733333333333214,0.0005973333333333317,mean of workload-paired AF/DF estimates,workload replication
analysis_configuration_125cb85190cf41f0d161716c,0.5,1,0.003,nearest,preload_all,30,0.0006706666666666657,0.0032417778174907244,0.0019913333333333332,0.0010040000000000001,1.0,0.0006213333333333367,0.0007226666666666696,mean of workload-paired AF/DF estimates,workload replication
analysis_configuration_129bb0057b910905c3c1dee0,0.8,8,3e-05,floor,preload_all,30,2.6666666666667892e-06,7.411150383446416e-05,3.6666666666666666e-05,2.666666666666667e-06,0.125,0.0,7.333333333333729e-06,mean of workload-paired AF/DF estimates,workload replication
analysis_configuration_13c8faac252d7f5cdc4137b8,1.25,1,0.0003,ceiling,preload_all,30,8.533333333332986e-05,0.00048187720477873,0.000176,0.000176,1.0,6.40000000000048e-05,0.00010933333333333915,mean of workload-paired AF/DF estimates,workload replication
analysis_configuration_14075627a3ffa0a3dd6d1826,0.95,4,0.0001,ceiling,preload_all,30,1.2666666666663606e-05,0.00015094097950008072,8.6e-05,2.2666666666666668e-05,0.25,7.3333333333304905e-06,1.866666666666313e-05,mean of workload-paired AF/DF estimates,workload replication
analysis_configuration_142001b612f62dee3e5c6c39,0.8,16,0.03,nearest,preload_all,30,4.2000000000000025e-05,0.04948080755884161,0.026045333333333334,0.00016266666666666667,0.0625,2.933333333333338e-05,5.600000000000003e-05,mean of workload-paired AF/DF estimates,workload replication
analysis_configuration_14452b862c27fdfd750fc4c0,0.8,4,0.0003,ceiling,preload_all,30,1.800000000000135e-05,0.00035566169792885664,0.00021666666666666666,4.2000000000000004e-05,0.25,1.1333333333333103e-05,2.600000000000102e-05,mean of workload-paired AF/DF estimates,workload replication
analysis_configuration_14ba7bc032c0976a13614385,1.25,16,0.001,ceiling,preload_all,30,0.0005706666666666675,0.0018389139289177582,0.0010073333333333334,0.00020066666666666667,0.0625,0.0004326666666666682,0.0007233333333333323,mean of workload-paired AF/DF estimates,workload replication
analysis_configuration_156ed9cd12967cc01f775257,0.95,1,0.001,ceiling,preload_all,30,0.00023399999999999902,0.0012272437800178045,0.00045933333333333335,0.00045933333333333335,1.0,0.00019933333333333093,0.00027066666666665794,mean of workload-paired AF/DF estimates,workload replication
analysis_configuration_158b861230f11d3a10c6d7c1,1.1,16,0.01,ceiling,preload_all,30,0.0005373333333333351,0.016014959153242372,0.009614000000000001,0.0011506666666666668,0.0625,0.0004220000000000006,0.0006606666666666677,mean of workload-paired AF/DF estimates,workload replication
analysis_configuration_160fc8b3ff81036f9d2c1472,1.1,1,0.1,floor,preload_all,30,0.024926666666666663,0.18968859393948465,0.08990033333333333,0.045982666666666665,1.0,0.024658,0.025217350000000003,mean of workload-paired AF/DF estimates,workload replication
analysis_configuration_16c5bf6d3dddb941523a38e1,0.8,1,0.1,nearest,preload_all,30,0.02414266666666666,0.13414931350508805,0.066664,0.040626,1.0,0.023855333333333326,0.024422000000000003,mean of workload-paired AF/DF estimates,workload replication
analysis_configuration_16cff265d5a46f570b95eb61,0.95,1,1e-05,ceiling,preload_all,30,5.333333333334967e-06,1.3219968693126234e-05,5.333333333333334e-06,5.333333333333334e-06,1.0,1.3333333333346669e-06,1.000000000000445e-05,mean of workload-paired AF/DF estimates,workload replication
analysis_configuration_176c3fc9668b58166193edd8,0.5,8,0.03,nearest,preload_all,30,3.06666666666667e-05,0.03680959348396382,0.022111666666666665,5.966666666666667e-05,0.125,2.266666666666666e-05,3.933333333333339e-05,mean of workload-paired AF/DF estimates,workload replication
analysis_configuration_1790184f0df70a71114686fb,0.5,1,0.003,floor,preload_all,30,0.0006633333333333324,0.004452238557858929,0.0029863333333333335,0.0009913333333333332,1.0,0.0006206666666666675,0.0007046666666666701,mean of workload-paired AF/DF estimates,workload replication
analysis_configuration_185c11f64c971d4183520f16,0.95,8,0.03,floor,preload_all,30,0.00046800000000000037,0.0683627104163953,0.029279999999999997,0.002434333333333333,0.125,0.00038333333333333324,0.0005586666666666675,mean of workload-paired AF/DF estimates,workload replication
analysis_configuration_1885164676f832d209b6a204,0.95,1,3e-05,floor,preload_all,30,8.666666666666082e-06,5.905010653074944e-05,2.6000000000000002e-05,9.333333333333334e-06,1.0,4.0000000000003e-06,1.4000000000001094e-05,mean of workload-paired AF/DF estimates,workload replication
analysis_configuration_1927ceb7e3d11506cd43f9a2,1.25,4,0.001,nearest,preload_all,30,0.000129333333333335,0.002160681042121756,0.0009226666666666667,0.00028900000000000003,0.25,0.00010266666666667127,0.00015666666666666796,mean of workload-paired AF/DF estimates,workload replication
analysis_configuration_1955c5e96a92f9e1f30bac3c,1.25,16,0.003,nearest,preload_all,30,0.0008319999999999976,0.006797128090615823,0.002977666666666667,0.0006253333333333333,0.0625,0.0006213333333333302,0.0010499999999999945,mean of workload-paired AF/DF estimates,workload replication
analysis_configuration_1aa9ec077a0b2ae6611a93ca,1.0,4,1e-05,ceiling,preload_all,30,1.3333333333328165e-06,1.480825461261339e-05,8.666666666666668e-06,2.0000000000000003e-06,0.25,0.0,3.333333333332041e-06,mean of workload-paired AF/DF estimates,workload replication
analysis_configuration_1b481e1f11357b0d27be59f0,1.1,1,0.001,nearest,preload_all,30,0.00025533333333332964,0.0018388916924851988,0.0007740000000000001,0.0005146666666666666,1.0,0.00022199999999998518,0.0002899999999999941,mean of workload-paired AF/DF estimates,workload replication
analysis_configuration_1c020e3e6a89febfc7ae7b78,0.5,8,0.0001,floor,preload_all,30,0.0,0.00018684648520040102,0.000116,6.666666666666667e-07,0.125,0.0,0.0,mean of workload-paired AF/DF estimates,workload replication
analysis_configuration_1c48cc2c7663e23609269c32,1.0,16,0.1,floor,preload_all,30,0.00038533333333333334,0.2163617955870289,0.09049366666666667,0.0038416666666666664,0.0625,0.00028733333333333275,0.000491333333333333,mean of workload-paired AF/DF estimates,workload replication
analysis_configuration_1c78da5f2926aa68918da813,1.25,1,0.03,nearest,preload_all,30,0.007280666666666661,0.05641976028555416,0.022514,0.016094,1.0,0.007022666666666669,0.007542666666666668,mean of workload-paired AF/DF estimates,workload replication
analysis_configuration_1ddef84eb28e897f6aab1aa7,1.25,16,3e-05,floor,preload_all,30,2.4666666666668207e-05,9.35393197536871e-05,3.4e-05,5.333333333333334e-06,0.0625,4.666666666668559e-06,5.1333333333334714e-05,mean of workload-paired AF/DF estimates,workload replication
analysis_configuration_1debff7488900ebe6abe2fd5,0.95,1,0.03,nearest,preload_all,30,0.007429999999999997,0.04693550781819862,0.021594666666666665,0.014234333333333333,1.0,0.0072279999999999974,0.0076433333333333275,mean of workload-paired AF/DF estimates,workload replication
analysis_configuration_1e59b086baf25360f2f35e39,1.25,8,0.1,nearest,preload_all,30,0.0010420000000000004,0.20000485100092058,0.08779233333333333,0.021798333333333333,0.125,0.0007560000000000002,0.001362666666666665,mean of workload-paired AF/DF estimates,workload replication
analysis_configuration_1ef2aa4f521f454564ec4468,0.5,16,0.01,floor,preload_all,30,0.0,0.017408100907310316,0.009968,0.0,0.0625,0.0,0.0,mean of workload-paired AF/DF estimates,workload replication
analysis_configuration_1f14604cc08071ce50515d39,1.0,4,3e-05,floor,preload_all,30,4.666666666667633e-06,7.625581056290443e-05,3.6e-05,7.333333333333334e-06,0.25,1.3333333333337417e-06,8.666666666668858e-06,mean of workload-paired AF/DF estimates,workload replication
analysis_configuration_1f32e1468cba1633571fdf39,1.25,4,0.1,nearest,preload_all,30,0.003751999999999994,0.1958116154310219,0.08428933333333334,0.028033333333333334,0.25,0.0033639999999999985,0.004131999999999992,mean of workload-paired AF/DF estimates,workload replication
analysis_configuration_20020b7e2c6314f0bedb120a,1.0,16,0.001,ceiling,preload_all,30,3.800000000000007e-05,0.0014706417425512388,0.000936,5.333333333333333e-05,0.0625,2.000000000000034e-05,5.9333333333333235e-05,mean of workload-paired AF/DF estimates,workload replication
analysis_configuration_2031fc1350fdf6fbda074bfd,1.1,1,0.001,floor,preload_all,30,0.0002566666666666643,0.0021679744769790028,0.001028,0.000514,1.0,0.00022466666666665812,0.00028933333333333773,mean of workload-paired AF/DF estimates,workload replication
analysis_configuration_2079655306d44b212531424b,0.8,16,1e-05,ceiling,preload_all,30,0.0,1.938992272763292e-05,1.2666666666666667e-05,0.0,0.0625,0.0,0.0,mean of workload-paired AF/DF estimates,workload replication
analysis_configuration_207f1f3d7f65f70299df09d2,1.1,4,3e-05,nearest,preload_all,30,1.1333333333333566e-05,6.208308561766826e-05,3.066666666666667e-05,1e-05,0.25,2.666666666666558e-06,2.2666666666667132e-05,mean of workload-paired AF/DF estimates,workload replication
analysis_configuration_209584f1f6ac1a3c62da02f5,1.0,16,0.03,floor,preload_all,30,0.00038533333333333334,0.07059724894671177,0.029016,0.0015796666666666667,0.0625,0.0002913333333333335,0.000482,mean of workload-paired AF/DF estimates,workload replication
analysis_configuration_20c54ee070c687cec9d5fe5d,1.1,4,3e-05,floor,preload_all,30,5.999999999999524e-06,7.345429904026365e-05,3.066666666666667e-05,8.666666666666668e-06,0.25,6.666666666664083e-07,1.333333333333279e-05,mean of workload-paired AF/DF estimates,workload replication
analysis_configuration_20d5a9cf170df31704d8b839,0.5,16,0.003,nearest,preload_all,30,0.0,0.0037673568809166043,0.002276666666666667,0.0,0.0625,0.0,0.0,mean of workload-paired AF/DF estimates,workload replication
analysis_configuration_215038f5f8a5e3361a06c77d,1.0,8,0.003,floor,preload_all,30,0.00010866666666666756,0.007181387987440893,0.002993,0.000353,0.125,8.400000000000074e-05,0.00013733333333333235,mean of workload-paired AF/DF estimates,workload replication
analysis_configuration_224f5c2ca91617810def2605,1.0,1,0.003,nearest,preload_all,30,0.0007793333333333319,0.005000651025284716,0.0022823333333333333,0.0015283333333333334,1.0,0.0007093333333333304,0.0008506666666666644,mean of workload-paired AF/DF estimates,workload replication
analysis_configuration_22a829aa1a81318f06b8edf8,0.5,8,0.03,ceiling,preload_all,30,2.8666666666666685e-05,0.022243251996089872,0.014872666666666668,6.233333333333334e-05,0.125,1.9333333333333333e-05,3.8666666666666714e-05,mean of workload-paired AF/DF estimates,workload replication
analysis_configuration_22bc099f42283d6950fc0838,0.5,4,0.0003,floor,preload_all,30,3.3333333333331974e-06,0.0004906136569002634,0.0002646666666666667,7.333333333333335e-06,0.25,6.666666666666395e-07,5.999999999999755e-06,mean of workload-paired AF/DF estimates,workload replication
analysis_configuration_2360d813674fd9794ccef122,1.0,8,0.0003,nearest,preload_all,30,2.866666666666527e-05,0.0005372540909269952,0.000264,2.8e-05,0.125,1.1333333333332641e-05,5.1999999999998343e-05,mean of workload-paired AF/DF estimates,workload replication
analysis_configuration_2421912bd4488e7a251b8a45,1.25,16,0.1,ceiling,preload_all,30,0.0011473333333333307,0.16481368752180878,0.08917566666666667,0.022644,0.0625,0.0007793166666666634,0.0015487166666666632,mean of workload-paired AF/DF estimates,workload replication
analysis_configuration_244afeba64fd11155de20b82,0.5,1,0.001,ceiling,preload_all,30,0.00021533333333333403,0.0006538622967748012,0.0003153333333333333,0.0003153333333333333,1.0,0.0001906666666666649,0.00023999999999999393,mean of workload-paired AF/DF estimates,workload replication
analysis_configuration_246a2172d5115c94c1a7534e,0.5,16,3e-05,floor,preload_all,30,0.0,5.200040001106683e-05,2.6000000000000002e-05,0.0,0.0625,0.0,0.0,mean of workload-paired AF/DF estimates,workload replication
analysis_configuration_257cc8895c5a6ab8a56658f4,0.95,16,0.03,ceiling,preload_all,30,0.00024866666666666646,0.04163923657815954,0.02690666666666667,0.0012763333333333333,0.0625,0.00017600000000000046,0.00032733333333333366,mean of workload-paired AF/DF estimates,workload replication
analysis_configuration_25d8c44183aa6642f0118d71,0.95,16,0.03,floor,preload_all,30,0.00018933333333333405,0.06885838739004374,0.02901266666666667,0.0009873333333333333,0.0625,0.00013933333333333424,0.0002493333333333337,mean of workload-paired AF/DF estimates,workload replication
analysis_configuration_25f42b61c8f858a169f0a355,1.25,4,0.003,nearest,preload_all,30,0.00018999999999999944,0.006552094114898607,0.0027766666666666664,0.0008706666666666667,0.25,0.00014066666666666486,0.0002426666666666726,mean of workload-paired AF/DF estimates,workload replication
analysis_configuration_260cc2b143b31102f281daf6,0.95,4,0.03,nearest,preload_all,30,0.0011653333333333348,0.05335456655393704,0.025821,0.005268333333333333,0.25,0.0010286666666666703,0.0012980166666666693,mean of workload-paired AF/DF estimates,workload replication
analysis_configuration_26a31a0850803f0b5665d26b,0.8,4,3e-05,floor,preload_all,30,1.333333333333279e-06,5.5362632514528875e-05,2.6666666666666667e-05,3.3333333333333333e-06,0.25,0.0,3.3333333333334286e-06,mean of workload-paired AF/DF estimates,workload replication
analysis_configuration_27f6a911589358f4d08ae0a7,0.5,16,0.001,ceiling,preload_all,30,0.0,0.0007396706768388336,0.0004926666666666666,0.0,0.0625,0.0,0.0,mean of workload-paired AF/DF estimates,workload replication
analysis_configuration_286e197dfa4ceaf7e030dfc0,0.95,4,3e-05,nearest,preload_all,30,6.666666666664083e-07,4.688292960474216e-05,2.2666666666666668e-05,2.0000000000000003e-06,0.25,0.0,1.9999999999992245e-06,mean of workload-paired AF/DF estimates,workload replication
analysis_configuration_28791d20983478f6ba45da4c,1.1,4,0.01,floor,preload_all,30,0.000414666666666665,0.024172693899752785,0.01001,0.0024063333333333337,0.25,0.0003119999999999993,0.0005226666666666657,mean of workload-paired AF/DF estimates,workload replication
analysis_configuration_289ccaee566a86753d4d99c9,0.95,1,0.1,floor,preload_all,30,0.024864666666666663,0.17697602276356633,0.09048566666666667,0.042953000000000005,1.0,0.02456131666666666,0.02516335000000001,mean of workload-paired AF/DF estimates,workload replication
analysis_configuration_28c9c09f4208e21c665c4f82,0.5,8,0.03,floor,preload_all,30,2.999999999999999e-05,0.05090899853065145,0.029229,5.366666666666667e-05,0.125,2.133333333333333e-05,3.933333333333331e-05,mean of workload-paired AF/DF estimates,workload replication
analysis_configuration_292baa423ad82dc62a19b3c2,1.0,8,0.1,ceiling,preload_all,30,0.0012006666666666628,0.13749640103921326,0.08281566666666666,0.012570666666666667,0.125,0.0009606666666666634,0.0014546666666666642,mean of workload-paired AF/DF estimates,workload replication
analysis_configuration_2996d347c4a8353442bd9b80,1.1,16,0.0001,nearest,preload_all,30,2.3999999999999946e-05,0.00022067395491338988,0.00010233333333333335,1.2e-05,0.0625,6.666666666667309e-06,4.800000000000082e-05,mean of workload-paired AF/DF estimates,workload replication
analysis_configuration_29b816d8e0e953135ee7be42,0.95,16,1e-05,nearest,preload_all,30,1.3333333333335102e-06,1.7659051937855277e-05,8.000000000000001e-06,6.666666666666667e-07,0.0625,0.0,4.000000000000531e-06,mean of workload-paired AF/DF estimates,workload replication
analysis_configuration_29e7cb9428db04197b65f4e1,1.1,8,3e-05,nearest,preload_all,30,7.999999999997824e-06,6.437840594239527e-05,3.0000000000000004e-05,6e-06,0.125,1.9999999999992245e-06,1.5333333333330187e-05,mean of workload-paired AF/DF estimates,workload replication
analysis_configuration_2a15f3d68caa433bf1c22641,0.8,1,3e-05,nearest,preload_all,30,6.666666666662232e-06,3.857096880415462e-05,1.866666666666667e-05,9.333333333333334e-06,1.0,3.333333333331116e-06,9.999999999995198e-06,mean of workload-paired AF/DF estimates,workload replication
analysis_configuration_2a7bc7b760965b89bae055f4,1.0,4,0.1,nearest,preload_all,30,0.003799333333333331,0.17202428858462093,0.08189466666666667,0.019126666666666667,0.25,0.003548666666666664,0.004062666666666667,mean of workload-paired AF/DF estimates,workload replication
analysis_configuration_2a8315d42490d2bc1f5671fb,1.0,8,0.0003,ceiling,preload_all,30,3.599999999999946e-05,0.00040844721186253944,0.00025233333333333336,3.3333333333333335e-05,0.125,2.1333333333332464e-05,5.199999999999973e-05,mean of workload-paired AF/DF estimates,workload replication
analysis_configuration_2ad93a78d826b26dff9d14ce,0.8,8,0.0001,nearest,preload_all,30,6.666666666666395e-07,0.000167253974582186,8.8e-05,2.0000000000000003e-06,0.125,0.0,1.9999999999999186e-06,mean of workload-paired AF/DF estimates,workload replication
analysis_configuration_2b49d6e5cb6212e7e1b0bbd0,1.25,8,0.0001,floor,preload_all,30,3.466666666666433e-05,0.0002635537077123469,9.966666666666667e-05,2e-05,0.125,1.866666666666498e-05,5.4000000000000344e-05,mean of workload-paired AF/DF estimates,workload replication
analysis_configuration_2b70f61fba4a3bf309eee10b,1.1,4,0.1,floor,preload_all,30,0.004359999999999995,0.21573093867381346,0.09036366666666668,0.021317,0.25,0.004147333333333331,0.00457666666666666,mean of workload-paired AF/DF estimates,workload replication
analysis_configuration_2c0b9accaee515845ffb7a60,1.25,16,0.0003,ceiling,preload_all,30,0.0002873333333333385,0.0005702151436448772,0.00031099999999999997,5.966666666666667e-05,0.0625,0.0002006500000000047,0.0003833333333333402,mean of workload-paired AF/DF estimates,workload replication
analysis_configuration_2d4c7db35296deb26adf701a,1.1,16,0.01,floor,preload_all,30,0.0004980000000000003,0.025378203593641194,0.009919333333333334,0.0010946666666666667,0.0625,0.000378000000000001,0.0006213333333333339,mean of workload-paired AF/DF estimates,workload replication
analysis_configuration_2d5e323c7f7c023483f93f16,1.1,4,1e-05,nearest,preload_all,30,1.3333333333337417e-06,2.5734768501790492e-05,1.0666666666666667e-05,2.0000000000000003e-06,0.25,0.0,4.000000000001225e-06,mean of workload-paired AF/DF estimates,workload replication
analysis_configuration_2e4bec0134b4ffcbf58be3ae,0.5,1,0.03,ceiling,preload_all,30,0.006727999999999995,0.020889119373383797,0.009990666666666667,0.009990666666666667,1.0,0.006540649999999989,0.006929999999999997,mean of workload-paired AF/DF estimates,workload replication
analysis_configuration_2ed7ee36f68de780f36a43f2,1.0,8,0.03,floor,preload_all,30,0.0004680000000000013,0.06972287576019373,0.029248666666666666,0.0031676666666666667,0.125,0.00033933333333333455,0.0006066666666666688,mean of workload-paired AF/DF estimates,workload replication
analysis_configuration_2eee40d3f8747c4ad05a254e,0.8,16,0.001,ceiling,preload_all,30,1.999999999999976e-06,0.001158830148905079,0.0007893333333333333,4.000000000000001e-06,0.0625,0.0,4.000000000000011e-06,mean of workload-paired AF/DF estimates,workload replication
analysis_configuration_2f012eae44ae73c41321e4fc,1.1,8,0.0001,nearest,preload_all,30,1.933333333333509e-05,0.0002069591416553722,9.4e-05,1.6666666666666667e-05,0.125,8.00000000000245e-06,3.2666666666666955e-05,mean of workload-paired AF/DF estimates,workload replication
analysis_configuration_2f8b2b703853a012fb8ae08e,1.25,8,0.001,floor,preload_all,30,0.0001766666666666657,0.002759309246712424,0.0010733333333333333,0.0002536666666666667,0.125,0.00012333333333332993,0.00024333333333333246,mean of workload-paired AF/DF estimates,workload replication
analysis_configuration_2fb9515397c2e26a94a68d55,1.0,8,1e-05,ceiling,preload_all,30,6.666666666664083e-07,1.4113923830037042e-05,8.666666666666668e-06,1.3333333333333334e-06,0.125,0.0,1.9999999999992245e-06,mean of workload-paired AF/DF estimates,workload replication
analysis_configuration_2fd933180f6a25869a12c7e8,1.25,1,0.001,ceiling,preload_all,30,0.00024999999999999095,0.0015684574738457553,0.0005383333333333334,0.0005383333333333334,1.0,0.00021466666666665932,0.00028799999999999567,mean of workload-paired AF/DF estimates,workload replication
analysis_configuration_2fd9454c4664a1ce2df15d4e,1.1,1,1e-05,floor,preload_all,30,4.0000000000003e-06,2.8910304801025378e-05,1.2666666666666667e-05,6.666666666666667e-06,1.0,1.3333333333346669e-06,7.333333333325956e-06,mean of workload-paired AF/DF estimates,workload replication
analysis_configuration_310555168bffc0d95c1ec0f7,0.95,1,0.003,ceiling,preload_all,30,0.0006973333333333405,0.003691934473100103,0.0014103333333333333,0.0014103333333333333,1.0,0.0006480000000000097,0.0007500000000000062,mean of workload-paired AF/DF estimates,workload replication
analysis_configuration_314021809dd2c75443c8e591,0.8,1,0.01,nearest,preload_all,30,0.0024040000000000042,0.014200719278571706,0.007144666666666666,0.004404000000000001,1.0,0.002305999999999997,0.002506666666666672,mean of workload-paired AF/DF estimates,workload replication
analysis_configuration_31805a40138a224bb90f88e5,1.1,8,3e-05,ceiling,preload_all,30,8.666666666667007e-06,5.21209640785043e-05,3.066666666666667e-05,6.666666666666667e-06,0.125,3.3333333333338915e-06,1.4666666666668382e-05,mean of workload-paired AF/DF estimates,workload replication
analysis_configuration_31824ad9ae8c10a978238b7d,0.95,4,0.0003,floor,preload_all,30,3.0666666666664026e-05,0.000696730536626442,0.000294,5.6e-05,0.25,1.9333333333328614e-05,4.466666666666138e-05,mean of workload-paired AF/DF estimates,workload replication
analysis_configuration_31dd3b0f55f9f034aa8c1e04,0.5,4,0.01,ceiling,preload_all,30,0.00015799999999999959,0.0073797206463676775,0.004742,0.00031033333333333336,0.25,0.00013799999999999888,0.00017933333333333378,mean of workload-paired AF/DF estimates,workload replication
analysis_configuration_322e248aa44b2511013094f4,0.95,8,0.1,ceiling,preload_all,30,0.0011333333333333325,0.13126463606236263,0.080673,0.010014,0.125,0.0008993333333333325,0.001381333333333333,mean of workload-paired AF/DF estimates,workload replication
analysis_configuration_324042ccae6ae14584618557,1.1,1,0.0003,nearest,preload_all,30,7.733333333333295e-05,0.0005564926885427686,0.000234,0.00014933333333333332,1.0,5.9999999999997095e-05,9.599999999999979e-05,mean of workload-paired AF/DF estimates,workload replication
analysis_configuration_32b62907f542c1000e43c9a4,1.25,4,0.01,floor,preload_all,30,0.0003526666666666678,0.02566655720050791,0.009922666666666666,0.0028956666666666666,0.25,0.0002633333333333339,0.0004480000000000003,mean of workload-paired AF/DF estimates,workload replication
analysis_configuration_32b7ade2f54db1bf0b21d064,0.95,16,0.001,nearest,preload_all,30,2.4666666666667512e-05,0.0018832996310324225,0.000954,4.0666666666666675e-05,0.0625,1.4666666666666995e-05,3.733333333333459e-05,mean of workload-paired AF/DF estimates,workload replication
analysis_configuration_342c488f7097ae3c3bd97e91,0.95,1,0.01,ceiling,preload_all,30,0.002500666666666664,0.012600344265997333,0.004827,0.004827,1.0,0.0023933333333333324,0.002611333333333334,mean of workload-paired AF/DF estimates,workload replication
analysis_configuration_344c29c3bd48fd26a8dcab14,1.0,16,0.01,ceiling,preload_all,30,0.0002306666666666663,0.014733068871712145,0.009321,0.0006096666666666667,0.0625,0.00016000000000000042,0.0003073333333333326,mean of workload-paired AF/DF estimates,workload replication
analysis_configuration_344d5c6d7e4076e09c8ddb80,0.95,4,1e-05,floor,preload_all,30,2.000000000002e-06,2.4907355970480063e-05,1.0666666666666667e-05,2.666666666666667e-06,0.25,0.0,4.6666666666713335e-06,mean of workload-paired AF/DF estimates,workload replication
analysis_configuration_3489a76738bde5ebf0b83035,1.1,8,0.1,nearest,preload_all,30,0.0014173333333333342,0.18664214476638913,0.08701266666666667,0.014969333333333333,0.125,0.0011820000000000005,0.001662683333333337,mean of workload-paired AF/DF estimates,workload replication
analysis_configuration_349d4b873bcf04744855a41d,1.0,4,0.01,floor,preload_all,30,0.00028866666666666483,0.02301405621263215,0.009778666666666666,0.0018956666666666668,0.25,0.00023333333333333263,0.0003446666666666644,mean of workload-paired AF/DF estimates,workload replication
analysis_configuration_3529c589a10317be39b3dfa6,0.5,1,0.01,ceiling,preload_all,30,0.002249333333333331,0.006863671055801021,0.0032696666666666664,0.0032696666666666664,1.0,0.0021559999999999986,0.002342683333333337,mean of workload-paired AF/DF estimates,workload replication
analysis_configuration_357a2089fb0dfca29482b1c1,0.8,16,0.1,floor,preload_all,30,0.00012333333333333334,0.19510944071747435,0.09137133333333333,0.0003716666666666667,0.0625,9.666666666666671e-05,0.00015199999999999995,mean of workload-paired AF/DF estimates,workload replication
analysis_configuration_35ba56a5c5ee3822ea9390bb,0.95,8,0.1,floor,preload_all,30,0.0013039999999999992,0.20886615914942838,0.09091533333333332,0.0073156666666666665,0.125,0.0011379999999999988,0.0014626666666666644,mean of workload-paired AF/DF estimates,workload replication
analysis_configuration_3695264595eb0e756ee1ce84,0.5,8,3e-05,nearest,preload_all,30,0.0,4.070595244582528e-05,2.2e-05,0.0,0.125,0.0,0.0,mean of workload-paired AF/DF estimates,workload replication
analysis_configuration_370e06800e05c61ee9e7914c,0.5,8,3e-05,floor,preload_all,30,0.0,5.13839979782981e-05,3.066666666666667e-05,0.0,0.125,0.0,0.0,mean of workload-paired AF/DF estimates,workload replication
analysis_configuration_380f3f387485c66e9f2d5ec2,0.5,16,1e-05,ceiling,preload_all,30,0.0,1.0000053336266668e-05,6.666666666666667e-06,0.0,0.0625,0.0,0.0,mean of workload-paired AF/DF estimates,workload replication
analysis_configuration_385e9b69b598c9782f9b1704,0.5,16,0.001,floor,preload_all,30,0.0,0.0017356779970827694,0.0009986666666666666,0.0,0.0625,0.0,0.0,mean of workload-paired AF/DF estimates,workload replication
analysis_configuration_387e42202e7710c21b14d8a3,0.95,8,0.01,ceiling,preload_all,30,0.00021666666666666733,0.01382368278274926,0.008488333333333332,0.000954,0.125,0.00015800000000000118,0.00028133333333333434,mean of workload-paired AF/DF estimates,workload replication
analysis_configuration_3916a6f6e50cffdc4183a2b9,0.5,1,3e-05,floor,preload_all,30,4.0000000000003e-06,4.561670474721505e-05,3.1333333333333334e-05,6.666666666666667e-06,1.0,1.333333333330966e-06,7.999999999996898e-06,mean of workload-paired AF/DF estimates,workload replication
analysis_configuration_393999da5cd5fd80d30ff1a3,1.25,8,0.0001,nearest,preload_all,30,4.7333333333334414e-05,0.00020213540726321216,8.8e-05,2.8e-05,0.125,2.8000000000002097e-05,6.933333333332959e-05,mean of workload-paired AF/DF estimates,workload replication
analysis_configuration_39a716399a2bd9c26696e22b,1.0,1,1e-05,floor,preload_all,30,2.6666666666693337e-06,2.044466666157284e-05,1.0666666666666667e-05,4.666666666666667e-06,1.0,0.0,6.0000000000060005e-06,mean of workload-paired AF/DF estimates,workload replication
analysis_configuration_39eedf6f89552715d1f5c2de,0.95,8,3e-05,ceiling,preload_all,30,1.333333333333279e-06,4.396723091806496e-05,2.6666666666666667e-05,4.666666666666667e-06,0.125,0.0,3.3333333333334286e-06,mean of workload-paired AF/DF estimates,workload replication
analysis_configuration_3aa47401a45009de51a831d0,0.95,16,0.003,nearest,preload_all,30,5.666666666666713e-05,0.00569581727069868,0.002928,0.00010266666666666668,0.0625,4.133333333333396e-05,7.266666666666694e-05,mean of workload-paired AF/DF estimates,workload replication
analysis_configuration_3b919df19620aaf38ef4e42d,1.0,16,0.01,nearest,preload_all,30,0.00017000000000000047,0.019418285855629967,0.009548000000000001,0.0005343333333333333,0.0625,0.00011733333333333502,0.00022999999999999987,mean of workload-paired AF/DF estimates,workload replication
analysis_configuration_3b959733a89771beffc2511e,1.0,16,0.03,nearest,preload_all,30,0.00047466666666666745,0.057610976144840814,0.028315333333333335,0.001717,0.0625,0.0003873333333333347,0.0005593500000000014,mean of workload-paired AF/DF estimates,workload replication
analysis_configuration_3bb15d38107ce3cd35a8548f,1.1,4,1e-05,floor,preload_all,30,3.3333333333338915e-06,2.4228831547924145e-05,8.666666666666668e-06,4.000000000000001e-06,0.25,0.0,7.333333333335116e-06,mean of workload-paired AF/DF estimates,workload replication
analysis_configuration_3c3ff51774332483b922b392,1.25,8,0.001,nearest,preload_all,30,0.00021399999999999753,0.0021981850747984488,0.0009866666666666667,0.000236,0.125,0.00016133333333333185,0.00026800000000000066,mean of workload-paired AF/DF estimates,workload replication
analysis_configuration_3c6ad5376369480c3f46b0c7,0.5,1,0.0003,nearest,preload_all,30,7.133333333333435e-05,0.0003377013708582112,0.00020533333333333333,9.733333333333335e-05,1.0,5.733333333333886e-05,8.533333333333545e-05,mean of workload-paired AF/DF estimates,workload replication
analysis_configuration_3d23ae1bb4566925320f4cf8,1.25,8,0.1,floor,preload_all,30,0.001556000000000001,0.23349918692116947,0.08955099999999999,0.019405666666666665,0.125,0.0011820000000000005,0.001943350000000003,mean of workload-paired AF/DF estimates,workload replication
analysis_configuration_3d2c908463b7fbf3e84a3e9d,1.0,1,0.03,nearest,preload_all,30,0.0073306666666666746,0.04876794228599068,0.021859,0.014438333333333333,1.0,0.007152000000000012,0.007508683333333346,mean of workload-paired AF/DF estimates,workload replication
analysis_configuration_3d4f44832b3758c89ad37c14,1.25,16,0.1,floor,preload_all,30,0.001293999999999999,0.23543439611547695,0.089528,0.015871,0.0625,0.0010066499999999965,0.0016166833333333308,mean of workload-paired AF/DF estimates,workload replication
analysis_configuration_3e12bc8e15e177128b7e7100,1.25,4,0.1,ceiling,preload_all,30,0.0031259999999999973,0.16219209338670787,0.08023366666666668,0.02964766666666667,0.25,0.002806000000000003,0.0034333333333333308,mean of workload-paired AF/DF estimates,workload replication
analysis_configuration_3e26c5b8a95acfd99331b1db,0.95,8,0.0001,ceiling,preload_all,30,8.666666666667007e-06,0.00013329318174625993,7.533333333333334e-05,7.333333333333335e-06,0.125,2.6666666666660955e-06,1.666666666666807e-05,mean of workload-paired AF/DF estimates,workload replication
analysis_configuration_3e6611b382b3f807418f6780,0.5,8,0.003,ceiling,preload_all,30,1.9999999999999834e-06,0.002212846619685752,0.0014733333333333334,5.333333333333334e-06,0.125,0.0,3.9999999999999964e-06,mean of workload-paired AF/DF estimates,workload replication
analysis_configuration_3eb5efff9c68e41dcfc32e7c,1.0,8,0.03,nearest,preload_all,30,0.0004459999999999996,0.056327115050263936,0.027238666666666668,0.0033069999999999996,0.125,0.0003366666666666671,0.0005606666666666658,mean of workload-paired AF/DF estimates,workload replication
analysis_configuration_3eca888c9d36049444fdf405,0.5,4,0.0003,nearest,preload_all,30,7.333333333333266e-06,0.0003686381012891995,0.00021533333333333333,9.333333333333334e-06,0.25,3.3333333333331974e-06,1.1999999999999743e-05,mean of workload-paired AF/DF estimates,workload replication
analysis_configuration_3edab756866ab30084b8a622,1.25,4,0.01,nearest,preload_all,30,0.000416666666666667,0.021629861621095658,0.009289333333333333,0.0029879999999999998,0.25,0.00031933333333333445,0.0005160000000000035,mean of workload-paired AF/DF estimates,workload replication
analysis_configuration_3f1a8e2ea2693aa220ffba8f,1.0,8,3e-05,nearest,preload_all,30,1.5333333333333402e-05,6.141771470912956e-05,3.1333333333333334e-05,6e-06,0.125,1.3333333333337417e-06,3.599999999999947e-05,mean of workload-paired AF/DF estimates,workload replication
analysis_configuration_3f8a04772ce19a708ba29db9,0.8,8,3e-05,ceiling,preload_all,30,6.666666666666395e-07,3.603212386557662e-05,2.4e-05,1.3333333333333334e-06,0.125,0.0,1.9999999999999186e-06,mean of workload-paired AF/DF estimates,workload replication
analysis_configuration_407f50a42f01ff312021cc8a,0.5,4,3e-05,floor,preload_all,30,0.0,5.3536189604076746e-05,2.866666666666667e-05,0.0,0.25,0.0,0.0,mean of workload-paired AF/DF estimates,workload replication
analysis_configuration_409c28f754febc30820b7894,0.8,16,0.0003,ceiling,preload_all,30,1.3333333333333368e-06,0.00034371574574366184,0.00024266666666666667,2.0000000000000003e-06,0.0625,0.0,3.3333333333333422e-06,mean of workload-paired AF/DF estimates,workload replication
analysis_configuration_41327174ea044f29dbd90968,1.1,1,0.03,floor,preload_all,30,0.007611333333333336,0.061223688979658776,0.029067666666666665,0.015257,1.0,0.00737931666666666,0.007842016666666675,mean of workload-paired AF/DF estimates,workload replication
analysis_configuration_418cbbc2d2eb32c62f85e991,0.95,16,0.003,floor,preload_all,30,4.999999999999889e-05,0.007029955661919372,0.002977333333333333,0.00011133333333333333,0.0625,3.599999999999877e-05,6.59999999999987e-05,mean of workload-paired AF/DF estimates,workload replication
analysis_configuration_41cbbcb991a055a26120c39b,0.5,8,1e-05,ceiling,preload_all,30,0.0,6.0057391050036454e-06,4.000000000000001e-06,0.0,0.125,0.0,0.0,mean of workload-paired AF/DF estimates,workload replication
analysis_configuration_4253b87b4e112ec1629bf546,0.8,8,0.001,ceiling,preload_all,30,2.533333333333346e-05,0.0011486980940785703,0.0007203333333333334,4.4e-05,0.125,1.4666666666666995e-05,3.73333333333332e-05,mean of workload-paired AF/DF estimates,workload replication
analysis_configuration_4285ddd88e3056354e33b9e6,0.5,1,1e-05,nearest,preload_all,30,6.666666666673334e-07,1.040507026351989e-05,6.666666666666667e-06,2.0000000000000003e-06,1.0,0.0,2.000000000002e-06,mean of workload-paired AF/DF estimates,workload replication
analysis_configuration_4290bf3899890c5ea627b861,1.1,4,0.1,ceiling,preload_all,30,0.0034106666666666664,0.14635814709890785,0.07742366666666665,0.024185,0.25,0.0030526499999999905,0.0037953333333333285,mean of workload-paired AF/DF estimates,workload replication
analysis_configuration_42fd1dd3a192a95c3ad85c57,1.25,1,1e-05,nearest,preload_all,30,5.333333333334967e-06,1.846590424976968e-05,6.666666666666667e-06,5.333333333333334e-06,1.0,2.666666666661932e-06,8.666666666667933e-06,mean of workload-paired AF/DF estimates,workload replication
analysis_configuration_433560118de4b0048ffd0130,1.25,8,0.03,floor,preload_all,30,0.0007679999999999974,0.07651999234409959,0.028918666666666665,0.006517333333333333,0.125,0.000563999999999996,0.000997349999999998,mean of workload-paired AF/DF estimates,workload replication
analysis_configuration_43a380d9d44b80a931cc300b,0.5,4,0.1,ceiling,preload_all,30,0.0016280000000000005,0.07201554975831312,0.046994,0.003336333333333333,0.25,0.0015286666666666673,0.0017286666666666672,mean of workload-paired AF/DF estimates,workload replication
analysis_configuration_43cea749104df11d3114a868,0.8,16,0.1,nearest,preload_all,30,0.00010933333333333324,0.15592161427231097,0.08221266666666667,0.0005556666666666667,0.0625,8.733333333333324e-05,0.0001313333333333333,mean of workload-paired AF/DF estimates,workload replication
analysis_configuration_4496f3591422d87720ebddf0,0.95,16,1e-05,ceiling,preload_all,30,0.0,1.3584327878871942e-05,7.333333333333334e-06,0.0,0.0625,0.0,0.0,mean of workload-paired AF/DF estimates,workload replication
analysis_configuration_44d57ae071cb4f6381321fc2,0.8,16,0.003,nearest,preload_all,30,6.666666666666656e-06,0.005063224350207791,0.0027103333333333333,2.0333333333333337e-05,0.0625,2.6666666666666736e-06,1.1333333333333305e-05,mean of workload-paired AF/DF estimates,workload replication
analysis_configuration_44fe629651c666bad33350b2,1.0,4,0.003,ceiling,preload_all,30,0.00018333333333333534,0.0043834354844822405,0.002421,0.0006103333333333333,0.25,0.00014400000000000057,0.00022533333333333574,mean of workload-paired AF/DF estimates,workload replication
analysis_configuration_455aa0b38963592bfcea9060,1.1,16,0.1,nearest,preload_all,30,0.0008213333333333336,0.18855862283243632,0.08911333333333334,0.010578333333333334,0.0625,0.0006266666666666675,0.001028016666666668,mean of workload-paired AF/DF estimates,workload replication
analysis_configuration_458b72a63c15a9aa0c79bd6d,0.5,4,0.01,floor,preload_all,30,0.00017466666666666683,0.01700929247693881,0.009803000000000001,0.00032366666666666666,0.25,0.00015466666666666604,0.0001960000000000001,mean of workload-paired AF/DF estimates,workload replication
analysis_configuration_464bb0cc782491f93e238a49,0.95,4,0.003,ceiling,preload_all,30,0.00012933333333333316,0.004248295049473538,0.002387666666666667,0.0005873333333333334,0.25,9.999999999999546e-05,0.00016200000000000104,mean of workload-paired AF/DF estimates,workload replication
analysis_configuration_464bf4b4be31b45192e52d08,1.1,16,0.01,nearest,preload_all,30,0.0004206666666666655,0.02069017013248455,0.009773,0.0011103333333333334,0.0625,0.00030799999999999854,0.0005486666666666654,mean of workload-paired AF/DF estimates,workload replication
analysis_configuration_46c39263d93746a3be1d5f94,0.5,1,0.0001,ceiling,preload_all,30,2.1333333333332464e-05,6.242472437100327e-05,3.4e-05,3.4e-05,1.0,1.5333333333332013e-05,2.7333333333340314e-05,mean of workload-paired AF/DF estimates,workload replication
analysis_configuration_475852e4ba8909959dec6b35,1.1,16,1e-05,ceiling,preload_all,30,6.666666666668708e-07,1.4827581251074155e-05,8.666666666666668e-06,1.3333333333333334e-06,0.0625,0.0,2.0000000000006123e-06,mean of workload-paired AF/DF estimates,workload replication
analysis_configuration_47b90b3b2501bbbc29df7a9c,1.1,16,0.03,ceiling,preload_all,30,0.0007746666666666661,0.047296381899279434,0.02832933333333333,0.003559,0.0625,0.0006080000000000007,0.0009493333333333326,mean of workload-paired AF/DF estimates,workload replication
analysis_configuration_47e9c5cf8e32eda596e9473c,0.5,1,1e-05,floor,preload_all,30,6.666666666673334e-07,1.6811155281433994e-05,1.2e-05,2.0000000000000003e-06,1.0,0.0,2.000000000002e-06,mean of workload-paired AF/DF estimates,workload replication
analysis_configuration_4823475a7889a17d2c814f9b,1.25,1,0.0001,floor,preload_all,30,3.3999999999997e-05,0.00021510612923350157,9.933333333333334e-05,5.333333333333333e-05,1.0,2.466666666666173e-05,4.466666666665583e-05,mean of workload-paired AF/DF estimates,workload replication
analysis_configuration_4a5a2ce4511f37d7ddd854c6,0.8,16,0.03,ceiling,preload_all,30,5.8666666666666645e-05,0.03525453028247647,0.023360666666666665,0.00019466666666666666,0.0625,4.466666666666661e-05,7.400000000000002e-05,mean of workload-paired AF/DF estimates,workload replication
analysis_configuration_4a613e3e450d3d63197e3679,0.5,16,0.0003,ceiling,preload_all,30,0.0,0.00024500138338710023,0.00015733333333333335,0.0,0.0625,0.0,0.0,mean of workload-paired AF/DF estimates,workload replication
analysis_configuration_4a8ceb279b7c5ae16a88f6dd,0.8,4,0.03,floor,preload_all,30,0.0010933333333333327,0.060981348388976724,0.029343,0.0034679999999999997,0.25,0.0010026666666666652,0.0011886666666666662,mean of workload-paired AF/DF estimates,workload replication
analysis_configuration_4b5edc73435685955ec26492,1.0,4,0.001,nearest,preload_all,30,7.266666666666532e-05,0.001931659922214525,0.0009163333333333333,0.00020066666666666667,0.25,5.266666666666753e-05,9.466666666666513e-05,mean of workload-paired AF/DF estimates,workload replication
analysis_configuration_4b74eadd90c56e5bba31933e,0.95,4,1e-05,nearest,preload_all,30,0.0,1.6118698147520044e-05,9.333333333333334e-06,6.666666666666667e-07,0.25,0.0,0.0,mean of workload-paired AF/DF estimates,workload replication
analysis_configuration_4bbc54d7cba695ada2ab7c3e,0.8,1,3e-05,floor,preload_all,30,9.999999999998898e-06,5.485418726894249e-05,3.066666666666667e-05,1.3333333333333333e-05,1.0,4.6666666666694835e-06,1.599999999999565e-05,mean of workload-paired AF/DF estimates,workload replication
analysis_configuration_4cbe85ce11eafa717bfd9d48,0.5,16,0.01,ceiling,preload_all,30,0.0,0.007475711148453341,0.004986,0.0,0.0625,0.0,0.0,mean of workload-paired AF/DF estimates,workload replication
analysis_configuration_4d3dfe02e2f8378b0e9375fc,1.25,16,0.01,ceiling,preload_all,30,0.0009560000000000013,0.018015251923280306,0.009958999999999999,0.0020836666666666664,0.0625,0.0007139999999999998,0.0012199999999999989,mean of workload-paired AF/DF estimates,workload replication
analysis_configuration_4d8b3dbbf9bfe0f7884bedc7,0.95,8,0.0003,floor,preload_all,30,2.199999999999841e-05,0.0007076609601982946,0.000288,1.866666666666667e-05,0.125,1.1316666666664201e-05,3.466666666666618e-05,mean of workload-paired AF/DF estimates,workload replication
analysis_configuration_4df903a4a9ad9162c237ab07,1.25,8,0.0001,ceiling,preload_all,30,3.0000000000002247e-05,0.00018025690860966144,8.8e-05,2.5333333333333334e-05,0.125,1.800000000000135e-05,4.400000000000054e-05,mean of workload-paired AF/DF estimates,workload replication
analysis_configuration_4dfd1a03c6a515e14a2d8cfd,1.1,1,0.03,nearest,preload_all,30,0.007410000000000016,0.05165879452299434,0.022007333333333334,0.015137333333333334,1.0,0.007214000000000021,0.007609350000000026,mean of workload-paired AF/DF estimates,workload replication
analysis_configuration_4e26e0d99226be2c1f4350cf,1.25,8,1e-05,nearest,preload_all,30,2.00000000000015e-06,2.789705392735282e-05,1.4e-05,2.666666666666667e-06,0.125,0.0,5.333333333333116e-06,mean of workload-paired AF/DF estimates,workload replication
analysis_configuration_4e9f5f9f5c5a61c67811c600,1.0,4,0.01,nearest,preload_all,30,0.00043866666666666777,0.018702097971509898,0.008968666666666668,0.002032333333333333,0.25,0.00035133333333333495,0.0005313333333333355,mean of workload-paired AF/DF estimates,workload replication
analysis_configuration_4eb751bc9ce9632a648362dc,0.95,4,1e-05,ceiling,preload_all,30,3.333333333332966e-06,2.1975831382441422e-05,1.5333333333333334e-05,3.3333333333333333e-06,0.25,0.0,7.999999999999674e-06,mean of workload-paired AF/DF estimates,workload replication
analysis_configuration_4eeb0e3667c5581e29b051e3,1.25,1,0.01,nearest,preload_all,30,0.002393999999999981,0.019078924906508296,0.00762,0.005462333333333334,1.0,0.002267333333333321,0.0025159999999999814,mean of workload-paired AF/DF estimates,workload replication
analysis_configuration_4f905b53b46b47cc25ef7d21,1.25,1,3e-05,ceiling,preload_all,30,1.3333333333328165e-05,5.538892663655046e-05,2e-05,2e-05,1.0,8.66666666665683e-06,1.866666666665203e-05,mean of workload-paired AF/DF estimates,workload replication
analysis_configuration_4fa64c08ddf26a0f01d8e720,1.1,8,1e-05,floor,preload_all,30,0.0,2.6045006282142967e-05,1e-05,6.666666666666667e-07,0.125,0.0,0.0,mean of workload-paired AF/DF estimates,workload replication
analysis_configuration_4fecaceb1dd31e6d417f1ef8,0.95,4,0.001,floor,preload_all,30,6.933333333333699e-05,0.0023054600023941847,0.0009883333333333333,0.00018466666666666666,0.25,5.1333333333336544e-05,9.06666666666713e-05,mean of workload-paired AF/DF estimates,workload replication
analysis_configuration_500d640a36f22535aa46c566,1.0,16,0.001,nearest,preload_all,30,5.9999999999999866e-05,0.0019426922925489924,0.0009196666666666666,5.866666666666667e-05,0.0625,4.1333333333333035e-05,8.066666666666593e-05,mean of workload-paired AF/DF estimates,workload replication
analysis_configuration_502dc52c95ef866e5ff70979,0.8,4,0.03,ceiling,preload_all,30,0.0010500000000000004,0.03406260185282985,0.020479666666666667,0.0036826666666666666,0.25,0.0009520000000000015,0.0011493333333333355,mean of workload-paired AF/DF estimates,workload replication
analysis_configuration_5067c875b633f93f6744a3fd,0.8,4,0.03,nearest,preload_all,30,0.0011206666666666648,0.04774569529243088,0.024897333333333334,0.0035673333333333334,0.25,0.0010353333333333321,0.0012086666666666647,mean of workload-paired AF/DF estimates,workload replication
analysis_configuration_5087328c8465dbc20b8ae48b,0.5,16,0.03,floor,preload_all,30,0.0,0.05102270905747907,0.029396,0.0,0.0625,0.0,0.0,mean of workload-paired AF/DF estimates,workload replication
analysis_configuration_50884b0ff99f8f920e18c08b,1.0,16,1e-05,ceiling,preload_all,30,0.0,2.4056339609418507e-05,1.0666666666666667e-05,0.0,0.0625,0.0,0.0,mean of workload-paired AF/DF estimates,workload replication
analysis_configuration_509478b7b29749e9bcf81556,1.25,8,1e-05,floor,preload_all,30,4.666666666667633e-06,2.488050651827514e-05,1.3333333333333333e-05,4.000000000000001e-06,0.125,0.0,1.1333333333333566e-05,mean of workload-paired AF/DF estimates,workload replication
analysis_configuration_50991bfa6e35f3d48b1e99d3,0.8,4,1e-05,nearest,preload_all,30,0.0,1.3483774420114584e-05,8e-06,1.3333333333333334e-06,0.25,0.0,0.0,mean of workload-paired AF/DF estimates,workload replication
analysis_configuration_50af89c389833fff75dfd0e7,0.8,8,1e-05,ceiling,preload_all,30,0.0,1.155338974738618e-05,8.000000000000001e-06,0.0,0.125,0.0,0.0,mean of workload-paired AF/DF estimates,workload replication
analysis_configuration_50c8233704f51227b3da2300,1.0,4,0.001,ceiling,preload_all,30,5.466666666666768e-05,0.0014524924928944617,0.000782,0.00020366666666666667,0.25,3.9333333333332884e-05,7.133333333332973e-05,mean of workload-paired AF/DF estimates,workload replication
analysis_configuration_51592730935c3b370951bb30,1.1,4,1e-05,ceiling,preload_all,30,0.0,1.4386328211715873e-05,6.666666666666667e-06,6.666666666666667e-07,0.25,0.0,0.0,mean of workload-paired AF/DF estimates,workload replication
analysis_configuration_516241787500288d41b4b6c8,1.25,4,0.0001,ceiling,preload_all,30,1.866666666666498e-05,0.00016524209324033243,8.733333333333333e-05,2.6000000000000002e-05,0.25,1.1333333333329864e-05,2.733333333332921e-05,mean of workload-paired AF/DF estimates,workload replication
analysis_configuration_5233be8c6551be95b67867d0,1.0,1,0.001,nearest,preload_all,30,0.00026799999999999974,0.0016663878690941255,0.0007336666666666668,0.0004890000000000001,1.0,0.00023198333333331985,0.0003066666666666736,mean of workload-paired AF/DF estimates,workload replication
analysis_configuration_526bb13787f798e540fb17fd,1.0,16,0.1,ceiling,preload_all,30,0.0006366666666666663,0.13892938503735996,0.08750666666666666,0.007932666666666666,0.0625,0.0004719999999999997,0.0008133333333333321,mean of workload-paired AF/DF estimates,workload replication
analysis_configuration_529de22189103c2fe88e9370,1.25,16,0.03,ceiling,preload_all,30,0.001133333333333337,0.05261331244596302,0.028957333333333335,0.006376666666666667,0.0625,0.0008360000000000024,0.0014653500000000063,mean of workload-paired AF/DF estimates,workload replication
analysis_configuration_52a9344dacd5b7766e478ec3,0.8,1,0.0001,floor,preload_all,30,2.8666666666674982e-05,0.00016801241040823855,9.6e-05,4.0666666666666675e-05,1.0,2.066666666667438e-05,3.8000000000002896e-05,mean of workload-paired AF/DF estimates,workload replication
analysis_configuration_52f4c3151a6ee6377308dc76,1.25,4,1e-05,nearest,preload_all,30,1.333333333330966e-06,1.409342416326755e-05,6e-06,2.666666666666667e-06,0.25,0.0,3.333333333327415e-06,mean of workload-paired AF/DF estimates,workload replication
analysis_configuration_52f7b02c3cd41f7822c8406a,0.5,4,0.0001,nearest,preload_all,30,2.00000000000015e-06,0.0001301101876640742,6.8e-05,3.3333333333333333e-06,0.25,0.0,4.000000000000762e-06,mean of workload-paired AF/DF estimates,workload replication
analysis_configuration_5446832293e1d1d151aeec18,1.0,8,0.1,floor,preload_all,30,0.0013640000000000013,0.21311054859100065,0.090783,0.009171333333333333,0.125,0.0011640000000000016,0.001568000000000002,mean of workload-paired AF/DF estimates,workload replication
analysis_configuration_546444a8cc6b9127d51cfa97,0.8,8,0.1,nearest,preload_all,30,0.0008693333333333335,0.1547423385244752,0.08141466666666666,0.0037486666666666666,0.125,0.0007653333333333331,0.0009740000000000004,mean of workload-paired AF/DF estimates,workload replication
analysis_configuration_5535442e7db977c32fca614d,0.8,1,0.0003,floor,preload_all,30,6.533333333334131e-05,0.0005160301722497415,0.0003013333333333333,0.00013000000000000002,1.0,5.1333333333342067e-05,8.000000000001154e-05,mean of workload-paired AF/DF estimates,workload replication
analysis_configuration_5542198aced8d7727d716ce6,1.0,16,3e-05,ceiling,preload_all,30,8.666666666666544e-06,4.947454760855552e-05,2.4666666666666665e-05,3.3333333333333333e-06,0.0625,0.0,2.4666666666666357e-05,mean of workload-paired AF/DF estimates,workload replication
analysis_configuration_5649e581bc16655703a3db5f,1.1,1,0.003,ceiling,preload_all,30,0.0007566666666666647,0.004460489153699566,0.001584,0.001584,1.0,0.0006933333333333495,0.0008193333333333237,mean of workload-paired AF/DF estimates,workload replication
analysis_configuration_56e58a46956714656275cf43,0.95,1,0.0001,nearest,preload_all,30,2.8666666666673132e-05,0.0001595271222743537,7.733333333333333e-05,5.133333333333334e-05,1.0,1.9999999999997796e-05,3.80000000000121e-05,mean of workload-paired AF/DF estimates,workload replication
analysis_configuration_56fa5945b61a8c3b405002e9,1.1,4,3e-05,ceiling,preload_all,30,7.99999999999875e-06,4.619303823876959e-05,2.2666666666666668e-05,1e-05,0.25,1.9999999999992245e-06,1.7333333333334013e-05,mean of workload-paired AF/DF estimates,workload replication
analysis_configuration_5739249369c9b17fc3ca7931,0.8,16,0.0001,ceiling,preload_all,30,1.3333333333333368e-06,0.00012705017276927228,9.066666666666667e-05,1.3333333333333334e-06,0.0625,0.0,3.3333333333333422e-06,mean of workload-paired AF/DF estimates,workload replication
analysis_configuration_57ca705cde55b60d890c25b4,1.1,8,3e-05,floor,preload_all,30,1.0666666666666232e-05,7.958927345124852e-05,3.066666666666667e-05,4.666666666666667e-06,0.125,1.3333333333328165e-06,2.666666666666558e-05,mean of workload-paired AF/DF estimates,workload replication
analysis_configuration_57ddfef16d952bcf0e53a509,1.0,4,0.003,nearest,preload_all,30,0.00018133333333333334,0.0057161781700383035,0.0027326666666666667,0.000629,0.25,0.0001446666666666661,0.00021933333333333155,mean of workload-paired AF/DF estimates,workload replication
analysis_configuration_5854f5dcbfda042443f05118,0.95,4,0.001,ceiling,preload_all,30,6.733333333333035e-05,0.001405636187307813,0.0007813333333333333,0.000176,0.25,5.066666666666368e-05,8.599999999999442e-05,mean of workload-paired AF/DF estimates,workload replication
analysis_configuration_58fb48691099b6142d5ac7f0,0.95,4,0.1,ceiling,preload_all,30,0.003664666666666666,0.12923296427145234,0.07289999999999999,0.01844166666666667,0.25,0.0034793333333333325,0.0038533333333333327,mean of workload-paired AF/DF estimates,workload replication
analysis_configuration_5910a904675dfc06ba2413c8,1.0,16,1e-05,floor,preload_all,30,6.666666666666395e-07,3.8487852431477604e-05,1.0666666666666667e-05,6.666666666666667e-07,0.0625,0.0,1.9999999999999186e-06,mean of workload-paired AF/DF estimates,workload replication
analysis_configuration_5933dd1283ea81c930c0d7fe,0.8,4,0.003,ceiling,preload_all,30,0.00011666666666666816,0.003528956321811228,0.0021260000000000003,0.000362,0.25,9.333333333333508e-05,0.00014066666666666717,mean of workload-paired AF/DF estimates,workload replication
analysis_configuration_596baebbd5b00690343cf7a4,1.0,16,0.001,floor,preload_all,30,6.600000000000009e-05,0.0024593611915672124,0.0009836666666666668,5.2333333333333336e-05,0.0625,4.064999999999887e-05,9.46666666666672e-05,mean of workload-paired AF/DF estimates,workload replication
analysis_configuration_59b28a12429624db496e5775,1.25,1,1e-05,ceiling,preload_all,30,1.9999999999982995e-06,1.661685350080733e-05,2.666666666666667e-06,2.666666666666667e-06,1.0,0.0,5.3333333333275645e-06,mean of workload-paired AF/DF estimates,workload replication
analysis_configuration_59c05209ed6aa45d7eb1ce72,0.8,4,1e-05,floor,preload_all,30,0.0,2.0585312255314447e-05,1.1333333333333334e-05,1.3333333333333334e-06,0.25,0.0,0.0,mean of workload-paired AF/DF estimates,workload replication
analysis_configuration_5a527c17e748e4ca319cb83d,1.0,1,0.0001,nearest,preload_all,30,1.999999999999965e-05,0.00017155836450305457,7.066666666666666e-05,4.5333333333333335e-05,1.0,1.3999999999999198e-05,2.666666666666188e-05,mean of workload-paired AF/DF estimates,workload replication
analysis_configuration_5aa2109d0d24db458e32fc26,1.1,8,1e-05,nearest,preload_all,30,6.666666666664083e-07,2.169838319875266e-05,9.333333333333334e-06,1.3333333333333334e-06,0.125,0.0,1.9999999999992245e-06,mean of workload-paired AF/DF estimates,workload replication
analysis_configuration_5adb2106173d65897704e858,0.95,16,0.1,nearest,preload_all,30,0.0004926666666666672,0.1736262977972994,0.08714333333333334,0.0035419999999999996,0.0625,0.0003920000000000009,0.0006100000000000001,mean of workload-paired AF/DF estimates,workload replication
analysis_configuration_5be020c1282bae8109c779e7,0.95,1,3e-05,ceiling,preload_all,30,1.5333333333339416e-05,4.936230504780027e-05,1.866666666666667e-05,1.866666666666667e-05,1.0,9.333333333337117e-06,2.200000000000535e-05,mean of workload-paired AF/DF estimates,workload replication
analysis_configuration_5c59c7012839d1b9f3943b35,1.25,4,0.001,ceiling,preload_all,30,0.00012666666666666566,0.001795490356687152,0.0008926666666666667,0.0002946666666666667,0.25,9.066666666666667e-05,0.0001666666666666631,mean of workload-paired AF/DF estimates,workload replication
analysis_configuration_5c644aeba41a3ccd9672ac5a,0.8,4,0.0001,nearest,preload_all,30,2.6666666666660955e-06,0.00014907699744487856,7.8e-05,8.666666666666668e-06,0.25,6.666666666664083e-07,5.333333333332191e-06,mean of workload-paired AF/DF estimates,workload replication
analysis_configuration_5c768e1fcc6432b492372b38,1.0,16,0.003,ceiling,preload_all,30,0.00011600000000000037,0.0044492171973134756,0.00283,0.0001756666666666667,0.0625,8.866666666666699e-05,0.00014666666666666718,mean of workload-paired AF/DF estimates,workload replication
analysis_configuration_5c9dae63055d0a8d04c5d286,0.95,16,0.0001,nearest,preload_all,30,8.666666666666544e-06,0.00019226090535568339,9.933333333333334e-05,4.000000000000001e-06,0.0625,1.333333333333279e-06,2.000000000000011e-05,mean of workload-paired AF/DF estimates,workload replication
analysis_configuration_5cf69cbd7c7b0f7d49682f92,0.8,8,0.03,ceiling,preload_all,30,0.00024800000000000077,0.035064326701509725,0.022556333333333334,0.0012029999999999999,0.125,0.00020133333333333415,0.0002980000000000008,mean of workload-paired AF/DF estimates,workload replication
analysis_configuration_5d484905359fbf912be4266b,0.5,4,0.003,nearest,preload_all,30,5.7333333333333654e-05,0.003669037892253783,0.002157,0.00010700000000000001,0.25,4.7333333333333255e-05,6.733333333333417e-05,mean of workload-paired AF/DF estimates,workload replication
analysis_configuration_5e0e98096de689a6602e00b0,0.8,8,1e-05,floor,preload_all,30,0.0,2.379920655903925e-05,1.1333333333333334e-05,1.3333333333333334e-06,0.125,0.0,0.0,mean of workload-paired AF/DF estimates,workload replication
analysis_configuration_5e53ec29b1d3c0a0da460f9b,1.0,16,0.0003,floor,preload_all,30,1.9333333333334397e-05,0.0007204223230403031,0.00029299999999999997,1.6666666666666667e-05,0.0625,8.666666666667007e-06,3.200000000000147e-05,mean of workload-paired AF/DF estimates,workload replication
analysis_configuration_5f5a1352f4b5f270752afeac,1.1,1,1e-05,nearest,preload_all,30,1.3333333333346669e-06,1.8061756995326102e-05,6.666666666666667e-06,3.3333333333333333e-06,1.0,0.0,3.333333333336667e-06,mean of workload-paired AF/DF estimates,workload replication
analysis_configuration_60f886f4c8b41eeafb294498,1.0,8,0.0001,ceiling,preload_all,30,9.333333333333416e-06,0.00013979821486212118,8.466666666666667e-05,8.666666666666668e-06,0.125,1.3333333333328165e-06,1.9333333333333703e-05,mean of workload-paired AF/DF estimates,workload replication
analysis_configuration_622ba87f59516051ee852329,1.0,16,3e-05,floor,preload_all,30,2.6666666666667892e-06,8.039987453075833e-05,2.6000000000000002e-05,2.666666666666667e-06,0.0625,0.0,6.000000000000912e-06,mean of workload-paired AF/DF estimates,workload replication
analysis_configuration_62843a9be39833aa066b627c,0.95,8,1e-05,floor,preload_all,30,1.333333333333279e-06,2.233315830046429e-05,9.333333333333334e-06,1.3333333333333334e-06,0.125,0.0,3.999999999999837e-06,mean of workload-paired AF/DF estimates,workload replication
analysis_configuration_629ebd4254d8dbd3191e2c0b,0.5,4,0.01,nearest,preload_all,30,0.00016000000000000007,0.012281907150591707,0.007286,0.00031033333333333336,0.25,0.00013733333333333376,0.00018466666666666656,mean of workload-paired AF/DF estimates,workload replication
analysis_configuration_62a11b78f92898cb0538c052,1.1,1,0.003,floor,preload_all,30,0.0007859999999999941,0.006453140270197688,0.0030566666666666667,0.0015926666666666667,1.0,0.0007306499999999837,0.0008419999999999948,mean of workload-paired AF/DF estimates,workload replication
analysis_configuration_62b83b6aa448e9cdf6a6810b,1.0,4,0.0003,floor,preload_all,30,2.3333333333330764e-05,0.0007046326732001961,0.000292,5.933333333333334e-05,0.25,1.4000000000000123e-05,3.399999999999515e-05,mean of workload-paired AF/DF estimates,workload replication
analysis_configuration_632c37514b048279d3f0f418,1.1,4,0.001,nearest,preload_all,30,8.733333333333463e-05,0.001958836562136084,0.000905,0.00023,0.25,6.333333333333747e-05,0.00011466666666666572,mean of workload-paired AF/DF estimates,workload replication
analysis_configuration_64030db418a4e741e71b6865,0.5,8,0.001,ceiling,preload_all,30,0.0,0.0007323853309868093,0.0004893333333333334,1.3333333333333334e-06,0.125,0.0,0.0,mean of workload-paired AF/DF estimates,workload replication
analysis_configuration_643323e1c00c12b1f0f59df5,1.25,1,0.1,nearest,preload_all,30,0.023765999999999995,0.17608915595349225,0.069858,0.04960066666666666,1.0,0.02344331666666665,0.02408801666666667,mean of workload-paired AF/DF estimates,workload replication
analysis_configuration_647b3e2f3fbcef93d9ae8249,0.95,16,0.0003,nearest,preload_all,30,1.1333333333333566e-05,0.0005853016812641906,0.000315,1.2e-05,0.0625,3.3333333333334286e-06,2.2666666666666905e-05,mean of workload-paired AF/DF estimates,workload replication
analysis_configuration_6521e55a72f5f72b8c28c4e0,0.8,8,0.001,floor,preload_all,30,1.999999999999988e-05,0.002160227314138118,0.0010043333333333334,4.0666666666666675e-05,0.125,1.3999999999999891e-05,2.6000000000000327e-05,mean of workload-paired AF/DF estimates,workload replication
analysis_configuration_652b58c2f69451a098787746,1.25,4,0.01,ceiling,preload_all,30,0.00040733333333333176,0.017568899950835642,0.008696333333333334,0.0029536666666666665,0.25,0.00029599999999999814,0.0005266833333333341,mean of workload-paired AF/DF estimates,workload replication
analysis_configuration_65c605727f9983cc0fee55d4,0.5,8,1e-05,floor,preload_all,30,0.0,1.6682802798337e-05,6e-06,0.0,0.125,0.0,0.0,mean of workload-paired AF/DF estimates,workload replication
analysis_configuration_65d87abf4f017d3ad84deea0,0.95,8,0.0003,nearest,preload_all,30,1.4666666666666995e-05,0.0005823872174653762,0.0002883333333333333,2.9333333333333336e-05,0.125,8.66666666666747e-06,2.0666666666668367e-05,mean of workload-paired AF/DF estimates,workload replication
analysis_configuration_681d5fcec04963f99e353fd2,1.25,1,0.001,floor,preload_all,30,0.00025800000000001007,0.0021831576062950253,0.0009816666666666667,0.0005736666666666667,1.0,0.0002139999999999957,0.00030000000000001515,mean of workload-paired AF/DF estimates,workload replication
analysis_configuration_684dfc684cf6da8d5bcfad16,0.5,1,3e-05,ceiling,preload_all,30,6.666666666662232e-06,1.599870022479363e-05,6.666666666666667e-06,6.666666666666667e-06,1.0,2.666666666665633e-06,1.1333333333326165e-05,mean of workload-paired AF/DF estimates,workload replication
analysis_configuration_6971c93371011685cd9453c7,0.95,4,0.003,floor,preload_all,30,0.00014133333333333313,0.006874773866500221,0.003013,0.0005503333333333333,0.25,0.00010533333333333595,0.00017733333333333216,mean of workload-paired AF/DF estimates,workload replication
analysis_configuration_69723736b8a50a51c19e8a60,0.8,16,0.0001,nearest,preload_all,30,0.0,0.00016649300750169675,9.266666666666668e-05,0.0,0.0625,0.0,0.0,mean of workload-paired AF/DF estimates,workload replication
analysis_configuration_69c2303aa9c1b0fa724d914e,0.95,4,0.0001,floor,preload_all,30,2.133333333333154e-05,0.00025207532839038107,0.00011266666666666668,2.4e-05,0.25,1.1999999999997198e-05,3.2666666666663255e-05,mean of workload-paired AF/DF estimates,workload replication
analysis_configuration_6a3a23c8a59a1c38d9bc77d5,0.8,4,0.1,floor,preload_all,30,0.003614666666666666,0.18897104821083213,0.09181299999999999,0.010996333333333334,0.25,0.0034686666666666663,0.00375735,mean of workload-paired AF/DF estimates,workload replication
analysis_configuration_6a509f60154629ab550ea1f6,1.25,1,3e-05,floor,preload_all,30,1.0666666666669933e-05,6.74031594665418e-05,2.866666666666667e-05,1.6e-05,1.0,6.666666666658531e-06,1.5333333333337566e-05,mean of workload-paired AF/DF estimates,workload replication
analysis_configuration_6ad96eb7b005c66aeaea4ed0,0.8,16,0.001,nearest,preload_all,30,3.3333333333333422e-06,0.0016710425803192993,0.0008843333333333334,6.666666666666667e-06,0.0625,6.666666666666684e-07,6.000000000000015e-06,mean of workload-paired AF/DF estimates,workload replication
analysis_configuration_6aee6dbd77326bc080cdfadd,0.5,8,0.1,floor,preload_all,30,8.600000000000002e-05,0.159265198684381,0.09272133333333334,0.000164,0.125,6.933333333333334e-05,0.00010333333333333336,mean of workload-paired AF/DF estimates,workload replication
analysis_configuration_6b3668e87f3ecdecd94cf96c,1.1,16,0.003,floor,preload_all,30,0.00031999999999999943,0.007622641353060645,0.0030043333333333332,0.00032933333333333333,0.0625,0.00024066666666666635,0.00040600000000000033,mean of workload-paired AF/DF estimates,workload replication
analysis_configuration_6b779cb47a725151c8788387,1.1,4,0.003,floor,preload_all,30,0.000145999999999998,0.007231309511360884,0.0029463333333333334,0.0007570000000000001,0.25,0.00010133333333333106,0.00019600000000000083,mean of workload-paired AF/DF estimates,workload replication
analysis_configuration_6b83106a03b19db3d6d10522,0.95,8,0.003,ceiling,preload_all,30,0.00010333333333333306,0.00414877578720133,0.002541,0.0002606666666666667,0.125,7.399999999999905e-05,0.00013533333333333268,mean of workload-paired AF/DF estimates,workload replication
analysis_configuration_6b992bf37bcc89aae11f628d,1.1,16,3e-05,floor,preload_all,30,1.933333333333324e-05,7.027094836595245e-05,2.7000000000000002e-05,5.333333333333334e-06,0.0625,4.666666666666708e-06,3.799999999999961e-05,mean of workload-paired AF/DF estimates,workload replication
analysis_configuration_6c4f9ced696f4891f7f96884,1.25,1,0.0003,floor,preload_all,30,7.733333333333665e-05,0.0006516579574231474,0.0002986666666666667,0.0001726666666666667,1.0,5.9999999999978494e-05,9.533333333334356e-05,mean of workload-paired AF/DF estimates,workload replication
analysis_configuration_6cc92d6a4bbc0f72439b7fcc,0.5,4,0.03,floor,preload_all,30,0.000496,0.050345652267939384,0.029156,0.0009466666666666667,0.25,0.0004526666666666667,0.0005393333333333336,mean of workload-paired AF/DF estimates,workload replication
analysis_configuration_6cd59949da872e6e9f813fed,0.95,8,0.001,nearest,preload_all,30,5.399999999999942e-05,0.0018945006701675258,0.0009266666666666667,9.6e-05,0.125,3.533333333333351e-05,7.535000000000054e-05,mean of workload-paired AF/DF estimates,workload replication
analysis_configuration_6dabbabe4468ed4d3cfbff5b,1.0,4,1e-05,floor,preload_all,30,2.666666666666558e-06,1.9982369722951273e-05,8.000000000000001e-06,3.3333333333333333e-06,0.25,0.0,6.000000000000449e-06,mean of workload-paired AF/DF estimates,workload replication
analysis_configuration_6e8262d1dba1d945ff293063,1.25,8,0.0003,nearest,preload_all,30,8.199999999999874e-05,0.0006617626032174175,0.0002936666666666667,6.266666666666667e-05,0.125,5.3999999999996644e-05,0.00011400000000000024,mean of workload-paired AF/DF estimates,workload replication
analysis_configuration_6f80a5df6d5a5a512640a03b,1.0,8,1e-05,nearest,preload_all,30,9.999999999999825e-06,1.9765439787827396e-05,8.666666666666668e-06,2.0000000000000003e-06,0.125,0.0,2.8666666666666193e-05,mean of workload-paired AF/DF estimates,workload replication
analysis_configuration_6f9a493b149f7b26aa42d25a,1.0,8,0.0003,floor,preload_all,30,4.000000000000022e-05,0.0007281618473825478,0.00032366666666666666,4.366666666666667e-05,0.125,2.5333333333335065e-05,5.666666666666598e-05,mean of workload-paired AF/DF estimates,workload replication
analysis_configuration_6ffa67c307c50cc69accf24a,1.1,1,0.0001,floor,preload_all,30,3.533333333332796e-05,0.00022040373111672666,0.000108,5.133333333333334e-05,1.0,2.266666666667083e-05,4.999999999999449e-05,mean of workload-paired AF/DF estimates,workload replication
analysis_configuration_719fe1c9e8727574e68b70d5,0.8,4,0.0001,floor,preload_all,30,6.000000000000449e-06,0.00019734578100966487,0.00010333333333333333,9.333333333333334e-06,0.25,2.00000000000015e-06,1.066666666666762e-05,mean of workload-paired AF/DF estimates,workload replication
analysis_configuration_71ac53cbfaae0f9e98819f90,0.95,4,0.0001,nearest,preload_all,30,1.1999999999997198e-05,0.0001996319411816278,9.533333333333334e-05,1.9333333333333333e-05,0.25,5.333333333331266e-06,1.999999999999687e-05,mean of workload-paired AF/DF estimates,workload replication
analysis_configuration_71eb6b0220bd57a1bd85607e,1.25,16,0.003,ceiling,preload_all,30,0.0007393333333333335,0.005394940071873607,0.002946666666666667,0.000597,0.0625,0.0005373333333333351,0.000961999999999998,mean of workload-paired AF/DF estimates,workload replication
analysis_configuration_72a298d40b54698903bcea17,1.25,16,1e-05,floor,preload_all,30,4.666666666666708e-06,3.34174830558835e-05,9.333333333333334e-06,6.666666666666667e-07,0.0625,0.0,1.4000000000000123e-05,mean of workload-paired AF/DF estimates,workload replication
analysis_configuration_72a956f2531fc8baa755ee4f,0.95,4,0.1,nearest,preload_all,30,0.003976666666666671,0.16709871093961068,0.08101866666666666,0.017172666666666666,0.25,0.0037506500000000034,0.004196683333333341,mean of workload-paired AF/DF estimates,workload replication
analysis_configuration_7312e689610758bce2990654,0.8,8,0.0003,floor,preload_all,30,4.666666666666477e-06,0.0006421425051261325,0.00029600000000000004,7.333333333333334e-06,0.125,1.333333333333279e-06,8.666666666666314e-06,mean of workload-paired AF/DF estimates,workload replication
analysis_configuration_73f21b6a49832c094f8e1adb,1.25,4,1e-05,floor,preload_all,30,1.3333333333346669e-06,2.2703116574419828e-05,1e-05,2.0000000000000003e-06,0.25,0.0,3.333333333336667e-06,mean of workload-paired AF/DF estimates,workload replication
analysis_configuration_73f847994d5933f2c93e657a,1.25,1,0.003,nearest,preload_all,30,0.0007420000000000094,0.005724579273062562,0.002278,0.001645,1.0,0.0006746666666666826,0.0008093500000000242,mean of workload-paired AF/DF estimates,workload replication
analysis_configuration_7457f6f2de137ceb3b26e7d2,1.0,1,0.0003,nearest,preload_all,30,7.600000000000754e-05,0.0005031380175187226,0.00021733333333333332,0.00014333333333333334,1.0,5.866666666667353e-05,9.466666666666147e-05,mean of workload-paired AF/DF estimates,workload replication
analysis_configuration_745f5c03a7286a4fef3af09b,0.5,4,1e-05,nearest,preload_all,30,0.0,1.1521260279512778e-05,4.666666666666667e-06,0.0,0.25,0.0,0.0,mean of workload-paired AF/DF estimates,workload replication
analysis_configuration_751d3fc83c7c4fed425a3471,0.8,1,1e-05,nearest,preload_all,30,2.00000000000015e-06,1.2853113403940634e-05,6e-06,3.3333333333333333e-06,1.0,0.0,4.000000000004e-06,mean of workload-paired AF/DF estimates,workload replication
analysis_configuration_75ebe8014626db5e8fdbddc6,0.5,1,0.001,floor,preload_all,30,0.00021066666666667012,0.001446352933434261,0.0009753333333333334,0.0003206666666666667,1.0,0.00018866666666666847,0.0002333333333333354,mean of workload-paired AF/DF estimates,workload replication
analysis_configuration_761360d7b6e70156454ea6ef,0.8,1,0.01,floor,preload_all,30,0.002529333333333341,0.017810987793692598,0.009864000000000001,0.004422333333333334,1.0,0.0024433333333333416,0.0026173333333333456,mean of workload-paired AF/DF estimates,workload replication
analysis_configuration_765a61cc25b0091d136810db,1.25,8,3e-05,ceiling,preload_all,30,1.1999999999999973e-05,4.825469492259201e-05,2.5333333333333334e-05,8.000000000000001e-06,0.125,2.666666666666558e-06,2.3999999999999946e-05,mean of workload-paired AF/DF estimates,workload replication
analysis_configuration_765b136409845b2b358669c9,1.1,4,0.0001,floor,preload_all,30,1.866666666666498e-05,0.00022947273005840526,0.00010333333333333334,2.6000000000000002e-05,0.25,1.0666666666664382e-05,2.7999999999998397e-05,mean of workload-paired AF/DF estimates,workload replication
analysis_configuration_76a6b22bdf54b38ad820b861,0.95,4,0.0003,ceiling,preload_all,30,3.8666666666665556e-05,0.0004674462077167855,0.00027133333333333333,7.000000000000001e-05,0.25,2.733333333333199e-05,5.066666666666645e-05,mean of workload-paired AF/DF estimates,workload replication
analysis_configuration_78230f39c262714cb234709b,1.0,16,0.003,nearest,preload_all,30,0.00012333333333333386,0.005962840847678694,0.0029313333333333335,0.00018366666666666667,0.0625,8.800000000000149e-05,0.0001593333333333345,mean of workload-paired AF/DF estimates,workload replication
analysis_configuration_785ca3dbce71afc266ea2618,0.8,1,0.001,floor,preload_all,30,0.0002466666666666654,0.0017840065941141874,0.000992,0.0004313333333333333,1.0,0.0002206666666666597,0.00027333333333333284,mean of workload-paired AF/DF estimates,workload replication
analysis_configuration_78b481bea3953db9e7ee42d2,0.8,1,0.003,floor,preload_all,30,0.0007173333333333384,0.00531004679378743,0.002976333333333333,0.001325,1.0,0.0006666666666666655,0.0007686666666666693,mean of workload-paired AF/DF estimates,workload replication
analysis_configuration_7926f3742bc490639b0ef3b9,0.5,4,0.001,ceiling,preload_all,30,1.5333333333333633e-05,0.000724392963184126,0.00046866666666666666,3.933333333333334e-05,0.25,9.999999999999825e-06,2.1333333333333623e-05,mean of workload-paired AF/DF estimates,workload replication
analysis_configuration_797357c73df33eddb0f95d37,1.1,8,0.0001,floor,preload_all,30,2.3333333333332614e-05,0.0002641421672248314,0.00010533333333333334,1.6e-05,0.125,1.0666666666667157e-05,3.86666666666665e-05,mean of workload-paired AF/DF estimates,workload replication
analysis_configuration_79cd7d9ee6bfd0ce4566aaa6,0.95,1,0.0003,nearest,preload_all,30,7.1999999999998e-05,0.00047546763847067144,0.00022233333333333336,0.00014366666666666667,1.0,5.6666666666656676e-05,8.733333333333556e-05,mean of workload-paired AF/DF estimates,workload replication
analysis_configuration_79daaa3be0d163d54fe345e6,0.95,4,3e-05,ceiling,preload_all,30,4.666666666666708e-06,4.3208838943012794e-05,2.4e-05,6.666666666666667e-06,0.25,1.3333333333328165e-06,8.666666666666082e-06,mean of workload-paired AF/DF estimates,workload replication
analysis_configuration_79df632db52c7cc0a705fc85,1.1,8,0.0003,floor,preload_all,30,4.666666666666708e-05,0.0007701825315367888,0.0003116666666666667,5.266666666666667e-05,0.125,3.199999999999962e-05,6.399999999999742e-05,mean of workload-paired AF/DF estimates,workload replication
analysis_configuration_7a3a31361389fd43e3e4c30d,1.0,1,0.003,floor,preload_all,30,0.000767333333333331,0.006025327641935006,0.0030429999999999997,0.001506,1.0,0.0007080000000000084,0.0008273333333333225,mean of workload-paired AF/DF estimates,workload replication
analysis_configuration_7ab8c8bf0df5de950aad1a1b,0.8,8,0.003,ceiling,preload_all,30,4.1333333333332804e-05,0.003542155869798697,0.0022986666666666667,0.00011933333333333334,0.125,3.066666666666611e-05,5.333333333333278e-05,mean of workload-paired AF/DF estimates,workload replication
analysis_configuration_7b192b74720c0704542afb55,1.25,1,0.01,floor,preload_all,30,0.0024240000000000004,0.021953544367002167,0.009734333333333334,0.005404,1.0,0.0023006666666666917,0.0025579999999999787,mean of workload-paired AF/DF estimates,workload replication
analysis_configuration_7b5c8243ce900c0b7feeb05f,1.0,16,0.0003,ceiling,preload_all,30,1.9333333333333008e-05,0.000422634512499049,0.00026599999999999996,1.2e-05,0.0625,5.333333333333116e-06,3.933333333333381e-05,mean of workload-paired AF/DF estimates,workload replication
analysis_configuration_7b7aa9d317a8d3d1df5fcd50,0.5,8,0.1,nearest,preload_all,30,8.999999999999999e-05,0.11726052205556377,0.070188,0.00019433333333333333,0.125,7.333333333333336e-05,0.00010733333333333328,mean of workload-paired AF/DF estimates,workload replication
analysis_configuration_7bc83437643eb653fae3fe6e,0.5,16,0.1,floor,preload_all,30,0.0,0.15930611447924484,0.09297266666666666,0.0,0.0625,0.0,0.0,mean of workload-paired AF/DF estimates,workload replication
analysis_configuration_7c5a05e2afdecc89a81f15ed,1.1,16,0.0003,ceiling,preload_all,30,5.199999999999973e-05,0.0004777636492679723,0.0002843333333333333,3.066666666666667e-05,0.0625,2.9333333333334905e-05,7.86666666666667e-05,mean of workload-paired AF/DF estimates,workload replication
analysis_configuration_7c72f9c26d80a8d8822d0a3d,1.0,1,0.001,ceiling,preload_all,30,0.00024199999999999406,0.0013073002908021256,0.000481,0.000481,1.0,0.00021333333333332835,0.0002713333333333309,mean of workload-paired AF/DF estimates,workload replication
analysis_configuration_7d4fb2772432424faba91fed,1.1,1,0.03,ceiling,preload_all,30,0.007239333333333338,0.04253686029533741,0.015080666666666666,0.015080666666666666,1.0,0.007022666666666677,0.007442666666666671,mean of workload-paired AF/DF estimates,workload replication
analysis_configuration_7e060b8cbbbac5f01d08d88c,0.95,4,0.001,nearest,preload_all,30,7.533333333332911e-05,0.0018784520068179456,0.0009036666666666668,0.0001933333333333333,0.25,5.5999999999994016e-05,9.666666666666157e-05,mean of workload-paired AF/DF estimates,workload replication
analysis_configuration_7e2f327a1e795ad4935bafd7,0.5,8,0.003,nearest,preload_all,30,3.3333333333333422e-06,0.00369760206927023,0.0022706666666666665,4.000000000000001e-06,0.125,6.666666666666684e-07,6.000000000000015e-06,mean of workload-paired AF/DF estimates,workload replication
analysis_configuration_7e56a9fc938572aa0b8a3f5a,0.5,1,0.01,floor,preload_all,30,0.0022133333333333336,0.014786771973836018,0.009880666666666668,0.003274333333333333,1.0,0.002119333333333336,0.002306666666666668,mean of workload-paired AF/DF estimates,workload replication
analysis_configuration_7e9b83be8184a5b0bc94a788,0.8,16,1e-05,nearest,preload_all,30,0.0,1.8055306619464247e-05,8.666666666666668e-06,0.0,0.0625,0.0,0.0,mean of workload-paired AF/DF estimates,workload replication
analysis_configuration_7e9c62cb3608ba290c1b4c01,0.5,4,0.0001,ceiling,preload_all,30,4.0000000000000684e-06,7.725027476124356e-05,5.2000000000000004e-05,5.333333333333334e-06,0.25,1.333333333333279e-06,7.333333333333266e-06,mean of workload-paired AF/DF estimates,workload replication
analysis_configuration_7f423e027d513958ee72ecce,1.25,16,0.0003,floor,preload_all,30,0.00025666666666666893,0.0008151681388720109,0.00027966666666666667,5.366666666666667e-05,0.0625,0.00017066666666666708,0.00036200000000000305,mean of workload-paired AF/DF estimates,workload replication
analysis_configuration_7f97cb830712e0caeacf9d4c,1.25,4,3e-05,nearest,preload_all,30,6.00000000000415e-06,5.8726381006853075e-05,2.6000000000000002e-05,5.333333333333334e-06,0.25,6.666666666673334e-07,1.2666666666675633e-05,mean of workload-paired AF/DF estimates,workload replication
analysis_configuration_7fcbfa19870a71d913add935,0.8,1,0.0001,ceiling,preload_all,30,3.0000000000002247e-05,0.0001028695504958996,4.5333333333333335e-05,4.5333333333333335e-05,1.0,2.3333333333336314e-05,3.666666666667003e-05,mean of workload-paired AF/DF estimates,workload replication
analysis_configuration_800254db2a6fb7cfa14c2d05,1.0,1,3e-05,floor,preload_all,30,1.3333333333339266e-05,7.377253888312672e-05,3.533333333333333e-05,2.1333333333333335e-05,1.0,8.666666666669783e-06,1.866666666666868e-05,mean of workload-paired AF/DF estimates,workload replication
analysis_configuration_800cc740003521ed509d54f7,0.95,1,0.1,ceiling,preload_all,30,0.023854000000000007,0.11958276703644963,0.045317666666666666,0.045317666666666666,1.0,0.02355933333333334,0.02415068333333334,mean of workload-paired AF/DF estimates,workload replication
analysis_configuration_80975b01901c0e0d99f74390,0.5,8,0.0003,floor,preload_all,30,1.3333333333333224e-06,0.0005371885715117745,0.0003206666666666667,2.0000000000000003e-06,0.125,0.0,3.333333333333313e-06,mean of workload-paired AF/DF estimates,workload replication
analysis_configuration_80f651d59e4fd64395444113,1.25,8,0.01,floor,preload_all,30,0.0005113333333333322,0.026306592912236734,0.009873333333333335,0.0022646666666666666,0.125,0.0003713333333333337,0.0006646666666666653,mean of workload-paired AF/DF estimates,workload replication
analysis_configuration_813e5a352b8b8e82c7c66394,1.0,16,1e-05,nearest,preload_all,30,2.666666666666558e-06,2.4048473219532737e-05,8.666666666666668e-06,6.666666666666667e-07,0.0625,0.0,7.999999999999674e-06,mean of workload-paired AF/DF estimates,workload replication
analysis_configuration_81a4f72c78d6a344989ec38a,0.8,16,0.03,floor,preload_all,30,4.6666666666666584e-05,0.0633959241206555,0.029105333333333334,0.00014,0.0625,3.4666666666666556e-05,6.0666666666666477e-05,mean of workload-paired AF/DF estimates,workload replication
analysis_configuration_835e4933a3a558167e642863,1.25,16,0.0003,nearest,preload_all,30,0.000254666666666666,0.0006961850492225512,0.0003146666666666667,6.733333333333333e-05,0.0625,0.00017999999999999868,0.0003379999999999985,mean of workload-paired AF/DF estimates,workload replication
analysis_configuration_8366a9dd9c94374d8f5f9a41,0.8,4,3e-05,ceiling,preload_all,30,2.666666666666558e-06,3.4078413115544074e-05,2.4e-05,2.666666666666667e-06,0.25,0.0,6.666666666666395e-06,mean of workload-paired AF/DF estimates,workload replication
analysis_configuration_83e822b9b245934373951bc0,1.25,16,1e-05,ceiling,preload_all,30,6.666666666673334e-07,1.7456712380582313e-05,7.666666666666667e-06,6.666666666666667e-07,0.0625,0.0,2.000000000002e-06,mean of workload-paired AF/DF estimates,workload replication
analysis_configuration_846de93dd606dfc319ceb088,0.95,8,0.1,nearest,preload_all,30,0.0013353333333333342,0.17094116840437418,0.08454566666666666,0.008495666666666667,0.125,0.0011019833333333335,0.001570000000000001,mean of workload-paired AF/DF estimates,workload replication
analysis_configuration_84714fe846152fc4a7af29c2,0.5,1,0.1,floor,preload_all,30,0.02178066666666667,0.1393199795443204,0.09295199999999999,0.029802,1.0,0.02154398333333333,0.022023333333333336,mean of workload-paired AF/DF estimates,workload replication
analysis_configuration_848f0a93b6e97076af2d1bdc,0.95,4,0.1,floor,preload_all,30,0.004126000000000004,0.20275375732501738,0.09081199999999999,0.016029,0.25,0.003933316666666669,0.004328666666666671,mean of workload-paired AF/DF estimates,workload replication
analysis_configuration_850b5f3f310940786c5c3446,0.95,1,0.0001,floor,preload_all,30,2.6666666666671132e-05,0.00018949097917446414,9.866666666666666e-05,4.466666666666667e-05,1.0,1.80000000000032e-05,3.5999999999999045e-05,mean of workload-paired AF/DF estimates,workload replication
analysis_configuration_856efe71f7535071021f4298,1.0,4,3e-05,nearest,preload_all,30,2.666666666665633e-06,5.7023273107813836e-05,2.7333333333333335e-05,6.666666666666667e-06,0.25,0.0,5.999999999997674e-06,mean of workload-paired AF/DF estimates,workload replication
analysis_configuration_858293578a05069700aedb74,1.25,1,1e-05,floor,preload_all,30,3.333333333332966e-06,3.0471278660941846e-05,1.2666666666666667e-05,6e-06,1.0,1.3333333333272653e-06,6.0000000000023e-06,mean of workload-paired AF/DF estimates,workload replication
analysis_configuration_85cb4d14dbaa704c965c9ffb,0.5,1,0.03,floor,preload_all,30,0.006426666666666673,0.043720955808608776,0.029121333333333332,0.009553,1.0,0.006262000000000008,0.006597333333333336,mean of workload-paired AF/DF estimates,workload replication
analysis_configuration_85fb7239c64658df876ed0c5,1.25,4,1e-05,ceiling,preload_all,30,4.666666666663932e-06,1.801561272275985e-05,1.0666666666666667e-05,4.000000000000001e-06,0.25,6.66666666665483e-07,9.999999999997048e-06,mean of workload-paired AF/DF estimates,workload replication
analysis_configuration_879930e5cbfde8d11342652e,1.1,4,0.0003,ceiling,preload_all,30,4.7333333333333485e-05,0.0004416176521493603,0.00023933333333333331,7.066666666666666e-05,0.25,3.0666666666664026e-05,6.866666666666227e-05,mean of workload-paired AF/DF estimates,workload replication
analysis_configuration_87d59ce0ca72dd7aa83bca16,0.5,16,0.0001,nearest,preload_all,30,0.0,0.0001520010467032669,9.2e-05,0.0,0.0625,0.0,0.0,mean of workload-paired AF/DF estimates,workload replication
analysis_configuration_87ef4def57a1b2fb0f34f2f5,1.25,1,3e-05,nearest,preload_all,30,1.1333333333340967e-05,5.6319328283659894e-05,2.3333333333333332e-05,1.5333333333333334e-05,1.0,6.666666666673334e-06,1.60000000000123e-05,mean of workload-paired AF/DF estimates,workload replication
analysis_configuration_88250e5bdeb3a7f99d8e8f81,1.0,1,1e-05,nearest,preload_all,30,3.333333333336667e-06,1.8669018383965774e-05,8.000000000000001e-06,4.000000000000001e-06,1.0,6.666666666673334e-07,6.666666666673334e-06,mean of workload-paired AF/DF estimates,workload replication
analysis_configuration_8853b80dab9a028feb44c8c7,0.5,1,0.1,nearest,preload_all,30,0.02146133333333334,0.10339219558543884,0.062409000000000006,0.030741333333333332,1.0,0.02120666666666667,0.02169333333333333,mean of workload-paired AF/DF estimates,workload replication
analysis_configuration_88d0dddc36c8c0d9feae8fe5,0.8,8,0.003,nearest,preload_all,30,3.799999999999961e-05,0.005042598973863449,0.002680333333333333,0.00012000000000000002,0.125,2.6666666666666043e-05,5.199999999999973e-05,mean of workload-paired AF/DF estimates,workload replication
analysis_configuration_88d4d2e7c843a399a1a64a01,1.0,1,0.003,ceiling,preload_all,30,0.000772666666666666,0.003959913198029984,0.0014930000000000002,0.0014930000000000002,1.0,0.00069666666666666,0.0008500000000000045,mean of workload-paired AF/DF estimates,workload replication
analysis_configuration_89197e51e96d489b752aebdb,1.1,4,0.01,ceiling,preload_all,30,0.0004626666666666686,0.01553920008428879,0.008235,0.002415666666666667,0.25,0.00034866666666667214,0.0005746666666666659,mean of workload-paired AF/DF estimates,workload replication
analysis_configuration_894d5d1b0829781ab7776c1d,0.8,16,0.0001,floor,preload_all,30,6.666666666666684e-07,0.00023403767321524934,0.00011,6.666666666666667e-07,0.0625,0.0,2.0000000000000054e-06,mean of workload-paired AF/DF estimates,workload replication
analysis_configuration_89a2810c6ae2ee8cf6509c3c,0.8,4,0.001,ceiling,preload_all,30,5.06666666666683e-05,0.001123789804130525,0.0006673333333333334,0.00012066666666666667,0.25,3.600000000000177e-05,6.600000000000124e-05,mean of workload-paired AF/DF estimates,workload replication
analysis_configuration_8a125a8c5bdd3d943f176c28,1.1,1,0.0003,ceiling,preload_all,30,8.466666666666993e-05,0.0004444853451918108,0.00015999999999999999,0.00015999999999999999,1.0,6.266666666667382e-05,0.00010866666666667172,mean of workload-paired AF/DF estimates,workload replication
analysis_configuration_8a3c5053bf1c506dd3b587a0,0.95,1,0.01,nearest,preload_all,30,0.002524666666666666,0.01587853843696507,0.007314,0.0048653333333333335,1.0,0.002433999999999999,0.0026193333333333346,mean of workload-paired AF/DF estimates,workload replication
analysis_configuration_8addb723af67a1db6d28c256,0.8,1,0.0003,nearest,preload_all,30,6.39999999999974e-05,0.00041190760160041893,0.00021566666666666666,0.00013233333333333334,1.0,4.799999999999249e-05,8.133333333333141e-05,mean of workload-paired AF/DF estimates,workload replication
analysis_configuration_8aee7115a85feb9918b62f45,0.95,4,3e-05,floor,preload_all,30,6.666666666673334e-07,6.70340245875599e-05,2.6000000000000002e-05,5.333333333333334e-06,0.25,0.0,2.000000000002e-06,mean of workload-paired AF/DF estimates,workload replication
analysis_configuration_8b2b77562007c5766b21447e,1.25,16,1e-05,nearest,preload_all,30,3.0000000000000397e-05,2.6730043424864673e-05,1.1333333333333334e-05,5.333333333333334e-06,0.0625,5.999999999999524e-06,6.133333333333269e-05,mean of workload-paired AF/DF estimates,workload replication
analysis_configuration_8bdd54578bf979d72f12f16e,0.95,1,0.03,floor,preload_all,30,0.007514666666666666,0.056449653600946136,0.028834333333333333,0.014005,1.0,0.007333333333333334,0.007694666666666665,mean of workload-paired AF/DF estimates,workload replication
analysis_configuration_8c0926ab2339b4d42fe076d2,0.8,4,0.1,nearest,preload_all,30,0.0036973333333333333,0.15099776809438378,0.07844233333333334,0.011684333333333333,0.25,0.0035113333333333338,0.003887333333333333,mean of workload-paired AF/DF estimates,workload replication
analysis_configuration_8cadeab32ff8409237df5c69,0.8,1,0.003,ceiling,preload_all,30,0.0007746666666666661,0.0032168103906278084,0.001347,0.001347,1.0,0.0007086666666666685,0.0008419999999999965,mean of workload-paired AF/DF estimates,workload replication
analysis_configuration_8cc314049f1db22fda00ff87,0.95,16,3e-05,ceiling,preload_all,30,0.0,4.620334356037499e-05,2.6666666666666667e-05,2.0000000000000003e-06,0.0625,0.0,0.0,mean of workload-paired AF/DF estimates,workload replication
analysis_configuration_8cc48ffb22eb57eb335d2c77,1.1,1,0.1,nearest,preload_all,30,0.024274666666666674,0.1622940125708335,0.06892666666666666,0.04707133333333333,1.0,0.023998000000000012,0.024548000000000007,mean of workload-paired AF/DF estimates,workload replication
analysis_configuration_8d8f637f851b05c23d66f912,1.0,8,0.1,nearest,preload_all,30,0.0013806666666666657,0.17638533138117757,0.085477,0.010594,0.125,0.0011799999999999996,0.0015813333333333309,mean of workload-paired AF/DF estimates,workload replication
analysis_configuration_8da816390dda5c5371af9c00,0.95,8,0.003,floor,preload_all,30,8.733333333333417e-05,0.006954050098579191,0.0029406666666666665,0.00027566666666666663,0.125,6.866666666666917e-05,0.0001053333333333346,mean of workload-paired AF/DF estimates,workload replication
analysis_configuration_8dc3554f49548ec790366f5e,1.25,8,0.0003,floor,preload_all,30,8.799999999999918e-05,0.0007771100260527177,0.000298,6.4e-05,0.125,6.199999999999724e-05,0.00011799999999999959,mean of workload-paired AF/DF estimates,workload replication
analysis_configuration_8ddc48ca3e80fda65fa735b2,0.5,4,0.001,nearest,preload_all,30,2.0000000000000225e-05,0.001232626166421348,0.0007326666666666666,4e-05,0.25,1.33333333333336e-05,2.6666666666667778e-05,mean of workload-paired AF/DF estimates,workload replication
analysis_configuration_8e95810a7a82f5a3196a0ee2,0.95,16,0.01,floor,preload_all,30,8.799999999999941e-05,0.023557227290457426,0.00986,0.0003263333333333333,0.0625,6.066666666666604e-05,0.00011733333333333343,mean of workload-paired AF/DF estimates,workload replication
analysis_configuration_8e99464fd0faf2f4fc4f560c,1.25,16,3e-05,nearest,preload_all,30,4.333333333333411e-05,7.649410330181494e-05,2.7333333333333335e-05,5.666666666666667e-06,0.0625,9.333333333334317e-06,9.666666666666897e-05,mean of workload-paired AF/DF estimates,workload replication
analysis_configuration_8f05d65a97d07bc7b42fd252,0.5,8,1e-05,nearest,preload_all,30,0.0,1.5347613743895316e-05,8.000000000000001e-06,0.0,0.125,0.0,0.0,mean of workload-paired AF/DF estimates,workload replication
analysis_configuration_8f4e170ea2ff7971292a8439,1.0,8,0.03,ceiling,preload_all,30,0.00047466666666666767,0.04312811901199285,0.025951666666666665,0.0034376666666666666,0.125,0.00035533333333333483,0.0006006666666666674,mean of workload-paired AF/DF estimates,workload replication
analysis_configuration_8f97fd79f59789df39c285f9,1.0,1,1e-05,ceiling,preload_all,30,4.666666666667633e-06,1.2435105372288681e-05,4.666666666666667e-06,4.666666666666667e-06,1.0,1.9999999999982995e-06,8.0000000000006e-06,mean of workload-paired AF/DF estimates,workload replication
analysis_configuration_90ab4d245a7b0f3e7a0172b7,0.8,1,0.01,ceiling,preload_all,30,0.0023953333333333344,0.010787287838494197,0.0043890000000000005,0.0043890000000000005,1.0,0.002297983333333332,0.002490666666666665,mean of workload-paired AF/DF estimates,workload replication
analysis_configuration_90ff7fb25819ef6715f815af,1.0,8,0.0001,nearest,preload_all,30,2.4666666666666818e-05,0.0001892024283243559,9.333333333333333e-05,1.5333333333333334e-05,0.125,8.666666666667007e-06,4.666666666666615e-05,mean of workload-paired AF/DF estimates,workload replication
analysis_configuration_9104ec34d3221337bf57531a,0.5,1,0.1,ceiling,preload_all,30,0.02140133333333333,0.06734544693057551,0.03193033333333333,0.03193033333333333,1.0,0.021208666666666664,0.021599350000000007,mean of workload-paired AF/DF estimates,workload replication
analysis_configuration_9131eb25c9a36cef083b4bfb,0.95,16,1e-05,floor,preload_all,30,0.0,2.582434704847625e-05,1e-05,0.0,0.0625,0.0,0.0,mean of workload-paired AF/DF estimates,workload replication
analysis_configuration_91deee428312ed9435bcd534,0.5,4,0.03,nearest,preload_all,30,0.0004859999999999997,0.03613861079691629,0.021599,0.000935,0.25,0.00044866666666666584,0.0005213333333333334,mean of workload-paired AF/DF estimates,workload replication
analysis_configuration_922323ba86f94389a8ed79c7,1.1,1,0.01,ceiling,preload_all,30,0.002505333333333348,0.014604825317273033,0.005204333333333333,0.005204333333333333,1.0,0.0023839833333333385,0.00262000000000003,mean of workload-paired AF/DF estimates,workload replication
analysis_configuration_92a51c50fe2e8e3eff8f92e1,1.25,8,0.0003,ceiling,preload_all,30,0.00010399999999999947,0.0005614428142653972,0.00030300000000000005,8.1e-05,0.125,7.266666666666347e-05,0.00013933333333333208,mean of workload-paired AF/DF estimates,workload replication
analysis_configuration_92bfa2cf65d0c6776a05cbca,0.8,8,0.003,floor,preload_all,30,3.533333333333351e-05,0.006440642510322123,0.0029646666666666667,0.00011866666666666667,0.125,2.5333333333333225e-05,4.600000000000113e-05,mean of workload-paired AF/DF estimates,workload replication
analysis_configuration_92d3b9480f9b6460eafc5871,1.0,4,0.0001,ceiling,preload_all,30,9.33333333333249e-06,0.00015660361574001307,8.133333333333334e-05,1.9333333333333333e-05,0.25,2.6666666666674834e-06,1.799999999999765e-05,mean of workload-paired AF/DF estimates,workload replication
analysis_configuration_9383b038fb33bd86be2f7cd5,1.25,8,1e-05,ceiling,preload_all,30,2.00000000000015e-06,1.5088772669150066e-05,7.333333333333335e-06,6.666666666666667e-07,0.125,0.0,6.000000000000449e-06,mean of workload-paired AF/DF estimates,workload replication
analysis_configuration_93c7c473f1ac66352df9f037,1.1,8,0.003,ceiling,preload_all,30,0.0002073333333333316,0.004953699324044947,0.002867,0.000493,0.125,0.000156649999999994,0.00026401666666666843,mean of workload-paired AF/DF estimates,workload replication
analysis_configuration_949082f508f224a5b3085776,1.0,4,0.0003,nearest,preload_all,30,1.60000000000012e-05,0.0005808993272530268,0.0002673333333333333,5.666666666666667e-05,0.25,9.333333333332467e-06,2.3999999999999946e-05,mean of workload-paired AF/DF estimates,workload replication
analysis_configuration_94d732e547c9dc609d6fb12f,1.0,1,0.001,floor,preload_all,30,0.0002453333333333215,0.001984700956163468,0.0009889999999999999,0.0004983333333333334,1.0,0.00021333333333331723,0.0002773333333333313,mean of workload-paired AF/DF estimates,workload replication
analysis_configuration_9538accef2d33d60601ccc5c,1.0,1,3e-05,ceiling,preload_all,30,5.333333333331266e-06,4.268017048307613e-05,1.2e-05,1.2e-05,1.0,1.9999999999982995e-06,9.333333333331566e-06,mean of workload-paired AF/DF estimates,workload replication
analysis_configuration_95acc86527d83e0fc301837c,0.5,16,0.0001,ceiling,preload_all,30,0.0,8.46672600220668e-05,5.666666666666667e-05,0.0,0.0625,0.0,0.0,mean of workload-paired AF/DF estimates,workload replication
analysis_configuration_95bc75a437b3734338f28aa7,0.5,1,0.0001,floor,preload_all,30,1.9333333333334164e-05,0.00013924880705595225,9.8e-05,2.466666666666667e-05,1.0,1.1999999999999048e-05,2.7333333333338464e-05,mean of workload-paired AF/DF estimates,workload replication
analysis_configuration_96566c6c244fd8eeba5a9b30,0.5,8,0.0001,ceiling,preload_all,30,0.0,7.00683953334543e-05,4.8e-05,0.0,0.125,0.0,0.0,mean of workload-paired AF/DF estimates,workload replication
analysis_configuration_965cb1f679fbabb5486c406a,0.8,8,0.01,ceiling,preload_all,30,0.00010066666666666603,0.012028153927841503,0.007810666666666666,0.0004136666666666667,0.125,7.133333333333297e-05,0.000131999999999999,mean of workload-paired AF/DF estimates,workload replication
analysis_configuration_96702e76db50afeb1d43dede,0.5,8,0.003,floor,preload_all,30,1.3333333333333368e-06,0.005219065860315559,0.0030426666666666666,2.666666666666667e-06,0.125,0.0,3.3333333333333422e-06,mean of workload-paired AF/DF estimates,workload replication
analysis_configuration_96ee66d7711c8d0a53cf5192,0.5,4,3e-05,nearest,preload_all,30,0.0,3.795055223647433e-05,1.7333333333333336e-05,0.0,0.25,0.0,0.0,mean of workload-paired AF/DF estimates,workload replication
analysis_configuration_97131ad13dbe28850ec17387,0.95,16,0.001,ceiling,preload_all,30,3.399999999999954e-05,0.0013918603580349335,0.000917,3.6666666666666666e-05,0.0625,1.7333333333332858e-05,5.533333333333247e-05,mean of workload-paired AF/DF estimates,workload replication
analysis_configuration_987beed463ccc14fba95e8aa,0.8,1,0.1,ceiling,preload_all,30,0.023701333333333338,0.10301142930403256,0.04178733333333333,0.04178733333333333,1.0,0.023466666666666667,0.02392801666666668,mean of workload-paired AF/DF estimates,workload replication
analysis_configuration_98a8bcb1d67c947b39d556e7,0.8,4,0.01,nearest,preload_all,30,0.0003493333333333311,0.01609666686524008,0.008463666666666668,0.0012176666666666666,0.25,0.0002939999999999975,0.00040599999999999756,mean of workload-paired AF/DF estimates,workload replication
analysis_configuration_99e3524f13bfd05d32123a0c,0.95,16,0.001,floor,preload_all,30,2.600000000000102e-05,0.002337614052638693,0.000992,3.533333333333333e-05,0.0625,1.3333333333333947e-05,4.133333333333397e-05,mean of workload-paired AF/DF estimates,workload replication
analysis_configuration_99f034dbe20d46906f9b08f1,0.5,8,0.001,nearest,preload_all,30,2.0000000000000054e-06,0.0012438760592773104,0.00077,2.0000000000000003e-06,0.125,0.0,4.000000000000011e-06,mean of workload-paired AF/DF estimates,workload replication
analysis_configuration_9a4412b99e35b9e075123a7b,0.5,16,0.01,nearest,preload_all,30,0.0,0.012480076786332846,0.00748,0.0,0.0625,0.0,0.0,mean of workload-paired AF/DF estimates,workload replication
analysis_configuration_9a60016ec79ca8431a91cc03,1.1,1,3e-05,floor,preload_all,30,8.666666666671633e-06,6.684850875804423e-05,3.4e-05,1.7333333333333336e-05,1.0,3.333333333336667e-06,1.4666666666677634e-05,mean of workload-paired AF/DF estimates,workload replication
analysis_configuration_9ac34791af3d4c03491cd595,0.95,4,0.01,floor,preload_all,30,0.0003666666666666624,0.02250007339788349,0.009886,0.0017339999999999999,0.25,0.0002893333333333322,0.00044666666666665913,mean of workload-paired AF/DF estimates,workload replication
analysis_configuration_9be55691f2c4cebdc16eb60f,1.25,4,0.0001,nearest,preload_all,30,2.3333333333334464e-05,0.00023179029313248918,0.00010333333333333334,3.3333333333333335e-05,0.25,1.2666666666670082e-05,3.533333333333351e-05,mean of workload-paired AF/DF estimates,workload replication
analysis_configuration_9cbe85f307c6ffe45b130003,1.0,8,0.003,nearest,preload_all,30,0.00012200000000000081,0.005733819609350254,0.0027806666666666665,0.0003453333333333334,0.125,9.199999999999949e-05,0.0001546666666666673,mean of workload-paired AF/DF estimates,workload replication
analysis_configuration_9d04693224806a58cc38e0ff,1.0,8,3e-05,ceiling,preload_all,30,7.333333333333266e-06,4.44847146724358e-05,2.866666666666667e-05,4.666666666666667e-06,0.125,6.666666666664083e-07,1.8000000000000424e-05,mean of workload-paired AF/DF estimates,workload replication
analysis_configuration_9e24cadb7c11f5ea717d8140,1.25,4,3e-05,ceiling,preload_all,30,1.1999999999999048e-05,4.5429461372556006e-05,2.4666666666666665e-05,6.666666666666667e-06,0.25,3.3333333333348165e-06,2.2666666666665282e-05,mean of workload-paired AF/DF estimates,workload replication
analysis_configuration_9e47b0bc33627f575f6d8882,0.5,4,0.0003,ceiling,preload_all,30,8.000000000000484e-06,0.00023309676933983204,0.00016800000000000002,1.4e-05,0.25,3.3333333333336603e-06,1.3333333333333947e-05,mean of workload-paired AF/DF estimates,workload replication
analysis_configuration_9f85287e4afd275fffa720af,0.5,16,0.001,nearest,preload_all,30,0.0,0.0012893414703053683,0.0007573333333333334,0.0,0.0625,0.0,0.0,mean of workload-paired AF/DF estimates,workload replication
analysis_configuration_a04ce88d2d1a7cb76377fae6,1.25,8,0.001,ceiling,preload_all,30,0.00014066666666666858,0.001839957552373802,0.0009743333333333333,0.00021633333333333332,0.125,0.00010333333333333306,0.00018066666666666977,mean of workload-paired AF/DF estimates,workload replication
analysis_configuration_a10ea4a3d861e4dad415e9fd,1.1,8,0.001,ceiling,preload_all,30,0.0001053333333333332,0.001657588200285301,0.000968,0.00018666666666666666,0.125,7.666666666666563e-05,0.00013799999999999834,mean of workload-paired AF/DF estimates,workload replication
analysis_configuration_a119b7389924816bfe1f99b7,0.95,16,3e-05,floor,preload_all,30,6.666666666666395e-07,7.132845821718642e-05,2.1333333333333335e-05,1.3333333333333334e-06,0.0625,0.0,1.9999999999999186e-06,mean of workload-paired AF/DF estimates,workload replication
analysis_configuration_a1d1fa8364ceed04a934646c,0.8,4,0.001,floor,preload_all,30,5.333333333333301e-05,0.002136216261840286,0.0010473333333333333,0.00014000000000000001,0.25,3.999999999999976e-05,6.733333333333407e-05,mean of workload-paired AF/DF estimates,workload replication
analysis_configuration_a1e106a2637ea431aef302e2,1.1,1,1e-05,ceiling,preload_all,30,3.333333333336667e-06,1.715920800660553e-05,4.000000000000001e-06,4.000000000000001e-06,1.0,6.666666666673334e-07,6.666666666673334e-06,mean of workload-paired AF/DF estimates,workload replication
analysis_configuration_a23afcd63f58d85a5ed4d969,0.8,1,3e-05,ceiling,preload_all,30,4.0000000000003e-06,2.3142142223716192e-05,6e-06,6e-06,1.0,1.333333333330966e-06,7.333333333336967e-06,mean of workload-paired AF/DF estimates,workload replication
analysis_configuration_a296561dd888736141a4f518,0.95,8,0.001,ceiling,preload_all,30,5.1333333333335636e-05,0.0014517083340945512,0.0008916666666666667,8.933333333333334e-05,0.125,3.333333333333521e-05,7.26666666666681e-05,mean of workload-paired AF/DF estimates,workload replication
analysis_configuration_a3116fcbf28826bec8927168,1.25,4,0.03,floor,preload_all,30,0.0010040000000000012,0.07466496430445035,0.028926,0.008511333333333334,0.25,0.0008120000000000051,0.0012119999999999945,mean of workload-paired AF/DF estimates,workload replication
analysis_configuration_a41925e2b81f8d08030a765a,0.8,16,1e-05,floor,preload_all,30,0.0,2.4071108906395495e-05,1e-05,0.0,0.0625,0.0,0.0,mean of workload-paired AF/DF estimates,workload replication
analysis_configuration_a4ab8c8424fc835f1166054f,0.95,16,0.1,ceiling,preload_all,30,0.0003826666666666661,0.13282938212392567,0.08568933333333333,0.005239333333333333,0.0625,0.00026266666666666637,0.0005200166666666666,mean of workload-paired AF/DF estimates,workload replication
analysis_configuration_a4c082bf39f41c75f3e804cc,0.5,16,0.003,floor,preload_all,30,0.0,0.005297365647938672,0.003013333333333333,0.0,0.0625,0.0,0.0,mean of workload-paired AF/DF estimates,workload replication
analysis_configuration_a5379019a1875e5cb46b7fb7,1.1,8,0.1,ceiling,preload_all,30,0.0009420000000000021,0.14874977804013198,0.08553866666666667,0.01731766666666667,0.125,0.0007193333333333347,0.0011833333333333325,mean of workload-paired AF/DF estimates,workload replication
analysis_configuration_a551ed5bb9d7c79a056bc08c,1.1,8,0.1,floor,preload_all,30,0.0011720000000000036,0.22158131018020924,0.090201,0.012920333333333334,0.125,0.0009679833333333356,0.0013773333333333378,mean of workload-paired AF/DF estimates,workload replication
analysis_configuration_a5796bdd089c5fc2309e0b89,0.8,16,0.1,ceiling,preload_all,30,0.0001433333333333333,0.11390597750761174,0.07629133333333334,0.000883,0.0625,0.00011866666666666651,0.00016999999999999974,mean of workload-paired AF/DF estimates,workload replication
analysis_configuration_a5973912808c7eb5f6b58911,1.1,8,0.03,floor,preload_all,30,0.0006233333333333332,0.07273755302699796,0.028990000000000002,0.004481333333333334,0.125,0.000491999999999999,0.0007573500000000003,mean of workload-paired AF/DF estimates,workload replication
analysis_configuration_a5bebf29251c28b33c990c30,1.0,4,0.03,floor,preload_all,30,0.0011606666666666653,0.0675014153788717,0.028986,0.005765999999999999,0.25,0.0009979833333333315,0.0013239999999999992,mean of workload-paired AF/DF estimates,workload replication
analysis_configuration_a669eedcc973fa1176821197,0.5,8,0.001,floor,preload_all,30,6.666666666666684e-07,0.0017213489804440904,0.0010113333333333333,2.0000000000000003e-06,0.125,0.0,2.0000000000000054e-06,mean of workload-paired AF/DF estimates,workload replication
analysis_configuration_a6b1836b595a118376d772bb,0.95,8,0.03,nearest,preload_all,30,0.00041066666666666704,0.054800351810672734,0.027131000000000002,0.002576,0.125,0.0003086666666666659,0.0005220000000000016,mean of workload-paired AF/DF estimates,workload replication
analysis_configuration_a94060eebfe512d877e74ab5,0.95,16,0.01,nearest,preload_all,30,0.00011000000000000014,0.018710988929582163,0.009447666666666667,0.000377,0.0625,8.066666666666685e-05,0.00014333333333333328,mean of workload-paired AF/DF estimates,workload replication
analysis_configuration_a991496dfe4326e7c7abe2d3,1.0,16,0.1,nearest,preload_all,30,0.0005193333333333335,0.17863950780591858,0.08770333333333333,0.005654,0.0625,0.0003993333333333344,0.0006439999999999997,mean of workload-paired AF/DF estimates,workload replication
analysis_configuration_ab033027587252854f9c368e,1.0,1,0.01,floor,preload_all,30,0.002528666666666666,0.01992257744887172,0.010013,0.004966666666666666,1.0,0.00244464999999999,0.0026146666666666727,mean of workload-paired AF/DF estimates,workload replication
analysis_configuration_ab0f82eace6a0773933a654d,0.5,1,3e-05,nearest,preload_all,30,3.333333333336667e-06,3.12140261349974e-05,1.866666666666667e-05,5.333333333333334e-06,1.0,6.666666666673334e-07,6.0000000000060005e-06,mean of workload-paired AF/DF estimates,workload replication
analysis_configuration_ab97b4063295ce8f51aeb5c0,1.0,8,0.01,nearest,preload_all,30,0.00024200000000000054,0.01909499570819307,0.009250666666666666,0.001106,0.125,0.00018266666666666754,0.00030533333333333383,mean of workload-paired AF/DF estimates,workload replication
analysis_configuration_abb3e8b5da4907805f44057d,1.1,8,0.003,nearest,preload_all,30,0.0001693333333333343,0.006163810716883324,0.0028886666666666666,0.000475,0.125,0.00012266666666666814,0.00021733333333333603,mean of workload-paired AF/DF estimates,workload replication
analysis_configuration_ac11771af03e08b33296e078,0.95,16,0.0003,floor,preload_all,30,1.0666666666666694e-05,0.0007248916544278679,0.00030533333333333335,7.333333333333334e-06,0.0625,3.999999999999837e-06,1.866666666666683e-05,mean of workload-paired AF/DF estimates,workload replication
analysis_configuration_ac79859bb6102d6327b5f6e2,1.1,16,0.001,floor,preload_all,30,0.00016066666666666776,0.0025262133301898384,0.0009793333333333334,0.00011666666666666667,0.0625,0.00011933333333333518,0.00020533333333333653,mean of workload-paired AF/DF estimates,workload replication
analysis_configuration_acb44697e53dd292daadac5a,0.95,1,0.001,floor,preload_all,30,0.00025866666666666817,0.0019311157001434519,0.0009916666666666665,0.0005046666666666666,1.0,0.00022466666666666745,0.0002933333333333306,mean of workload-paired AF/DF estimates,workload replication
analysis_configuration_adc8a7993334da5e5b3edb13,0.95,8,3e-05,nearest,preload_all,30,3.333333333332966e-06,5.5133437394864735e-05,3.0000000000000004e-05,4.666666666666667e-06,0.125,6.666666666664083e-07,6.666666666666395e-06,mean of workload-paired AF/DF estimates,workload replication
analysis_configuration_add33e9785cc91bd82acc4c9,1.1,8,0.003,floor,preload_all,30,0.00019199999999999588,0.007524059157745984,0.00299,0.0004766666666666667,0.125,0.00014666666666665883,0.00023866666666665928,mean of workload-paired AF/DF estimates,workload replication
analysis_configuration_ae07920a31f5ee1ed15321db,1.1,1,0.0001,ceiling,preload_all,30,2.8000000000005797e-05,0.00014182300061435312,5e-05,5e-05,1.0,2.066666666667253e-05,3.533333333336127e-05,mean of workload-paired AF/DF estimates,workload replication
analysis_configuration_ae3d37f19174b3b5e3592a1b,1.25,16,0.03,floor,preload_all,30,0.0009806666666666648,0.07740532146702676,0.02913066666666667,0.00573,0.0625,0.0007566499999999963,0.0012199999999999997,mean of workload-paired AF/DF estimates,workload replication
analysis_configuration_ae4e61de543e9b452d85ce6e,1.0,1,0.01,nearest,preload_all,30,0.002472666666666677,0.016596629000740416,0.007426,0.004912,1.0,0.002361333333333343,0.0025859999999999993,mean of workload-paired AF/DF estimates,workload replication
analysis_configuration_ae9e03f4f1fac8862d56d6bc,1.0,4,0.03,nearest,preload_all,30,0.0010293333333333359,0.055439683982211954,0.02653566666666667,0.005920666666666667,0.25,0.0008966666666666696,0.001162000000000001,mean of workload-paired AF/DF estimates,workload replication
analysis_configuration_aef72d60a6bc0d35c1d925a3,1.0,16,0.0001,floor,preload_all,30,7.999999999999905e-06,0.0002497968114066919,9.366666666666666e-05,4.666666666666667e-06,0.0625,0.0,1.79999999999995e-05,mean of workload-paired AF/DF estimates,workload replication
analysis_configuration_aefef0eed36b2cc81c3da1e5,0.8,1,0.001,nearest,preload_all,30,0.0002519999999999967,0.001391300798557365,0.000722,0.000438,1.0,0.0002286666666666622,0.0002740000000000002,mean of workload-paired AF/DF estimates,workload replication
analysis_configuration_af439efe671a4a74722d296f,1.0,8,0.003,ceiling,preload_all,30,0.0001213333333333344,0.004412216611047415,0.0026636666666666666,0.0003186666666666667,0.125,9.333333333333508e-05,0.000150666666666667,mean of workload-paired AF/DF estimates,workload replication
analysis_configuration_af958cd8960243b770004773,1.1,8,0.01,ceiling,preload_all,30,0.00036200000000000213,0.01606875290223786,0.009257,0.0015963333333333335,0.125,0.00027731666666666295,0.0004506666666666696,mean of workload-paired AF/DF estimates,workload replication
analysis_configuration_afaa69c96223ef4ab956b0a3,0.5,16,0.1,nearest,preload_all,30,0.0,0.11741133031045399,0.07064633333333334,6.666666666666667e-07,0.0625,0.0,0.0,mean of workload-paired AF/DF estimates,workload replication
analysis_configuration_afca41c30dd164750b3c54a0,0.8,1,0.003,nearest,preload_all,30,0.0007399999999999999,0.00420103936093347,0.0021460000000000003,0.0013200000000000002,1.0,0.0006986666666666679,0.0007806666666666666,mean of workload-paired AF/DF estimates,workload replication
analysis_configuration_b0bdb5980996f8c4590c7695,0.95,1,0.0001,ceiling,preload_all,30,2.9333333333336765e-05,0.00011369487479451471,4.133333333333333e-05,4.133333333333333e-05,1.0,2.1333333333332464e-05,3.8000000000001e-05,mean of workload-paired AF/DF estimates,workload replication
analysis_configuration_b19e9bdfb05de4da8d047d86,1.1,4,0.001,ceiling,preload_all,30,7.600000000000384e-05,0.0015597967778671852,0.000834,0.00023066666666666667,0.25,5.866666666666705e-05,9.400000000000521e-05,mean of workload-paired AF/DF estimates,workload replication
analysis_configuration_b1c452c06b85c75885eec9d3,1.25,1,0.003,floor,preload_all,30,0.0007453333333333349,0.006603229143554878,0.00294,0.0016673333333333334,1.0,0.0006733333333333332,0.0008173333333333367,mean of workload-paired AF/DF estimates,workload replication
analysis_configuration_b31e173ec36d8861a6e79a9c,1.0,16,0.0001,ceiling,preload_all,30,1.2000000000000436e-05,0.00017248015398163994,0.00011466666666666666,7.333333333333334e-06,0.0625,2.00000000000015e-06,2.733333333333407e-05,mean of workload-paired AF/DF estimates,workload replication
analysis_configuration_b34c953a27f16628c2d52fef,0.5,4,1e-05,floor,preload_all,30,0.0,1.6940780071123592e-05,8e-06,0.0,0.25,0.0,0.0,mean of workload-paired AF/DF estimates,workload replication
analysis_configuration_b4ef4ec279a210054e1cab4f,1.0,4,1e-05,nearest,preload_all,30,1.3333333333328165e-06,2.1460813133088414e-05,1.3333333333333333e-05,3.3333333333333333e-06,0.25,0.0,3.333333333332041e-06,mean of workload-paired AF/DF estimates,workload replication
analysis_configuration_b50288ed5b79e228173e5bd1,0.8,4,1e-05,ceiling,preload_all,30,0.0,1.4197618533068002e-05,1.0666666666666667e-05,0.0,0.25,0.0,0.0,mean of workload-paired AF/DF estimates,workload replication
analysis_configuration_b56a02107248110b5f71d671,1.1,1,3e-05,ceiling,preload_all,30,7.333333333329565e-06,3.703374686166015e-05,1.2e-05,1.2e-05,1.0,3.333333333332966e-06,1.1999999999993497e-05,mean of workload-paired AF/DF estimates,workload replication
analysis_configuration_b587b61804c8dee8243e26f9,1.1,16,3e-05,ceiling,preload_all,30,8.666666666666082e-06,6.108021184338693e-05,4.0333333333333336e-05,5.333333333333334e-06,0.0625,6.666666666664083e-07,1.8666666666665906e-05,mean of workload-paired AF/DF estimates,workload replication
analysis_configuration_b5f712c4df04f1e2507ad0b8,1.25,4,0.0003,nearest,preload_all,30,4.599999999999974e-05,0.0006778207891570338,0.00031099999999999997,8.6e-05,0.25,3.133333333332581e-05,6.200000000000094e-05,mean of workload-paired AF/DF estimates,workload replication
analysis_configuration_b6856b38c812eceb17f9af55,1.1,16,0.001,ceiling,preload_all,30,0.00012933333333333408,0.001620477502233584,0.0009763333333333333,9.866666666666666e-05,0.0625,9.199999999999995e-05,0.00017000000000000072,mean of workload-paired AF/DF estimates,workload replication
analysis_configuration_b6b808e208c24820170a626f,1.25,8,0.01,ceiling,preload_all,30,0.000568,0.017838785508412655,0.009573333333333333,0.002310333333333333,0.125,0.00043533333333333293,0.0007113333333333332,mean of workload-paired AF/DF estimates,workload replication
analysis_configuration_b6c04044682990ae9944562a,1.1,4,0.1,nearest,preload_all,30,0.0038186666666666686,0.18164386174069375,0.08286366666666667,0.022849,0.25,0.0034973333333333345,0.004134683333333333,mean of workload-paired AF/DF estimates,workload replication
analysis_configuration_b7821a4ff2618f0c67550601,1.25,1,0.1,floor,preload_all,30,0.024552,0.20159210661157537,0.08961833333333334,0.048558333333333335,1.0,0.024184,0.024907350000000012,mean of workload-paired AF/DF estimates,workload replication
analysis_configuration_b873558ff4335be568dcdb75,1.0,4,0.0001,nearest,preload_all,30,1.1333333333334491e-05,0.0001976791134100738,9.466666666666667e-05,2.2666666666666668e-05,0.25,5.333333333333116e-06,1.8666666666667756e-05,mean of workload-paired AF/DF estimates,workload replication
analysis_configuration_b8d673079a483c7e20f34fa7,0.8,4,0.01,floor,preload_all,30,0.0003766666666666659,0.020607025936686858,0.009910333333333333,0.001176,0.25,0.0003219999999999996,0.0004313333333333317,mean of workload-paired AF/DF estimates,workload replication
analysis_configuration_b8d70c8968b361732c001806,1.0,16,0.01,floor,preload_all,30,0.00023066666666666746,0.024213936896928377,0.00984,0.0005893333333333334,0.0625,0.0001786666666666675,0.0002873333333333334,mean of workload-paired AF/DF estimates,workload replication
analysis_configuration_b8f6c5328ee63f9ee1b73393,0.8,8,0.1,ceiling,preload_all,30,0.000982,0.11290740592693199,0.072944,0.004458666666666666,0.125,0.00088,0.001082666666666666,mean of workload-paired AF/DF estimates,workload replication
analysis_configuration_b902f572adc439bc0d42c072,1.0,1,0.0003,ceiling,preload_all,30,8.266666666666237e-05,0.00040139468391511834,0.00014266666666666667,0.00014266666666666667,1.0,6.399999999999924e-05,0.0001033333333333238,mean of workload-paired AF/DF estimates,workload replication
analysis_configuration_b93c08903a8ec6b1267a9670,1.25,16,0.001,nearest,preload_all,30,0.0006546666666666673,0.0022547503557608013,0.0009733333333333333,0.00019033333333333332,0.0625,0.0004880000000000013,0.0008533333333333329,mean of workload-paired AF/DF estimates,workload replication
analysis_configuration_ba482994f06dd4d69031d185,1.1,16,3e-05,nearest,preload_all,30,1.1333333333333103e-05,5.436414711282193e-05,2.866666666666667e-05,5.333333333333334e-06,0.0625,1.3333333333337417e-06,2.3333333333332614e-05,mean of workload-paired AF/DF estimates,workload replication
analysis_configuration_bb38ae295b43dc687e9581c1,0.95,1,3e-05,nearest,preload_all,30,1.3333333333339266e-05,4.054627018684988e-05,2.2e-05,1.4e-05,1.0,8.0000000000006e-06,1.9333333333345266e-05,mean of workload-paired AF/DF estimates,workload replication
analysis_configuration_bb592ecf695825ec9dc6268b,0.5,16,3e-05,nearest,preload_all,30,0.0,4.2000320006533456e-05,2.8e-05,0.0,0.0625,0.0,0.0,mean of workload-paired AF/DF estimates,workload replication
analysis_configuration_bb5fbb1a774f176ff7e4c4dc,1.25,4,0.03,nearest,preload_all,30,0.0011800000000000014,0.0633527715881748,0.027286666666666667,0.008833666666666667,0.25,0.0009179833333333302,0.0014553500000000046,mean of workload-paired AF/DF estimates,workload replication
analysis_configuration_bb73517523003cf14aa09a6a,0.8,8,0.001,nearest,preload_all,30,1.2666666666667307e-05,0.0016534513170903705,0.0008613333333333333,3.800000000000001e-05,0.125,7.333333333333729e-06,1.8666666666667526e-05,mean of workload-paired AF/DF estimates,workload replication
analysis_configuration_bba6d9c7b7afb2ad3615fae8,0.95,1,1e-05,nearest,preload_all,30,5.333333333338667e-06,1.587200889290573e-05,8.666666666666668e-06,6e-06,1.0,2.6666666666693337e-06,8.666666666675335e-06,mean of workload-paired AF/DF estimates,workload replication
analysis_configuration_bbedbdec52e6ded8087aac59,1.0,8,0.001,floor,preload_all,30,6.200000000000048e-05,0.0023327710092438327,0.0009496666666666667,0.000109,0.125,4.73333333333344e-05,7.800000000000122e-05,mean of workload-paired AF/DF estimates,workload replication
analysis_configuration_bc2b81fb0e4b2675d3edee23,1.0,4,0.001,floor,preload_all,30,8.866666666666837e-05,0.002345711372696733,0.000988,0.00021533333333333335,0.25,6.533333333333483e-05,0.00011733333333333505,mean of workload-paired AF/DF estimates,workload replication
analysis_configuration_bc4351c8f40db093bb03c3c2,0.95,1,0.0003,floor,preload_all,30,8.266666666666793e-05,0.0005618470402699771,0.00028566666666666665,0.00014233333333333334,1.0,6.533333333333761e-05,0.00010066666666666557,mean of workload-paired AF/DF estimates,workload replication
analysis_configuration_bc5de8f185f9e15c1f86be3f,0.8,16,0.001,floor,preload_all,30,5.333333333333318e-06,0.002222314984952997,0.0010296666666666668,6.666666666666667e-06,0.0625,1.3333333333333368e-06,1.0666666666666666e-05,mean of workload-paired AF/DF estimates,workload replication
analysis_configuration_bc8b73800433e464c1af9a08,1.0,16,0.003,floor,preload_all,30,0.00010666666666666695,0.007319168287135548,0.0029609999999999997,0.00016033333333333335,0.0625,7.866666666666647e-05,0.00013866666666666725,mean of workload-paired AF/DF estimates,workload replication
analysis_configuration_bc9b489d0119e017a0798059,1.25,4,3e-05,floor,preload_all,30,5.333333333333116e-06,6.186933217858878e-05,2.2666666666666668e-05,6e-06,0.25,2.00000000000015e-06,9.333333333331566e-06,mean of workload-paired AF/DF estimates,workload replication
analysis_configuration_bd4b5d4976986b2f0bd242dc,1.1,4,0.0003,floor,preload_all,30,4.066666666666663e-05,0.0007161334082934981,0.0003116666666666667,7.266666666666667e-05,0.25,2.8666666666664804e-05,5.466666666666675e-05,mean of workload-paired AF/DF estimates,workload replication
analysis_configuration_bda18ad78852183dabd6ba16,0.5,1,0.003,ceiling,preload_all,30,0.0006733333333333369,0.002053460431393551,0.000987,0.000987,1.0,0.0006299833333333309,0.0007226666666666642,mean of workload-paired AF/DF estimates,workload replication
analysis_configuration_bdb649c577ac9f580373dc26,0.8,8,0.0001,floor,preload_all,30,1.9999999999999186e-06,0.00020261275426850447,9.666666666666668e-05,3.3333333333333333e-06,0.125,0.0,5.333333333333116e-06,mean of workload-paired AF/DF estimates,workload replication
analysis_configuration_bdba3091ccf2e31d93a28f20,0.5,8,0.0003,ceiling,preload_all,30,0.0,0.0002222162897937406,0.00014800000000000002,0.0,0.125,0.0,0.0,mean of workload-paired AF/DF estimates,workload replication
analysis_configuration_beb0d8fc0a223bbc398468a7,0.8,16,3e-05,floor,preload_all,30,0.0,7.154424381313631e-05,3.6e-05,0.0,0.0625,0.0,0.0,mean of workload-paired AF/DF estimates,workload replication
analysis_configuration_c0e625d742a38deb5a17ea38,1.25,8,0.003,floor,preload_all,30,0.0003513333333333285,0.007814126658875091,0.002888,0.0006856666666666667,0.125,0.0002773333333333285,0.0004306666666666616,mean of workload-paired AF/DF estimates,workload replication
analysis_configuration_c0f579d96faa6f27bfeb5b84,1.1,1,0.0003,floor,preload_all,30,7.80000000000114e-05,0.0006522644154956066,0.0003133333333333333,0.000146,1.0,6.266666666667382e-05,9.400000000000158e-05,mean of workload-paired AF/DF estimates,workload replication
analysis_configuration_c12deaece71201752fe204f7,0.95,1,0.1,nearest,preload_all,30,0.024684666666666667,0.14837340204151933,0.06796,0.04430066666666667,1.0,0.024374,0.02499933333333333,mean of workload-paired AF/DF estimates,workload replication
analysis_configuration_c184ee8462c4db5465ef3b17,0.95,8,0.0003,ceiling,preload_all,30,1.4666666666667457e-05,0.0004246575680523057,0.00025366666666666663,2.9333333333333336e-05,0.125,7.333333333333729e-06,2.3333333333334928e-05,mean of workload-paired AF/DF estimates,workload replication
analysis_configuration_c28ac9b9857c99b2c5519316,0.95,1,0.0003,ceiling,preload_all,30,6.933333333333605e-05,0.0003631421934502076,0.00013533333333333333,0.00013533333333333333,1.0,5.666666666667338e-05,8.133333333333325e-05,mean of workload-paired AF/DF estimates,workload replication
analysis_configuration_c30fbb106ddab91219d5afb2,1.25,1,0.003,ceiling,preload_all,30,0.0007299999999999974,0.004833012201676676,0.0016599999999999998,0.0016599999999999998,1.0,0.00066331666666665,0.000799333333333326,mean of workload-paired AF/DF estimates,workload replication
analysis_configuration_c35833253d1360d222d71737,1.0,1,0.1,nearest,preload_all,30,0.024300666666666682,0.1536130437159634,0.068618,0.045239666666666664,1.0,0.023950650000000014,0.024653333333333347,mean of workload-paired AF/DF estimates,workload replication
analysis_configuration_c370f5aefaf49f886d85a536,1.0,8,3e-05,floor,preload_all,30,1.333333333333279e-06,6.423727229268661e-05,2.3333333333333336e-05,2.0000000000000003e-06,0.125,0.0,3.999999999999837e-06,mean of workload-paired AF/DF estimates,workload replication
analysis_configuration_c37902af795f518d2185e4f8,0.8,4,0.01,ceiling,preload_all,30,0.00042600000000000043,0.01156350179241276,0.007006666666666666,0.0012150000000000002,0.25,0.00036333333333333264,0.0004880000000000024,mean of workload-paired AF/DF estimates,workload replication
analysis_configuration_c3b4d239b3212e841cd189cf,0.8,16,0.0003,nearest,preload_all,30,1.3333333333333368e-06,0.0005409539272533729,0.0002946666666666667,1.3333333333333334e-06,0.0625,0.0,3.3333333333333422e-06,mean of workload-paired AF/DF estimates,workload replication
analysis_configuration_c3b6d8b0e2a3edfa8e9bb190,1.1,16,0.001,nearest,preload_all,30,0.0001339999999999994,0.0020206944923822313,0.0009493333333333333,0.00011333333333333333,0.0625,0.00010599999999999961,0.0001626833333333342,mean of workload-paired AF/DF estimates,workload replication
analysis_configuration_c4032416cce637a540842dfb,0.5,4,0.003,ceiling,preload_all,30,5.333333333333359e-05,0.0022010343619770943,0.001423,9.933333333333334e-05,0.25,4.13333333333335e-05,6.600000000000067e-05,mean of workload-paired AF/DF estimates,workload replication
analysis_configuration_c44a26362f906c3cade37cec,1.0,8,0.01,floor,preload_all,30,0.00023599999999999826,0.02376877139024957,0.009866999999999999,0.0011043333333333333,0.125,0.00016866666666666603,0.00031199999999999837,mean of workload-paired AF/DF estimates,workload replication
analysis_configuration_c4d7ddf82eb63d73109e229f,0.95,16,3e-05,nearest,preload_all,30,1.333333333333279e-06,6.182489715296774e-05,2.866666666666667e-05,1.3333333333333334e-06,0.0625,0.0,3.3333333333331974e-06,mean of workload-paired AF/DF estimates,workload replication
analysis_configuration_c51d9a203506dc50ad5a66a7,0.95,4,0.01,nearest,preload_all,30,0.00043533333333333477,0.018249731980622363,0.008892666666666667,0.0018303333333333333,0.25,0.00037066666666666915,0.0005019999999999978,mean of workload-paired AF/DF estimates,workload replication
analysis_configuration_c5ca1be9b6106dfff71a211c,1.1,1,0.001,ceiling,preload_all,30,0.00025133333333333306,0.0014844904345273678,0.0005243333333333334,0.0005243333333333334,1.0,0.00021933333333334175,0.0002833333333333354,mean of workload-paired AF/DF estimates,workload replication
analysis_configuration_c5e493a44c3dded57c707598,1.1,16,0.0003,floor,preload_all,30,8.733333333333371e-05,0.0007280186362824426,0.000282,3.5333333333333336e-05,0.0625,4.9333333333333636e-05,0.00013066666666666598,mean of workload-paired AF/DF estimates,workload replication
analysis_configuration_c6b705c10e71418d3c69b6de,1.25,4,0.0003,floor,preload_all,30,4.7333333333330714e-05,0.0007835417367801698,0.00031699999999999995,8.766666666666667e-05,0.25,3.3999999999997e-05,6.19999999999991e-05,mean of workload-paired AF/DF estimates,workload replication
analysis_configuration_c6d7290abb72b0d0eb927a72,0.95,1,0.03,ceiling,preload_all,30,0.007460666666666671,0.037667642964010296,0.014443333333333334,0.014443333333333334,1.0,0.00730331666666667,0.007627333333333336,mean of workload-paired AF/DF estimates,workload replication
analysis_configuration_c6ec443ad90a710e4a788071,0.95,4,0.01,ceiling,preload_all,30,0.00048000000000000077,0.013713972857488082,0.007713333333333333,0.0018136666666666668,0.25,0.0003973333333333347,0.000561333333333334,mean of workload-paired AF/DF estimates,workload replication
analysis_configuration_c710b999d9fef49980b38b9f,1.25,16,0.1,nearest,preload_all,30,0.0013613333333333348,0.2010192254215691,0.08920466666666667,0.019218,0.0625,0.000999316666666667,0.0017413500000000037,mean of workload-paired AF/DF estimates,workload replication
analysis_configuration_c71cc4a5f4c3ee13f036598e,1.1,1,0.01,floor,preload_all,30,0.0024333333333333242,0.020864598780642483,0.009842333333333333,0.005173333333333334,1.0,0.002325333333333338,0.0025406666666666694,mean of workload-paired AF/DF estimates,workload replication
analysis_configuration_c779cb8e488ddaefb38a20fe,1.1,4,0.01,nearest,preload_all,30,0.0004033333333333352,0.019702245157548356,0.008974333333333334,0.002421333333333333,0.25,0.00030933333333333735,0.0005046666666666681,mean of workload-paired AF/DF estimates,workload replication
analysis_configuration_c7d430209d5eba3a6839b95b,0.95,1,0.001,nearest,preload_all,30,0.00023199999999999886,0.0015418074191966794,0.0007083333333333334,0.0004696666666666667,1.0,0.00019933333333333093,0.00026466666666666674,mean of workload-paired AF/DF estimates,workload replication
analysis_configuration_c8582075b0ee19b0ef46768e,1.0,1,0.0003,floor,preload_all,30,7.133333333333805e-05,0.0006106810005138267,0.00029966666666666667,0.00014566666666666667,1.0,5.4000000000005846e-05,8.866666666667393e-05,mean of workload-paired AF/DF estimates,workload replication
analysis_configuration_c874cf02d2a00285456b3ca5,0.8,16,0.003,floor,preload_all,30,5.999999999999987e-06,0.006510334839377007,0.0030096666666666666,1.5333333333333334e-05,0.0625,2.0000000000000054e-06,1.0666666666666637e-05,mean of workload-paired AF/DF estimates,workload replication
analysis_configuration_c952fdf66545650507b20ef4,0.95,1,0.003,nearest,preload_all,30,0.0007519999999999971,0.004748572713104925,0.0021703333333333336,0.0014303333333333332,1.0,0.0006973333333333313,0.0008093333333333212,mean of workload-paired AF/DF estimates,workload replication
analysis_configuration_c96026389d8cc395ac788f1f,0.5,1,0.0003,floor,preload_all,30,6.333333333333747e-05,0.0004497214382847196,0.00030399999999999996,9.466666666666667e-05,1.0,4.866666666666538e-05,7.933333333334051e-05,mean of workload-paired AF/DF estimates,workload replication
analysis_configuration_caf8ac2502dcd073141a590f,0.5,1,0.03,nearest,preload_all,30,0.006596666666666667,0.03206859878828223,0.019456666666666667,0.009678333333333334,1.0,0.006459333333333335,0.006731999999999996,mean of workload-paired AF/DF estimates,workload replication
analysis_configuration_cba8a41003afe01d7e8340e9,0.8,16,3e-05,nearest,preload_all,30,0.0,5.349204439642039e-05,2.7333333333333335e-05,0.0,0.0625,0.0,0.0,mean of workload-paired AF/DF estimates,workload replication
analysis_configuration_cbd66b7f4056eed3c43660eb,1.1,16,1e-05,floor,preload_all,30,4.666666666666708e-06,2.2591330340874813e-05,1e-05,2.0000000000000003e-06,0.0625,0.0,1.1333333333333566e-05,mean of workload-paired AF/DF estimates,workload replication
analysis_configuration_cc1ed62729e0a812d338b76f,1.1,1,0.1,ceiling,preload_all,30,0.02378066666666667,0.13603315420734985,0.04842266666666666,0.04842266666666666,1.0,0.023449333333333332,0.024110016666666675,mean of workload-paired AF/DF estimates,workload replication
analysis_configuration_cc6a3178377eb777a79e05e4,0.8,16,0.01,floor,preload_all,30,1.9999999999999995e-05,0.021667913725605056,0.00986,6.266666666666667e-05,0.0625,1.2666666666666641e-05,2.7999999999999986e-05,mean of workload-paired AF/DF estimates,workload replication
analysis_configuration_cc86626092f036d99e4136ba,1.1,16,0.1,ceiling,preload_all,30,0.0009126666666666709,0.14934695108793417,0.08886633333333332,0.013618,0.0625,0.0006766666666666726,0.0011660000000000023,mean of workload-paired AF/DF estimates,workload replication
analysis_configuration_ce082b5b0809e16bc73de586,0.5,4,0.1,floor,preload_all,30,0.00165,0.15770648936141496,0.092906,0.002926666666666667,0.25,0.0015713333333333334,0.0017253333333333328,mean of workload-paired AF/DF estimates,workload replication
analysis_configuration_ce536a5b9239a1b4f3e73a2f,0.95,8,0.01,floor,preload_all,30,0.00020066666666666705,0.02313640142395902,0.009767,0.0008986666666666668,0.125,0.0001579999999999998,0.000245999999999999,mean of workload-paired AF/DF estimates,workload replication
analysis_configuration_ce772ca5560f4867261c4f05,1.25,8,3e-05,floor,preload_all,30,1.5333333333332013e-05,7.01266262094621e-05,3.3333333333333335e-05,9.333333333333334e-06,0.125,4.666666666664857e-06,2.9999999999995772e-05,mean of workload-paired AF/DF estimates,workload replication
analysis_configuration_cec4d814510e50a11e2bc74b,1.25,16,0.01,floor,preload_all,30,0.0010960000000000017,0.026559521643508104,0.009936666666666667,0.002034,0.0625,0.0008146333333333349,0.0014000166666666713,mean of workload-paired AF/DF estimates,workload replication
analysis_configuration_cec7b2a11ae8ba5d15b614fa,0.8,4,0.0001,ceiling,preload_all,30,5.333333333333116e-06,0.0001086091765661265,7.133333333333334e-05,1.1333333333333334e-05,0.25,1.9999999999996874e-06,9.333333333332953e-06,mean of workload-paired AF/DF estimates,workload replication
analysis_configuration_cee1c2df3736c60e018e174e,1.1,16,0.03,floor,preload_all,30,0.0007399999999999999,0.07403368876511489,0.029194333333333333,0.003027,0.0625,0.0005660000000000012,0.0009200000000000005,mean of workload-paired AF/DF estimates,workload replication
analysis_configuration_cefffae791581e30b892d76f,1.0,1,0.1,floor,preload_all,30,0.02485866666666666,0.18125437405237216,0.09049233333333334,0.04379333333333334,1.0,0.024603333333333335,0.025120016666666654,mean of workload-paired AF/DF estimates,workload replication
analysis_configuration_cf63779b954fa977e91ceff5,0.5,16,0.003,ceiling,preload_all,30,0.0,0.0022823458772156346,0.0015179999999999998,0.0,0.0625,0.0,0.0,mean of workload-paired AF/DF estimates,workload replication
analysis_configuration_cf6ab39025a9a92a9417a130,0.8,16,0.003,ceiling,preload_all,30,9.3333333333333e-06,0.0035274573265096517,0.002369,2.2666666666666668e-05,0.0625,3.999999999999981e-06,1.5333333333333345e-05,mean of workload-paired AF/DF estimates,workload replication
analysis_configuration_cfcffd0f9925a1ecfd3d3510,0.95,1,1e-05,floor,preload_all,30,4.6666666666694835e-06,1.7638943153702777e-05,8.666666666666668e-06,5.333333333333334e-06,1.0,2.00000000000015e-06,8.0000000000043e-06,mean of workload-paired AF/DF estimates,workload replication
analysis_configuration_d08560c32395061ef3d46e03,1.25,4,0.003,ceiling,preload_all,30,0.00018599999999999728,0.005368455687725047,0.0026656666666666664,0.0009119999999999999,0.25,0.0001353333333333225,0.00024066666666666865,mean of workload-paired AF/DF estimates,workload replication
analysis_configuration_d0ea8cdc8ba5451a9a7f4a76,0.95,1,0.003,floor,preload_all,30,0.0007459999999999967,0.005715141752955418,0.0029436666666666665,0.0014636666666666665,1.0,0.0006886666666666634,0.000804666666666659,mean of workload-paired AF/DF estimates,workload replication
analysis_configuration_d15349387999dfb63590ef68,0.95,8,0.0001,nearest,preload_all,30,4.666666666666708e-06,0.00017937994405302083,8.333333333333333e-05,9.333333333333334e-06,0.125,1.3333333333337417e-06,8.666666666666082e-06,mean of workload-paired AF/DF estimates,workload replication
analysis_configuration_d183a2d7f3e19c72ea907348,1.25,16,0.0001,nearest,preload_all,30,0.0001293333333333313,0.00023245583921247632,9.633333333333333e-05,1.8333333333333333e-05,0.0625,7.266666666666532e-05,0.00020201666666666573,mean of workload-paired AF/DF estimates,workload replication
analysis_configuration_d26b8654184a4d0f5d0e55c6,0.8,1,1e-05,floor,preload_all,30,2.666666666665633e-06,1.6280025711882012e-05,8.666666666666668e-06,3.3333333333333333e-06,1.0,6.66666666665483e-07,5.333333333331266e-06,mean of workload-paired AF/DF estimates,workload replication
analysis_configuration_d2b0603aa4faeaefb024c956,0.95,16,0.0003,ceiling,preload_all,30,1.1999999999999743e-05,0.0004260082644083615,0.00027666666666666665,1.1333333333333334e-05,0.0625,4.0000000000000684e-06,2.133333333333339e-05,mean of workload-paired AF/DF estimates,workload replication
analysis_configuration_d2b81ecb0d9d1411cba8cf78,0.8,8,0.03,nearest,preload_all,30,0.00027199999999999956,0.04931631579203225,0.025886000000000003,0.001163,0.125,0.00022733333333333262,0.000316666666666666,mean of workload-paired AF/DF estimates,workload replication
analysis_configuration_d2e28768ab3bb70cab254a8c,1.25,16,0.0001,floor,preload_all,30,0.00014466666666666702,0.0002926465661983676,0.000105,2.3666666666666668e-05,0.0625,7.4e-05,0.00023001666666666785,mean of workload-paired AF/DF estimates,workload replication
analysis_configuration_d413101e9db3913f2bda839d,0.5,8,3e-05,ceiling,preload_all,30,0.0,1.9352219193937185e-05,1.5333333333333334e-05,0.0,0.125,0.0,0.0,mean of workload-paired AF/DF estimates,workload replication
analysis_configuration_d43d23faace475f6400c0596,0.5,16,3e-05,ceiling,preload_all,30,0.0,2.6666793339666674e-05,1.7333333333333336e-05,0.0,0.0625,0.0,0.0,mean of workload-paired AF/DF estimates,workload replication
analysis_configuration_d4a684fa5a820cb88a7f301a,1.1,4,0.0003,nearest,preload_all,30,3.199999999999685e-05,0.0005665602053198778,0.000254,6.0666666666666666e-05,0.25,2.066666666666143e-05,4.599999999999884e-05,mean of workload-paired AF/DF estimates,workload replication
analysis_configuration_d4cad7e2e9af9bbca8f80cd2,1.1,16,0.003,nearest,preload_all,30,0.00030466666666666695,0.006242566226682267,0.002921333333333333,0.0003246666666666667,0.0625,0.0002286499999999975,0.0003866666666666662,mean of workload-paired AF/DF estimates,workload replication
analysis_configuration_d50f20f55a117f38e2b73f35,1.25,16,0.001,floor,preload_all,30,0.0005006666666666697,0.002752907860509217,0.0009976666666666667,0.00020700000000000002,0.0625,0.0003626666666666676,0.000646000000000004,mean of workload-paired AF/DF estimates,workload replication
analysis_configuration_d53bb9564db949981c08689e,1.1,4,0.003,nearest,preload_all,30,0.00014399999999999784,0.005819138894726069,0.002655,0.000697,0.25,0.00010666666666666507,0.0001833333333333335,mean of workload-paired AF/DF estimates,workload replication
analysis_configuration_d638ee6980e31faf9c7294f5,0.8,4,0.001,nearest,preload_all,30,4.400000000000237e-05,0.0015748474643285085,0.000835,0.00011366666666666667,0.25,3.066666666666633e-05,6.133333333333639e-05,mean of workload-paired AF/DF estimates,workload replication
analysis_configuration_d64e6482f8c9ae662bfb7a43,0.8,16,0.0003,floor,preload_all,30,0.0,0.0006459457554909633,0.00027933333333333336,6.666666666666667e-07,0.0625,0.0,0.0,mean of workload-paired AF/DF estimates,workload replication
analysis_configuration_d6c8244f77e679c021b5ee4a,1.25,1,0.0003,nearest,preload_all,30,6.466666666666472e-05,0.0005788179260632606,0.000242,0.00017066666666666668,1.0,4.9333333333341964e-05,8.0000000000006e-05,mean of workload-paired AF/DF estimates,workload replication
analysis_configuration_d7e417fb7baad2497152ff4b,1.0,8,0.01,ceiling,preload_all,30,0.000311333333333332,0.014567087571045113,0.008777,0.0011763333333333335,0.125,0.00024266666666666558,0.0003806666666666662,mean of workload-paired AF/DF estimates,workload replication
analysis_configuration_d855774213f16d11bd24debb,1.0,1,3e-05,nearest,preload_all,30,9.333333333335266e-06,5.421479980539097e-05,2.2000000000000003e-05,1.5333333333333334e-05,1.0,5.333333333329415e-06,1.4000000000001048e-05,mean of workload-paired AF/DF estimates,workload replication
analysis_configuration_d8dab6c06212804dc1b22c4c,0.8,1,0.0001,nearest,preload_all,30,1.60000000000049e-05,0.0001277344185456649,6.466666666666668e-05,3.733333333333334e-05,1.0,1.0666666666669933e-05,2.20000000000035e-05,mean of workload-paired AF/DF estimates,workload replication
analysis_configuration_d9368c6aa754e84752349dcc,0.8,1,0.03,ceiling,preload_all,30,0.007315333333333339,0.03233239717111429,0.013228,0.013228,1.0,0.00708533333333334,0.007544000000000006,mean of workload-paired AF/DF estimates,workload replication
analysis_configuration_d95dd73fac8e5a186e706853,1.25,1,0.0001,nearest,preload_all,30,3.99999999999993e-05,0.00019664814947734178,8.466666666666667e-05,6.466666666666668e-05,1.0,3.0000000000004097e-05,5.066666666666923e-05,mean of workload-paired AF/DF estimates,workload replication
analysis_configuration_d9c7d5d986cb271ae9cf5192,1.0,4,0.01,ceiling,preload_all,30,0.000459333333333331,0.014368141634372188,0.007967333333333333,0.0019953333333333333,0.25,0.0003759999999999949,0.0005526666666666643,mean of workload-paired AF/DF estimates,workload replication
analysis_configuration_d9e0f96611148e111c461881,0.95,4,0.03,ceiling,preload_all,30,0.0012680000000000007,0.04099328349557686,0.023100333333333334,0.005411666666666666,0.25,0.0010986666666666664,0.001440666666666667,mean of workload-paired AF/DF estimates,workload replication
analysis_configuration_d9ebef380449be1372e3c512,1.1,8,0.001,nearest,preload_all,30,9.799999999999994e-05,0.002053322692273832,0.0009743333333333333,0.00014966666666666668,0.125,6.533333333333296e-05,0.00013533333333333637,mean of workload-paired AF/DF estimates,workload replication
analysis_configuration_dac7166ad1e363ab1798068d,1.0,4,0.0003,ceiling,preload_all,30,1.866666666666683e-05,0.0004668454997353274,0.000264,5.866666666666667e-05,0.25,1.200000000000275e-05,2.6000000000000097e-05,mean of workload-paired AF/DF estimates,workload replication
analysis_configuration_daeaf1a79b10f485d9b95d20,0.8,16,3e-05,ceiling,preload_all,30,0.0,3.543898374732865e-05,2.2e-05,0.0,0.0625,0.0,0.0,mean of workload-paired AF/DF estimates,workload replication
analysis_configuration_db18a95ef28cdb65b18e2a9f,0.8,8,1e-05,nearest,preload_all,30,0.0,1.767103386497738e-05,1.0666666666666667e-05,0.0,0.125,0.0,0.0,mean of workload-paired AF/DF estimates,workload replication
analysis_configuration_db283d14f1aa72430b3007e6,0.5,4,3e-05,ceiling,preload_all,30,0.0,1.423065407397249e-05,1e-05,0.0,0.25,0.0,0.0,mean of workload-paired AF/DF estimates,workload replication
analysis_configuration_db3c1efb504ddb885eee312e,0.8,4,0.003,floor,preload_all,30,0.00013666666666666826,0.006338468149405163,0.0030653333333333335,0.0003593333333333333,0.25,0.00010866666666666568,0.00016533333333333447,mean of workload-paired AF/DF estimates,workload replication
analysis_configuration_db915dca68e1b948f4893683,0.8,4,0.003,nearest,preload_all,30,0.00012933333333333454,0.004874998541012795,0.0025826666666666663,0.000353,0.25,0.00010600000000000099,0.00015333333333333543,mean of workload-paired AF/DF estimates,workload replication
analysis_configuration_dc6779acb4c881faa3b429b2,0.95,4,0.0003,nearest,preload_all,30,2.400000000000087e-05,0.0005681745856354182,0.00027066666666666667,5.766666666666667e-05,0.25,1.533333333333294e-05,3.40000000000007e-05,mean of workload-paired AF/DF estimates,workload replication
analysis_configuration_dcea8a60fe50d4ef0555a083,1.1,8,0.03,nearest,preload_all,30,0.000494000000000001,0.060151129936344944,0.028191333333333336,0.004657333333333334,0.125,0.00039398333333333065,0.0005973333333333349,mean of workload-paired AF/DF estimates,workload replication
analysis_configuration_de24576482ab0defd5a65861,0.5,16,0.03,nearest,preload_all,30,0.0,0.03697388950890857,0.022225333333333333,6.666666666666667e-07,0.0625,0.0,0.0,mean of workload-paired AF/DF estimates,workload replication
analysis_configuration_de7ccb3eb233937a9756a303,0.5,8,0.01,floor,preload_all,30,1.0000000000000011e-05,0.017324378094744432,0.009984666666666668,2.2666666666666668e-05,0.125,5.3333333333333404e-06,1.5333333333333324e-05,mean of workload-paired AF/DF estimates,workload replication
analysis_configuration_df147b1e1ff132c07ae7cd15,1.25,16,0.0001,ceiling,preload_all,30,8.133333333333325e-05,0.00018162267046931065,9.566666666666667e-05,1.3333333333333333e-05,0.0625,3.466666666666618e-05,0.0001373333333333356,mean of workload-paired AF/DF estimates,workload replication
analysis_configuration_df5baa204b6c183de8b85d5f,0.95,16,0.0001,floor,preload_all,30,6.666666666666395e-06,0.0002513820302250306,0.00012,6e-06,0.0625,1.333333333333279e-06,1.333333333333279e-05,mean of workload-paired AF/DF estimates,workload replication
analysis_configuration_e11626b45a88ce5ffbc108d6,0.5,16,1e-05,floor,preload_all,30,0.0,2.0666780004466688e-05,1.2e-05,0.0,0.0625,0.0,0.0,mean of workload-paired AF/DF estimates,workload replication
analysis_configuration_e1f0577522a7a5f6e1ccbb2a,0.8,1,0.03,nearest,preload_all,30,0.007444000000000003,0.04219764757756295,0.021087333333333333,0.012983333333333335,1.0,0.007293333333333338,0.007592016666666678,mean of workload-paired AF/DF estimates,workload replication
analysis_configuration_e1f74915114a4893461e9df1,1.0,4,0.003,floor,preload_all,30,0.00013333333333333068,0.007056143431124275,0.0030136666666666667,0.0006066666666666667,0.25,0.00010199999999999746,0.00016666666666666222,mean of workload-paired AF/DF estimates,workload replication
analysis_configuration_e229f171fea9499a0003ce5e,1.1,1,0.0001,nearest,preload_all,30,2.3999999999994397e-05,0.0001752296983698145,7.066666666666666e-05,4.266666666666667e-05,1.0,1.5333333333330163e-05,3.333333333332596e-05,mean of workload-paired AF/DF estimates,workload replication
analysis_configuration_e237c32a17412494a6361a36,1.1,16,1e-05,nearest,preload_all,30,0.0,1.765641544760071e-05,7.333333333333334e-06,6.666666666666667e-07,0.0625,0.0,0.0,mean of workload-paired AF/DF estimates,workload replication
analysis_configuration_e23cfe1cbf46122cb5b32da7,0.5,8,0.1,ceiling,preload_all,30,0.00010733333333333333,0.07236761108663532,0.04847566666666667,0.00021566666666666666,0.125,8.800000000000002e-05,0.0001266666666666667,mean of workload-paired AF/DF estimates,workload replication
analysis_configuration_e25db7948bb80accc71b666e,1.1,8,0.0001,ceiling,preload_all,30,1.8000000000000424e-05,0.00016682456379563319,9.866666666666666e-05,1.866666666666667e-05,0.125,8.666666666667007e-06,2.866666666666758e-05,mean of workload-paired AF/DF estimates,workload replication
analysis_configuration_e2a23b27f925bd756010e718,0.8,4,3e-05,nearest,preload_all,30,1.3333333333337417e-06,5.323940520941533e-05,3.066666666666667e-05,4.666666666666667e-06,0.25,0.0,3.333333333334354e-06,mean of workload-paired AF/DF estimates,workload replication
analysis_configuration_e31d64286ded954e148f54f2,1.0,16,3e-05,nearest,preload_all,30,6.666666666666395e-07,6.66461013980096e-05,3.0000000000000004e-05,6.666666666666667e-07,0.0625,0.0,1.9999999999999186e-06,mean of workload-paired AF/DF estimates,workload replication
analysis_configuration_e45c6014726a5ea0866e9fd0,1.25,8,0.003,ceiling,preload_all,30,0.0003719999999999964,0.005429297288989083,0.002914333333333333,0.000718,0.125,0.0002813333333333288,0.00046933333333332996,mean of workload-paired AF/DF estimates,workload replication
analysis_configuration_e4c3403d6c1acd9ee8923ca9,1.0,8,0.0001,floor,preload_all,30,6.666666666667783e-06,0.00023087984658807403,0.0001,1.1333333333333334e-05,0.125,2.0000000000006123e-06,1.200000000000275e-05,mean of workload-paired AF/DF estimates,workload replication
analysis_configuration_e547e2284b6c1e4177b9e909,0.8,1,1e-05,ceiling,preload_all,30,1.3333333333328165e-06,7.71145499457158e-06,2.0000000000000003e-06,2.0000000000000003e-06,1.0,0.0,3.333333333332966e-06,mean of workload-paired AF/DF estimates,workload replication
analysis_configuration_e56de9e4501fdc0428362619,1.25,1,0.1,ceiling,preload_all,30,0.023100000000000002,0.15086401601486396,0.050910000000000004,0.050910000000000004,1.0,0.022817316666666653,0.02338668333333333,mean of workload-paired AF/DF estimates,workload replication
analysis_configuration_e5ae2d641db097eb46d14b41,1.0,1,0.03,floor,preload_all,30,0.007471333333333338,0.05844984456979925,0.02925566666666667,0.014425333333333333,1.0,0.0072800000000000035,0.007668666666666668,mean of workload-paired AF/DF estimates,workload replication
analysis_configuration_e628d745a538e412aba326f1,1.25,16,0.003,floor,preload_all,30,0.0009853333333333324,0.00803558051954238,0.002949,0.000585,0.0625,0.0007433333333333301,0.0012413333333333278,mean of workload-paired AF/DF estimates,workload replication
analysis_configuration_e62e44e1e19c941c75a5c69d,0.5,1,0.001,nearest,preload_all,30,0.00020399999999999862,0.0010491142899743807,0.0006426666666666666,0.00030866666666666667,1.0,0.00017466666666666003,0.00023266666666666252,mean of workload-paired AF/DF estimates,workload replication
analysis_configuration_e6e426517c3f9752ee808a9e,1.1,8,0.01,floor,preload_all,30,0.00037133333333333647,0.025193157860262456,0.010094666666666667,0.0016009999999999998,0.125,0.0002900000000000087,0.0004559999999999999,mean of workload-paired AF/DF estimates,workload replication
analysis_configuration_e718ee568d1850b3ae8ac395,1.1,16,0.0003,nearest,preload_all,30,0.00012199999999999897,0.0006073322287122137,0.00029133333333333333,4.133333333333333e-05,0.0625,7.73333333333334e-05,0.00017266666666666496,mean of workload-paired AF/DF estimates,workload replication
analysis_configuration_e8f503f5e8b3ff0a65a38161,0.95,16,0.003,ceiling,preload_all,30,5.866666666666659e-05,0.004170913325643353,0.0027163333333333336,0.00010300000000000001,0.0625,3.9333333333332884e-05,8.066666666666685e-05,mean of workload-paired AF/DF estimates,workload replication
analysis_configuration_e94317ed2289d0da51e14948,0.5,4,0.0001,floor,preload_all,30,1.9999999999999186e-06,0.00017686435718034963,9.4e-05,4.000000000000001e-06,0.25,0.0,4.666666666666477e-06,mean of workload-paired AF/DF estimates,workload replication
analysis_configuration_e9d2dcd091338647b39cc4f7,0.95,16,0.1,floor,preload_all,30,0.00033933333333333325,0.2109753620419029,0.09021933333333333,0.0024293333333333333,0.0625,0.00025866666666666724,0.000425333333333333,mean of workload-paired AF/DF estimates,workload replication
analysis_configuration_eb00b573817b3e7534a0e0de,1.1,1,3e-05,nearest,preload_all,30,8.000000000008e-06,5.3304185735987425e-05,2.2e-05,1.3333333333333333e-05,1.0,3.333333333336667e-06,1.4000000000014001e-05,mean of workload-paired AF/DF estimates,workload replication
analysis_configuration_eb39a9cd21b87ebbbc482871,1.0,8,0.001,ceiling,preload_all,30,6.26666666666655e-05,0.0014399546300053446,0.000866,0.00011166666666666667,0.125,4.799999999999804e-05,7.799999999999982e-05,mean of workload-paired AF/DF estimates,workload replication
analysis_configuration_eb79db3b6c2bc9fd3485534c,1.1,16,0.03,nearest,preload_all,30,0.0007786666666666677,0.060668886424968704,0.028722,0.0033269999999999997,0.0625,0.0005633333333333356,0.001004683333333336,mean of workload-paired AF/DF estimates,workload replication
analysis_configuration_ec56e668eafd5335e05c6744,0.5,16,0.1,ceiling,preload_all,30,0.0,0.0729325139670499,0.049049,6.666666666666667e-07,0.0625,0.0,0.0,mean of workload-paired AF/DF estimates,workload replication
analysis_configuration_eca01bec1eff1154b3d2486b,1.1,4,0.0001,ceiling,preload_all,30,1.9333333333330464e-05,0.00015300001497573802,8.6e-05,2.8e-05,0.25,1.0666666666663457e-05,2.9999999999994844e-05,mean of workload-paired AF/DF estimates,workload replication
analysis_configuration_eca29c140c85ede93990ce7d,1.0,4,0.1,floor,preload_all,30,0.003938666666666663,0.207301802408138,0.090539,0.017658333333333335,0.25,0.0036706666666666676,0.004209999999999998,mean of workload-paired AF/DF estimates,workload replication
analysis_configuration_eca793e86c8eae899faa7fe9,1.1,1,0.003,nearest,preload_all,30,0.0007746666666666643,0.005451283302136343,0.0023636666666666667,0.0016079999999999998,1.0,0.0007199999999999947,0.0008313333333333357,mean of workload-paired AF/DF estimates,workload replication
analysis_configuration_ece62fd7d5ca9507807df1c9,0.5,4,1e-05,ceiling,preload_all,30,0.0,6.7772594224739e-06,4.000000000000001e-06,0.0,0.25,0.0,0.0,mean of workload-paired AF/DF estimates,workload replication
analysis_configuration_ed05e8d761fe49113cc1f6df,0.8,1,0.001,ceiling,preload_all,30,0.00023866666666666852,0.0010545190402147368,0.00042466666666666667,0.00042466666666666667,1.0,0.00020799999999999337,0.0002686666666666726,mean of workload-paired AF/DF estimates,workload replication
analysis_configuration_ef15becdaece9be230ed6d87,0.95,8,1e-05,ceiling,preload_all,30,1.3333333333328165e-06,1.2567381685087826e-05,6.666666666666667e-06,1.3333333333333334e-06,0.125,0.0,3.333333333332041e-06,mean of workload-paired AF/DF estimates,workload replication
analysis_configuration_ef2a56cf5015aee08be16026,0.95,8,0.01,nearest,preload_all,30,0.00017066666666666665,0.01855906900444568,0.009115666666666666,0.0008913333333333333,0.125,0.00012133333333333344,0.00022333333333333187,mean of workload-paired AF/DF estimates,workload replication
analysis_configuration_ef6bf24591fb61e5900a5d73,1.1,8,0.0003,ceiling,preload_all,30,4.399999999999774e-05,0.00046529670367788714,0.00027066666666666667,4.8e-05,0.125,2.5999999999997322e-05,6.399999999999924e-05,mean of workload-paired AF/DF estimates,workload replication
analysis_configuration_efefc2522c2f0dbf050d6c7a,0.8,16,0.01,nearest,preload_all,30,1.9333333333333354e-05,0.01672485788264044,0.008833,6.0666666666666666e-05,0.0625,1.266666666666667e-05,2.7333333333333375e-05,mean of workload-paired AF/DF estimates,workload replication
analysis_configuration_f00238c9a6caffd1b1c3b5b3,0.5,8,0.0001,nearest,preload_all,30,0.0,0.00012145038268694908,7.400000000000001e-05,0.0,0.125,0.0,0.0,mean of workload-paired AF/DF estimates,workload replication
analysis_configuration_f00fef5ee45a0e59072de48e,0.5,4,0.1,nearest,preload_all,30,0.0016599999999999998,0.11645301608593166,0.06960166666666666,0.003114333333333333,0.25,0.001605333333333333,0.0017173333333333333,mean of workload-paired AF/DF estimates,workload replication
analysis_configuration_f044188897cf8403dd03fdb2,1.0,1,0.01,ceiling,preload_all,30,0.002404666666666662,0.013132945572354452,0.004902333333333333,0.004902333333333333,1.0,0.0022806666666666587,0.0025233333333333405,mean of workload-paired AF/DF estimates,workload replication
analysis_configuration_f193ddad068f388f70a877a8,1.0,4,0.1,ceiling,preload_all,30,0.003996666666666668,0.1346985909803863,0.07435566666666667,0.020392,0.25,0.0036712833333333358,0.004287333333333336,mean of workload-paired AF/DF estimates,workload replication
analysis_configuration_f22f766ca2154c110c6a4d5c,0.8,8,0.01,floor,preload_all,30,0.00010200000000000001,0.02149419897099579,0.009971333333333334,0.0003803333333333333,0.125,7.733333333333342e-05,0.00012866666666666557,mean of workload-paired AF/DF estimates,workload replication
analysis_configuration_f23b7b4b7037b55dd2168a77,0.8,8,0.01,nearest,preload_all,30,8.933333333333386e-05,0.016678820353443084,0.008766333333333333,0.00037566666666666667,0.125,6.86666666666664e-05,0.00011133333333333389,mean of workload-paired AF/DF estimates,workload replication
analysis_configuration_f28ce208e11932b20651c7d8,1.25,1,0.03,floor,preload_all,30,0.0073066666666666575,0.06503039978394509,0.028946000000000003,0.016046333333333333,1.0,0.007140000000000002,0.00746466666666666,mean of workload-paired AF/DF estimates,workload replication
analysis_configuration_f337ef22678ccb76a29e159f,1.25,16,0.03,nearest,preload_all,30,0.001307999999999999,0.0653844431229354,0.028988333333333335,0.006000666666666666,0.0625,0.0009573333333333323,0.0016673333333333319,mean of workload-paired AF/DF estimates,workload replication
analysis_configuration_f3a24c70182158d4371f69d3,0.95,8,1e-05,nearest,preload_all,30,0.0,2.1643135252192908e-05,1.2e-05,0.0,0.125,0.0,0.0,mean of workload-paired AF/DF estimates,workload replication
analysis_configuration_f3ec4236be0db28bfe90c8cc,1.1,4,0.03,floor,preload_all,30,0.0012813333333333316,0.07036064269363561,0.02907433333333333,0.006937,0.25,0.0011019833333333281,0.0014646666666666651,mean of workload-paired AF/DF estimates,workload replication
analysis_configuration_f430a65ac505b9f13bd734ff,1.1,8,0.01,nearest,preload_all,30,0.00039466666666666816,0.020451964360019767,0.009623999999999999,0.0015303333333333334,0.125,0.00029933333333333477,0.000490666666666668,mean of workload-paired AF/DF estimates,workload replication
analysis_configuration_f4cfa606fd2c294f367c8c42,1.25,4,0.0003,ceiling,preload_all,30,4.733333333332886e-05,0.0004817156454021628,0.000234,7.2e-05,0.25,3.333333333333336e-05,6.266666666666272e-05,mean of workload-paired AF/DF estimates,workload replication
analysis_configuration_f52e9f91c2e040409fa1011f,0.5,16,0.0003,floor,preload_all,30,0.0,0.0005616700368017672,0.000314,0.0,0.0625,0.0,0.0,mean of workload-paired AF/DF estimates,workload replication
analysis_configuration_f5ae0f34157429fe76b0a4f6,1.25,8,3e-05,nearest,preload_all,30,1.0666666666667157e-05,6.637338144546882e-05,3.4e-05,8.000000000000001e-06,0.125,2.6666666666674834e-06,2.0000000000000574e-05,mean of workload-paired AF/DF estimates,workload replication
analysis_configuration_f5b6171865730240ada32fd2,1.0,1,0.0001,ceiling,preload_all,30,2.5333333333347567e-05,0.0001315698193113252,4.7333333333333336e-05,4.7333333333333336e-05,1.0,1.7983333333336902e-05,3.40000000000118e-05,mean of workload-paired AF/DF estimates,workload replication
analysis_configuration_f5c40d17c3edf7c1020d74ce,1.25,1,0.0001,ceiling,preload_all,30,3.133333333332766e-05,0.00014401166486791958,4.8e-05,4.8e-05,1.0,2.066666666666513e-05,4.399999999998119e-05,mean of workload-paired AF/DF estimates,workload replication
analysis_configuration_f5cbaf4e0209d2832f6e508f,1.1,8,0.0003,nearest,preload_all,30,4.5333333333329635e-05,0.0005970128848613428,0.00029,4.7e-05,0.125,2.7999999999996547e-05,6.533333333332835e-05,mean of workload-paired AF/DF estimates,workload replication
analysis_configuration_f6d28639344a2a5a2c263686,0.5,8,0.01,nearest,preload_all,30,1.0666666666666659e-05,0.012441848461118087,0.007518666666666667,2.0666666666666666e-05,0.125,5.999999999999987e-06,1.6e-05,mean of workload-paired AF/DF estimates,workload replication
analysis_configuration_f6d2dd1fc93706da9b794032,1.25,1,0.001,nearest,preload_all,30,0.0002460000000000092,0.0018906562249248026,0.0007656666666666667,0.000555,1.0,0.00020600000000000989,0.00028600000000002327,mean of workload-paired AF/DF estimates,workload replication
analysis_configuration_f7ac8cac248e5821bb8f9ab4,0.5,16,1e-05,nearest,preload_all,30,0.0,1.2666780002333385e-05,7.333333333333335e-06,0.0,0.0625,0.0,0.0,mean of workload-paired AF/DF estimates,workload replication
analysis_configuration_f84c626363245c88dc2dcba5,0.8,8,0.0001,ceiling,preload_all,30,5.3333333333335784e-06,0.00011354494697896285,7.933333333333334e-05,6e-06,0.125,6.666666666666395e-07,1.2666666666667307e-05,mean of workload-paired AF/DF estimates,workload replication
analysis_configuration_f873cc8b3858fd6393d94b55,0.5,8,0.0003,nearest,preload_all,30,0.0,0.000369692832968728,0.00022799999999999999,6.666666666666667e-07,0.125,0.0,0.0,mean of workload-paired AF/DF estimates,workload replication
analysis_configuration_f920a959705f78e8f940b8ca,1.0,16,0.0001,nearest,preload_all,30,8.666666666666082e-06,0.00019103614557581213,7.933333333333334e-05,4.666666666666667e-06,0.0625,6.666666666664083e-07,1.9333333333332314e-05,mean of workload-paired AF/DF estimates,workload replication
analysis_configuration_f9317bc3eea3e4a8f2c6a786,1.25,16,0.01,nearest,preload_all,30,0.0009526666666666664,0.02229764535731615,0.009920000000000002,0.0020263333333333335,0.0625,0.0007059833333333327,0.001219999999999996,mean of workload-paired AF/DF estimates,workload replication
analysis_configuration_f9891e12177fe81304f3bede,1.0,1,0.1,ceiling,preload_all,30,0.023790666666666686,0.1249688355986437,0.046442,0.046442,1.0,0.023511983333333354,0.024057333333333344,mean of workload-paired AF/DF estimates,workload replication
analysis_configuration_f9db23f912595621964c5874,0.5,16,0.0001,floor,preload_all,30,0.0,0.0001880013800416672,0.00010466666666666667,0.0,0.0625,0.0,0.0,mean of workload-paired AF/DF estimates,workload replication
analysis_configuration_fac420f9455f9bd3578e07aa,1.25,1,0.03,ceiling,preload_all,30,0.0072400000000000094,0.04762936538737263,0.016179333333333334,0.016179333333333334,1.0,0.007004000000000002,0.0074853333333333326,mean of workload-paired AF/DF estimates,workload replication
analysis_configuration_fad804a07d58d2f4e10820be,1.25,8,0.1,ceiling,preload_all,30,0.0012453333333333307,0.16467559390299735,0.087119,0.024248666666666665,0.125,0.0009053166666666599,0.0016133333333333286,mean of workload-paired AF/DF estimates,workload replication
analysis_configuration_fc2c9035aabcd169b9251f31,1.1,16,0.003,ceiling,preload_all,30,0.0002946666666666662,0.004721918156689034,0.0028553333333333334,0.0003196666666666667,0.0625,0.0002246666666666656,0.000366666666666667,mean of workload-paired AF/DF estimates,workload replication
analysis_configuration_fc4ad66ec8aeb1eef46b192f,0.95,16,0.01,ceiling,preload_all,30,0.0001480000000000002,0.014022649924738487,0.009009333333333334,0.00038133333333333335,0.0625,0.00010666666666666764,0.00019066666666666768,mean of workload-paired AF/DF estimates,workload replication
analysis_configuration_fc4f7c4202d4a876b9c38b51,0.8,8,0.1,floor,preload_all,30,0.0008159999999999998,0.19419749375991405,0.09159733333333334,0.00315,0.125,0.0007486666666666668,0.0008799999999999991,mean of workload-paired AF/DF estimates,workload replication
analysis_configuration_fc54789804d9ec8eb52bdeef,0.8,1,0.1,floor,preload_all,30,0.024751999999999996,0.16451804592164565,0.09119766666666666,0.039452999999999995,1.0,0.02448398333333332,0.02501935,mean of workload-paired AF/DF estimates,workload replication
analysis_configuration_fc87f8e6e13aedd7aa561cd8,1.0,16,0.0003,nearest,preload_all,30,2.2666666666666437e-05,0.0005796684268340984,0.00027,2.066666666666667e-05,0.0625,1.266666666666615e-05,3.4666666666665946e-05,mean of workload-paired AF/DF estimates,workload replication
analysis_configuration_fca27e9ac2cd787d63745b1c,0.5,16,0.03,ceiling,preload_all,30,6.666666666666667e-07,0.02245247259911363,0.015046666666666668,6.666666666666667e-07,0.0625,0.0,2.0000000000000003e-06,mean of workload-paired AF/DF estimates,workload replication
analysis_configuration_fca7d2e25ed153f1246b2ae4,1.1,8,0.03,ceiling,preload_all,30,0.0006353333333333322,0.047123714717864494,0.027133666666666667,0.004907,0.125,0.0005066666666666636,0.0007726666666666641,mean of workload-paired AF/DF estimates,workload replication
analysis_configuration_fcfab6825a97e28a018285d4,1.25,8,0.03,ceiling,preload_all,30,0.0007639999999999971,0.052467501544123864,0.028119333333333333,0.007138333333333333,0.125,0.0005679833333333278,0.0009666666666666629,mean of workload-paired AF/DF estimates,workload replication
analysis_configuration_fd22bf28e6adc93cc52e8e1c,0.5,1,0.0001,nearest,preload_all,30,1.866666666666498e-05,0.00010963985495792248,6.4e-05,2.4666666666666665e-05,1.0,1.1333333333329864e-05,2.6000000000001947e-05,mean of workload-paired AF/DF estimates,workload replication
analysis_configuration_fd657e95bfe1e1653ac9f12b,1.1,4,0.003,ceiling,preload_all,30,0.00018466666666666908,0.004823393101823508,0.0025766666666666668,0.0007333333333333333,0.25,0.0001420000000000014,0.00023266666666666897,mean of workload-paired AF/DF estimates,workload replication
analysis_configuration_fe269c595aaf8ad01d3ed3fa,0.8,8,0.0003,ceiling,preload_all,30,5.333333333333347e-06,0.0003603341380354688,0.00023333333333333333,8e-06,0.125,6.666666666666395e-07,1.2000000000000205e-05,mean of workload-paired AF/DF estimates,workload replication
analysis_configuration_fe35d464ede45aebdb13b24e,0.95,1,0.01,floor,preload_all,30,0.0025693333333333328,0.019200535581778123,0.009843666666666667,0.004863666666666667,1.0,0.0024739833333333283,0.002668683333333335,mean of workload-paired AF/DF estimates,workload replication
analysis_configuration_fe4eb9c7043a5c9b21e7709d,1.25,4,0.001,floor,preload_all,30,0.00010799999999999699,0.002628367434755914,0.0010216666666666666,0.0002946666666666667,0.25,7.79999999999984e-05,0.00014066666666665746,mean of workload-paired AF/DF estimates,workload replication
analysis_configuration_fec8f45ac7ed1268b894628d,1.25,4,0.1,floor,preload_all,30,0.003990666666666667,0.22743394565781952,0.08944733333333334,0.026342666666666667,0.25,0.003658666666666675,0.0043040166666666714,mean of workload-paired AF/DF estimates,workload replication
analysis_configuration_fed6e7fe8be2ba1cffadbec3,0.95,4,0.03,floor,preload_all,30,0.0011786666666666694,0.06652342526073488,0.029422,0.005300666666666666,0.25,0.0010273333333333365,0.0013380000000000013,mean of workload-paired AF/DF estimates,workload replication
analysis_configuration_ff0339447e9991bda828100f,1.1,4,0.03,nearest,preload_all,30,0.0012820000000000008,0.05819809169793092,0.026625,0.007021,0.25,0.0010933166666666657,0.0014673500000000044,mean of workload-paired AF/DF estimates,workload replication
analysis_configuration_ff9690fbe9bdce391e68cd34,0.8,8,3e-05,nearest,preload_all,30,0.0,5.914902175880957e-05,3.4e-05,0.0,0.125,0.0,0.0,mean of workload-paired AF/DF estimates,workload replication
