analysis_configuration_id,rho,capacity,delta,quantizer,arrival_scheduling_mode,n_workloads,absolute_policy_gap,total_collision_rate,mixed_collision_rate,critical_collision_rate,inverse_capacity,policy_gap_bootstrap_ci95_low,policy_gap_bootstrap_ci95_high,aggregation,bootstrap_unit
analysis_configuration_0058e7839025a90e454b914b,1.25,8,0.0003,ceiling,schedule_next_after_transition,30,0.00010399999999999947,0.0005614428142653972,0.00030300000000000005,8.1e-05,0.125,7.199999999999889e-05,0.0001386666666666675,mean of workload-paired AF/DF estimates,workload replication
analysis_configuration_015ffe75d203a9eb45a8b46c,0.5,16,0.01,nearest,schedule_next_after_transition,30,0.0,0.012480076786332846,0.00748,0.0,0.0625,0.0,0.0,mean of workload-paired AF/DF estimates,workload replication
analysis_configuration_01de87da3dc9c9fb9d7c626e,0.5,1,0.001,ceiling,schedule_next_after_transition,30,0.00021533333333333403,0.0006538622967748012,0.0003153333333333333,0.0003153333333333333,1.0,0.0001906666666666667,0.00023999999999999946,mean of workload-paired AF/DF estimates,workload replication
analysis_configuration_030b98f367a30ff00472fdd8,1.0,1,0.003,floor,schedule_next_after_transition,30,0.000767333333333331,0.006025327641935006,0.0030429999999999997,0.001506,1.0,0.0007073333333333339,0.0008260000000000045,mean of workload-paired AF/DF estimates,workload replication
analysis_configuration_05bd1579675047637e20428a,0.5,8,0.001,floor,schedule_next_after_transition,30,6.666666666666684e-07,0.0017213489804440904,0.0010113333333333333,2.0000000000000003e-06,0.125,0.0,2.0000000000000054e-06,mean of workload-paired AF/DF estimates,workload replication
analysis_configuration_05dbe4ac14bf3bd1d20599dd,1.0,16,0.03,ceiling,schedule_next_after_transition,30,0.0002826666666666686,0.04367093927279123,0.027725666666666666,0.0019863333333333334,0.0625,0.00021198333333333468,0.00035866666666666827,mean of workload-paired AF/DF estimates,workload replication
analysis_configuration_05ff6fc91682263e7422f564,1.0,1,0.0001,floor,schedule_next_after_transition,30,2.9333333333336765e-05,0.00020087296715655474,9.933333333333334e-05,5.066666666666667e-05,1.0,2.1333333333332464e-05,3.8666666666664675e-05,mean of workload-paired AF/DF estimates,workload replication
analysis_configuration_06457805ed17be7e1f11ef30,1.25,1,0.0001,nearest,schedule_next_after_transition,30,3.99999999999993e-05,0.00019664814947734178,8.466666666666667e-05,6.466666666666668e-05,1.0,2.9999999999996697e-05,5.066666666666923e-05,mean of workload-paired AF/DF estimates,workload replication
analysis_configuration_06beb15d4adefc83cecbf5d0,1.0,4,0.001,nearest,schedule_next_after_transition,30,7.266666666666532e-05,0.001931659922214525,0.0009163333333333333,0.00020066666666666667,0.25,5.266666666666753e-05,9.533333333332876e-05,mean of workload-paired AF/DF estimates,workload replication
analysis_configuration_06c6adf2957729b4cb05e680,0.95,8,0.003,ceiling,schedule_next_after_transition,30,0.00010333333333333306,0.00414877578720133,0.002541,0.00026,0.125,7.4e-05,0.00013599999999999954,mean of workload-paired AF/DF estimates,workload replication
analysis_configuration_0979ed30cccaf3fea48534d6,1.1,1,0.001,nearest,schedule_next_after_transition,30,0.00025533333333332964,0.0018388916924851988,0.0007740000000000001,0.0005146666666666666,1.0,0.00022199999999999626,0.000289999999999994,mean of workload-paired AF/DF estimates,workload replication
analysis_configuration_098200fba0ca402e844e5d92,1.25,16,0.01,floor,schedule_next_after_transition,30,0.0010960000000000017,0.026559521643508104,0.009936666666666667,0.002020333333333333,0.0625,0.000816666666666672,0.001390683333333337,mean of workload-paired AF/DF estimates,workload replication
analysis_configuration_09bd1a9478acfb7006381ec8,0.8,8,0.003,floor,schedule_next_after_transition,30,3.533333333333351e-05,0.006440642510322123,0.0029646666666666667,0.00011866666666666667,0.125,2.533333333333346e-05,4.600000000000044e-05,mean of workload-paired AF/DF estimates,workload replication
analysis_configuration_0a8d88762c7e03608e7b2655,0.5,8,0.1,floor,schedule_next_after_transition,30,8.600000000000002e-05,0.159265198684381,0.09272133333333334,0.000156,0.125,6.933333333333334e-05,0.00010333333333333337,mean of workload-paired AF/DF estimates,workload replication
analysis_configuration_0af40cc76d1e0defc140e7f2,0.5,4,1e-05,ceiling,schedule_next_after_transition,30,0.0,6.7772594224739e-06,4.000000000000001e-06,0.0,0.25,0.0,0.0,mean of workload-paired AF/DF estimates,workload replication
analysis_configuration_0b6df523ca6eae5c20ebafb8,1.1,4,0.001,floor,schedule_next_after_transition,30,8.400000000000352e-05,0.0023999790094485873,0.0010046666666666667,0.00022600000000000002,0.25,6.40000000000011e-05,0.00010466666666667143,mean of workload-paired AF/DF estimates,workload replication
analysis_configuration_0c4b753e2fccc32ccaa1eaa4,1.25,4,3e-05,ceiling,schedule_next_after_transition,30,1.1999999999999048e-05,4.5429461372556006e-05,2.4666666666666665e-05,6.666666666666667e-06,0.25,3.3333333333348165e-06,2.2666666666665282e-05,mean of workload-paired AF/DF estimates,workload replication
analysis_configuration_0cf7db3b35698940acd176f1,1.0,1,0.03,floor,schedule_next_after_transition,30,0.007471333333333338,0.05844984456979925,0.02925566666666667,0.014425333333333333,1.0,0.007273333333333331,0.007664016666666675,mean of workload-paired AF/DF estimates,workload replication
analysis_configuration_0cff47bda122973ba82a0fa6,1.25,4,1e-05,ceiling,schedule_next_after_transition,30,4.666666666663932e-06,1.801561272275985e-05,1.0666666666666667e-05,4e-06,0.25,6.66666666665483e-07,9.999999999997048e-06,mean of workload-paired AF/DF estimates,workload replication
analysis_configuration_0d7a485e15be799cfca5bb03,0.95,16,3e-05,floor,schedule_next_after_transition,30,6.666666666666395e-07,7.132845821718642e-05,2.1333333333333335e-05,1.3333333333333334e-06,0.0625,0.0,1.9999999999999186e-06,mean of workload-paired AF/DF estimates,workload replication
analysis_configuration_0d80df49fbcaa0c4f4ce9482,0.95,16,0.03,floor,schedule_next_after_transition,30,0.00018933333333333405,0.06885838739004374,0.02901266666666667,0.0009676666666666667,0.0625,0.00013933333333333378,0.0002460000000000005,mean of workload-paired AF/DF estimates,workload replication
analysis_configuration_0d82b8ff35c0e10162f4f315,0.8,1,0.0003,nearest,schedule_next_after_transition,30,6.39999999999974e-05,0.00041190760160041893,0.00021566666666666666,0.00013233333333333334,1.0,4.799999999999064e-05,8.199999999999874e-05,mean of workload-paired AF/DF estimates,workload replication
analysis_configuration_0e086e66b1c916056d8d7b08,0.8,16,0.001,floor,schedule_next_after_transition,30,5.333333333333318e-06,0.002222314984952997,0.0010296666666666668,6.666666666666667e-06,0.0625,1.333333333333308e-06,1.0666666666666666e-05,mean of workload-paired AF/DF estimates,workload replication
analysis_configuration_0f261a4e8acaee21065235c2,0.8,16,0.003,nearest,schedule_next_after_transition,30,6.666666666666656e-06,0.005063224350207791,0.0027103333333333333,2.0333333333333337e-05,0.0625,2.666666666666645e-06,1.1333333333333334e-05,mean of workload-paired AF/DF estimates,workload replication
analysis_configuration_0f30a9747ad2edcf4299ed04,1.25,1,1e-05,floor,schedule_next_after_transition,30,3.333333333332966e-06,3.0471278660941846e-05,1.2666666666666667e-05,6e-06,1.0,6.666666666673334e-07,6.0000000000060005e-06,mean of workload-paired AF/DF estimates,workload replication
analysis_configuration_0f7defb95ee37e2803a3d4f1,0.5,4,0.003,nearest,schedule_next_after_transition,30,5.7333333333333654e-05,0.003669037892253783,0.002157,0.00010700000000000001,0.25,4.666666666666708e-05,6.799999999999954e-05,mean of workload-paired AF/DF estimates,workload replication
analysis_configuration_0fb8525a659369301a0338ff,1.25,1,0.003,nearest,schedule_next_after_transition,30,0.0007420000000000094,0.005724579273062562,0.002278,0.001645,1.0,0.0006746666666666753,0.0008086666666666688,mean of workload-paired AF/DF estimates,workload replication
analysis_configuration_108cf26124be52e4cf680d86,0.95,1,0.01,ceiling,schedule_next_after_transition,30,0.002500666666666664,0.012600344265997333,0.004827,0.004827,1.0,0.002393333333333329,0.0026120000000000015,mean of workload-paired AF/DF estimates,workload replication
analysis_configuration_10e20ea91ec166e82762c398,0.5,16,1e-05,nearest,schedule_next_after_transition,30,0.0,1.2666780002333385e-05,7.333333333333334e-06,0.0,0.0625,0.0,0.0,mean of workload-paired AF/DF estimates,workload replication
analysis_configuration_119667785fad06c257e2577c,1.1,16,0.0001,ceiling,schedule_next_after_transition,30,4.1333333333333035e-05,0.0001687884997474911,9.666666666666668e-05,9.333333333333334e-06,0.0625,1.533333333333294e-05,7.20000000000003e-05,mean of workload-paired AF/DF estimates,workload replication
analysis_configuration_11cf1833772ad1e60b33a009,0.95,1,0.0003,nearest,schedule_next_after_transition,30,7.1999999999998e-05,0.0004754676384706714,0.00022233333333333336,0.00014366666666666667,1.0,5.666666666666227e-05,8.799999999999178e-05,mean of workload-paired AF/DF estimates,workload replication
analysis_configuration_11df6e1945db668f23f7afa2,1.1,4,0.0003,ceiling,schedule_next_after_transition,30,4.7333333333333485e-05,0.0004416176521493603,0.00023933333333333331,7.066666666666666e-05,0.25,3.0666666666666804e-05,6.866666666666872e-05,mean of workload-paired AF/DF estimates,workload replication
analysis_configuration_133b61556da587843adcbb01,1.25,4,0.003,floor,schedule_next_after_transition,30,0.00023666666666666652,0.007756274632585836,0.0029753333333333337,0.0009033333333333334,0.25,0.00017599999999999813,0.0003053333333333334,mean of workload-paired AF/DF estimates,workload replication
analysis_configuration_13bbd96c493591cdd0957648,1.0,4,0.03,ceiling,schedule_next_after_transition,30,0.0012726666666666626,0.04262625491689842,0.023683666666666665,0.005946000000000001,0.25,0.0011353333333333298,0.0014086833333333336,mean of workload-paired AF/DF estimates,workload replication
analysis_configuration_1439e37bea28939c59dd5fa2,1.1,1,0.0001,nearest,schedule_next_after_transition,30,2.3999999999994397e-05,0.0001752296983698145,7.066666666666667e-05,4.266666666666667e-05,1.0,1.5333333333333866e-05,3.333333333332966e-05,mean of workload-paired AF/DF estimates,workload replication
analysis_configuration_1491934ffc484599f90733b8,1.25,8,0.003,nearest,schedule_next_after_transition,30,0.0002926666666666707,0.0066521204592904365,0.002920333333333333,0.0006966666666666667,0.125,0.00020800000000000446,0.00038466666666667025,mean of workload-paired AF/DF estimates,workload replication
analysis_configuration_15c5686732a9c9591c7c39af,0.95,1,0.0003,ceiling,schedule_next_after_transition,30,6.933333333333605e-05,0.0003631421934502076,0.00013533333333333333,0.00013533333333333333,1.0,5.733333333333516e-05,8.133333333333511e-05,mean of workload-paired AF/DF estimates,workload replication
analysis_configuration_160f393ed769d9eba9fb76df,0.8,16,0.0001,floor,schedule_next_after_transition,30,6.666666666666684e-07,0.00023403767321524934,0.00011,6.666666666666667e-07,0.0625,0.0,2.0000000000000054e-06,mean of workload-paired AF/DF estimates,workload replication
analysis_configuration_177cde31c97b0104fb81c766,1.0,4,0.0003,ceiling,schedule_next_after_transition,30,1.866666666666683e-05,0.0004668454997353274,0.000264,5.866666666666667e-05,0.25,1.2666666666663606e-05,2.5999999999999172e-05,mean of workload-paired AF/DF estimates,workload replication
analysis_configuration_18cc24889a73c87818e0e6ac,0.95,4,0.01,nearest,schedule_next_after_transition,30,0.00043533333333333477,0.018249731980622363,0.008892666666666667,0.0018203333333333333,0.25,0.0003706666666666664,0.0005013333333333332,mean of workload-paired AF/DF estimates,workload replication
analysis_configuration_191f45be037ae91dcae424c0,1.1,1,0.001,ceiling,schedule_next_after_transition,30,0.00025133333333333306,0.0014844904345273678,0.0005243333333333334,0.0005243333333333334,1.0,0.00021933333333333803,0.0002833333333333059,mean of workload-paired AF/DF estimates,workload replication
analysis_configuration_19bf847931d4201cd43fd72b,0.8,8,0.01,nearest,schedule_next_after_transition,30,8.933333333333386e-05,0.016678820353443084,0.008766333333333333,0.00037366666666666673,0.125,6.866666666666688e-05,0.0001113333333333332,mean of workload-paired AF/DF estimates,workload replication
analysis_configuration_19e493b961e80636649756d2,1.1,4,0.0001,floor,schedule_next_after_transition,30,1.866666666666498e-05,0.00022947273005840526,0.00010333333333333334,2.6000000000000002e-05,0.25,1.0666666666664382e-05,2.7999999999998397e-05,mean of workload-paired AF/DF estimates,workload replication
analysis_configuration_1a3d8fee38486d921f892737,0.5,8,0.01,ceiling,schedule_next_after_transition,30,9.333333333333322e-06,0.007434412732477327,0.004938333333333334,2e-05,0.125,3.999999999999989e-06,1.5333333333333338e-05,mean of workload-paired AF/DF estimates,workload replication
analysis_configuration_1a3e63ed0f937005eb8e06c9,0.5,8,0.003,floor,schedule_next_after_transition,30,1.3333333333333368e-06,0.005219065860315559,0.0030426666666666666,2.666666666666667e-06,0.125,0.0,3.3333333333333422e-06,mean of workload-paired AF/DF estimates,workload replication
analysis_configuration_1a8f3491df7766cbb899785a,0.8,4,1e-05,ceiling,schedule_next_after_transition,30,0.0,1.4197618533068002e-05,1.0666666666666667e-05,0.0,0.25,0.0,0.0,mean of workload-paired AF/DF estimates,workload replication
analysis_configuration_1aef2b6096532419c0f9ae14,1.0,4,1e-05,nearest,schedule_next_after_transition,30,1.3333333333328165e-06,2.1460813133088414e-05,1.3333333333333333e-05,3.3333333333333333e-06,0.25,0.0,3.333333333332041e-06,mean of workload-paired AF/DF estimates,workload replication
analysis_configuration_1affd005a6c66ba3ddc91c33,1.0,16,0.0001,nearest,schedule_next_after_transition,30,8.666666666666082e-06,0.00019103614557581213,7.933333333333334e-05,4.666666666666667e-06,0.0625,6.666666666664083e-07,1.9333333333332314e-05,mean of workload-paired AF/DF estimates,workload replication
analysis_configuration_1b0694138ff8ddf1ea50ed68,0.8,8,0.1,nearest,schedule_next_after_transition,30,0.0008693333333333335,0.1547423385244752,0.08141466666666666,0.0035846666666666666,0.125,0.0007640000000000008,0.0009706666666666667,mean of workload-paired AF/DF estimates,workload replication
analysis_configuration_1b3a972f4b0579f664b3fd39,0.95,8,0.03,floor,schedule_next_after_transition,30,0.00046800000000000037,0.0683627104163953,0.029279999999999997,0.0023993333333333336,0.125,0.0003840000000000019,0.0005566666666666687,mean of workload-paired AF/DF estimates,workload replication
analysis_configuration_1b4810bf8e028b4d3b335abf,0.95,1,0.1,floor,schedule_next_after_transition,30,0.024864666666666663,0.17697602276356633,0.09048566666666667,0.042953000000000005,1.0,0.024560666666666665,0.025166033333333334,mean of workload-paired AF/DF estimates,workload replication
analysis_configuration_1b681dd2780df2e85f80228d,0.5,1,1e-05,floor,schedule_next_after_transition,30,6.666666666673334e-07,1.6811155281433994e-05,1.2e-05,2.0000000000000003e-06,1.0,0.0,2.000000000002e-06,mean of workload-paired AF/DF estimates,workload replication
analysis_configuration_1b846923d1c386cf6504788a,0.8,4,0.001,nearest,schedule_next_after_transition,30,4.400000000000237e-05,0.0015748474643285085,0.000835,0.00011366666666666667,0.25,3.0666666666666344e-05,6.06666666666709e-05,mean of workload-paired AF/DF estimates,workload replication
analysis_configuration_1ba6fee9a27928e419e26d5e,0.5,8,1e-05,ceiling,schedule_next_after_transition,30,0.0,6.0057391050036454e-06,4.000000000000001e-06,0.0,0.125,0.0,0.0,mean of workload-paired AF/DF estimates,workload replication
analysis_configuration_1cc1d99fb984c537876e1053,1.25,1,0.01,ceiling,schedule_next_after_transition,30,0.0024700000000000017,0.016191233380820073,0.005547333333333334,0.005547333333333334,1.0,0.0023046499999999815,0.002636016666666678,mean of workload-paired AF/DF estimates,workload replication
analysis_configuration_1cdaf71f578f9efe43fa272c,0.95,4,0.0001,nearest,schedule_next_after_transition,30,1.1999999999997198e-05,0.0001996319411816278,9.533333333333334e-05,1.9333333333333333e-05,0.25,5.333333333331266e-06,1.999999999999597e-05,mean of workload-paired AF/DF estimates,workload replication
analysis_configuration_1d36f604e07c28d6b86bf7e1,0.8,8,1e-05,floor,schedule_next_after_transition,30,0.0,2.379920655903925e-05,1.1333333333333334e-05,1.3333333333333334e-06,0.125,0.0,0.0,mean of workload-paired AF/DF estimates,workload replication
analysis_configuration_1d5c7ca4119e8e12a9a8292c,0.95,1,0.003,nearest,schedule_next_after_transition,30,0.0007519999999999971,0.004748572713104925,0.0021703333333333336,0.0014303333333333332,1.0,0.0006979999999999968,0.0008086666666666594,mean of workload-paired AF/DF estimates,workload replication
analysis_configuration_1db7708ff6a72ea70009af8a,1.25,16,0.1,floor,schedule_next_after_transition,30,0.001293999999999999,0.23543439611547695,0.089528,0.015102333333333332,0.0625,0.0010113333333333326,0.0016146833333333353,mean of workload-paired AF/DF estimates,workload replication
analysis_configuration_1e38a9a9523527f8aa7cfa22,0.5,8,3e-05,ceiling,schedule_next_after_transition,30,0.0,1.9352219193937185e-05,1.5333333333333334e-05,0.0,0.125,0.0,0.0,mean of workload-paired AF/DF estimates,workload replication
analysis_configuration_1e9bd32cc676c381f8a46c46,0.8,1,0.0001,ceiling,schedule_next_after_transition,30,3.0000000000002247e-05,0.0001028695504958996,4.5333333333333335e-05,4.5333333333333335e-05,1.0,2.3333333333336314e-05,3.666666666666818e-05,mean of workload-paired AF/DF estimates,workload replication
analysis_configuration_1f0ce7f22ed46d6997766c62,1.1,1,0.03,nearest,schedule_next_after_transition,30,0.007410000000000016,0.05165879452299434,0.022007333333333334,0.015137333333333334,1.0,0.007214666666666699,0.007608000000000015,mean of workload-paired AF/DF estimates,workload replication
analysis_configuration_1f2a9e6e44145d58fb76678a,0.95,1,0.0001,ceiling,schedule_next_after_transition,30,2.9333333333336765e-05,0.00011369487479451471,4.133333333333333e-05,4.133333333333333e-05,1.0,2.1333333333325017e-05,3.8000000000004745e-05,mean of workload-paired AF/DF estimates,workload replication
analysis_configuration_1f44555d676537a81e2c7d44,1.25,16,0.1,nearest,schedule_next_after_transition,30,0.0013613333333333348,0.2010192254215691,0.08920466666666667,0.018286333333333335,0.0625,0.0009966666666666707,0.0017406833333333354,mean of workload-paired AF/DF estimates,workload replication
analysis_configuration_1f59a76947a9b401bf92cd26,0.8,1,0.001,floor,schedule_next_after_transition,30,0.0002466666666666654,0.0017840065941141874,0.000992,0.0004313333333333333,1.0,0.0002206666666666616,0.00027333333333332915,mean of workload-paired AF/DF estimates,workload replication
analysis_configuration_1f5e438832171453b74115cf,1.25,4,0.001,floor,schedule_next_after_transition,30,0.00010799999999999699,0.002628367434755914,0.0010216666666666666,0.000294,0.25,7.799999999999656e-05,0.000141999999999994,mean of workload-paired AF/DF estimates,workload replication
analysis_configuration_1fa20ab0df80b412f94e56ed,0.95,1,0.1,ceiling,schedule_next_after_transition,30,0.023854000000000007,0.11958276703644963,0.045317666666666666,0.045317666666666666,1.0,0.023561316666666672,0.024143350000000015,mean of workload-paired AF/DF estimates,workload replication
analysis_configuration_1fc6b47f721576f8cb60b1f2,1.1,1,1e-05,nearest,schedule_next_after_transition,30,1.3333333333346669e-06,1.8061756995326102e-05,6.666666666666667e-06,3.3333333333333333e-06,1.0,0.0,3.333333333336667e-06,mean of workload-paired AF/DF estimates,workload replication
analysis_configuration_1fd08df8bf64cd485d6756e8,0.8,4,3e-05,nearest,schedule_next_after_transition,30,1.3333333333337417e-06,5.323940520941533e-05,3.066666666666667e-05,4.666666666666667e-06,0.25,0.0,3.333333333334354e-06,mean of workload-paired AF/DF estimates,workload replication
analysis_configuration_21f1d01da756fbe56a56984a,1.0,1,0.0003,ceiling,schedule_next_after_transition,30,8.266666666666237e-05,0.00040139468391511834,0.00014266666666666667,0.00014266666666666667,1.0,6.39999999999955e-05,0.0001033333333333183,mean of workload-paired AF/DF estimates,workload replication
analysis_configuration_22cc363d52d0d0daf0d71d54,0.5,1,0.003,ceiling,schedule_next_after_transition,30,0.0006733333333333369,0.002053460431393551,0.000987,0.000987,1.0,0.0006286666666666736,0.0007233333333333278,mean of workload-paired AF/DF estimates,workload replication
analysis_configuration_2308f8d9d5e641308d99f28d,1.0,1,0.1,ceiling,schedule_next_after_transition,30,0.023790666666666686,0.1249688355986437,0.046442,0.046442,1.0,0.023529983333333365,0.024060683333333343,mean of workload-paired AF/DF estimates,workload replication
analysis_configuration_24cd7773017252809ba0e341,0.95,4,0.0001,ceiling,schedule_next_after_transition,30,1.2666666666663606e-05,0.00015094097950008072,8.6e-05,2.2666666666666668e-05,0.25,7.3333333333304905e-06,1.866666666666313e-05,mean of workload-paired AF/DF estimates,workload replication
analysis_configuration_24da807dfdad680246e2c1be,1.0,4,0.0001,ceiling,schedule_next_after_transition,30,9.33333333333249e-06,0.00015660361574001307,8.133333333333334e-05,1.9333333333333333e-05,0.25,2.6666666666674834e-06,1.799999999999672e-05,mean of workload-paired AF/DF estimates,workload replication
analysis_configuration_25807bb35b89c8e211e2fb80,1.1,8,0.1,floor,schedule_next_after_transition,30,0.0011720000000000036,0.22158131018020924,0.090201,0.012330333333333334,0.125,0.0009653333333333348,0.0013773333333333359,mean of workload-paired AF/DF estimates,workload replication
analysis_configuration_258266270ca10867e9cfe9c0,1.25,8,0.03,floor,schedule_next_after_transition,30,0.0007679999999999974,0.07651999234409959,0.028918666666666665,0.006436,0.125,0.0005660000000000017,0.0009953333333333305,mean of workload-paired AF/DF estimates,workload replication
analysis_configuration_25a82e35bf49ef6e884408b7,0.95,8,0.001,ceiling,schedule_next_after_transition,30,5.1333333333335636e-05,0.0014517083340945512,0.0008916666666666667,8.933333333333334e-05,0.125,3.333333333333429e-05,7.266666666666856e-05,mean of workload-paired AF/DF estimates,workload replication
analysis_configuration_25e3aeff2b541f4b56bb9c4d,1.25,16,3e-05,ceiling,schedule_next_after_transition,30,6.333333333333191e-05,6.0911232995352816e-05,3.3333333333333335e-05,8.000000000000001e-06,0.0625,2.2666666666666207e-05,0.00011268333333333193,mean of workload-paired AF/DF estimates,workload replication
analysis_configuration_25e4e970fee00edab7b12a58,1.25,16,0.01,nearest,schedule_next_after_transition,30,0.0009526666666666664,0.02229764535731615,0.009920000000000002,0.002018666666666667,0.0625,0.0007060000000000001,0.0012173333333333279,mean of workload-paired AF/DF estimates,workload replication
analysis_configuration_26da07b22d47c777560fac08,1.0,1,0.01,nearest,schedule_next_after_transition,30,0.002472666666666677,0.016596629000740416,0.007426,0.004912,1.0,0.0023620000000000143,0.0025840000000000103,mean of workload-paired AF/DF estimates,workload replication
analysis_configuration_27dde74bfb086b567738012c,1.0,16,0.0003,nearest,schedule_next_after_transition,30,2.2666666666666437e-05,0.0005796684268340984,0.00027,2.0666666666666666e-05,0.0625,1.266666666666592e-05,3.4e-05,mean of workload-paired AF/DF estimates,workload replication
analysis_configuration_27fdae49696feff78c5116ae,1.1,16,3e-05,ceiling,schedule_next_after_transition,30,8.666666666666082e-06,6.108021184338693e-05,4.0333333333333336e-05,5.333333333333334e-06,0.0625,6.666666666664083e-07,1.8666666666665906e-05,mean of workload-paired AF/DF estimates,workload replication
analysis_configuration_2867bd44476865c956a99f39,1.25,4,0.003,ceiling,schedule_next_after_transition,30,0.00018599999999999728,0.005368455687725047,0.0026656666666666664,0.00091,0.25,0.00013533333333333724,0.00024000000000000133,mean of workload-paired AF/DF estimates,workload replication
analysis_configuration_28b01d6b4c0bf387eceab8e2,0.5,8,0.0003,nearest,schedule_next_after_transition,30,0.0,0.000369692832968728,0.00022799999999999999,6.666666666666667e-07,0.125,0.0,0.0,mean of workload-paired AF/DF estimates,workload replication
analysis_configuration_299cdbf634ca712398851837,1.1,4,0.03,floor,schedule_next_after_transition,30,0.0012813333333333316,0.07036064269363561,0.02907433333333333,0.006839,0.25,0.0011033333333333331,0.0014593499999999964,mean of workload-paired AF/DF estimates,workload replication
analysis_configuration_29b0b45c1acb7fe24a25e7ef,1.1,16,0.0001,nearest,schedule_next_after_transition,30,2.3999999999999946e-05,0.00022067395491338988,0.00010233333333333335,1.2e-05,0.0625,7.33333333333234e-06,4.8683333333333586e-05,mean of workload-paired AF/DF estimates,workload replication
analysis_configuration_2a43ad2ad2b594e3492919ca,0.5,1,0.0001,floor,schedule_next_after_transition,30,1.9333333333334164e-05,0.00013924880705595225,9.8e-05,2.4666666666666665e-05,1.0,1.2000000000000898e-05,2.7333333333334765e-05,mean of workload-paired AF/DF estimates,workload replication
analysis_configuration_2a6a802b7f16f625bc4b8ddc,1.0,16,0.003,floor,schedule_next_after_transition,30,0.00010666666666666695,0.007319168287135548,0.0029609999999999997,0.00016033333333333335,0.0625,7.733333333333342e-05,0.0001386666666666668,mean of workload-paired AF/DF estimates,workload replication
analysis_configuration_2af5a6a7de347685f84dd65a,1.0,16,0.1,nearest,schedule_next_after_transition,30,0.0005193333333333335,0.17863950780591858,0.08770333333333333,0.0053416666666666664,0.0625,0.00040266666666666624,0.0006466666666666665,mean of workload-paired AF/DF estimates,workload replication
analysis_configuration_2b27cba8990451753afab50b,0.95,16,3e-05,nearest,schedule_next_after_transition,30,1.333333333333279e-06,6.182489715296774e-05,2.866666666666667e-05,1.3333333333333334e-06,0.0625,0.0,3.3333333333331974e-06,mean of workload-paired AF/DF estimates,workload replication
analysis_configuration_2b939db750771ee825dd0813,1.25,1,0.01,nearest,schedule_next_after_transition,30,0.002393999999999981,0.019078924906508296,0.00762,0.005462333333333334,1.0,0.002269999999999998,0.002515333333333303,mean of workload-paired AF/DF estimates,workload replication
analysis_configuration_2bca4e1b14e8cadcff3e0410,0.5,4,0.0003,ceiling,schedule_next_after_transition,30,8.000000000000484e-06,0.00023309676933983204,0.00016800000000000002,1.4e-05,0.25,3.3333333333338915e-06,1.2666666666668117e-05,mean of workload-paired AF/DF estimates,workload replication
analysis_configuration_2bd123b2e2dad4bd5166f0ec,1.0,1,0.003,nearest,schedule_next_after_transition,30,0.0007793333333333319,0.005000651025284716,0.0022823333333333333,0.0015283333333333334,1.0,0.0007106666666666724,0.000849999999999997,mean of workload-paired AF/DF estimates,workload replication
analysis_configuration_2c27a5cf9714fb344be1d130,1.0,8,1e-05,nearest,schedule_next_after_transition,30,9.999999999999825e-06,1.9765439787827396e-05,8.666666666666668e-06,2.0000000000000003e-06,0.125,0.0,2.8666666666666193e-05,mean of workload-paired AF/DF estimates,workload replication
analysis_configuration_2c768f680f59c8ada6648cb9,0.8,16,0.0001,nearest,schedule_next_after_transition,30,0.0,0.00016649300750169675,9.266666666666668e-05,0.0,0.0625,0.0,0.0,mean of workload-paired AF/DF estimates,workload replication
analysis_configuration_2d3bee0b2ea316f0437af975,1.0,4,0.03,nearest,schedule_next_after_transition,30,0.0010293333333333359,0.055439683982211954,0.02653566666666667,0.005831,0.25,0.0008993333333333353,0.0011653333333333348,mean of workload-paired AF/DF estimates,workload replication
analysis_configuration_2d9e92950d527ff803caf14e,0.5,16,0.0003,floor,schedule_next_after_transition,30,0.0,0.0005616700368017672,0.000314,0.0,0.0625,0.0,0.0,mean of workload-paired AF/DF estimates,workload replication
analysis_configuration_2e168064d68a691c7a87c394,1.0,1,0.003,ceiling,schedule_next_after_transition,30,0.000772666666666666,0.003959913198029984,0.0014930000000000002,0.0014930000000000002,1.0,0.0006960000000000076,0.0008473333333333388,mean of workload-paired AF/DF estimates,workload replication
analysis_configuration_2e1f82f4d4c8dab1931dc34c,1.25,8,0.003,ceiling,schedule_next_after_transition,30,0.0003719999999999964,0.005429297288989083,0.002914333333333333,0.0007176666666666667,0.125,0.000279999999999996,0.0004706666666666591,mean of workload-paired AF/DF estimates,workload replication
analysis_configuration_2e8694ad616e57393ac0f996,0.95,4,1e-05,nearest,schedule_next_after_transition,30,0.0,1.6118698147520044e-05,9.333333333333334e-06,6.666666666666667e-07,0.25,0.0,0.0,mean of workload-paired AF/DF estimates,workload replication
analysis_configuration_2e969c097e96efb8c2ae6869,0.8,8,0.0001,nearest,schedule_next_after_transition,30,6.666666666666395e-07,0.000167253974582186,8.8e-05,2.0000000000000003e-06,0.125,0.0,1.9999999999999186e-06,mean of workload-paired AF/DF estimates,workload replication
analysis_configuration_2efae5088b35ba0c8729ea7f,0.95,1,0.001,floor,schedule_next_after_transition,30,0.00025866666666666817,0.0019311157001434519,0.0009916666666666665,0.0005046666666666666,1.0,0.0002246666666666637,0.00029335000000000765,mean of workload-paired AF/DF estimates,workload replication
analysis_configuration_2f8602d74a337682380c3bd0,1.1,8,0.0001,nearest,schedule_next_after_transition,30,1.933333333333509e-05,0.0002069591416553722,9.4e-05,1.6666666666666667e-05,0.125,8.00000000000245e-06,3.333333333333153e-05,mean of workload-paired AF/DF estimates,workload replication
analysis_configuration_2fa3e3135c429b64fbaf8c06,0.95,8,0.0001,ceiling,schedule_next_after_transition,30,8.666666666667007e-06,0.00013329318174625993,7.533333333333334e-05,7.333333333333334e-06,0.125,2.666666666665633e-06,1.7333333333334013e-05,mean of workload-paired AF/DF estimates,workload replication
analysis_configuration_3080f0711f1e66e485c97085,0.8,4,0.003,ceiling,schedule_next_after_transition,30,0.00011666666666666816,0.003528956321811228,0.0021260000000000003,0.00036133333333333335,0.25,9.266666666667095e-05,0.0001400000000000017,mean of workload-paired AF/DF estimates,workload replication
analysis_configuration_30b9d3d4aff07c67840f6137,1.0,4,0.03,floor,schedule_next_after_transition,30,0.0011606666666666653,0.0675014153788717,0.028986,0.005680666666666666,0.25,0.000996666666666667,0.0013253333333333292,mean of workload-paired AF/DF estimates,workload replication
analysis_configuration_31a10d017f54d8d9c45d1320,0.5,4,0.001,nearest,schedule_next_after_transition,30,2.0000000000000225e-05,0.001232626166421348,0.0007326666666666666,4e-05,0.25,1.3333333333333831e-05,2.66666666666672e-05,mean of workload-paired AF/DF estimates,workload replication
analysis_configuration_31ac78d0415149580a0254ce,1.1,4,1e-05,ceiling,schedule_next_after_transition,30,0.0,1.4386328211715873e-05,6.666666666666667e-06,6.666666666666667e-07,0.25,0.0,0.0,mean of workload-paired AF/DF estimates,workload replication
analysis_configuration_31df96deb6ba1c5d9fc90fe3,1.25,1,3e-05,floor,schedule_next_after_transition,30,1.0666666666669933e-05,6.74031594665418e-05,2.866666666666667e-05,1.6e-05,1.0,6.666666666662232e-06,1.5333333333337566e-05,mean of workload-paired AF/DF estimates,workload replication
analysis_configuration_31eb11c52592c5c6dc9ac043,0.95,16,0.0003,floor,schedule_next_after_transition,30,1.0666666666666694e-05,0.0007248916544278679,0.00030533333333333335,7.333333333333334e-06,0.0625,3.999999999999837e-06,1.933333333333324e-05,mean of workload-paired AF/DF estimates,workload replication
analysis_configuration_324200cff34768169355ca43,0.95,4,0.0003,ceiling,schedule_next_after_transition,30,3.8666666666665556e-05,0.0004674462077167855,0.00027133333333333333,7.000000000000001e-05,0.25,2.7333333333334765e-05,5.066666666667108e-05,mean of workload-paired AF/DF estimates,workload replication
analysis_configuration_326ed1f3268e57cb214ac5a6,0.8,1,0.0001,nearest,schedule_next_after_transition,30,1.60000000000049e-05,0.0001277344185456649,6.466666666666668e-05,3.733333333333334e-05,1.0,1.0666666666669933e-05,2.2000000000001697e-05,mean of workload-paired AF/DF estimates,workload replication
analysis_configuration_32bab72cdabfc0cde23b0936,0.95,8,3e-05,ceiling,schedule_next_after_transition,30,1.333333333333279e-06,4.396723091806496e-05,2.6666666666666667e-05,4.666666666666667e-06,0.125,0.0,3.3333333333334286e-06,mean of workload-paired AF/DF estimates,workload replication
analysis_configuration_330c16c5ceffa75a225e7c9c,1.1,1,0.01,nearest,schedule_next_after_transition,30,0.0024933333333333326,0.01763789388574992,0.0074860000000000005,0.005134333333333334,1.0,0.00239131666666665,0.0026006666666666695,mean of workload-paired AF/DF estimates,workload replication
analysis_configuration_336ce135af35f5ff6804999c,1.0,16,0.01,floor,schedule_next_after_transition,30,0.00023066666666666746,0.024213936896928377,0.00984,0.0005873333333333334,0.0625,0.00018000000000000007,0.0002900000000000002,mean of workload-paired AF/DF estimates,workload replication
analysis_configuration_341ba647586a585ea7181f52,1.25,1,0.0003,floor,schedule_next_after_transition,30,7.733333333333665e-05,0.0006516579574231474,0.0002986666666666667,0.0001726666666666667,1.0,6.0000000000004494e-05,9.535000000002396e-05,mean of workload-paired AF/DF estimates,workload replication
analysis_configuration_34fc1ecd10aeff103962f8bc,0.95,16,0.0001,ceiling,schedule_next_after_transition,30,4.666666666666708e-06,0.00013657248636569677,8.8e-05,2.666666666666667e-06,0.0625,0.0,1.2000000000000205e-05,mean of workload-paired AF/DF estimates,workload replication
analysis_configuration_369347598c9107b6e1d277f6,0.8,16,1e-05,floor,schedule_next_after_transition,30,0.0,2.4071108906395495e-05,1e-05,0.0,0.0625,0.0,0.0,mean of workload-paired AF/DF estimates,workload replication
analysis_configuration_372417dfcb95e4d431c5074c,1.1,8,0.01,ceiling,schedule_next_after_transition,30,0.00036200000000000213,0.01606875290223786,0.009257,0.0015893333333333334,0.125,0.0002760000000000049,0.0004493333333333358,mean of workload-paired AF/DF estimates,workload replication
analysis_configuration_373b7f21bc433af12593fa44,1.1,16,0.001,nearest,schedule_next_after_transition,30,0.0001339999999999994,0.0020206944923822313,0.0009493333333333334,0.00011333333333333333,0.0625,0.00010599999999999869,0.0001626666666666665,mean of workload-paired AF/DF estimates,workload replication
analysis_configuration_3763b343d3cb339b94e2edab,1.0,8,0.0003,nearest,schedule_next_after_transition,30,2.866666666666527e-05,0.0005372540909269952,0.000264,2.8e-05,0.125,1.1333333333332178e-05,5.134999999999918e-05,mean of workload-paired AF/DF estimates,workload replication
analysis_configuration_37a97191f61f34c371a43376,0.8,1,0.1,floor,schedule_next_after_transition,30,0.024751999999999996,0.16451804592164565,0.09119766666666666,0.039452999999999995,1.0,0.024478666666666662,0.025026016666666658,mean of workload-paired AF/DF estimates,workload replication
analysis_configuration_37ddace706870c731ececd46,1.0,8,0.1,ceiling,schedule_next_after_transition,30,0.0012006666666666628,0.13749640103921326,0.08281566666666666,0.011988333333333332,0.125,0.0009626666666666644,0.0014553333333333289,mean of workload-paired AF/DF estimates,workload replication
analysis_configuration_38cb25117d386f948c4a4688,1.0,8,1e-05,ceiling,schedule_next_after_transition,30,6.666666666664083e-07,1.4113923830037042e-05,8.666666666666668e-06,1.3333333333333334e-06,0.125,0.0,1.9999999999992245e-06,mean of workload-paired AF/DF estimates,workload replication
analysis_configuration_39700f5f0474c44a627eda0b,0.95,4,0.003,floor,schedule_next_after_transition,30,0.00014133333333333313,0.006874773866500221,0.003013,0.0005476666666666667,0.25,0.00010666666666666787,0.00017799999999999763,mean of workload-paired AF/DF estimates,workload replication
analysis_configuration_39c908fc33535d769e55c4f6,0.95,4,0.01,floor,schedule_next_after_transition,30,0.0003666666666666624,0.02250007339788349,0.009886,0.0017236666666666665,0.25,0.00028999999999999767,0.00044666666666666097,mean of workload-paired AF/DF estimates,workload replication
analysis_configuration_3ab72e9d4b113e6a1aea49a4,0.8,1,0.03,floor,schedule_next_after_transition,30,0.007545333333333332,0.05252832911725962,0.029079999999999998,0.012801,1.0,0.007340666666666664,0.00775466666666666,mean of workload-paired AF/DF estimates,workload replication
analysis_configuration_3b6324d794f5aedeac3e3b34,1.1,16,0.1,ceiling,schedule_next_after_transition,30,0.0009126666666666709,0.14934695108793417,0.08886633333333332,0.012964666666666668,0.0625,0.0006746666666666725,0.001162666666666671,mean of workload-paired AF/DF estimates,workload replication
analysis_configuration_3b9bfb4f9cb083424be3408d,0.8,8,0.003,nearest,schedule_next_after_transition,30,3.799999999999961e-05,0.005042598973863449,0.002680333333333333,0.00012,0.125,2.6666666666666274e-05,5.199999999999974e-05,mean of workload-paired AF/DF estimates,workload replication
analysis_configuration_3bd51a0a8f6ce8c7ef239fe0,0.95,8,0.001,floor,schedule_next_after_transition,30,4.399999999999959e-05,0.0023539958197262337,0.000988,9.066666666666667e-05,0.125,3.333333333333474e-05,5.466666666666675e-05,mean of workload-paired AF/DF estimates,workload replication
analysis_configuration_3c0514154981bdf0fc558fc8,0.95,8,0.003,floor,schedule_next_after_transition,30,8.733333333333417e-05,0.006954050098579191,0.0029406666666666665,0.000275,0.125,6.933333333333329e-05,0.00010600000000000147,mean of workload-paired AF/DF estimates,workload replication
analysis_configuration_3c798b95aa2f7cf95a0dfa31,0.8,16,0.1,nearest,schedule_next_after_transition,30,0.00010933333333333324,0.15592161427231097,0.08221266666666667,0.000533,0.0625,8.733333333333321e-05,0.0001319999999999999,mean of workload-paired AF/DF estimates,workload replication
analysis_configuration_3c9c9ad14386d81bcd0264a0,0.5,1,0.01,ceiling,schedule_next_after_transition,30,0.002249333333333331,0.006863671055801021,0.0032696666666666664,0.0032696666666666664,1.0,0.0021540000000000005,0.0023459999999999983,mean of workload-paired AF/DF estimates,workload replication
analysis_configuration_3d1399b50b8c60b6b88c7743,0.5,1,0.0003,nearest,schedule_next_after_transition,30,7.133333333333435e-05,0.0003377013708582112,0.00020533333333333333,9.733333333333333e-05,1.0,5.733333333333886e-05,8.533333333333726e-05,mean of workload-paired AF/DF estimates,workload replication
analysis_configuration_3d302717b8531b67957cf125,1.0,8,0.03,floor,schedule_next_after_transition,30,0.0004680000000000013,0.06972287576019373,0.029248666666666666,0.003134,0.125,0.00034133333333333514,0.0006059999999999991,mean of workload-paired AF/DF estimates,workload replication
analysis_configuration_3dc752a2f5d7b194460e83c4,1.0,1,0.001,floor,schedule_next_after_transition,30,0.0002453333333333215,0.001984700956163468,0.0009889999999999999,0.0004983333333333334,1.0,0.00021399999999997712,0.0002773499999999992,mean of workload-paired AF/DF estimates,workload replication
analysis_configuration_3de3f9e694ca65a11efb69ba,1.1,4,3e-05,nearest,schedule_next_after_transition,30,1.1333333333333566e-05,6.208308561766826e-05,3.066666666666667e-05,1e-05,0.25,2.666666666666558e-06,2.2666666666667132e-05,mean of workload-paired AF/DF estimates,workload replication
analysis_configuration_3e0fb48eaa619a3aa66ca976,1.25,16,0.003,floor,schedule_next_after_transition,30,0.0009853333333333324,0.00803558051954238,0.002949,0.0005846666666666667,0.0625,0.000748666666666666,0.0012493499999999991,mean of workload-paired AF/DF estimates,workload replication
analysis_configuration_3e91e1114df24c1feb2fcfd3,0.5,4,3e-05,ceiling,schedule_next_after_transition,30,0.0,1.423065407397249e-05,1e-05,0.0,0.25,0.0,0.0,mean of workload-paired AF/DF estimates,workload replication
analysis_configuration_3ed19fd0fc84a6b01b37ea89,1.0,16,0.1,floor,schedule_next_after_transition,30,0.00038533333333333334,0.2163617955870289,0.09049366666666667,0.003663333333333333,0.0625,0.0002886666666666667,0.0004933333333333324,mean of workload-paired AF/DF estimates,workload replication
analysis_configuration_3ee497c416604b8e0f4a60c9,0.5,8,0.1,ceiling,schedule_next_after_transition,30,0.00010733333333333333,0.07236761108663532,0.04847566666666667,0.00020566666666666666,0.125,8.799999999999997e-05,0.0001273333333333333,mean of workload-paired AF/DF estimates,workload replication
analysis_configuration_3f03d21ed7e36285c46884c7,1.1,8,0.0003,floor,schedule_next_after_transition,30,4.666666666666708e-05,0.0007701825315367888,0.0003116666666666667,5.266666666666667e-05,0.125,3.19999999999987e-05,6.333333333333283e-05,mean of workload-paired AF/DF estimates,workload replication
analysis_configuration_3f0eff2527bbd0c50f3c6fad,0.8,4,0.0003,floor,schedule_next_after_transition,30,1.5333333333333866e-05,0.0006278588416615909,0.000306,3.6e-05,0.25,1.0666666666665307e-05,2.0666666666666517e-05,mean of workload-paired AF/DF estimates,workload replication
analysis_configuration_3f13bf12672412b21d5b45a1,1.25,16,0.0003,ceiling,schedule_next_after_transition,30,0.0002873333333333385,0.0005702151436448772,0.00031099999999999997,5.966666666666667e-05,0.0625,0.0002020000000000077,0.0003833500000000065,mean of workload-paired AF/DF estimates,workload replication
analysis_configuration_3f57254d8930f3b648a4343e,1.1,16,0.001,ceiling,schedule_next_after_transition,30,0.00012933333333333408,0.001620477502233584,0.0009763333333333333,9.866666666666666e-05,0.0625,9.200000000000042e-05,0.0001706666666666671,mean of workload-paired AF/DF estimates,workload replication
analysis_configuration_3fbb2d89e25daa64f8c72df2,1.0,8,0.003,ceiling,schedule_next_after_transition,30,0.0001213333333333344,0.004412216611047415,0.0026636666666666666,0.0003186666666666667,0.125,9.333333333333554e-05,0.00015066666666666793,mean of workload-paired AF/DF estimates,workload replication
analysis_configuration_3fcb252ba78dbba7c8394244,1.25,1,0.03,floor,schedule_next_after_transition,30,0.0073066666666666575,0.06503039978394509,0.028946000000000003,0.016046333333333333,1.0,0.007136666666666654,0.0074646666666666455,mean of workload-paired AF/DF estimates,workload replication
analysis_configuration_3fdd54b63cf6230a7ae151bd,1.1,4,0.0001,nearest,schedule_next_after_transition,30,2.666666666666558e-05,0.0001984301091397441,9.8e-05,3.4e-05,0.25,1.733333333333124e-05,3.666666666666818e-05,mean of workload-paired AF/DF estimates,workload replication
analysis_configuration_3ff1589cb86ebec45a8e75a7,1.25,1,0.001,nearest,schedule_next_after_transition,30,0.0002460000000000092,0.0018906562249248026,0.0007656666666666667,0.000555,1.0,0.0002059999999999987,0.00028533333333334484,mean of workload-paired AF/DF estimates,workload replication
analysis_configuration_40a0b293397ee6502db348f0,0.5,4,0.1,ceiling,schedule_next_after_transition,30,0.0016280000000000005,0.07201554975831312,0.046994,0.003176,0.25,0.001528666666666667,0.0017280166666666678,mean of workload-paired AF/DF estimates,workload replication
analysis_configuration_412407ffd1e38f3ac552f8c5,0.5,1,0.1,floor,schedule_next_after_transition,30,0.02178066666666667,0.1393199795443204,0.09295199999999999,0.029802,1.0,0.02155266666666667,0.02202466666666667,mean of workload-paired AF/DF estimates,workload replication
analysis_configuration_418c1c90e802d02bb5055c12,0.5,8,0.0003,ceiling,schedule_next_after_transition,30,0.0,0.0002222162897937406,0.00014800000000000002,0.0,0.125,0.0,0.0,mean of workload-paired AF/DF estimates,workload replication
analysis_configuration_427bd585d66ba46b4ed71734,0.5,4,0.01,ceiling,schedule_next_after_transition,30,0.00015799999999999959,0.0073797206463676775,0.004742,0.00030900000000000003,0.25,0.00013733333333333224,0.0001799999999999996,mean of workload-paired AF/DF estimates,workload replication
analysis_configuration_4280e6be8638ed7def55d20b,0.95,1,0.0001,nearest,schedule_next_after_transition,30,2.8666666666673132e-05,0.0001595271222743537,7.733333333333333e-05,5.133333333333334e-05,1.0,1.9333333333343417e-05,3.80000000000121e-05,mean of workload-paired AF/DF estimates,workload replication
analysis_configuration_42badcf3763f38f783feecb2,0.95,16,0.001,nearest,schedule_next_after_transition,30,2.4666666666667512e-05,0.0018832996310324225,0.000954,4.0666666666666675e-05,0.0625,1.4666666666666763e-05,3.733333333333505e-05,mean of workload-paired AF/DF estimates,workload replication
analysis_configuration_436a5857ebccc3afe1115f1f,0.8,16,0.01,ceiling,schedule_next_after_transition,30,2.466666666666673e-05,0.011940981923102372,0.007929666666666666,6.666666666666667e-05,0.0625,1.666666666666668e-05,3.266666666666681e-05,mean of workload-paired AF/DF estimates,workload replication
analysis_configuration_43d2bf07a0eb06d2dd221012,0.95,4,0.03,ceiling,schedule_next_after_transition,30,0.0012680000000000007,0.04099328349557686,0.023100333333333334,0.005331666666666667,0.25,0.0010973333333333334,0.0014413333333333316,mean of workload-paired AF/DF estimates,workload replication
analysis_configuration_4412b26911acd7c8cf740240,1.0,4,0.0001,nearest,schedule_next_after_transition,30,1.1333333333334491e-05,0.0001976791134100738,9.466666666666667e-05,2.2666666666666668e-05,0.25,5.333333333334041e-06,1.8666666666667756e-05,mean of workload-paired AF/DF estimates,workload replication
analysis_configuration_44a2876c6d065d4fa2d6135b,0.5,1,0.1,nearest,schedule_next_after_transition,30,0.02146133333333334,0.10339219558543884,0.062409000000000006,0.030741333333333332,1.0,0.021216000000000006,0.02169135000000001,mean of workload-paired AF/DF estimates,workload replication
analysis_configuration_44c96ac5893e950ea7a502bc,0.5,16,0.0001,ceiling,schedule_next_after_transition,30,0.0,8.46672600220668e-05,5.666666666666667e-05,0.0,0.0625,0.0,0.0,mean of workload-paired AF/DF estimates,workload replication
analysis_configuration_44ea5a068e51a45c8c191177,0.5,1,0.0003,ceiling,schedule_next_after_transition,30,4.999999999999449e-05,0.00016885152285515994,7e-05,7e-05,1.0,3.933333333333196e-05,6.133333333333177e-05,mean of workload-paired AF/DF estimates,workload replication
analysis_configuration_45144325cddf10724867bbda,0.5,16,0.001,floor,schedule_next_after_transition,30,0.0,0.0017356779970827694,0.0009986666666666666,0.0,0.0625,0.0,0.0,mean of workload-paired AF/DF estimates,workload replication
analysis_configuration_4569f28ca57b883ca7d2417a,0.5,1,0.1,ceiling,schedule_next_after_transition,30,0.02140133333333333,0.06734544693057551,0.03193033333333333,0.03193033333333333,1.0,0.02120666666666666,0.021604666666666664,mean of workload-paired AF/DF estimates,workload replication
analysis_configuration_45b7ea7fb9f2ab7b29a5b5e9,0.8,1,0.1,nearest,schedule_next_after_transition,30,0.02414266666666666,0.13414931350508805,0.066664,0.040626,1.0,0.02385199999999999,0.024409999999999984,mean of workload-paired AF/DF estimates,workload replication
analysis_configuration_461f1eb1bd4614b4c141f043,1.0,8,0.003,nearest,schedule_next_after_transition,30,0.00012200000000000081,0.005733819609350254,0.0027806666666666665,0.0003446666666666667,0.125,9.133333333333447e-05,0.00015333333333333402,mean of workload-paired AF/DF estimates,workload replication
analysis_configuration_463ff258945b8b40f4ef5e15,0.8,16,3e-05,floor,schedule_next_after_transition,30,0.0,7.154424381313631e-05,3.6e-05,0.0,0.0625,0.0,0.0,mean of workload-paired AF/DF estimates,workload replication
analysis_configuration_464a471dcca6ff5e986374b1,1.1,1,0.1,nearest,schedule_next_after_transition,30,0.024274666666666674,0.1622940125708335,0.06892666666666666,0.04707133333333333,1.0,0.024004000000000036,0.02454866666666666,mean of workload-paired AF/DF estimates,workload replication
analysis_configuration_46a1d5dca4cfec62dd814761,1.25,16,0.0001,floor,schedule_next_after_transition,30,0.00014466666666666702,0.0002926465661983676,0.000105,2.3666666666666668e-05,0.0625,7.400000000000092e-05,0.00022933333333333323,mean of workload-paired AF/DF estimates,workload replication
analysis_configuration_47a90ee1c59ae6decd810fd9,1.1,16,0.01,nearest,schedule_next_after_transition,30,0.0004206666666666655,0.02069017013248455,0.009773,0.001107,0.0625,0.00030599999999999887,0.0005459999999999983,mean of workload-paired AF/DF estimates,workload replication
analysis_configuration_47c63e4136fd1e08622e78ec,1.0,16,1e-05,ceiling,schedule_next_after_transition,30,0.0,2.4056339609418507e-05,1.0666666666666667e-05,0.0,0.0625,0.0,0.0,mean of workload-paired AF/DF estimates,workload replication
analysis_configuration_47ffab210d8b3ee2872849cb,1.0,8,3e-05,nearest,schedule_next_after_transition,30,1.5333333333333402e-05,6.141771470912956e-05,3.1333333333333334e-05,6e-06,0.125,1.3333333333337417e-06,3.599999999999946e-05,mean of workload-paired AF/DF estimates,workload replication
analysis_configuration_4811a0e889790047fe5e5b70,1.1,16,0.1,nearest,schedule_next_after_transition,30,0.0008213333333333336,0.18855862283243632,0.08911333333333334,0.010084333333333334,0.0625,0.0006259833333333322,0.0010333333333333342,mean of workload-paired AF/DF estimates,workload replication
analysis_configuration_485b8d92a00edda0b9f8ebe1,0.8,8,0.1,floor,schedule_next_after_transition,30,0.0008159999999999998,0.19419749375991405,0.09159733333333334,0.0029983333333333333,0.125,0.0007493333333333328,0.0008813499999999998,mean of workload-paired AF/DF estimates,workload replication
analysis_configuration_491cf802573012a17d3bf840,1.1,4,0.1,floor,schedule_next_after_transition,30,0.004359999999999995,0.21573093867381346,0.09036366666666668,0.020290333333333334,0.25,0.004148,0.004577999999999993,mean of workload-paired AF/DF estimates,workload replication
analysis_configuration_4947eaaf97ea55fd70666a1f,1.1,4,0.0003,nearest,schedule_next_after_transition,30,3.199999999999685e-05,0.0005665602053198778,0.000254,6.066666666666667e-05,0.25,2.066666666666143e-05,4.599999999999979e-05,mean of workload-paired AF/DF estimates,workload replication
analysis_configuration_49694788fe844ea47e26c844,0.95,8,0.0003,floor,schedule_next_after_transition,30,2.199999999999841e-05,0.0007076609601982946,0.000288,1.866666666666667e-05,0.125,1.1333333333331252e-05,3.399999999999977e-05,mean of workload-paired AF/DF estimates,workload replication
analysis_configuration_49fc9ba2a01a833c64a6f75a,0.8,4,0.003,nearest,schedule_next_after_transition,30,0.00012933333333333454,0.004874998541012795,0.0025826666666666663,0.000353,0.25,0.00010600000000000054,0.00015400000000000044,mean of workload-paired AF/DF estimates,workload replication
analysis_configuration_49fce774fe77421839ee461d,1.1,8,1e-05,ceiling,schedule_next_after_transition,30,2.00000000000015e-06,2.1695905864327683e-05,1.2666666666666667e-05,2.0000000000000003e-06,0.125,0.0,5.333333333333116e-06,mean of workload-paired AF/DF estimates,workload replication
analysis_configuration_4a180da8ce9b5ec409825d2b,0.95,16,0.001,ceiling,schedule_next_after_transition,30,3.399999999999954e-05,0.0013918603580349335,0.000917,3.6666666666666666e-05,0.0625,1.7333333333332628e-05,5.46666666666656e-05,mean of workload-paired AF/DF estimates,workload replication
analysis_configuration_4aa6abf50eba8c3e6f9828cb,1.0,4,0.1,ceiling,schedule_next_after_transition,30,0.003996666666666668,0.1346985909803863,0.07435566666666667,0.019428,0.25,0.0036680000000000037,0.0042840000000000005,mean of workload-paired AF/DF estimates,workload replication
analysis_configuration_4b04fecb0d2d716912a3919b,1.0,8,0.01,ceiling,schedule_next_after_transition,30,0.000311333333333332,0.014567087571045113,0.008777,0.001173,0.125,0.00024333333333333197,0.0003833333333333318,mean of workload-paired AF/DF estimates,workload replication
analysis_configuration_4b6f60936a2617d4f1e76031,0.5,16,3e-05,nearest,schedule_next_after_transition,30,0.0,4.2000320006533456e-05,2.8e-05,0.0,0.0625,0.0,0.0,mean of workload-paired AF/DF estimates,workload replication
analysis_configuration_4bf06b7c39b651dcd89b6aac,1.0,4,0.1,nearest,schedule_next_after_transition,30,0.003799333333333331,0.17202428858462093,0.08189466666666667,0.018213333333333335,0.25,0.003543316666666663,0.00406135,mean of workload-paired AF/DF estimates,workload replication
analysis_configuration_4bf49183413912a9e7021ce8,0.5,16,0.0001,floor,schedule_next_after_transition,30,0.0,0.00018800138004166717,0.00010466666666666667,0.0,0.0625,0.0,0.0,mean of workload-paired AF/DF estimates,workload replication
analysis_configuration_4c7cd91f4d55e4ab012da2b6,1.1,4,0.01,floor,schedule_next_after_transition,30,0.000414666666666665,0.024172693899752785,0.01001,0.0023933333333333333,0.25,0.00031200000000000027,0.0005213333333333292,mean of workload-paired AF/DF estimates,workload replication
analysis_configuration_4c9289403e30f6860fd3c0f3,0.5,16,3e-05,floor,schedule_next_after_transition,30,0.0,5.200040001106683e-05,2.6000000000000002e-05,0.0,0.0625,0.0,0.0,mean of workload-paired AF/DF estimates,workload replication
analysis_configuration_4d289ad0d0a88eae59cb17f1,0.8,1,0.01,floor,schedule_next_after_transition,30,0.002529333333333341,0.017810987793692598,0.009864000000000001,0.004422333333333334,1.0,0.0024426666666666707,0.0026166666666666764,mean of workload-paired AF/DF estimates,workload replication
analysis_configuration_4d978903e7f9745d90f76314,1.1,16,0.01,ceiling,schedule_next_after_transition,30,0.0005373333333333351,0.016014959153242372,0.009614000000000001,0.0011426666666666666,0.0625,0.0004226666666666675,0.0006593333333333349,mean of workload-paired AF/DF estimates,workload replication
analysis_configuration_4e3d9a89d6ff9b82303aff64,0.5,1,0.003,floor,schedule_next_after_transition,30,0.0006633333333333324,0.004452238557858929,0.0029863333333333335,0.0009913333333333332,1.0,0.0006213333333333293,0.0007033500000000034,mean of workload-paired AF/DF estimates,workload replication
analysis_configuration_4e5256a7992e6906fbc0bdb7,1.1,16,0.003,nearest,schedule_next_after_transition,30,0.00030466666666666695,0.006242566226682267,0.002921333333333333,0.00032333333333333335,0.0625,0.0002306666666666656,0.0003866666666666671,mean of workload-paired AF/DF estimates,workload replication
analysis_configuration_4e6adb5185d380de1aa91780,1.1,1,0.1,ceiling,schedule_next_after_transition,30,0.02378066666666667,0.13603315420734985,0.04842266666666666,0.04842266666666666,1.0,0.02345066666666667,0.024109333333333326,mean of workload-paired AF/DF estimates,workload replication
analysis_configuration_4eb432bd7f184e4adfe6271f,1.0,8,0.0003,ceiling,schedule_next_after_transition,30,3.599999999999946e-05,0.00040844721186253944,0.00025233333333333336,3.3333333333333335e-05,0.125,2.0666666666667442e-05,5.199999999999973e-05,mean of workload-paired AF/DF estimates,workload replication
analysis_configuration_4ee61ac8fe6828fc13f78f81,1.25,16,0.01,ceiling,schedule_next_after_transition,30,0.0009560000000000013,0.018015251923280306,0.009958999999999999,0.002072,0.0625,0.0007139833333333332,0.001224000000000001,mean of workload-paired AF/DF estimates,workload replication
analysis_configuration_4f1bb2ccbfdc786cc5bad0df,0.95,8,0.01,nearest,schedule_next_after_transition,30,0.00017066666666666665,0.01855906900444568,0.009115666666666666,0.0008836666666666667,0.125,0.00012200000000000172,0.00022199999999999951,mean of workload-paired AF/DF estimates,workload replication
analysis_configuration_4f2141883c26878af1150eb0,0.95,4,1e-05,ceiling,schedule_next_after_transition,30,3.333333333332966e-06,2.1975831382441422e-05,1.5333333333333334e-05,3.3333333333333333e-06,0.25,0.0,7.999999999999674e-06,mean of workload-paired AF/DF estimates,workload replication
analysis_configuration_4f4b6d6a6470400fa235ac3b,0.8,4,0.001,ceiling,schedule_next_after_transition,30,5.06666666666683e-05,0.001123789804130525,0.0006673333333333334,0.00012066666666666667,0.25,3.6666666666667255e-05,6.600000000000217e-05,mean of workload-paired AF/DF estimates,workload replication
analysis_configuration_4fafc0358edb44f9778fcc59,0.8,16,0.0001,ceiling,schedule_next_after_transition,30,1.3333333333333368e-06,0.00012705017276927228,9.066666666666667e-05,1.3333333333333334e-06,0.0625,0.0,3.3333333333333422e-06,mean of workload-paired AF/DF estimates,workload replication
analysis_configuration_502dd6970e94cf6fbb2bbf64,0.95,1,3e-05,nearest,schedule_next_after_transition,30,1.3333333333339266e-05,4.054627018684988e-05,2.2000000000000003e-05,1.4e-05,1.0,8.00000000000245e-06,1.9333333333343417e-05,mean of workload-paired AF/DF estimates,workload replication
analysis_configuration_504f19752188d985cb61d754,1.0,4,1e-05,floor,schedule_next_after_transition,30,2.666666666666558e-06,1.9982369722951266e-05,8.000000000000001e-06,3.3333333333333333e-06,0.25,0.0,6.000000000000449e-06,mean of workload-paired AF/DF estimates,workload replication
analysis_configuration_505292f581477e5137b4beec,0.8,1,0.001,ceiling,schedule_next_after_transition,30,0.00023866666666666852,0.0010545190402147368,0.00042466666666666667,0.00042466666666666667,1.0,0.00020733333333333893,0.00026933333333333995,mean of workload-paired AF/DF estimates,workload replication
analysis_configuration_50669020fc643b82852de95a,1.1,1,0.003,floor,schedule_next_after_transition,30,0.0007859999999999941,0.006453140270197688,0.0030566666666666667,0.0015926666666666667,1.0,0.0007306666666666536,0.0008426666666666583,mean of workload-paired AF/DF estimates,workload replication
analysis_configuration_5088f2d2d2278cb9920499cc,0.5,4,0.03,nearest,schedule_next_after_transition,30,0.0004859999999999997,0.03613861079691629,0.021599,0.0009209999999999999,0.25,0.00044933333333333435,0.0005213333333333337,mean of workload-paired AF/DF estimates,workload replication
analysis_configuration_50b83435bfa824d3404fadcb,0.95,16,0.003,floor,schedule_next_after_transition,30,4.999999999999889e-05,0.007029955661919372,0.002977333333333333,0.00011133333333333333,0.0625,3.533333333333259e-05,6.599999999999916e-05,mean of workload-paired AF/DF estimates,workload replication
analysis_configuration_51269023fd01208425d6edeb,1.0,1,3e-05,ceiling,schedule_next_after_transition,30,5.333333333331266e-06,4.268017048307613e-05,1.2e-05,1.2e-05,1.0,1.9999999999982995e-06,9.333333333333416e-06,mean of workload-paired AF/DF estimates,workload replication
analysis_configuration_518578b59bb65e69677d9406,0.95,1,0.0003,floor,schedule_next_after_transition,30,8.266666666666793e-05,0.0005618470402699771,0.00028566666666666665,0.00014233333333333334,1.0,6.533333333334687e-05,0.00010066666666667113,mean of workload-paired AF/DF estimates,workload replication
analysis_configuration_5232083d6a8ccbfa36852cc6,0.5,4,1e-05,nearest,schedule_next_after_transition,30,0.0,1.1521260279512778e-05,4.666666666666667e-06,0.0,0.25,0.0,0.0,mean of workload-paired AF/DF estimates,workload replication
analysis_configuration_528a3dc33fc79ebfd8a6adcd,0.8,8,0.1,ceiling,schedule_next_after_transition,30,0.000982,0.11290740592693199,0.072944,0.004249333333333333,0.125,0.0008786666666666675,0.0010819999999999994,mean of workload-paired AF/DF estimates,workload replication
analysis_configuration_52ba5d6c53900d6066b904f0,1.0,1,0.01,floor,schedule_next_after_transition,30,0.002528666666666666,0.01992257744887172,0.010013,0.004966666666666666,1.0,0.002443333333333329,0.0026153333333333397,mean of workload-paired AF/DF estimates,workload replication
analysis_configuration_5314843bb0f60036d1bda954,0.95,4,0.01,ceiling,schedule_next_after_transition,30,0.00048000000000000077,0.013713972857488082,0.007713333333333333,0.0018033333333333334,0.25,0.00039933333333333303,0.0005626666666666641,mean of workload-paired AF/DF estimates,workload replication
analysis_configuration_549025e12e8b584c9131b8bb,1.1,1,0.01,ceiling,schedule_next_after_transition,30,0.002505333333333348,0.014604825317273033,0.005204333333333333,0.005204333333333333,1.0,0.002387333333333345,0.002618666666666684,mean of workload-paired AF/DF estimates,workload replication
analysis_configuration_54f52aade81f36e381c9add6,1.1,16,0.0003,nearest,schedule_next_after_transition,30,0.00012199999999999897,0.0006073322287122137,0.00029133333333333333,4.133333333333333e-05,0.0625,7.866666666666531e-05,0.0001713333333333326,mean of workload-paired AF/DF estimates,workload replication
analysis_configuration_55935b832414c90041e0f91e,1.1,1,0.0001,floor,schedule_next_after_transition,30,3.533333333332796e-05,0.00022040373111672666,0.00010800000000000001,5.133333333333334e-05,1.0,2.266666666667083e-05,4.9999999999990793e-05,mean of workload-paired AF/DF estimates,workload replication
analysis_configuration_55fa155c7f8b989150d3b304,1.25,8,0.0001,floor,schedule_next_after_transition,30,3.466666666666433e-05,0.0002635537077123469,9.966666666666667e-05,2e-05,0.125,1.866666666666498e-05,5.3999999999996644e-05,mean of workload-paired AF/DF estimates,workload replication
analysis_configuration_564a62c1c600053b5544bcd2,1.1,1,0.0003,floor,schedule_next_after_transition,30,7.80000000000114e-05,0.0006522644154956066,0.0003133333333333333,0.000146,1.0,6.266666666667012e-05,9.400000000000519e-05,mean of workload-paired AF/DF estimates,workload replication
analysis_configuration_56b53812a2c3197a21e4be57,1.25,8,0.0003,floor,schedule_next_after_transition,30,8.799999999999918e-05,0.0007771100260527177,0.000298,6.4e-05,0.125,6.133333333333547e-05,0.00011733333333333596,mean of workload-paired AF/DF estimates,workload replication
analysis_configuration_572069f05123c96ada498deb,1.1,16,0.0001,floor,schedule_next_after_transition,30,1.7333333333332628e-05,0.00026514625929717516,9.466666666666667e-05,7.333333333333334e-06,0.0625,4.666666666665783e-06,3.399999999999885e-05,mean of workload-paired AF/DF estimates,workload replication
analysis_configuration_5742a14573d1fdaf889a2bc7,0.5,1,3e-05,ceiling,schedule_next_after_transition,30,6.666666666662232e-06,1.599870022479363e-05,6.666666666666667e-06,6.666666666666667e-06,1.0,2.6666666666637823e-06,1.1333333333326165e-05,mean of workload-paired AF/DF estimates,workload replication
analysis_configuration_577d81176c402734c74c8023,1.0,16,0.001,ceiling,schedule_next_after_transition,30,3.800000000000007e-05,0.0014706417425512388,0.000936,5.333333333333333e-05,0.0625,2.000000000000011e-05,5.866666666666659e-05,mean of workload-paired AF/DF estimates,workload replication
analysis_configuration_57a5541a0d4ddf5d4b1e6ad6,1.0,8,0.001,nearest,schedule_next_after_transition,30,5.066666666666645e-05,0.001871585748459953,0.0009086666666666667,0.00010666666666666667,0.125,3.533333333333351e-05,6.933333333333283e-05,mean of workload-paired AF/DF estimates,workload replication
analysis_configuration_5847a17efc671ed68809f1cb,1.0,1,1e-05,floor,schedule_next_after_transition,30,2.6666666666693337e-06,2.044466666157284e-05,1.0666666666666667e-05,4.666666666666667e-06,1.0,0.0,6.0000000000060005e-06,mean of workload-paired AF/DF estimates,workload replication
analysis_configuration_589a1ebae528976ac9b46769,0.8,4,0.1,ceiling,schedule_next_after_transition,30,0.0035559999999999984,0.11083766918060649,0.06662933333333333,0.011948333333333333,0.25,0.003370666666666668,0.0037340166666666656,mean of workload-paired AF/DF estimates,workload replication
analysis_configuration_58ab4c26413cbbb7abff37bb,1.1,16,0.003,floor,schedule_next_after_transition,30,0.00031999999999999943,0.007622641353060645,0.0030043333333333332,0.00032933333333333333,0.0625,0.00024266666666666417,0.0004059999999999999,mean of workload-paired AF/DF estimates,workload replication
analysis_configuration_58acb4c7dd1b8f43181abc46,1.1,8,0.001,floor,schedule_next_after_transition,30,0.00011466666666666662,0.002522130620455228,0.0010086666666666666,0.00017033333333333334,0.125,8.800000000000194e-05,0.0001426666666666641,mean of workload-paired AF/DF estimates,workload replication
analysis_configuration_58e5ebcb9b7bfe1632e87840,0.5,16,0.003,ceiling,schedule_next_after_transition,30,0.0,0.0022823458772156346,0.0015179999999999998,0.0,0.0625,0.0,0.0,mean of workload-paired AF/DF estimates,workload replication
analysis_configuration_59bfecb352bc40226dd35976,1.25,8,0.1,ceiling,schedule_next_after_transition,30,0.0012453333333333307,0.16467559390299735,0.087119,0.02308033333333333,0.125,0.0009079999999999976,0.0016086833333333339,mean of workload-paired AF/DF estimates,workload replication
analysis_configuration_59ef41fd747b1678df5ddfe8,1.0,8,3e-05,ceiling,schedule_next_after_transition,30,7.333333333333266e-06,4.44847146724358e-05,2.866666666666667e-05,4.666666666666667e-06,0.125,6.666666666664083e-07,1.8000000000000424e-05,mean of workload-paired AF/DF estimates,workload replication
analysis_configuration_5a5744f5dac19e52d93bbb4f,1.25,16,0.1,ceiling,schedule_next_after_transition,30,0.0011473333333333307,0.16481368752180878,0.08917566666666667,0.021537666666666667,0.0625,0.0007806666666666628,0.0015613333333333293,mean of workload-paired AF/DF estimates,workload replication
analysis_configuration_5a96962652f720478c33f8ee,1.25,16,0.001,floor,schedule_next_after_transition,30,0.0005006666666666697,0.002752907860509217,0.0009976666666666667,0.00020633333333333335,0.0625,0.00036133333333333574,0.0006466666666666714,mean of workload-paired AF/DF estimates,workload replication
analysis_configuration_5aac33251a67062606506db8,1.1,8,0.0001,floor,schedule_next_after_transition,30,2.3333333333332614e-05,0.0002641421672248314,0.00010533333333333334,1.6000000000000003e-05,0.125,1.0666666666666232e-05,4.000000000000022e-05,mean of workload-paired AF/DF estimates,workload replication
analysis_configuration_5ad25750f77ca0bf8893ac1f,1.25,8,3e-05,floor,schedule_next_after_transition,30,1.5333333333332013e-05,7.01266262094621e-05,3.3333333333333335e-05,9.333333333333334e-06,0.125,4.666666666664857e-06,3.0666666666663105e-05,mean of workload-paired AF/DF estimates,workload replication
analysis_configuration_5b0372b3d79c8ee6a693b5d7,0.5,1,1e-05,nearest,schedule_next_after_transition,30,6.666666666673334e-07,1.040507026351989e-05,6.666666666666667e-06,2.0000000000000003e-06,1.0,0.0,2.000000000002e-06,mean of workload-paired AF/DF estimates,workload replication
analysis_configuration_5b3d967d9f968b2b609f938a,1.1,16,0.0003,ceiling,schedule_next_after_transition,30,5.199999999999973e-05,0.0004777636492679723,0.0002843333333333333,3.066666666666667e-05,0.0625,2.9999999999999472e-05,7.86666666666667e-05,mean of workload-paired AF/DF estimates,workload replication
analysis_configuration_5bbc08b833d6e50d8cffc68d,0.95,4,0.03,nearest,schedule_next_after_transition,30,0.0011653333333333348,0.05335456655393704,0.025821,0.005194000000000001,0.25,0.001030000000000004,0.0012973333333333328,mean of workload-paired AF/DF estimates,workload replication
analysis_configuration_5bca029ee08df1041fc0bdbd,1.1,1,1e-05,ceiling,schedule_next_after_transition,30,3.333333333336667e-06,1.715920800660553e-05,4e-06,4e-06,1.0,6.666666666673334e-07,7.333333333340668e-06,mean of workload-paired AF/DF estimates,workload replication
analysis_configuration_5c69dba42a99f60b138b347b,0.8,1,0.003,nearest,schedule_next_after_transition,30,0.0007399999999999999,0.00420103936093347,0.0021460000000000003,0.0013200000000000002,1.0,0.0006993333333333296,0.000781333333333332,mean of workload-paired AF/DF estimates,workload replication
analysis_configuration_5d357043643c5aa1bb460b83,1.0,16,3e-05,floor,schedule_next_after_transition,30,2.6666666666667892e-06,8.039987453075833e-05,2.6000000000000002e-05,2.666666666666667e-06,0.0625,0.0,6.000000000001144e-06,mean of workload-paired AF/DF estimates,workload replication
analysis_configuration_5d4dd5b2fb5c07faae6651ed,1.0,1,0.0003,floor,schedule_next_after_transition,30,7.133333333333805e-05,0.0006106810005138267,0.00029966666666666667,0.00014566666666666667,1.0,5.466666666667138e-05,8.866666666666653e-05,mean of workload-paired AF/DF estimates,workload replication
analysis_configuration_5d9e4a1a21f59fdeffbad75f,0.95,1,0.01,nearest,schedule_next_after_transition,30,0.002524666666666666,0.015878538436965066,0.007314,0.0048653333333333335,1.0,0.0024366666666666686,0.0026193500000000047,mean of workload-paired AF/DF estimates,workload replication
analysis_configuration_5ddab5e235f1f23b5075fa0e,0.95,16,0.1,nearest,schedule_next_after_transition,30,0.0004926666666666672,0.1736262977972994,0.08714333333333334,0.0033816666666666665,0.0625,0.00038533333333333404,0.0006086666666666673,mean of workload-paired AF/DF estimates,workload replication
analysis_configuration_5e6620cfaa552c66e4b64f1b,1.25,4,0.01,nearest,schedule_next_after_transition,30,0.000416666666666667,0.021629861621095658,0.009289333333333333,0.0029730000000000004,0.25,0.00031866666666667255,0.0005186666666666673,mean of workload-paired AF/DF estimates,workload replication
analysis_configuration_5ec29babafc7368d60d037e7,0.95,1,0.001,ceiling,schedule_next_after_transition,30,0.00023399999999999902,0.0012272437800178045,0.00045933333333333335,0.00045933333333333335,1.0,0.00019866666666666362,0.0002706666666666598,mean of workload-paired AF/DF estimates,workload replication
analysis_configuration_5f6cb52348a89cb6c70c68ce,0.5,8,0.1,nearest,schedule_next_after_transition,30,8.999999999999999e-05,0.11726052205556377,0.070188,0.00018366666666666667,0.125,7.400000000000002e-05,0.00010666666666666665,mean of workload-paired AF/DF estimates,workload replication
analysis_configuration_5ff4721cf1f732248305ab61,1.25,4,0.03,nearest,schedule_next_after_transition,30,0.0011800000000000014,0.0633527715881748,0.027286666666666667,0.008696666666666667,0.25,0.000917299999999998,0.001453333333333338,mean of workload-paired AF/DF estimates,workload replication
analysis_configuration_603f8ee580d75e1264aed56c,1.0,16,0.1,ceiling,schedule_next_after_transition,30,0.0006366666666666663,0.13892938503735996,0.08750666666666666,0.007562,0.0625,0.0004759999999999991,0.000812666666666668,mean of workload-paired AF/DF estimates,workload replication
analysis_configuration_6054687e2a0b7301a9029b92,0.95,8,0.1,nearest,schedule_next_after_transition,30,0.0013353333333333342,0.17094116840437418,0.08454566666666666,0.008098,0.125,0.001096666666666668,0.0015680166666666654,mean of workload-paired AF/DF estimates,workload replication
analysis_configuration_60710192f034ce73a20668bb,0.95,1,0.001,nearest,schedule_next_after_transition,30,0.00023199999999999886,0.0015418074191966794,0.0007083333333333334,0.0004696666666666667,1.0,0.00019933333333333465,0.0002653333333333341,mean of workload-paired AF/DF estimates,workload replication
analysis_configuration_60c36117c70422c61826a25d,0.5,4,0.0001,nearest,schedule_next_after_transition,30,2.00000000000015e-06,0.0001301101876640742,6.8e-05,3.3333333333333333e-06,0.25,0.0,4.666666666666708e-06,mean of workload-paired AF/DF estimates,workload replication
analysis_configuration_610dfeeffd0ae4c208b6c02f,0.5,1,0.01,nearest,schedule_next_after_transition,30,0.002267333333333332,0.010870084368932753,0.006646666666666666,0.0033323333333333334,1.0,0.002178666666666664,0.0023573333333333337,mean of workload-paired AF/DF estimates,workload replication
analysis_configuration_61401e274b03b291cbd386d4,1.0,4,0.0003,nearest,schedule_next_after_transition,30,1.60000000000012e-05,0.0005808993272530268,0.0002673333333333333,5.666666666666667e-05,0.25,8.666666666667933e-06,2.3999999999999946e-05,mean of workload-paired AF/DF estimates,workload replication
analysis_configuration_614e1e89fee120072dc12124,0.5,16,0.1,nearest,schedule_next_after_transition,30,0.0,0.11741133031045399,0.07064633333333334,6.666666666666667e-07,0.0625,0.0,0.0,mean of workload-paired AF/DF estimates,workload replication
analysis_configuration_618e7f95a8f04b4c7b702ff2,1.0,16,0.001,floor,schedule_next_after_transition,30,6.600000000000009e-05,0.0024593611915672124,0.0009836666666666668,5.2333333333333336e-05,0.0625,4.066666666666663e-05,9.533333333333315e-05,mean of workload-paired AF/DF estimates,workload replication
analysis_configuration_61c2de3ebdac61152fbd7907,0.8,8,1e-05,ceiling,schedule_next_after_transition,30,0.0,1.155338974738618e-05,8.000000000000001e-06,0.0,0.125,0.0,0.0,mean of workload-paired AF/DF estimates,workload replication
analysis_configuration_61ecdad17eeedb36458734e7,0.5,8,0.003,nearest,schedule_next_after_transition,30,3.3333333333333422e-06,0.00369760206927023,0.0022706666666666665,4.000000000000001e-06,0.125,6.666666666666684e-07,6.000000000000015e-06,mean of workload-paired AF/DF estimates,workload replication
analysis_configuration_6226215370f1e32363a57266,1.1,4,1e-05,nearest,schedule_next_after_transition,30,1.3333333333337417e-06,2.5734768501790492e-05,1.0666666666666667e-05,2.0000000000000003e-06,0.25,0.0,4.000000000001225e-06,mean of workload-paired AF/DF estimates,workload replication
analysis_configuration_6303f1312900ed50c8888eba,1.1,8,0.1,ceiling,schedule_next_after_transition,30,0.0009420000000000021,0.14874977804013198,0.08553866666666667,0.016467666666666665,0.125,0.0007166666666666692,0.001186,mean of workload-paired AF/DF estimates,workload replication
analysis_configuration_643f67e2a56c92942ef24380,0.5,8,0.01,floor,schedule_next_after_transition,30,1.0000000000000011e-05,0.017324378094744432,0.009984666666666668,2.2666666666666668e-05,0.125,5.3333333333333404e-06,1.4666666666666698e-05,mean of workload-paired AF/DF estimates,workload replication
analysis_configuration_644b4f538e18f947d0a82953,0.95,16,3e-05,ceiling,schedule_next_after_transition,30,0.0,4.6203343560375e-05,2.6666666666666667e-05,2.0000000000000003e-06,0.0625,0.0,0.0,mean of workload-paired AF/DF estimates,workload replication
analysis_configuration_651d7b4565801f5c15ddf0ed,0.8,16,0.1,floor,schedule_next_after_transition,30,0.00012333333333333334,0.19510944071747435,0.09137133333333333,0.0003513333333333334,0.0625,9.733333333333333e-05,0.00015199999999999998,mean of workload-paired AF/DF estimates,workload replication
analysis_configuration_653076abec31a8e7494afbd2,1.25,1,0.1,nearest,schedule_next_after_transition,30,0.023765999999999995,0.17608915595349225,0.069858,0.04960066666666666,1.0,0.02343333333333333,0.024080683333333325,mean of workload-paired AF/DF estimates,workload replication
analysis_configuration_65946279260dcc1831316a1d,1.1,4,0.0003,floor,schedule_next_after_transition,30,4.066666666666663e-05,0.0007161334082934981,0.0003116666666666667,7.266666666666667e-05,0.25,2.8666666666664804e-05,5.46666666666686e-05,mean of workload-paired AF/DF estimates,workload replication
analysis_configuration_65b9f559c0b26c13933bac7b,0.5,4,0.001,ceiling,schedule_next_after_transition,30,1.5333333333333633e-05,0.000724392963184126,0.00046866666666666666,3.933333333333334e-05,0.25,9.999999999999825e-06,2.133333333333339e-05,mean of workload-paired AF/DF estimates,workload replication
analysis_configuration_65eb1591390ce62032321453,0.5,8,0.0001,nearest,schedule_next_after_transition,30,0.0,0.00012145038268694908,7.400000000000001e-05,0.0,0.125,0.0,0.0,mean of workload-paired AF/DF estimates,workload replication
analysis_configuration_66163fa540c646b48ec913d1,0.5,4,0.03,ceiling,schedule_next_after_transition,30,0.0005093333333333334,0.022290817554574047,0.014466666666666666,0.0009713333333333333,0.25,0.0004586666666666674,0.0005613333333333332,mean of workload-paired AF/DF estimates,workload replication
analysis_configuration_66c78d274bdab519ec18d248,1.25,8,1e-05,floor,schedule_next_after_transition,30,4.666666666667633e-06,2.488050651827514e-05,1.3333333333333333e-05,4.000000000000001e-06,0.125,0.0,1.1333333333334491e-05,mean of workload-paired AF/DF estimates,workload replication
analysis_configuration_67934f3e20be1472010a91a2,0.95,4,0.001,floor,schedule_next_after_transition,30,6.933333333333699e-05,0.0023054600023941847,0.0009883333333333333,0.00018466666666666666,0.25,5.1333333333336564e-05,9.133333333333308e-05,mean of workload-paired AF/DF estimates,workload replication
analysis_configuration_67a0f26c557f3f9cd5fba846,0.5,1,3e-05,nearest,schedule_next_after_transition,30,3.333333333336667e-06,3.12140261349974e-05,1.866666666666667e-05,5.333333333333334e-06,1.0,6.666666666673334e-07,6.0000000000060005e-06,mean of workload-paired AF/DF estimates,workload replication
analysis_configuration_67c23d8d5059d15935fcf33b,0.8,4,0.1,floor,schedule_next_after_transition,30,0.003614666666666666,0.18897104821083213,0.09181299999999999,0.010468,0.25,0.0034706499999999996,0.003761999999999999,mean of workload-paired AF/DF estimates,workload replication
analysis_configuration_67ca6f68a7bea74311d4f796,0.5,16,0.001,nearest,schedule_next_after_transition,30,0.0,0.0012893414703053683,0.0007573333333333334,0.0,0.0625,0.0,0.0,mean of workload-paired AF/DF estimates,workload replication
analysis_configuration_68232a4a6cced8077a641f51,0.5,1,0.0003,floor,schedule_next_after_transition,30,6.333333333333747e-05,0.0004497214382847196,0.00030399999999999996,9.466666666666667e-05,1.0,4.866666666666903e-05,7.933333333334051e-05,mean of workload-paired AF/DF estimates,workload replication
analysis_configuration_6953f83d383c3529b4033531,1.0,16,1e-05,floor,schedule_next_after_transition,30,6.666666666666395e-07,3.8487852431477604e-05,1.0666666666666667e-05,6.666666666666667e-07,0.0625,0.0,1.9999999999999186e-06,mean of workload-paired AF/DF estimates,workload replication
analysis_configuration_6a5c9191c720da3466ce395b,0.8,1,3e-05,nearest,schedule_next_after_transition,30,6.666666666662232e-06,3.857096880415462e-05,1.866666666666667e-05,9.333333333333334e-06,1.0,3.333333333331116e-06,9.999999999995198e-06,mean of workload-paired AF/DF estimates,workload replication
analysis_configuration_6ab41060f879068f67d6eb45,1.25,16,0.03,floor,schedule_next_after_transition,30,0.0009806666666666648,0.07740532146702676,0.02913066666666667,0.005650333333333333,0.0625,0.0007566666666666647,0.001226683333333334,mean of workload-paired AF/DF estimates,workload replication
analysis_configuration_6afc30e2be435c5dfd0c762e,1.25,1,0.0003,nearest,schedule_next_after_transition,30,6.466666666666472e-05,0.0005788179260632606,0.000242,0.00017066666666666668,1.0,4.9333333333341964e-05,8.000000000000979e-05,mean of workload-paired AF/DF estimates,workload replication
analysis_configuration_6ba2d63ad37690b4dfa31531,1.1,8,3e-05,ceiling,schedule_next_after_transition,30,8.666666666667007e-06,5.21209640785043e-05,3.066666666666667e-05,6.666666666666667e-06,0.125,3.3333333333338915e-06,1.4666666666667457e-05,mean of workload-paired AF/DF estimates,workload replication
analysis_configuration_6be58e04d89655512ac8d4c1,0.5,4,3e-05,floor,schedule_next_after_transition,30,0.0,5.3536189604076746e-05,2.866666666666667e-05,0.0,0.25,0.0,0.0,mean of workload-paired AF/DF estimates,workload replication
analysis_configuration_6c5a0b64a97d90ae2bb9c5fd,0.8,16,0.0003,floor,schedule_next_after_transition,30,0.0,0.0006459457554909633,0.00027933333333333336,6.666666666666667e-07,0.0625,0.0,0.0,mean of workload-paired AF/DF estimates,workload replication
analysis_configuration_6ccf51ae7be9fcb9860e5f63,1.1,8,0.001,nearest,schedule_next_after_transition,30,9.799999999999994e-05,0.002053322692273832,0.0009743333333333333,0.00014966666666666668,0.125,6.533333333333391e-05,0.00013533333333332995,mean of workload-paired AF/DF estimates,workload replication
analysis_configuration_6d246fa6f1311a72090c5126,0.5,8,0.01,nearest,schedule_next_after_transition,30,1.0666666666666659e-05,0.012441848461118087,0.007518666666666667,2.0666666666666666e-05,0.125,5.999999999999987e-06,1.5999999999999992e-05,mean of workload-paired AF/DF estimates,workload replication
analysis_configuration_6d3783b71b8ddbb2b28370b9,0.5,1,0.01,floor,schedule_next_after_transition,30,0.0022133333333333336,0.014786771973836018,0.009880666666666668,0.003274333333333333,1.0,0.0021206666666666652,0.0023080000000000028,mean of workload-paired AF/DF estimates,workload replication
analysis_configuration_701a95d128e8d7320b42dfb6,0.95,4,1e-05,floor,schedule_next_after_transition,30,2.000000000002e-06,2.4907355970480063e-05,1.0666666666666667e-05,2.666666666666667e-06,0.25,0.0,4.6666666666713335e-06,mean of workload-paired AF/DF estimates,workload replication
analysis_configuration_701ab466960de4ff50b65d50,1.1,8,3e-05,floor,schedule_next_after_transition,30,1.0666666666666232e-05,7.958927345124852e-05,3.066666666666667e-05,4.666666666666667e-06,0.125,1.3333333333328165e-06,2.7333333333331065e-05,mean of workload-paired AF/DF estimates,workload replication
analysis_configuration_702cba38400c0d96079b8ca1,0.8,16,3e-05,ceiling,schedule_next_after_transition,30,0.0,3.543898374732865e-05,2.2e-05,0.0,0.0625,0.0,0.0,mean of workload-paired AF/DF estimates,workload replication
analysis_configuration_70c518c52a72ad1c136217db,0.5,1,0.03,floor,schedule_next_after_transition,30,0.006426666666666673,0.043720955808608776,0.029121333333333332,0.009553,1.0,0.006262649999999998,0.0065913333333333345,mean of workload-paired AF/DF estimates,workload replication
analysis_configuration_715449ede625ea09836652d0,1.0,16,0.03,floor,schedule_next_after_transition,30,0.00038533333333333334,0.07059724894671177,0.029016,0.0015513333333333332,0.0625,0.0002906666666666662,0.0004799999999999994,mean of workload-paired AF/DF estimates,workload replication
analysis_configuration_716916635f5e44f4173db0c6,1.1,8,0.01,nearest,schedule_next_after_transition,30,0.00039466666666666816,0.020451964360019767,0.009623999999999999,0.0015216666666666666,0.125,0.00030200000000000317,0.0004893333333333307,mean of workload-paired AF/DF estimates,workload replication
analysis_configuration_71aef3931cbc7d8d2fdff409,1.25,4,1e-05,nearest,schedule_next_after_transition,30,1.333333333330966e-06,1.409342416326755e-05,6e-06,2.666666666666667e-06,0.25,0.0,3.333333333327415e-06,mean of workload-paired AF/DF estimates,workload replication
analysis_configuration_72fb77fb899d3ad1f0ea3bf5,0.8,1,0.03,nearest,schedule_next_after_transition,30,0.007444000000000003,0.04219764757756295,0.021087333333333333,0.012983333333333335,1.0,0.007293316666666661,0.00759,mean of workload-paired AF/DF estimates,workload replication
analysis_configuration_7322664ff4c0ac91d90d6db1,1.1,4,3e-05,ceiling,schedule_next_after_transition,30,7.99999999999875e-06,4.619303823876959e-05,2.2666666666666668e-05,1e-05,0.25,1.9999999999992245e-06,1.7333333333332163e-05,mean of workload-paired AF/DF estimates,workload replication
analysis_configuration_737fdb8ef3bad8a7efd9dbb5,1.0,1,0.03,ceiling,schedule_next_after_transition,30,0.0074193333333333255,0.03913823664561246,0.014584333333333333,0.014584333333333333,1.0,0.007214666666666662,0.007621333333333326,mean of workload-paired AF/DF estimates,workload replication
analysis_configuration_738da686e2de865a6ed2ab10,0.8,16,0.003,floor,schedule_next_after_transition,30,5.999999999999987e-06,0.006510334839377007,0.0030096666666666666,1.5333333333333334e-05,0.0625,2.0000000000000054e-06,1.0666666666666637e-05,mean of workload-paired AF/DF estimates,workload replication
analysis_configuration_73c431ac85efd2cc201d6c92,0.5,4,0.0001,ceiling,schedule_next_after_transition,30,4.0000000000000684e-06,7.725027476124356e-05,5.2000000000000004e-05,5.333333333333334e-06,0.25,1.333333333333279e-06,7.333333333333034e-06,mean of workload-paired AF/DF estimates,workload replication
analysis_configuration_740ba7a5690b2b157d1b6fc5,1.1,16,3e-05,nearest,schedule_next_after_transition,30,1.1333333333333103e-05,5.436414711282193e-05,2.866666666666667e-05,5.333333333333334e-06,0.0625,1.333333333333279e-06,2.3333333333333075e-05,mean of workload-paired AF/DF estimates,workload replication
analysis_configuration_743ca6db95b7a9e9afabd35e,0.8,16,0.01,floor,schedule_next_after_transition,30,1.9999999999999995e-05,0.021667913725605056,0.00986,6.266666666666667e-05,0.0625,1.266666666666667e-05,2.8000000000000017e-05,mean of workload-paired AF/DF estimates,workload replication
analysis_configuration_74dd237411f93c2e8895c30d,1.25,4,0.0003,floor,schedule_next_after_transition,30,4.7333333333330714e-05,0.0007835417367801698,0.00031699999999999995,8.766666666666667e-05,0.25,3.466666666665693e-05,6.20000000000028e-05,mean of workload-paired AF/DF estimates,workload replication
analysis_configuration_754c528ea9ac2d7025194898,1.1,16,0.03,ceiling,schedule_next_after_transition,30,0.0007746666666666661,0.047296381899279434,0.02832933333333333,0.003497,0.0625,0.0006113166666666638,0.000949999999999999,mean of workload-paired AF/DF estimates,workload replication
analysis_configuration_75eb27ca00a6328d0fffa583,0.8,1,3e-05,ceiling,schedule_next_after_transition,30,4.0000000000003e-06,2.3142142223716192e-05,6e-06,6e-06,1.0,1.333333333330966e-06,7.999999999996898e-06,mean of workload-paired AF/DF estimates,workload replication
analysis_configuration_75edd46737fd6eff74339835,0.8,8,0.001,ceiling,schedule_next_after_transition,30,2.533333333333346e-05,0.0011486980940785703,0.0007203333333333334,4.4e-05,0.125,1.4666666666666532e-05,3.733333333333343e-05,mean of workload-paired AF/DF estimates,workload replication
analysis_configuration_75f58e877f110a49f7ad28bc,0.8,1,1e-05,nearest,schedule_next_after_transition,30,2.00000000000015e-06,1.2853113403940634e-05,6e-06,3.3333333333333333e-06,1.0,0.0,4.666666666663932e-06,mean of workload-paired AF/DF estimates,workload replication
analysis_configuration_768780327037ff5092973595,1.25,1,0.03,nearest,schedule_next_after_transition,30,0.007280666666666661,0.05641976028555416,0.022514,0.016094,1.0,0.00701998333333333,0.0075360166666666685,mean of workload-paired AF/DF estimates,workload replication
analysis_configuration_77e1c509fee7fadd11a9e642,1.1,1,0.003,nearest,schedule_next_after_transition,30,0.0007746666666666643,0.005451283302136343,0.0023636666666666667,0.0016079999999999998,1.0,0.0007200000000000058,0.0008313500000000128,mean of workload-paired AF/DF estimates,workload replication
analysis_configuration_783cd01dfebc25bc7bc5596c,0.8,1,0.0003,ceiling,schedule_next_after_transition,30,7.1999999999998e-05,0.00028119506377765165,0.00011866666666666667,0.00011866666666666667,1.0,5.666666666666413e-05,8.799999999998998e-05,mean of workload-paired AF/DF estimates,workload replication
analysis_configuration_789efa353cba19913cc29a67,1.0,4,0.001,ceiling,schedule_next_after_transition,30,5.466666666666768e-05,0.0014524924928944617,0.000782,0.00020366666666666667,0.25,3.933333333333379e-05,7.133333333333159e-05,mean of workload-paired AF/DF estimates,workload replication
analysis_configuration_78e80a854a6ddc7023322869,0.5,4,0.01,nearest,schedule_next_after_transition,30,0.00016000000000000007,0.012281907150591707,0.007286,0.0003076666666666667,0.25,0.00013800000000000016,0.0001840000000000005,mean of workload-paired AF/DF estimates,workload replication
analysis_configuration_790fa73fab28eb572cf67f55,1.0,4,0.01,nearest,schedule_next_after_transition,30,0.00043866666666666777,0.018702097971509898,0.008968666666666668,0.0020223333333333334,0.25,0.0003506666666666695,0.0005293333333333326,mean of workload-paired AF/DF estimates,workload replication
analysis_configuration_793144c14eecaa668822f83a,1.1,4,0.1,nearest,schedule_next_after_transition,30,0.0038186666666666686,0.18164386174069375,0.08286366666666667,0.021786000000000003,0.25,0.0034853333333333377,0.0041340166666666706,mean of workload-paired AF/DF estimates,workload replication
analysis_configuration_795118e57673fe232dab5ced,1.1,4,0.01,ceiling,schedule_next_after_transition,30,0.0004626666666666686,0.01553920008428879,0.008235,0.0024043333333333334,0.25,0.0003500000000000031,0.0005786666666666644,mean of workload-paired AF/DF estimates,workload replication
analysis_configuration_7989db1afdd59b907bd2895c,0.8,16,3e-05,nearest,schedule_next_after_transition,30,0.0,5.349204439642039e-05,2.7333333333333335e-05,0.0,0.0625,0.0,0.0,mean of workload-paired AF/DF estimates,workload replication
analysis_configuration_7a9b5d1488e395ba7bc317b1,0.95,4,0.001,nearest,schedule_next_after_transition,30,7.533333333332911e-05,0.0018784520068179456,0.0009036666666666667,0.0001933333333333333,0.25,5.5999999999996794e-05,9.73333333333252e-05,mean of workload-paired AF/DF estimates,workload replication
analysis_configuration_7ab9de085c24ab0aaa12a488,0.95,16,0.01,ceiling,schedule_next_after_transition,30,0.0001480000000000002,0.014022649924738487,0.009009333333333334,0.00037933333333333336,0.0625,0.00010600000000000031,0.00019000000000000012,mean of workload-paired AF/DF estimates,workload replication
analysis_configuration_7ae12ccf0ee9898fdac17c42,0.5,8,0.0001,ceiling,schedule_next_after_transition,30,0.0,7.00683953334543e-05,4.8e-05,0.0,0.125,0.0,0.0,mean of workload-paired AF/DF estimates,workload replication
analysis_configuration_7b3b61d89520d929cd5b2ac4,0.95,8,0.0001,floor,schedule_next_after_transition,30,5.3333333333335784e-06,0.00023170775694864265,9.200000000000001e-05,3.3333333333333333e-06,0.125,0.0,1.2666666666666845e-05,mean of workload-paired AF/DF estimates,workload replication
analysis_configuration_7b3f6e00a77a1b6427730f3f,1.25,16,1e-05,floor,schedule_next_after_transition,30,4.666666666666708e-06,3.34174830558835e-05,9.333333333333334e-06,6.666666666666667e-07,0.0625,0.0,1.4000000000000123e-05,mean of workload-paired AF/DF estimates,workload replication
analysis_configuration_7b97550484453e7f9f87d893,0.95,8,0.0001,nearest,schedule_next_after_transition,30,4.666666666666708e-06,0.00017937994405302083,8.333333333333333e-05,9.333333333333334e-06,0.125,1.333333333333279e-06,8.666666666665157e-06,mean of workload-paired AF/DF estimates,workload replication
analysis_configuration_7c74b043e2f2061e3c6bd2a6,0.8,16,1e-05,nearest,schedule_next_after_transition,30,0.0,1.8055306619464247e-05,8.666666666666668e-06,0.0,0.0625,0.0,0.0,mean of workload-paired AF/DF estimates,workload replication
analysis_configuration_7ceccf077a650f6e54a80f8e,1.1,1,3e-05,floor,schedule_next_after_transition,30,8.666666666671633e-06,6.684850875804423e-05,3.4e-05,1.7333333333333336e-05,1.0,3.333333333336667e-06,1.4666666666677634e-05,mean of workload-paired AF/DF estimates,workload replication
analysis_configuration_7d58124314f1d79798c3d878,1.25,4,0.0001,nearest,schedule_next_after_transition,30,2.3333333333334464e-05,0.00023179029313248918,0.00010333333333333334,3.3333333333333335e-05,0.25,1.2666666666668232e-05,3.599999999999349e-05,mean of workload-paired AF/DF estimates,workload replication
analysis_configuration_7e5ee2a1067f9fee45e437ae,0.5,1,0.001,floor,schedule_next_after_transition,30,0.00021066666666667012,0.001446352933434261,0.0009753333333333334,0.0003206666666666667,1.0,0.00018800000000000668,0.0002333333333333354,mean of workload-paired AF/DF estimates,workload replication
analysis_configuration_7e9ae1d4a79d6e073d42e604,1.0,1,0.001,nearest,schedule_next_after_transition,30,0.00026799999999999974,0.0016663878690941255,0.0007336666666666668,0.0004890000000000001,1.0,0.0002313333333333334,0.0003059999999999971,mean of workload-paired AF/DF estimates,workload replication
analysis_configuration_7eddda8c692c9d7f9e9cf59a,0.5,8,1e-05,floor,schedule_next_after_transition,30,0.0,1.6682802798337e-05,6e-06,0.0,0.125,0.0,0.0,mean of workload-paired AF/DF estimates,workload replication
analysis_configuration_7ef2a0bc74816cf234cd3ed0,0.5,8,0.001,ceiling,schedule_next_after_transition,30,0.0,0.0007323853309868093,0.0004893333333333334,1.3333333333333334e-06,0.125,0.0,0.0,mean of workload-paired AF/DF estimates,workload replication
analysis_configuration_7efbdf68bb6190d8079c4af7,0.8,8,0.01,ceiling,schedule_next_after_transition,30,0.00010066666666666603,0.012028153927841503,0.007810666666666666,0.00040899999999999997,0.125,7.199999999999961e-05,0.0001313333333333317,mean of workload-paired AF/DF estimates,workload replication
analysis_configuration_7f60610e7853c96ec89defab,1.25,1,0.003,floor,schedule_next_after_transition,30,0.0007453333333333349,0.006603229143554878,0.00294,0.0016673333333333334,1.0,0.000671999999999991,0.0008186666666666676,mean of workload-paired AF/DF estimates,workload replication
analysis_configuration_7fe0200d1c6dd69b2d60611f,1.0,8,0.01,nearest,schedule_next_after_transition,30,0.00024200000000000054,0.01909499570819307,0.009250666666666666,0.0011016666666666668,0.125,0.00018266666666666803,0.00030468333333333563,mean of workload-paired AF/DF estimates,workload replication
analysis_configuration_803d924a5ded7a700b57fd72,0.8,8,3e-05,ceiling,schedule_next_after_transition,30,6.666666666666395e-07,3.603212386557662e-05,2.4e-05,1.3333333333333334e-06,0.125,0.0,1.9999999999999186e-06,mean of workload-paired AF/DF estimates,workload replication
analysis_configuration_80bd3d8417b7054ffe7919a8,0.5,1,1e-05,ceiling,schedule_next_after_transition,30,6.666666666673334e-07,4.000205426872288e-06,1.3333333333333334e-06,1.3333333333333334e-06,1.0,0.0,2.000000000002e-06,mean of workload-paired AF/DF estimates,workload replication
analysis_configuration_810479c290919eff85b638c1,0.8,4,0.03,ceiling,schedule_next_after_transition,30,0.0010500000000000004,0.03406260185282985,0.020479666666666667,0.0036323333333333333,0.25,0.0009533333333333324,0.0011466833333333363,mean of workload-paired AF/DF estimates,workload replication
analysis_configuration_81dad211e758ff42d31eb260,0.8,1,0.01,nearest,schedule_next_after_transition,30,0.0024040000000000042,0.014200719278571706,0.007144666666666666,0.004404000000000001,1.0,0.002307333333333337,0.002510666666666674,mean of workload-paired AF/DF estimates,workload replication
analysis_configuration_81f2f5c1f990ff0f707b4f07,0.8,1,0.1,ceiling,schedule_next_after_transition,30,0.023701333333333338,0.10301142930403256,0.04178733333333333,0.04178733333333333,1.0,0.02345733333333334,0.02392733333333334,mean of workload-paired AF/DF estimates,workload replication
analysis_configuration_82c6f94a81a99d54f87b4df5,1.25,16,3e-05,nearest,schedule_next_after_transition,30,4.333333333333411e-05,7.649410330181494e-05,2.7333333333333335e-05,5.666666666666667e-06,0.0625,9.33333333333249e-06,9.400000000000151e-05,mean of workload-paired AF/DF estimates,workload replication
analysis_configuration_830f2170d815f090628217e1,0.5,4,0.01,floor,schedule_next_after_transition,30,0.00017466666666666683,0.01700929247693881,0.009803000000000001,0.00032366666666666666,0.25,0.00015399999999999987,0.00019600000000000035,mean of workload-paired AF/DF estimates,workload replication
analysis_configuration_831929aecdbb31f5a089312c,1.0,16,0.0003,floor,schedule_next_after_transition,30,1.9333333333334397e-05,0.0007204223230403031,0.00029299999999999997,1.6666666666666667e-05,0.0625,8.666666666667239e-06,3.200000000000147e-05,mean of workload-paired AF/DF estimates,workload replication
analysis_configuration_846cd3a624be3b4041c4fb9d,0.95,1,0.01,floor,schedule_next_after_transition,30,0.0025693333333333328,0.019200535581778123,0.009843666666666667,0.004863666666666667,1.0,0.0024726666666666655,0.002666,mean of workload-paired AF/DF estimates,workload replication
analysis_configuration_849c9126f2197f79407e1af6,1.25,16,0.0003,nearest,schedule_next_after_transition,30,0.000254666666666666,0.0006961850492225512,0.0003146666666666667,6.733333333333333e-05,0.0625,0.00017733333333333118,0.00033866666666666767,mean of workload-paired AF/DF estimates,workload replication
analysis_configuration_85503701c63682c74dfbfdcd,1.0,16,0.003,nearest,schedule_next_after_transition,30,0.00012333333333333386,0.005962840847678694,0.0029313333333333335,0.00018366666666666667,0.0625,8.800000000000127e-05,0.00016000000000000088,mean of workload-paired AF/DF estimates,workload replication
analysis_configuration_8588ca98d4271c393595df2d,0.95,4,0.001,ceiling,schedule_next_after_transition,30,6.733333333333035e-05,0.001405636187307813,0.0007813333333333333,0.000176,0.25,4.999999999999634e-05,8.666666666665992e-05,mean of workload-paired AF/DF estimates,workload replication
analysis_configuration_8591042b7b885efe86d234e2,0.95,8,0.001,nearest,schedule_next_after_transition,30,5.399999999999942e-05,0.0018945006701675258,0.0009266666666666666,9.6e-05,0.125,3.5999999999999e-05,7.533333333333282e-05,mean of workload-paired AF/DF estimates,workload replication
analysis_configuration_867d682f7e79a8f1db13c22e,1.1,16,1e-05,ceiling,schedule_next_after_transition,30,6.666666666668708e-07,1.4827581251074155e-05,8.666666666666668e-06,1.3333333333333334e-06,0.0625,0.0,2.0000000000006123e-06,mean of workload-paired AF/DF estimates,workload replication
analysis_configuration_86837e583f55f2200e01b3ac,0.5,16,0.0003,nearest,schedule_next_after_transition,30,0.0,0.00039966949676276743,0.00024266666666666667,0.0,0.0625,0.0,0.0,mean of workload-paired AF/DF estimates,workload replication
analysis_configuration_868870d88589d2142121d30c,1.25,1,1e-05,ceiling,schedule_next_after_transition,30,1.9999999999982995e-06,1.661685350080733e-05,2.666666666666667e-06,2.666666666666667e-06,1.0,0.0,5.3333333333275645e-06,mean of workload-paired AF/DF estimates,workload replication
analysis_configuration_86a375a7610fbca106d32ee5,0.5,8,0.001,nearest,schedule_next_after_transition,30,2.0000000000000054e-06,0.0012438760592773104,0.00077,2.0000000000000003e-06,0.125,0.0,4.666666666666679e-06,mean of workload-paired AF/DF estimates,workload replication
analysis_configuration_86b34b7aca00a21d8e30a189,0.8,8,0.0003,ceiling,schedule_next_after_transition,30,5.333333333333347e-06,0.0003603341380354688,0.00023333333333333333,8e-06,0.125,6.666666666666395e-07,1.2000000000000205e-05,mean of workload-paired AF/DF estimates,workload replication
analysis_configuration_86c1e0dd5eee7dc14360ebcb,1.0,16,1e-05,nearest,schedule_next_after_transition,30,2.666666666666558e-06,2.4048473219532737e-05,8.666666666666668e-06,6.666666666666667e-07,0.0625,0.0,7.999999999999674e-06,mean of workload-paired AF/DF estimates,workload replication
analysis_configuration_8780de5e2d47de885ffb4a53,0.8,16,0.001,nearest,schedule_next_after_transition,30,3.3333333333333422e-06,0.0016710425803192993,0.0008843333333333334,6.666666666666667e-06,0.0625,6.666666666666684e-07,6.000000000000015e-06,mean of workload-paired AF/DF estimates,workload replication
analysis_configuration_8850dd7d083d2b707b290085,0.95,4,0.003,ceiling,schedule_next_after_transition,30,0.00012933333333333316,0.004248295049473538,0.002387666666666667,0.0005866666666666667,0.25,9.933333333333273e-05,0.00016200000000000196,mean of workload-paired AF/DF estimates,workload replication
analysis_configuration_889c7e5d70e421c9f878f404,0.8,4,0.001,floor,schedule_next_after_transition,30,5.333333333333301e-05,0.002136216261840286,0.0010473333333333333,0.00013933333333333332,0.25,4.000000000000067e-05,6.799999999999954e-05,mean of workload-paired AF/DF estimates,workload replication
analysis_configuration_88b0ba0fcfa2a76aa30a0f75,0.8,1,0.01,ceiling,schedule_next_after_transition,30,0.0023953333333333344,0.010787287838494197,0.0043890000000000005,0.0043890000000000005,1.0,0.0023006666666666713,0.002492666666666671,mean of workload-paired AF/DF estimates,workload replication
analysis_configuration_88f348728240263583d06836,1.1,8,0.0003,ceiling,schedule_next_after_transition,30,4.399999999999774e-05,0.00046529670367788714,0.00027066666666666667,4.8e-05,0.125,2.5999999999998247e-05,6.466666666666197e-05,mean of workload-paired AF/DF estimates,workload replication
analysis_configuration_890058086df3a19d844572e0,0.5,4,0.003,floor,schedule_next_after_transition,30,6.0666666666667086e-05,0.005148427763997505,0.0029516666666666667,0.00011166666666666667,0.25,4.7333333333333485e-05,7.46666666666672e-05,mean of workload-paired AF/DF estimates,workload replication
analysis_configuration_8914086945cd4a87117174de,0.5,16,0.001,ceiling,schedule_next_after_transition,30,0.0,0.0007396706768388336,0.0004926666666666666,0.0,0.0625,0.0,0.0,mean of workload-paired AF/DF estimates,workload replication
analysis_configuration_896d408eeccdf23603e5bf53,1.1,4,0.03,nearest,schedule_next_after_transition,30,0.0012820000000000008,0.05819809169793092,0.026625,0.006909666666666666,0.25,0.0010980000000000018,0.001467999999999997,mean of workload-paired AF/DF estimates,workload replication
analysis_configuration_8a191ea1d90afad62480aaec,0.8,4,0.0001,nearest,schedule_next_after_transition,30,2.6666666666660955e-06,0.00014907699744487856,7.8e-05,8.666666666666668e-06,0.25,6.666666666664083e-07,5.333333333332191e-06,mean of workload-paired AF/DF estimates,workload replication
analysis_configuration_8acca3b47026415ebe531789,0.95,16,0.003,nearest,schedule_next_after_transition,30,5.666666666666713e-05,0.00569581727069868,0.002928,0.00010200000000000001,0.0625,4.133333333333396e-05,7.200000000000053e-05,mean of workload-paired AF/DF estimates,workload replication
analysis_configuration_8b738bc4788c262ae80b366d,1.25,4,0.0001,ceiling,schedule_next_after_transition,30,1.866666666666498e-05,0.00016524209324033243,8.733333333333335e-05,2.6000000000000002e-05,0.25,1.0666666666669933e-05,2.733333333332921e-05,mean of workload-paired AF/DF estimates,workload replication
analysis_configuration_8c420f24028a4d5084b2f1e8,0.8,4,0.01,ceiling,schedule_next_after_transition,30,0.00042600000000000043,0.01156350179241276,0.007006666666666666,0.001207,0.25,0.0003626666666666667,0.0004906666666666684,mean of workload-paired AF/DF estimates,workload replication
analysis_configuration_8c53f9548f8c6da834411a4e,1.0,8,1e-05,floor,schedule_next_after_transition,30,1.333333333333279e-06,2.47045633738387e-05,8e-06,1.3333333333333334e-06,0.125,0.0,3.999999999999837e-06,mean of workload-paired AF/DF estimates,workload replication
analysis_configuration_8c8c6ce300bb7598591deffb,1.1,1,0.03,ceiling,schedule_next_after_transition,30,0.007239333333333338,0.04253686029533741,0.015080666666666666,0.015080666666666666,1.0,0.007019316666666667,0.007443350000000006,mean of workload-paired AF/DF estimates,workload replication
analysis_configuration_8ceaf047696432c38bc8dfd8,1.1,4,0.03,ceiling,schedule_next_after_transition,30,0.0010933333333333305,0.046282411551894324,0.024558333333333335,0.007202,0.25,0.0009199999999999958,0.0012720166666666654,mean of workload-paired AF/DF estimates,workload replication
analysis_configuration_8d6ab2cd25c51f9522eab3be,1.25,4,3e-05,floor,schedule_next_after_transition,30,5.333333333333116e-06,6.186933217858878e-05,2.2666666666666668e-05,6e-06,0.25,2.00000000000015e-06,9.333333333331566e-06,mean of workload-paired AF/DF estimates,workload replication
analysis_configuration_8d74ff3cc10c27e20d87142a,0.8,8,1e-05,nearest,schedule_next_after_transition,30,0.0,1.767103386497738e-05,1.0666666666666667e-05,0.0,0.125,0.0,0.0,mean of workload-paired AF/DF estimates,workload replication
analysis_configuration_8d8fe60b8bde43b950a4ff5c,0.5,4,3e-05,nearest,schedule_next_after_transition,30,0.0,3.795055223647434e-05,1.7333333333333336e-05,0.0,0.25,0.0,0.0,mean of workload-paired AF/DF estimates,workload replication
analysis_configuration_8da4e0fcdd931a612ba26ddd,1.1,8,1e-05,nearest,schedule_next_after_transition,30,6.666666666664083e-07,2.169838319875266e-05,9.333333333333334e-06,1.3333333333333334e-06,0.125,0.0,1.9999999999992245e-06,mean of workload-paired AF/DF estimates,workload replication
analysis_configuration_8df07423229d945a38ebbda5,0.5,8,0.03,floor,schedule_next_after_transition,30,2.999999999999999e-05,0.05090899853065145,0.029229,5.233333333333334e-05,0.125,2.133333333333333e-05,3.93333333333333e-05,mean of workload-paired AF/DF estimates,workload replication
analysis_configuration_8e6de82caee8237a5ac74398,0.8,8,3e-05,floor,schedule_next_after_transition,30,2.6666666666667892e-06,7.411150383446416e-05,3.6666666666666666e-05,2.666666666666667e-06,0.125,0.0,7.333333333333729e-06,mean of workload-paired AF/DF estimates,workload replication
analysis_configuration_8ecc42ceb13514187c2bf826,1.25,16,0.0001,ceiling,schedule_next_after_transition,30,8.133333333333325e-05,0.00018162267046931065,9.566666666666667e-05,1.3333333333333333e-05,0.0625,3.599999999999898e-05,0.00013933333333333208,mean of workload-paired AF/DF estimates,workload replication
analysis_configuration_8f3f6124902efc09b543cecf,0.5,16,0.01,ceiling,schedule_next_after_transition,30,0.0,0.007475711148453341,0.004986,0.0,0.0625,0.0,0.0,mean of workload-paired AF/DF estimates,workload replication
analysis_configuration_8ff9668ff463c4ec77014cf5,0.95,16,1e-05,ceiling,schedule_next_after_transition,30,0.0,1.3584327878871942e-05,7.333333333333335e-06,0.0,0.0625,0.0,0.0,mean of workload-paired AF/DF estimates,workload replication
analysis_configuration_90062b5a3d5c6fc949cfa821,1.1,8,3e-05,nearest,schedule_next_after_transition,30,7.999999999997824e-06,6.437840594239527e-05,3.0000000000000004e-05,6e-06,0.125,1.9999999999992245e-06,1.5333333333330163e-05,mean of workload-paired AF/DF estimates,workload replication
analysis_configuration_9029814d4e2998de3bb40fad,1.25,1,0.0001,ceiling,schedule_next_after_transition,30,3.133333333332766e-05,0.00014401166486791958,4.8e-05,4.8e-05,1.0,2.066666666666883e-05,4.333333333333976e-05,mean of workload-paired AF/DF estimates,workload replication
analysis_configuration_906d7d34aac3a744ae69e103,1.25,4,3e-05,nearest,schedule_next_after_transition,30,6.00000000000415e-06,5.8726381006853075e-05,2.6000000000000002e-05,5.333333333333334e-06,0.25,6.666666666673334e-07,1.2666666666675633e-05,mean of workload-paired AF/DF estimates,workload replication
analysis_configuration_90a57e8c20c05845bd63b3ff,0.5,4,0.001,floor,schedule_next_after_transition,30,1.9333333333332893e-05,0.0017212055972672087,0.0009663333333333333,3.366666666666667e-05,0.25,1.1333333333332987e-05,2.7999999999999322e-05,mean of workload-paired AF/DF estimates,workload replication
analysis_configuration_90c16d0ebff1af6b8590c2e7,1.25,1,0.001,ceiling,schedule_next_after_transition,30,0.00024999999999999095,0.0015684574738457553,0.0005383333333333334,0.0005383333333333334,1.0,0.00021399999999998457,0.00028933333333331556,mean of workload-paired AF/DF estimates,workload replication
analysis_configuration_90cd646ab8243576dbda7574,1.0,4,0.003,nearest,schedule_next_after_transition,30,0.00018133333333333334,0.0057161781700383035,0.0027326666666666667,0.0006276666666666667,0.25,0.00014466666666666794,0.0002193333333333362,mean of workload-paired AF/DF estimates,workload replication
analysis_configuration_912b7343d8bbbc1b61c538e1,0.8,1,0.0003,floor,schedule_next_after_transition,30,6.533333333334131e-05,0.0005160301722497415,0.0003013333333333333,0.00013000000000000002,1.0,5.1333333333336564e-05,8.000000000000784e-05,mean of workload-paired AF/DF estimates,workload replication
analysis_configuration_914b026a6d50e3cd6b2c3eb0,0.5,1,0.03,ceiling,schedule_next_after_transition,30,0.006727999999999995,0.020889119373383797,0.009990666666666667,0.009990666666666667,1.0,0.006535983333333321,0.006922683333333337,mean of workload-paired AF/DF estimates,workload replication
analysis_configuration_91799dbdd0f4d0c461ba5012,0.8,16,0.0003,ceiling,schedule_next_after_transition,30,1.3333333333333368e-06,0.00034371574574366184,0.00024266666666666667,2.0000000000000003e-06,0.0625,0.0,3.3333333333333422e-06,mean of workload-paired AF/DF estimates,workload replication
analysis_configuration_918d6e72a58075222cad2858,1.1,4,0.1,ceiling,schedule_next_after_transition,30,0.0034106666666666664,0.14635814709890785,0.07742366666666665,0.023005333333333332,0.25,0.0030539999999999986,0.0037900000000000026,mean of workload-paired AF/DF estimates,workload replication
analysis_configuration_918f4a7df0d60a52797a96e5,0.95,16,1e-05,floor,schedule_next_after_transition,30,0.0,2.5824347048476253e-05,1e-05,0.0,0.0625,0.0,0.0,mean of workload-paired AF/DF estimates,workload replication
analysis_configuration_924692c1f6989e71c664c159,1.1,16,0.01,floor,schedule_next_after_transition,30,0.0004980000000000003,0.025378203593641194,0.009919333333333334,0.001089,0.0625,0.00038066666666666663,0.000623333333333334,mean of workload-paired AF/DF estimates,workload replication
analysis_configuration_9285a5cd5aef8fb113434be1,0.8,4,0.0001,floor,schedule_next_after_transition,30,6.000000000000449e-06,0.00019734578100966487,0.00010333333333333333,9.333333333333334e-06,0.25,2.00000000000015e-06,1.066666666666762e-05,mean of workload-paired AF/DF estimates,workload replication
analysis_configuration_92b97880b375bd2abd96d7ce,0.8,8,0.03,ceiling,schedule_next_after_transition,30,0.00024800000000000077,0.035064326701509725,0.022556333333333334,0.0011876666666666667,0.125,0.00020333333333333314,0.00029933333333333434,mean of workload-paired AF/DF estimates,workload replication
analysis_configuration_9302e344ffe2c6b1a8a2378a,1.0,8,0.0001,floor,schedule_next_after_transition,30,6.666666666667783e-06,0.00023087984658807403,0.0001,1.1333333333333334e-05,0.125,2.0000000000006123e-06,1.2000000000001825e-05,mean of workload-paired AF/DF estimates,workload replication
analysis_configuration_935e78886d38a6d0045a2fa1,0.8,8,0.0001,floor,schedule_next_after_transition,30,1.9999999999999186e-06,0.00020261275426850447,9.666666666666668e-05,3.3333333333333333e-06,0.125,0.0,5.333333333333116e-06,mean of workload-paired AF/DF estimates,workload replication
analysis_configuration_93be63ac05945612b40c72ac,1.0,16,0.0001,ceiling,schedule_next_after_transition,30,1.2000000000000436e-05,0.00017248015398163994,0.00011466666666666666,7.333333333333335e-06,0.0625,2.00000000000015e-06,2.733333333333407e-05,mean of workload-paired AF/DF estimates,workload replication
analysis_configuration_951b4904563a65b23724ffaf,0.5,16,0.0003,ceiling,schedule_next_after_transition,30,0.0,0.00024500138338710023,0.00015733333333333335,0.0,0.0625,0.0,0.0,mean of workload-paired AF/DF estimates,workload replication
analysis_configuration_9599521552c2a9ec498aac92,1.25,16,0.0001,nearest,schedule_next_after_transition,30,0.0001293333333333313,0.00023245583921247632,9.633333333333333e-05,1.8333333333333333e-05,0.0625,7.264999999999781e-05,0.00020066666666666383,mean of workload-paired AF/DF estimates,workload replication
analysis_configuration_96393268317d21469e9e258e,1.1,8,1e-05,floor,schedule_next_after_transition,30,0.0,2.6045006282142967e-05,1e-05,6.666666666666667e-07,0.125,0.0,0.0,mean of workload-paired AF/DF estimates,workload replication
analysis_configuration_971125be550494fdca28bec2,1.0,16,0.003,ceiling,schedule_next_after_transition,30,0.00011600000000000037,0.0044492171973134756,0.00283,0.0001756666666666667,0.0625,8.933333333333316e-05,0.00014533333333333366,mean of workload-paired AF/DF estimates,workload replication
analysis_configuration_97246509e2355ae1ccaacff5,1.1,8,0.003,floor,schedule_next_after_transition,30,0.00019199999999999588,0.007524059157745984,0.00299,0.0004766666666666667,0.125,0.00014666666666666254,0.00023866666666666388,mean of workload-paired AF/DF estimates,workload replication
analysis_configuration_975130da0bb40826d31f45ec,0.8,4,0.01,floor,schedule_next_after_transition,30,0.0003766666666666659,0.020607025936686858,0.009910333333333333,0.0011713333333333333,0.25,0.00032199999999999774,0.000432,mean of workload-paired AF/DF estimates,workload replication
analysis_configuration_977d59561278331dc1c8f731,0.95,16,1e-05,nearest,schedule_next_after_transition,30,1.3333333333335102e-06,1.7659051937855277e-05,8e-06,6.666666666666667e-07,0.0625,0.0,4.000000000000531e-06,mean of workload-paired AF/DF estimates,workload replication
analysis_configuration_979533fd90ae2d9926620513,1.0,1,0.1,nearest,schedule_next_after_transition,30,0.024300666666666682,0.1536130437159634,0.068618,0.045239666666666664,1.0,0.02395200000000002,0.024660666666666668,mean of workload-paired AF/DF estimates,workload replication
analysis_configuration_97c5b4cc9e8ad356506ac786,0.95,16,0.03,ceiling,schedule_next_after_transition,30,0.00024866666666666646,0.04163923657815954,0.02690666666666667,0.00126,0.0625,0.00017666666666666642,0.00032866666666666575,mean of workload-paired AF/DF estimates,workload replication
analysis_configuration_9886b03e3c5eb0a437bfea05,1.0,4,3e-05,nearest,schedule_next_after_transition,30,2.666666666665633e-06,5.7023273107813836e-05,2.7333333333333335e-05,6.666666666666667e-06,0.25,0.0,5.999999999997674e-06,mean of workload-paired AF/DF estimates,workload replication
analysis_configuration_98a26bdd6a0c935b1c39a843,0.8,1,0.03,ceiling,schedule_next_after_transition,30,0.007315333333333339,0.03233239717111429,0.013228,0.013228,1.0,0.0070893166666666715,0.007540000000000006,mean of workload-paired AF/DF estimates,workload replication
analysis_configuration_9909939b5c8e5fc337425713,1.1,16,0.03,nearest,schedule_next_after_transition,30,0.0007786666666666677,0.060668886424968704,0.028722,0.0032773333333333335,0.0625,0.0005673333333333345,0.0010053500000000016,mean of workload-paired AF/DF estimates,workload replication
analysis_configuration_991a57ee8568d945b154a8bd,0.8,8,0.0001,ceiling,schedule_next_after_transition,30,5.3333333333335784e-06,0.00011354494697896285,7.933333333333334e-05,6e-06,0.125,6.666666666666395e-07,1.3333333333333714e-05,mean of workload-paired AF/DF estimates,workload replication
analysis_configuration_9a08be14b01309ee3d5576b9,1.1,1,0.001,floor,schedule_next_after_transition,30,0.0002566666666666643,0.0021679744769790028,0.001028,0.000514,1.0,0.00022533333333332183,0.00028933333333334515,mean of workload-paired AF/DF estimates,workload replication
analysis_configuration_9b56301ec1adcc98a5cb84fa,0.95,16,0.001,floor,schedule_next_after_transition,30,2.600000000000102e-05,0.002337614052638693,0.000992,3.5333333333333336e-05,0.0625,1.3333333333333947e-05,4.1333333333334424e-05,mean of workload-paired AF/DF estimates,workload replication
analysis_configuration_9c25cb34eaeb814200646693,1.25,16,0.0003,floor,schedule_next_after_transition,30,0.00025666666666666893,0.0008151681388720109,0.00027966666666666667,5.366666666666667e-05,0.0625,0.00017199999999999993,0.0003646666666666687,mean of workload-paired AF/DF estimates,workload replication
analysis_configuration_9cd5aa47130fb4853ad2416a,1.1,16,0.1,floor,schedule_next_after_transition,30,0.0008980000000000016,0.22480248887957088,0.090017,0.007536,0.0625,0.0006880000000000021,0.0011126666666666674,mean of workload-paired AF/DF estimates,workload replication
analysis_configuration_9d72835f4050e6425cd6665c,1.0,4,0.1,floor,schedule_next_after_transition,30,0.003938666666666663,0.207301802408138,0.090539,0.016780333333333335,0.25,0.003666649999999994,0.00419933333333333,mean of workload-paired AF/DF estimates,workload replication
analysis_configuration_9db336daad4f5f3fecd42a14,0.8,16,0.001,ceiling,schedule_next_after_transition,30,1.999999999999976e-06,0.001158830148905079,0.0007893333333333333,4.000000000000001e-06,0.0625,0.0,4.666666666666563e-06,mean of workload-paired AF/DF estimates,workload replication
analysis_configuration_9db8864dc456dca60f9de316,1.0,1,3e-05,floor,schedule_next_after_transition,30,1.3333333333339266e-05,7.377253888312672e-05,3.533333333333333e-05,2.1333333333333335e-05,1.0,8.666666666666082e-06,1.866666666666683e-05,mean of workload-paired AF/DF estimates,workload replication
analysis_configuration_9dccfe9d7e88c178cc19d9d1,0.8,4,1e-05,floor,schedule_next_after_transition,30,0.0,2.0585312255314447e-05,1.1333333333333334e-05,1.3333333333333334e-06,0.25,0.0,0.0,mean of workload-paired AF/DF estimates,workload replication
analysis_configuration_9e2304e5345c1cb608ef77ec,1.25,8,0.0001,nearest,schedule_next_after_transition,30,4.7333333333334414e-05,0.00020213540726321216,8.8e-05,2.8e-05,0.125,2.8000000000002097e-05,6.933333333333054e-05,mean of workload-paired AF/DF estimates,workload replication
analysis_configuration_9e442ab4dfb599563810d937,0.8,1,0.003,floor,schedule_next_after_transition,30,0.0007173333333333384,0.00531004679378743,0.002976333333333333,0.001325,1.0,0.0006666666666666765,0.0007693333333333386,mean of workload-paired AF/DF estimates,workload replication
analysis_configuration_9e744e8f94050162b4d3fcc2,1.0,8,0.03,ceiling,schedule_next_after_transition,30,0.00047466666666666767,0.04312811901199285,0.025951666666666665,0.0033836666666666668,0.125,0.00035400000000000107,0.0006026666666666676,mean of workload-paired AF/DF estimates,workload replication
analysis_configuration_9ef37d745470d54cec91be38,0.95,4,0.1,floor,schedule_next_after_transition,30,0.004126000000000004,0.20275375732501738,0.09081199999999999,0.015247,0.25,0.003931333333333336,0.004324666666666669,mean of workload-paired AF/DF estimates,workload replication
analysis_configuration_9f11b08d84a115535cc3cdb0,1.1,1,1e-05,floor,schedule_next_after_transition,30,4.0000000000003e-06,2.8910304801025378e-05,1.2666666666666667e-05,6.666666666666667e-06,1.0,1.3333333333346669e-06,6.666666666673334e-06,mean of workload-paired AF/DF estimates,workload replication
analysis_configuration_9f787383130ecc63b65d0dc3,1.1,16,0.003,ceiling,schedule_next_after_transition,30,0.0002946666666666662,0.004721918156689034,0.0028553333333333334,0.0003193333333333333,0.0625,0.000225333333333332,0.00036800000000000027,mean of workload-paired AF/DF estimates,workload replication
analysis_configuration_9fb0c1ac88c05e467d4767cb,1.25,8,0.01,floor,schedule_next_after_transition,30,0.0005113333333333322,0.026306592912236734,0.009873333333333335,0.002253666666666667,0.125,0.0003726666666666665,0.0006593333333333302,mean of workload-paired AF/DF estimates,workload replication
analysis_configuration_a009d7c6c3cb544b23dfdb6e,0.8,4,1e-05,nearest,schedule_next_after_transition,30,0.0,1.3483774420114583e-05,8.000000000000001e-06,1.3333333333333334e-06,0.25,0.0,0.0,mean of workload-paired AF/DF estimates,workload replication
analysis_configuration_a0e7740ca852cbabdf99e313,0.8,1,3e-05,floor,schedule_next_after_transition,30,9.999999999998898e-06,5.485418726894249e-05,3.066666666666667e-05,1.3333333333333333e-05,1.0,4.666666666667633e-06,1.599999999999565e-05,mean of workload-paired AF/DF estimates,workload replication
analysis_configuration_a1180d11e6b015a4d4eb2fee,0.95,1,0.03,nearest,schedule_next_after_transition,30,0.007429999999999997,0.04693550781819862,0.021594666666666665,0.014234333333333333,1.0,0.007225333333333337,0.007644016666666664,mean of workload-paired AF/DF estimates,workload replication
analysis_configuration_a1879aaa5c8ff79f870a0acb,1.0,4,0.003,ceiling,schedule_next_after_transition,30,0.00018333333333333534,0.0043834354844822405,0.002421,0.0006093333333333334,0.25,0.0001440000000000006,0.00022401666666667377,mean of workload-paired AF/DF estimates,workload replication
analysis_configuration_a18f69f342044091814f7187,1.1,1,0.1,floor,schedule_next_after_transition,30,0.024926666666666663,0.18968859393948465,0.08990033333333333,0.045982666666666665,1.0,0.02466264999999999,0.025220016666666664,mean of workload-paired AF/DF estimates,workload replication
analysis_configuration_a1f4545a8c3971bc1cf36e80,1.25,4,0.0001,floor,schedule_next_after_transition,30,1.400000000000475e-05,0.00025060977869753576,9.733333333333335e-05,2.6000000000000002e-05,0.25,8.0000000000006e-06,2.1333333333339867e-05,mean of workload-paired AF/DF estimates,workload replication
analysis_configuration_a265d05411458ea4bba00779,0.5,16,0.03,nearest,schedule_next_after_transition,30,0.0,0.03697388950890857,0.022225333333333333,6.666666666666667e-07,0.0625,0.0,0.0,mean of workload-paired AF/DF estimates,workload replication
analysis_configuration_a2db3e2cc728affdf2f6f89b,1.25,4,0.1,ceiling,schedule_next_after_transition,30,0.0031259999999999973,0.16219209338670787,0.08023366666666668,0.02829033333333333,0.25,0.0027999833333333234,0.0034406833333333288,mean of workload-paired AF/DF estimates,workload replication
analysis_configuration_a2ec4eef121dead33212b867,0.8,8,0.0003,nearest,schedule_next_after_transition,30,4.0000000000000684e-06,0.0004898636947254428,0.0002606666666666667,1.2e-05,0.125,1.333333333333279e-06,7.999999999999674e-06,mean of workload-paired AF/DF estimates,workload replication
analysis_configuration_a319cd3611f5dff834ce49ac,1.0,8,0.1,nearest,schedule_next_after_transition,30,0.0013806666666666657,0.17638533138117757,0.085477,0.010065,0.125,0.0011766666666666666,0.0015853333333333316,mean of workload-paired AF/DF estimates,workload replication
analysis_configuration_a325a75498540ea611da1095,0.95,8,0.03,nearest,schedule_next_after_transition,30,0.00041066666666666704,0.054800351810672734,0.027131000000000002,0.0025366666666666667,0.125,0.0003099999999999987,0.0005206666666666665,mean of workload-paired AF/DF estimates,workload replication
analysis_configuration_a3a3b2a1b1ad250763657fb7,0.5,4,0.003,ceiling,schedule_next_after_transition,30,5.333333333333359e-05,0.0022010343619770943,0.001423,9.933333333333334e-05,0.25,4.1333333333334193e-05,6.599999999999963e-05,mean of workload-paired AF/DF estimates,workload replication
analysis_configuration_a417fbb9e7170d0345f8d721,1.25,1,0.0001,floor,schedule_next_after_transition,30,3.3999999999997e-05,0.00021510612923350157,9.933333333333334e-05,5.333333333333333e-05,1.0,2.466666666665803e-05,4.466666666666323e-05,mean of workload-paired AF/DF estimates,workload replication
analysis_configuration_a49fc617bee985f0e47d9732,0.5,16,0.003,nearest,schedule_next_after_transition,30,0.0,0.0037673568809166043,0.002276666666666667,0.0,0.0625,0.0,0.0,mean of workload-paired AF/DF estimates,workload replication
analysis_configuration_a68704985b157128ca402185,1.25,8,0.001,floor,schedule_next_after_transition,30,0.0001766666666666657,0.002759309246712424,0.0010733333333333333,0.0002536666666666667,0.125,0.0001246666666666618,0.00024400000000000254,mean of workload-paired AF/DF estimates,workload replication
analysis_configuration_a6d36602e64687eec5601d47,1.25,8,0.001,ceiling,schedule_next_after_transition,30,0.00014066666666666858,0.001839957552373802,0.0009743333333333333,0.00021633333333333332,0.125,0.0001026666666666685,0.00018133333333333426,mean of workload-paired AF/DF estimates,workload replication
analysis_configuration_a6e2109c2d2873338310cfe9,0.95,1,1e-05,nearest,schedule_next_after_transition,30,5.333333333338667e-06,1.587200889290573e-05,8.666666666666668e-06,6e-06,1.0,2.6666666666693337e-06,8.666666666675335e-06,mean of workload-paired AF/DF estimates,workload replication
analysis_configuration_a76a9c73f6d0f234fc5f81c3,0.5,8,1e-05,nearest,schedule_next_after_transition,30,0.0,1.5347613743895316e-05,8.000000000000001e-06,0.0,0.125,0.0,0.0,mean of workload-paired AF/DF estimates,workload replication
analysis_configuration_a7733d80e09434a48d45a0a2,0.95,16,0.003,ceiling,schedule_next_after_transition,30,5.866666666666659e-05,0.004170913325643353,0.0027163333333333336,0.00010233333333333335,0.0625,3.933333333333288e-05,8.068333333333369e-05,mean of workload-paired AF/DF estimates,workload replication
analysis_configuration_a8aada015561e8e726276a7c,0.8,16,0.1,ceiling,schedule_next_after_transition,30,0.0001433333333333333,0.11390597750761174,0.07629133333333334,0.0008406666666666666,0.0625,0.00011800000000000005,0.00016933333333333324,mean of workload-paired AF/DF estimates,workload replication
analysis_configuration_a9c93768bef656bfdc8299fe,0.8,8,0.0003,floor,schedule_next_after_transition,30,4.666666666666477e-06,0.0006421425051261325,0.00029600000000000004,7.333333333333334e-06,0.125,1.333333333333279e-06,8.666666666666314e-06,mean of workload-paired AF/DF estimates,workload replication
analysis_configuration_aafc3219c0fefc320a2513a5,0.8,4,0.03,nearest,schedule_next_after_transition,30,0.0011206666666666648,0.04774569529243088,0.024897333333333334,0.0035183333333333334,0.25,0.0010353333333333334,0.0012066833333333324,mean of workload-paired AF/DF estimates,workload replication
analysis_configuration_ab205fa572dfa0e82856c13b,0.8,1,1e-05,floor,schedule_next_after_transition,30,2.666666666665633e-06,1.6280025711882012e-05,8.666666666666668e-06,3.3333333333333333e-06,1.0,6.66666666665483e-07,5.333333333331266e-06,mean of workload-paired AF/DF estimates,workload replication
analysis_configuration_ab223f8a4f0175d1d61edaa9,1.25,8,0.1,nearest,schedule_next_after_transition,30,0.0010420000000000004,0.20000485100092058,0.08779233333333333,0.020732666666666667,0.125,0.0007506499999999985,0.0013639999999999967,mean of workload-paired AF/DF estimates,workload replication
analysis_configuration_ab4b53fc03f06ee9537471bf,0.5,8,0.0001,floor,schedule_next_after_transition,30,0.0,0.00018684648520040102,0.000116,6.666666666666667e-07,0.125,0.0,0.0,mean of workload-paired AF/DF estimates,workload replication
analysis_configuration_aba1e927b1044694ccd814da,0.95,8,0.01,ceiling,schedule_next_after_transition,30,0.00021666666666666733,0.01382368278274926,0.008488333333333332,0.0009523333333333334,0.125,0.00015931666666666467,0.00028000000000000106,mean of workload-paired AF/DF estimates,workload replication
analysis_configuration_abc1131e3adde9ad1190bfd8,1.25,8,0.0001,ceiling,schedule_next_after_transition,30,3.0000000000002247e-05,0.00018025690860966144,8.8e-05,2.5333333333333334e-05,0.125,1.7999999999998574e-05,4.333333333333596e-05,mean of workload-paired AF/DF estimates,workload replication
analysis_configuration_abe0fca25de35b4c118bbd9a,0.5,16,0.0001,nearest,schedule_next_after_transition,30,0.0,0.0001520010467032669,9.2e-05,0.0,0.0625,0.0,0.0,mean of workload-paired AF/DF estimates,workload replication
analysis_configuration_ac01e962f8fb0fbbf9bd5346,0.8,1,0.0001,floor,schedule_next_after_transition,30,2.8666666666674982e-05,0.00016801241040823855,9.6e-05,4.0666666666666675e-05,1.0,2.066666666667438e-05,3.800000000000285e-05,mean of workload-paired AF/DF estimates,workload replication
analysis_configuration_acd9d4cc54fb95ec9a55992f,1.1,1,3e-05,nearest,schedule_next_after_transition,30,8.000000000008e-06,5.3304185735987425e-05,2.2e-05,1.3333333333333333e-05,1.0,3.333333333336667e-06,1.4000000000014001e-05,mean of workload-paired AF/DF estimates,workload replication
analysis_configuration_ad9ecff87f94b6dec7656f03,0.95,16,0.03,nearest,schedule_next_after_transition,30,0.00019800000000000002,0.055262635896790334,0.027764,0.0010676666666666669,0.0625,0.0001233333333333334,0.000298016666666667,mean of workload-paired AF/DF estimates,workload replication
analysis_configuration_adca25fdf657f3241af59cf3,0.95,16,0.0001,nearest,schedule_next_after_transition,30,8.666666666666544e-06,0.00019226090535568339,9.933333333333334e-05,4.000000000000001e-06,0.0625,1.333333333333279e-06,1.999999999999988e-05,mean of workload-paired AF/DF estimates,workload replication
analysis_configuration_adcc16d11f81d78fceea13c1,0.8,4,3e-05,ceiling,schedule_next_after_transition,30,2.666666666666558e-06,3.4078413115544074e-05,2.4e-05,2.666666666666667e-06,0.25,0.0,6.666666666666395e-06,mean of workload-paired AF/DF estimates,workload replication
analysis_configuration_ae2e1ce8305e7b356c595e55,0.5,8,0.0003,floor,schedule_next_after_transition,30,1.3333333333333224e-06,0.0005371885715117745,0.0003206666666666667,2.0000000000000003e-06,0.125,0.0,3.333333333333313e-06,mean of workload-paired AF/DF estimates,workload replication
analysis_configuration_af74adab147adbf48672c236,0.8,8,0.01,floor,schedule_next_after_transition,30,0.00010200000000000001,0.02149419897099579,0.009971333333333334,0.0003796666666666667,0.125,7.733333333333412e-05,0.0001280000000000001,mean of workload-paired AF/DF estimates,workload replication
analysis_configuration_afcfd5a7c0dcd7c639eda4da,0.5,1,0.001,nearest,schedule_next_after_transition,30,0.00020399999999999862,0.0010491142899743807,0.0006426666666666666,0.00030866666666666667,1.0,0.00017533333333333474,0.00023200000000000073,mean of workload-paired AF/DF estimates,workload replication
analysis_configuration_b01699fb1e48db7003f7cd65,0.8,4,3e-05,floor,schedule_next_after_transition,30,1.333333333333279e-06,5.5362632514528875e-05,2.6666666666666667e-05,3.3333333333333333e-06,0.25,0.0,3.3333333333334286e-06,mean of workload-paired AF/DF estimates,workload replication
analysis_configuration_b074d97170ac79f4f3e11fd2,1.0,8,0.001,floor,schedule_next_after_transition,30,6.200000000000048e-05,0.0023327710092438327,0.0009496666666666667,0.00010833333333333334,0.125,4.733333333333393e-05,7.866666666666624e-05,mean of workload-paired AF/DF estimates,workload replication
analysis_configuration_b0a9cb65e20c97984169dbe0,0.95,4,0.0003,nearest,schedule_next_after_transition,30,2.400000000000087e-05,0.0005681745856354182,0.00027066666666666667,5.766666666666667e-05,0.25,1.533333333333294e-05,3.400000000000162e-05,mean of workload-paired AF/DF estimates,workload replication
analysis_configuration_b0ac785f64bea5e17e3df36f,1.1,8,0.03,floor,schedule_next_after_transition,30,0.0006233333333333332,0.07273755302699796,0.028990000000000002,0.0044146666666666666,0.125,0.0004933333333333327,0.0007580000000000013,mean of workload-paired AF/DF estimates,workload replication
analysis_configuration_b1527327f78c0bbe59be3cb5,0.5,4,0.0003,floor,schedule_next_after_transition,30,3.3333333333331974e-06,0.0004906136569002634,0.0002646666666666667,7.333333333333334e-06,0.25,6.666666666666395e-07,5.999999999999755e-06,mean of workload-paired AF/DF estimates,workload replication
analysis_configuration_b1e0286d688feb843139264a,0.95,16,0.0003,ceiling,schedule_next_after_transition,30,1.1999999999999743e-05,0.0004260082644083615,0.00027666666666666665,1.1333333333333334e-05,0.0625,3.999999999999837e-06,2.133333333333316e-05,mean of workload-paired AF/DF estimates,workload replication
analysis_configuration_b231159dcdd79743b5e4bd5b,0.95,1,0.03,floor,schedule_next_after_transition,30,0.007514666666666666,0.056449653600946136,0.028834333333333333,0.014005,1.0,0.007333333333333331,0.007696016666666667,mean of workload-paired AF/DF estimates,workload replication
analysis_configuration_b233ccd510444231574db316,0.95,16,0.01,nearest,schedule_next_after_transition,30,0.00011000000000000014,0.018710988929582163,0.009447666666666667,0.00037566666666666667,0.0625,8.066666666666754e-05,0.0001446666666666661,mean of workload-paired AF/DF estimates,workload replication
analysis_configuration_b26a56362266c56879d8a8ce,1.0,8,0.003,floor,schedule_next_after_transition,30,0.00010866666666666756,0.007181387987440893,0.002993,0.0003523333333333333,0.125,8.400000000000073e-05,0.0001360000000000014,mean of workload-paired AF/DF estimates,workload replication
analysis_configuration_b28902c9be8bc989b03db572,1.1,1,0.003,ceiling,schedule_next_after_transition,30,0.0007566666666666647,0.004460489153699566,0.001584,0.001584,1.0,0.0006940000000000057,0.0008179999999999891,mean of workload-paired AF/DF estimates,workload replication
analysis_configuration_b2a428d3646e2c772c211d87,1.25,4,0.0003,nearest,schedule_next_after_transition,30,4.599999999999974e-05,0.0006778207891570338,0.00031099999999999997,8.6e-05,0.25,3.133333333333691e-05,6.266666666666642e-05,mean of workload-paired AF/DF estimates,workload replication
analysis_configuration_b2bc58a25e4d684c296fc9d3,0.95,4,3e-05,nearest,schedule_next_after_transition,30,6.666666666664083e-07,4.688292960474216e-05,2.2666666666666668e-05,2.0000000000000003e-06,0.25,0.0,1.9999999999992245e-06,mean of workload-paired AF/DF estimates,workload replication
analysis_configuration_b2e373e6c78872ea39ab15ac,1.0,4,0.0003,floor,schedule_next_after_transition,30,2.3333333333330764e-05,0.0007046326732001961,0.000292,5.933333333333334e-05,0.25,1.4000000000001025e-05,3.333333333333059e-05,mean of workload-paired AF/DF estimates,workload replication
analysis_configuration_b35a184f60fc1d7522af821c,0.8,4,0.0003,ceiling,schedule_next_after_transition,30,1.800000000000135e-05,0.00035566169792885664,0.00021666666666666666,4.2000000000000004e-05,0.25,1.0666666666668544e-05,2.600000000000102e-05,mean of workload-paired AF/DF estimates,workload replication
analysis_configuration_b44689b83d1465a39e52270a,0.95,16,0.0003,nearest,schedule_next_after_transition,30,1.1333333333333566e-05,0.0005853016812641906,0.000315,1.2e-05,0.0625,3.3333333333334286e-06,2.333333333333354e-05,mean of workload-paired AF/DF estimates,workload replication
analysis_configuration_b485e906075b3c8272408664,1.25,16,3e-05,floor,schedule_next_after_transition,30,2.4666666666668207e-05,9.35393197536871e-05,3.4e-05,5.333333333333334e-06,0.0625,4.666666666668559e-06,5.06666666666674e-05,mean of workload-paired AF/DF estimates,workload replication
analysis_configuration_b4bb2f4abfe1b8445503f6f5,0.95,16,0.1,ceiling,schedule_next_after_transition,30,0.0003826666666666661,0.13282938212392567,0.08568933333333333,0.005003333333333334,0.0625,0.0002599999999999998,0.0005179999999999988,mean of workload-paired AF/DF estimates,workload replication
analysis_configuration_b4e4534eee5928f05fbbaaa9,1.25,8,3e-05,nearest,schedule_next_after_transition,30,1.0666666666667157e-05,6.637338144546882e-05,3.4e-05,8e-06,0.125,2.6666666666674834e-06,2.0000000000002424e-05,mean of workload-paired AF/DF estimates,workload replication
analysis_configuration_b5197288aacde7aeb1f79b1d,1.1,4,0.001,ceiling,schedule_next_after_transition,30,7.600000000000384e-05,0.0015597967778671852,0.000834,0.00023066666666666667,0.25,5.86666666666689e-05,9.46666666666707e-05,mean of workload-paired AF/DF estimates,workload replication
analysis_configuration_b51bda97076f87776a983b91,1.25,1,0.1,ceiling,schedule_next_after_transition,30,0.023100000000000002,0.15086401601486396,0.050910000000000004,0.050910000000000004,1.0,0.022822,0.02339399999999999,mean of workload-paired AF/DF estimates,workload replication
analysis_configuration_b52138791a6b0044637604db,0.5,16,0.003,floor,schedule_next_after_transition,30,0.0,0.005297365647938672,0.003013333333333333,0.0,0.0625,0.0,0.0,mean of workload-paired AF/DF estimates,workload replication
analysis_configuration_b5b930f4984fe273c9a669e0,1.1,4,0.003,ceiling,schedule_next_after_transition,30,0.00018466666666666908,0.004823393101823508,0.0025766666666666668,0.000732,0.25,0.00014200000000000229,0.00023266666666666992,mean of workload-paired AF/DF estimates,workload replication
analysis_configuration_b5bfcc3207a2175ecdfea1bc,1.0,4,3e-05,ceiling,schedule_next_after_transition,30,2.666666666666558e-06,4.514047696795911e-05,2.6666666666666667e-05,4.666666666666667e-06,0.25,0.0,6.000000000001375e-06,mean of workload-paired AF/DF estimates,workload replication
analysis_configuration_b5c1837707d994e91210a437,0.8,16,0.03,floor,schedule_next_after_transition,30,4.6666666666666584e-05,0.0633959241206555,0.029105333333333334,0.0001366666666666667,0.0625,3.4666666666666556e-05,6.066666666666654e-05,mean of workload-paired AF/DF estimates,workload replication
analysis_configuration_b5d7d69f264fccf32857d518,0.95,8,0.0003,nearest,schedule_next_after_transition,30,1.4666666666666995e-05,0.0005823872174653762,0.0002883333333333333,2.9333333333333336e-05,0.125,9.333333333331566e-06,2.1333333333333853e-05,mean of workload-paired AF/DF estimates,workload replication
analysis_configuration_b6cdc55563d4f5b429026cae,1.0,16,0.01,ceiling,schedule_next_after_transition,30,0.0002306666666666663,0.014733068871712145,0.009321,0.0006076666666666666,0.0625,0.00015999999999999996,0.0003079999999999981,mean of workload-paired AF/DF estimates,workload replication
analysis_configuration_b73e491ddf1c8b30ba9418c4,0.5,8,0.03,nearest,schedule_next_after_transition,30,3.06666666666667e-05,0.03680959348396382,0.022111666666666665,5.966666666666667e-05,0.125,2.2650000000000005e-05,3.933333333333337e-05,mean of workload-paired AF/DF estimates,workload replication
analysis_configuration_b740f388bde2579cd533cd26,1.25,8,0.01,nearest,schedule_next_after_transition,30,0.0006180000000000009,0.022124254683418842,0.009748666666666666,0.002309666666666667,0.125,0.0005046499999999987,0.0007433333333333338,mean of workload-paired AF/DF estimates,workload replication
analysis_configuration_b7690cd597582aa1a9ef1460,0.5,16,0.01,floor,schedule_next_after_transition,30,0.0,0.017408100907310316,0.009968,0.0,0.0625,0.0,0.0,mean of workload-paired AF/DF estimates,workload replication
analysis_configuration_b787cd8f4dfc58cf551a3d5d,0.5,1,3e-05,floor,schedule_next_after_transition,30,4.0000000000003e-06,4.561670474721505e-05,3.1333333333333334e-05,6.666666666666667e-06,1.0,1.333333333330966e-06,7.999999999996898e-06,mean of workload-paired AF/DF estimates,workload replication
analysis_configuration_b8279bad09baeeaf8d8e2735,1.0,4,0.01,floor,schedule_next_after_transition,30,0.00028866666666666483,0.02301405621263215,0.009778666666666666,0.0018813333333333332,0.25,0.0002353333333333318,0.0003446666666666672,mean of workload-paired AF/DF estimates,workload replication
analysis_configuration_b8d970712e91847d98c54eda,1.25,4,0.01,ceiling,schedule_next_after_transition,30,0.00040733333333333176,0.017568899950835642,0.008696333333333334,0.002937,0.25,0.00029599999999999256,0.0005273333333333353,mean of workload-paired AF/DF estimates,workload replication
analysis_configuration_b9248c90490cac69c2dbc0e7,0.95,4,3e-05,ceiling,schedule_next_after_transition,30,4.666666666666708e-06,4.3208838943012794e-05,2.4e-05,6.666666666666667e-06,0.25,1.3333333333337417e-06,8.666666666667007e-06,mean of workload-paired AF/DF estimates,workload replication
analysis_configuration_ba08c41b3e5f9804fd2ecfe0,0.95,1,0.1,nearest,schedule_next_after_transition,30,0.024684666666666667,0.14837340204151933,0.06796,0.04430066666666667,1.0,0.02437133333333334,0.024995999999999997,mean of workload-paired AF/DF estimates,workload replication
analysis_configuration_ba279fb96a83ccc76d5ad454,1.1,4,0.001,nearest,schedule_next_after_transition,30,8.733333333333463e-05,0.001958836562136084,0.000905,0.00023,0.25,6.40000000000011e-05,0.00011466666666666755,mean of workload-paired AF/DF estimates,workload replication
analysis_configuration_ba41bcace013c64df408ff78,1.1,8,0.003,nearest,schedule_next_after_transition,30,0.0001693333333333343,0.006163810716883324,0.0028886666666666666,0.00047366666666666667,0.125,0.0001226666666666644,0.00021800000000000343,mean of workload-paired AF/DF estimates,workload replication
analysis_configuration_bade7812405f66715b532f96,0.95,1,3e-05,ceiling,schedule_next_after_transition,30,1.5333333333339416e-05,4.936230504780027e-05,1.866666666666667e-05,1.866666666666667e-05,1.0,9.333333333337117e-06,2.200000000000535e-05,mean of workload-paired AF/DF estimates,workload replication
analysis_configuration_bb1ef2921a4a35e0a60ff265,0.95,4,0.1,ceiling,schedule_next_after_transition,30,0.003664666666666666,0.12923296427145234,0.07289999999999999,0.017540999999999998,0.25,0.0034806666666666653,0.0038533500000000036,mean of workload-paired AF/DF estimates,workload replication
analysis_configuration_bb6ca76e31d8eb7121f4e273,0.5,16,3e-05,ceiling,schedule_next_after_transition,30,0.0,2.6666793339666674e-05,1.7333333333333336e-05,0.0,0.0625,0.0,0.0,mean of workload-paired AF/DF estimates,workload replication
analysis_configuration_bc2c7d5da4cf33667d36d1db,1.0,4,0.01,ceiling,schedule_next_after_transition,30,0.000459333333333331,0.014368141634372188,0.007967333333333333,0.001984333333333333,0.25,0.0003753333333333312,0.0005519999999999969,mean of workload-paired AF/DF estimates,workload replication
analysis_configuration_bc4916df9a48df61ca112d86,0.95,8,0.1,ceiling,schedule_next_after_transition,30,0.0011333333333333325,0.13126463606236263,0.080673,0.009517,0.125,0.0008953333333333336,0.0013779999999999986,mean of workload-paired AF/DF estimates,workload replication
analysis_configuration_bdd6b6b4cc8442cfaa5f59be,1.1,1,0.0003,ceiling,schedule_next_after_transition,30,8.466666666666993e-05,0.0004444853451918108,0.00016,0.00016,1.0,6.20000000000028e-05,0.00010799999999999708,mean of workload-paired AF/DF estimates,workload replication
analysis_configuration_be0f17107b5e3f1b4c0f6eff,0.8,4,0.0003,nearest,schedule_next_after_transition,30,1.4000000000000123e-05,0.00045398683832979206,0.00023533333333333335,3.066666666666667e-05,0.25,9.333333333333866e-06,1.8666666666666367e-05,mean of workload-paired AF/DF estimates,workload replication
analysis_configuration_bf031e287329d29ff06a4b98,1.1,16,1e-05,nearest,schedule_next_after_transition,30,0.0,1.765641544760071e-05,7.333333333333334e-06,6.666666666666667e-07,0.0625,0.0,0.0,mean of workload-paired AF/DF estimates,workload replication
analysis_configuration_bf3306281500c6c11b9b90ba,0.95,16,0.1,floor,schedule_next_after_transition,30,0.00033933333333333325,0.2109753620419029,0.09021933333333333,0.0023196666666666665,0.0625,0.00025800000000000015,0.00042733333333333317,mean of workload-paired AF/DF estimates,workload replication
analysis_configuration_bf7accdee42cf920396b09f2,1.0,8,0.1,floor,schedule_next_after_transition,30,0.0013640000000000013,0.21311054859100065,0.090783,0.008722666666666667,0.125,0.0011600000000000004,0.0015653333333333329,mean of workload-paired AF/DF estimates,workload replication
analysis_configuration_bf95c0296edf7417ba54774f,0.8,8,0.001,floor,schedule_next_after_transition,30,1.999999999999988e-05,0.002160227314138118,0.0010043333333333334,4.0666666666666675e-05,0.125,1.3999999999999891e-05,2.6000000000000097e-05,mean of workload-paired AF/DF estimates,workload replication
analysis_configuration_bf97b13fb4b8976df7577793,1.1,1,0.03,floor,schedule_next_after_transition,30,0.007611333333333336,0.061223688979658776,0.029067666666666665,0.015257,1.0,0.007375999999999997,0.00783733333333334,mean of workload-paired AF/DF estimates,workload replication
analysis_configuration_bfb9cd388102635cfc0a81bb,0.8,4,0.003,floor,schedule_next_after_transition,30,0.00013666666666666826,0.006338468149405163,0.0030653333333333335,0.0003586666666666667,0.25,0.00010800000000000115,0.0001653333333333354,mean of workload-paired AF/DF estimates,workload replication
analysis_configuration_bfea2d531c1e41f6b5352123,0.8,16,0.03,nearest,schedule_next_after_transition,30,4.2000000000000025e-05,0.04948080755884161,0.026045333333333334,0.00016,0.0625,2.933333333333338e-05,5.6e-05,mean of workload-paired AF/DF estimates,workload replication
analysis_configuration_c033694fe23626741d22085f,0.5,16,0.1,floor,schedule_next_after_transition,30,0.0,0.15930611447924484,0.09297266666666666,0.0,0.0625,0.0,0.0,mean of workload-paired AF/DF estimates,workload replication
analysis_configuration_c08a9ab5883a47ff1ad86841,0.95,1,0.0001,floor,schedule_next_after_transition,30,2.6666666666671132e-05,0.00018949097917446414,9.866666666666666e-05,4.466666666666667e-05,1.0,1.80000000000069e-05,3.60000000000027e-05,mean of workload-paired AF/DF estimates,workload replication
analysis_configuration_c0a6381209f24cbe1d04cfed,1.0,8,0.01,floor,schedule_next_after_transition,30,0.00023599999999999826,0.02376877139024957,0.009866999999999999,0.0010986666666666666,0.125,0.0001686499999999967,0.0003120166666666675,mean of workload-paired AF/DF estimates,workload replication
analysis_configuration_c193bebda13afc8a8fbba8e6,1.0,16,0.001,nearest,schedule_next_after_transition,30,5.9999999999999866e-05,0.0019426922925489924,0.0009196666666666666,5.866666666666667e-05,0.0625,4.1333333333332804e-05,8.066666666666593e-05,mean of workload-paired AF/DF estimates,workload replication
analysis_configuration_c1afccc9559d2e20caa93199,1.0,1,0.0001,nearest,schedule_next_after_transition,30,1.999999999999965e-05,0.00017155836450305457,7.066666666666666e-05,4.5333333333333335e-05,1.0,1.3999999999999198e-05,2.600000000000935e-05,mean of workload-paired AF/DF estimates,workload replication
analysis_configuration_c1b5d30a910d3907fa0133cb,1.25,1,0.003,ceiling,schedule_next_after_transition,30,0.0007299999999999974,0.004833012201676676,0.0016599999999999998,0.0016599999999999998,1.0,0.000663333333333338,0.0007999999999999787,mean of workload-paired AF/DF estimates,workload replication
analysis_configuration_c1f6cb1005e376fcb1bd74ff,0.95,4,0.003,nearest,schedule_next_after_transition,30,0.00014533333333333157,0.005554145826339488,0.002692333333333333,0.000558,0.25,0.00010733333333333336,0.0001846666666666654,mean of workload-paired AF/DF estimates,workload replication
analysis_configuration_c23eb3d70f2153bca9c5bb6b,0.5,4,0.1,nearest,schedule_next_after_transition,30,0.0016599999999999998,0.11645301608593166,0.06960166666666666,0.0029716666666666667,0.25,0.0016060000000000002,0.0017159999999999999,mean of workload-paired AF/DF estimates,workload replication
analysis_configuration_c26afa5d4ea51b0b1429967f,1.0,16,0.01,nearest,schedule_next_after_transition,30,0.00017000000000000047,0.019418285855629967,0.009548000000000001,0.0005336666666666667,0.0625,0.0001160000000000015,0.00023135000000000226,mean of workload-paired AF/DF estimates,workload replication
analysis_configuration_c28fb6e8b39384e386f4467a,1.25,1,0.0003,ceiling,schedule_next_after_transition,30,8.533333333332986e-05,0.00048187720477873,0.000176,0.000176,1.0,6.39999999999974e-05,0.00010999999999999529,mean of workload-paired AF/DF estimates,workload replication
analysis_configuration_c2c3fbbf309679fc640770d4,1.1,1,0.0003,nearest,schedule_next_after_transition,30,7.733333333333295e-05,0.0005564926885427686,0.000234,0.00014933333333333332,1.0,5.933333333334086e-05,9.600000000000358e-05,mean of workload-paired AF/DF estimates,workload replication
analysis_configuration_c2d495e1a70d78cb1d4148b2,0.5,1,0.0001,ceiling,schedule_next_after_transition,30,2.1333333333332464e-05,6.242472437100327e-05,3.4e-05,3.4e-05,1.0,1.5333333333332013e-05,2.7333333333336614e-05,mean of workload-paired AF/DF estimates,workload replication
analysis_configuration_c34de931be5efd29326dc0f5,1.0,1,0.1,floor,schedule_next_after_transition,30,0.02485866666666666,0.18125437405237216,0.09049233333333334,0.04379333333333334,1.0,0.02460131666666666,0.025114666666666664,mean of workload-paired AF/DF estimates,workload replication
analysis_configuration_c3ae061e9e329eda6e06ccb0,1.25,4,0.03,floor,schedule_next_after_transition,30,0.0010040000000000012,0.07466496430445035,0.028926,0.008378,0.25,0.0008073333333333338,0.0012060000000000016,mean of workload-paired AF/DF estimates,workload replication
analysis_configuration_c3ee496a681773e1c8ff3041,1.25,1,0.1,floor,schedule_next_after_transition,30,0.024552,0.20159210661157537,0.08961833333333334,0.048558333333333335,1.0,0.024193333333333334,0.024904016666666664,mean of workload-paired AF/DF estimates,workload replication
analysis_configuration_c41c0724a7b54b2cee28fefa,0.95,8,0.03,ceiling,schedule_next_after_transition,30,0.0004893333333333324,0.04120437740999879,0.025310999999999997,0.0026653333333333334,0.125,0.00038733333333333214,0.0005960166666666666,mean of workload-paired AF/DF estimates,workload replication
analysis_configuration_c425444add25ada72788cbd6,0.8,1,0.003,ceiling,schedule_next_after_transition,30,0.0007746666666666661,0.0032168103906278084,0.001347,0.001347,1.0,0.0007099999999999976,0.000841333333333331,mean of workload-paired AF/DF estimates,workload replication
analysis_configuration_c461d08eb52a33eca73560fa,0.8,16,0.0003,nearest,schedule_next_after_transition,30,1.3333333333333368e-06,0.0005409539272533729,0.0002946666666666667,1.3333333333333334e-06,0.0625,0.0,3.3333333333333422e-06,mean of workload-paired AF/DF estimates,workload replication
analysis_configuration_c4e925cd48f3bbe1dbd22177,1.25,16,1e-05,nearest,schedule_next_after_transition,30,3.0000000000000397e-05,2.6730043424864673e-05,1.1333333333333334e-05,5.333333333333334e-06,0.0625,5.999999999999524e-06,6.133333333333453e-05,mean of workload-paired AF/DF estimates,workload replication
analysis_configuration_c5d4e06f26799464a67a9eb3,1.0,4,0.001,floor,schedule_next_after_transition,30,8.866666666666837e-05,0.002345711372696733,0.000988,0.00021533333333333335,0.25,6.533333333333388e-05,0.00011733333333333505,mean of workload-paired AF/DF estimates,workload replication
analysis_configuration_c5f6ad17a1f6c335a3c7ee3d,0.5,4,1e-05,floor,schedule_next_after_transition,30,0.0,1.6940780071123592e-05,8e-06,0.0,0.25,0.0,0.0,mean of workload-paired AF/DF estimates,workload replication
analysis_configuration_c5fbdeb394a4296d6fb1c42d,1.25,8,3e-05,ceiling,schedule_next_after_transition,30,1.1999999999999973e-05,4.825469492259201e-05,2.5333333333333334e-05,8.000000000000001e-06,0.125,2.666666666666558e-06,2.333333333333354e-05,mean of workload-paired AF/DF estimates,workload replication
analysis_configuration_c643ebd9546ee43eecc4abfc,1.25,4,0.03,ceiling,schedule_next_after_transition,30,0.0011119999999999982,0.05155381992078412,0.025627666666666667,0.008846333333333335,0.25,0.0008713333333333332,0.0013600166666666647,mean of workload-paired AF/DF estimates,workload replication
analysis_configuration_c68aa4a8e6f03713b0978945,1.25,16,0.03,ceiling,schedule_next_after_transition,30,0.001133333333333337,0.05261331244596302,0.028957333333333335,0.006281333333333333,0.0625,0.0008373333333333399,0.0014700000000000047,mean of workload-paired AF/DF estimates,workload replication
analysis_configuration_c7175bd33c05e3066a28c5b9,1.25,4,0.1,nearest,schedule_next_after_transition,30,0.003751999999999994,0.1958116154310219,0.08428933333333334,0.026673,0.25,0.003353999999999994,0.0041353333333333225,mean of workload-paired AF/DF estimates,workload replication
analysis_configuration_c7336049258d78d052cd979e,1.1,8,0.0003,nearest,schedule_next_after_transition,30,4.5333333333329635e-05,0.0005970128848613428,0.00029,4.7e-05,0.125,2.7999999999996547e-05,6.466666666666472e-05,mean of workload-paired AF/DF estimates,workload replication
analysis_configuration_c759c9619fd8bc6ae04450dd,1.1,4,3e-05,floor,schedule_next_after_transition,30,5.999999999999524e-06,7.345429904026365e-05,3.066666666666667e-05,8.666666666666668e-06,0.25,6.666666666664083e-07,1.333333333333279e-05,mean of workload-paired AF/DF estimates,workload replication
analysis_configuration_c766ad7ffc900a79ab5c6cb7,0.95,8,3e-05,floor,schedule_next_after_transition,30,2.0000000000006123e-06,5.86223085610996e-05,2.1333333333333335e-05,1.3333333333333334e-06,0.125,0.0,5.333333333334967e-06,mean of workload-paired AF/DF estimates,workload replication
analysis_configuration_c7e68d633f0b3011fac9bdaa,1.25,16,0.003,ceiling,schedule_next_after_transition,30,0.0007393333333333335,0.005394940071873607,0.002946666666666667,0.000597,0.0625,0.000534000000000001,0.000973999999999998,mean of workload-paired AF/DF estimates,workload replication
analysis_configuration_c8260def05c0fb89c2f28d11,0.95,8,0.0003,ceiling,schedule_next_after_transition,30,1.4666666666667457e-05,0.0004246575680523057,0.0002536666666666667,2.9333333333333336e-05,0.125,7.333333333334191e-06,2.3333333333334928e-05,mean of workload-paired AF/DF estimates,workload replication
analysis_configuration_c8a6184b01f31c98f28a34ba,0.5,16,1e-05,floor,schedule_next_after_transition,30,0.0,2.0666780004466688e-05,1.2e-05,0.0,0.0625,0.0,0.0,mean of workload-paired AF/DF estimates,workload replication
analysis_configuration_c917d3e31d4a062d87d17603,1.1,16,1e-05,floor,schedule_next_after_transition,30,4.666666666666708e-06,2.2591330340874813e-05,1e-05,2.0000000000000003e-06,0.0625,0.0,1.1333333333334028e-05,mean of workload-paired AF/DF estimates,workload replication
analysis_configuration_c965a0653a1c2d0d23687c04,1.25,1,0.03,ceiling,schedule_next_after_transition,30,0.0072400000000000094,0.04762936538737263,0.016179333333333334,0.016179333333333334,1.0,0.007000650000000007,0.007479350000000001,mean of workload-paired AF/DF estimates,workload replication
analysis_configuration_c98897d09006f0a213496e6e,1.0,1,1e-05,ceiling,schedule_next_after_transition,30,4.666666666667633e-06,1.2435105372288681e-05,4.666666666666667e-06,4.666666666666667e-06,1.0,2.00000000000015e-06,8.0000000000006e-06,mean of workload-paired AF/DF estimates,workload replication
analysis_configuration_c9a6441fbdfe8674b4eb88e4,0.5,16,0.1,ceiling,schedule_next_after_transition,30,0.0,0.0729325139670499,0.049049,6.666666666666667e-07,0.0625,0.0,0.0,mean of workload-paired AF/DF estimates,workload replication
analysis_configuration_c9bf883a40e25314191b1385,1.0,4,1e-05,ceiling,schedule_next_after_transition,30,1.3333333333328165e-06,1.480825461261339e-05,8.666666666666668e-06,2.0000000000000003e-06,0.25,0.0,3.333333333332041e-06,mean of workload-paired AF/DF estimates,workload replication
analysis_configuration_ca296639bbc6d9427c12df69,0.8,8,0.003,ceiling,schedule_next_after_transition,30,4.1333333333332804e-05,0.003542155869798697,0.0022986666666666663,0.00011933333333333332,0.125,3.066666666666611e-05,5.3333333333333245e-05,mean of workload-paired AF/DF estimates,workload replication
analysis_configuration_ca3a4f28bb5935d11ecb4ecd,0.95,8,1e-05,nearest,schedule_next_after_transition,30,0.0,2.1643135252192908e-05,1.2e-05,0.0,0.125,0.0,0.0,mean of workload-paired AF/DF estimates,workload replication
analysis_configuration_ca4e4dd511c2ce060c62b6dd,1.25,8,0.01,ceiling,schedule_next_after_transition,30,0.000568,0.017838785508412655,0.009573333333333333,0.0022990000000000003,0.125,0.0004313333333333317,0.0007086666666666648,mean of workload-paired AF/DF estimates,workload replication
analysis_configuration_ca686c36b33ff5c59e681a0b,1.1,16,3e-05,floor,schedule_next_after_transition,30,1.933333333333324e-05,7.027094836595245e-05,2.7000000000000002e-05,5.333333333333334e-06,0.0625,4.666666666666708e-06,3.799999999999915e-05,mean of workload-paired AF/DF estimates,workload replication
analysis_configuration_cade15a18f14396a2af5e17b,0.95,4,0.0001,floor,schedule_next_after_transition,30,2.133333333333154e-05,0.00025207532839038107,0.00011266666666666668,2.4e-05,0.25,1.1999999999998123e-05,3.2666666666664176e-05,mean of workload-paired AF/DF estimates,workload replication
analysis_configuration_cb183175e46e2152f2f21480,0.8,16,0.003,ceiling,schedule_next_after_transition,30,9.3333333333333e-06,0.0035274573265096517,0.002369,2.2666666666666668e-05,0.0625,3.999999999999952e-06,1.5333333333333345e-05,mean of workload-paired AF/DF estimates,workload replication
analysis_configuration_cb353da023fb2480f0338703,1.0,8,0.03,nearest,schedule_next_after_transition,30,0.0004459999999999996,0.056327115050263936,0.027238666666666668,0.0032593333333333337,0.125,0.0003379999999999994,0.0005619999999999996,mean of workload-paired AF/DF estimates,workload replication
analysis_configuration_cb53b5c7526ce56114214edc,1.25,8,0.003,floor,schedule_next_after_transition,30,0.0003513333333333285,0.007814126658875091,0.002888,0.000685,0.125,0.0002779999999999995,0.00042666666666666406,mean of workload-paired AF/DF estimates,workload replication
analysis_configuration_cb68424c074291d94d8c5307,0.5,4,0.0003,nearest,schedule_next_after_transition,30,7.333333333333266e-06,0.0003686381012891995,0.00021533333333333333,9.333333333333334e-06,0.25,3.3333333333331974e-06,1.1999999999999973e-05,mean of workload-paired AF/DF estimates,workload replication
analysis_configuration_cb79acddc0ee4594ca1c6b2d,0.5,1,0.0001,nearest,schedule_next_after_transition,30,1.866666666666498e-05,0.00010963985495792248,6.4e-05,2.4666666666666665e-05,1.0,1.1333333333331714e-05,2.666666666666373e-05,mean of workload-paired AF/DF estimates,workload replication
analysis_configuration_ccc683503b315c804bc5a514,0.8,4,0.03,floor,schedule_next_after_transition,30,0.0010933333333333327,0.060981348388976724,0.029343,0.0034176666666666665,0.25,0.0010006666666666686,0.0011893333333333326,mean of workload-paired AF/DF estimates,workload replication
analysis_configuration_cd0aac4e2f302d6ea1cfced9,1.1,4,1e-05,floor,schedule_next_after_transition,30,3.3333333333338915e-06,2.4228831547924145e-05,8.666666666666668e-06,4.000000000000001e-06,0.25,0.0,7.333333333335116e-06,mean of workload-paired AF/DF estimates,workload replication
analysis_configuration_cdb327eac103d67d24d25d29,0.5,16,0.03,floor,schedule_next_after_transition,30,0.0,0.05102270905747907,0.029396,0.0,0.0625,0.0,0.0,mean of workload-paired AF/DF estimates,workload replication
analysis_configuration_cee68aa2ffeb2372a19b58dd,1.1,4,0.01,nearest,schedule_next_after_transition,30,0.0004033333333333352,0.019702245157548356,0.008974333333333334,0.002409,0.25,0.0003080000000000036,0.0005046666666666701,mean of workload-paired AF/DF estimates,workload replication
analysis_configuration_cf34bbc65dd5caeec2d9f670,1.25,4,0.001,nearest,schedule_next_after_transition,30,0.000129333333333335,0.002160681042121756,0.0009226666666666667,0.00028900000000000003,0.25,0.0001020000000000076,0.00015666666666666235,mean of workload-paired AF/DF estimates,workload replication
analysis_configuration_cfbadca38b2aef8436d0e224,0.8,8,0.001,nearest,schedule_next_after_transition,30,1.2666666666667307e-05,0.0016534513170903705,0.0008613333333333333,3.800000000000001e-05,0.125,7.3333333333334975e-06,1.8666666666667526e-05,mean of workload-paired AF/DF estimates,workload replication
analysis_configuration_cfeb01e7fe09d40eaeb2389f,0.5,8,0.03,ceiling,schedule_next_after_transition,30,2.8666666666666685e-05,0.022243251996089872,0.014872666666666668,6.1e-05,0.125,1.933333333333334e-05,3.866666666666671e-05,mean of workload-paired AF/DF estimates,workload replication
analysis_configuration_d04b95e99cecace8a1e5dd26,0.8,1,1e-05,ceiling,schedule_next_after_transition,30,1.3333333333328165e-06,7.71145499457158e-06,2.0000000000000003e-06,2.0000000000000003e-06,1.0,0.0,3.333333333332966e-06,mean of workload-paired AF/DF estimates,workload replication
analysis_configuration_d0598029acf08eace64abf06,0.8,4,0.01,nearest,schedule_next_after_transition,30,0.0003493333333333311,0.01609666686524008,0.008463666666666668,0.0012103333333333334,0.25,0.0002933333333333311,0.0004046666666666652,mean of workload-paired AF/DF estimates,workload replication
analysis_configuration_d068f9764ec1f6f976eaabd7,1.25,8,0.1,floor,schedule_next_after_transition,30,0.001556000000000001,0.23349918692116947,0.08955099999999999,0.018521333333333334,0.125,0.0011873166666666673,0.0019406833333333346,mean of workload-paired AF/DF estimates,workload replication
analysis_configuration_d0ac65683cbdaa917e3b0e95,0.5,8,3e-05,floor,schedule_next_after_transition,30,0.0,5.13839979782981e-05,3.066666666666667e-05,0.0,0.125,0.0,0.0,mean of workload-paired AF/DF estimates,workload replication
analysis_configuration_d1058a92b7f29751b8741c10,1.0,8,0.0001,ceiling,schedule_next_after_transition,30,9.333333333333416e-06,0.00013979821486212118,8.466666666666667e-05,8.666666666666668e-06,0.125,1.9999999999992245e-06,1.9333333333333703e-05,mean of workload-paired AF/DF estimates,workload replication
analysis_configuration_d2088da0df2eb4cd578bf6a5,1.0,8,0.001,ceiling,schedule_next_after_transition,30,6.26666666666655e-05,0.0014399546300053446,0.000866,0.00011166666666666667,0.125,4.7333333333334854e-05,7.866666666666485e-05,mean of workload-paired AF/DF estimates,workload replication
analysis_configuration_d2aaeffbb02165159dbf49bc,1.0,4,0.003,floor,schedule_next_after_transition,30,0.00013333333333333068,0.007056143431124275,0.0030136666666666667,0.0006066666666666667,0.25,0.0001006666666666628,0.00016733333333332956,mean of workload-paired AF/DF estimates,workload replication
analysis_configuration_d2fbd2327fb6cb50b4803d55,0.5,1,0.003,nearest,schedule_next_after_transition,30,0.0006706666666666657,0.0032417778174907244,0.0019913333333333332,0.0010040000000000001,1.0,0.0006213333333333293,0.0007226666666666697,mean of workload-paired AF/DF estimates,workload replication
analysis_configuration_d3337d0b577cc1a83c8508b5,1.25,16,0.03,nearest,schedule_next_after_transition,30,0.001307999999999999,0.0653844431229354,0.028988333333333335,0.005911,0.0625,0.000970666666666666,0.0016739999999999978,mean of workload-paired AF/DF estimates,workload replication
analysis_configuration_d38042612938bba2d5c12131,1.1,4,0.0001,ceiling,schedule_next_after_transition,30,1.9333333333330464e-05,0.00015300001497573802,8.6e-05,2.8e-05,0.25,1.0666666666663457e-05,2.933333333333121e-05,mean of workload-paired AF/DF estimates,workload replication
analysis_configuration_d3e3906e4268817b655e2107,1.0,16,0.0003,ceiling,schedule_next_after_transition,30,1.9333333333333008e-05,0.000422634512499049,0.00026599999999999996,1.2e-05,0.0625,5.333333333333116e-06,4.000000000000022e-05,mean of workload-paired AF/DF estimates,workload replication
analysis_configuration_d3ee39821b4807e2aa76a28d,1.0,8,0.0003,floor,schedule_next_after_transition,30,4.000000000000022e-05,0.0007281618473825478,0.00032366666666666666,4.3666666666666666e-05,0.125,2.533333333333415e-05,5.666666666666551e-05,mean of workload-paired AF/DF estimates,workload replication
analysis_configuration_d47f8ae5e0f2c114155e49af,1.1,8,0.03,nearest,schedule_next_after_transition,30,0.000494000000000001,0.060151129936344944,0.028191333333333336,0.004583,0.125,0.00038998333333333126,0.0005993333333333378,mean of workload-paired AF/DF estimates,workload replication
analysis_configuration_d506d11d684cf59fe769b44e,1.25,1,3e-05,nearest,schedule_next_after_transition,30,1.1333333333340967e-05,5.6319328283659894e-05,2.3333333333333336e-05,1.5333333333333334e-05,1.0,6.666666666673334e-06,1.60000000000123e-05,mean of workload-paired AF/DF estimates,workload replication
analysis_configuration_d55434591c1d99e8246fa8e8,1.0,1,0.03,nearest,schedule_next_after_transition,30,0.0073306666666666746,0.04876794228599068,0.021859,0.014438333333333333,1.0,0.007152666666666685,0.0075106666666666655,mean of workload-paired AF/DF estimates,workload replication
analysis_configuration_d59fed09d1c2b4135c3397d8,0.5,1,0.03,nearest,schedule_next_after_transition,30,0.006596666666666667,0.03206859878828223,0.019456666666666667,0.009678333333333334,1.0,0.006459999999999997,0.006730666666666666,mean of workload-paired AF/DF estimates,workload replication
analysis_configuration_d60924491bb51ebc33ccbab9,1.1,8,0.0001,ceiling,schedule_next_after_transition,30,1.8000000000000424e-05,0.00016682456379563319,9.866666666666666e-05,1.866666666666667e-05,0.125,8.666666666667007e-06,2.8666666666668504e-05,mean of workload-paired AF/DF estimates,workload replication
analysis_configuration_d6786bf707d86d12ea36b39a,0.95,8,0.01,floor,schedule_next_after_transition,30,0.00020066666666666705,0.02313640142395902,0.009767,0.000893,0.125,0.00015600000000000198,0.000245333333333333,mean of workload-paired AF/DF estimates,workload replication
analysis_configuration_d762e994a4d5efc324cb4a8e,0.5,4,0.03,floor,schedule_next_after_transition,30,0.000496,0.050345652267939384,0.029156,0.0009326666666666667,0.25,0.00045331666666666626,0.0005399999999999992,mean of workload-paired AF/DF estimates,workload replication
analysis_configuration_d77fb1330844cc0aa14f2e44,0.95,8,1e-05,ceiling,schedule_next_after_transition,30,1.3333333333328165e-06,1.2567381685087826e-05,6.666666666666667e-06,1.3333333333333334e-06,0.125,0.0,3.333333333332041e-06,mean of workload-paired AF/DF estimates,workload replication
analysis_configuration_d79e13f1d30854eb4e7c46f5,0.95,1,0.003,floor,schedule_next_after_transition,30,0.0007459999999999967,0.005715141752955418,0.0029436666666666665,0.0014636666666666665,1.0,0.0006880000000000034,0.0008026666666666664,mean of workload-paired AF/DF estimates,workload replication
analysis_configuration_d81998fc1a68fb48c28106ec,1.25,4,0.01,floor,schedule_next_after_transition,30,0.0003526666666666678,0.02566655720050791,0.009922666666666666,0.0028816666666666665,0.25,0.0002613333333333281,0.0004480000000000003,mean of workload-paired AF/DF estimates,workload replication
analysis_configuration_d8e53418ed9e37d08f89af8f,1.25,1,0.001,floor,schedule_next_after_transition,30,0.00025800000000001007,0.0021831576062950253,0.0009816666666666667,0.0005736666666666667,1.0,0.000214649999999986,0.00030133333333334246,mean of workload-paired AF/DF estimates,workload replication
analysis_configuration_d90183e443f8a5efe582bf9b,1.1,8,0.03,ceiling,schedule_next_after_transition,30,0.0006353333333333322,0.047123714717864494,0.027133666666666667,0.004822666666666667,0.125,0.0005053333333333308,0.0007706666666666667,mean of workload-paired AF/DF estimates,workload replication
analysis_configuration_d94133584ffb62cb9af78db3,0.95,8,0.1,floor,schedule_next_after_transition,30,0.0013039999999999992,0.20886615914942838,0.09091533333333332,0.006958333333333333,0.125,0.001144,0.0014600000000000001,mean of workload-paired AF/DF estimates,workload replication
analysis_configuration_da0c56af6fcac5823e1e69fe,1.25,4,0.0003,ceiling,schedule_next_after_transition,30,4.733333333332886e-05,0.0004817156454021628,0.000234,7.2e-05,0.25,3.333333333333336e-05,6.266666666665906e-05,mean of workload-paired AF/DF estimates,workload replication
analysis_configuration_da142ce6c4b91d67040fd1b8,1.25,8,0.03,nearest,schedule_next_after_transition,30,0.000804000000000002,0.06502287679119421,0.028601333333333333,0.006752666666666667,0.125,0.0006560000000000028,0.0009573333333333331,mean of workload-paired AF/DF estimates,workload replication
analysis_configuration_da17b4f249003007762ceb71,1.0,1,0.0003,nearest,schedule_next_after_transition,30,7.600000000000754e-05,0.0005031380175187226,0.00021733333333333332,0.00014333333333333334,1.0,5.866666666667168e-05,9.466666666667253e-05,mean of workload-paired AF/DF estimates,workload replication
analysis_configuration_da783602bf605fc7113448fc,0.95,4,0.03,floor,schedule_next_after_transition,30,0.0011786666666666694,0.06652342526073488,0.029422,0.005228,0.25,0.0010220000000000034,0.001336016666666672,mean of workload-paired AF/DF estimates,workload replication
analysis_configuration_da921fbdce290f4915b836ac,0.95,1,0.003,ceiling,schedule_next_after_transition,30,0.0006973333333333405,0.003691934473100103,0.0014103333333333333,0.0014103333333333333,1.0,0.0006473166666666685,0.000748666666666668,mean of workload-paired AF/DF estimates,workload replication
analysis_configuration_db7df7c26c52f02d0cbeb783,0.5,16,1e-05,ceiling,schedule_next_after_transition,30,0.0,1.0000053336266668e-05,6.666666666666667e-06,0.0,0.0625,0.0,0.0,mean of workload-paired AF/DF estimates,workload replication
analysis_configuration_db88b7e53c633db62586c4c5,1.25,1,3e-05,ceiling,schedule_next_after_transition,30,1.3333333333328165e-05,5.538892663655046e-05,2e-05,2e-05,1.0,8.666666666660532e-06,1.866666666665203e-05,mean of workload-paired AF/DF estimates,workload replication
analysis_configuration_dcfb81f6f0ee0bf92f9b80da,0.8,8,0.03,floor,schedule_next_after_transition,30,0.00024799999999999985,0.06302251885702026,0.029398666666666667,0.0010306666666666667,0.125,0.0002073166666666657,0.0002906666666666659,mean of workload-paired AF/DF estimates,workload replication
analysis_configuration_dd63d41caea2f77eeb905e3b,1.25,16,1e-05,ceiling,schedule_next_after_transition,30,6.666666666673334e-07,1.7456712380582313e-05,7.666666666666667e-06,6.666666666666667e-07,0.0625,0.0,2.000000000002e-06,mean of workload-paired AF/DF estimates,workload replication
analysis_configuration_dda68954be3cc15ffcb615d5,1.0,4,3e-05,floor,schedule_next_after_transition,30,4.666666666667633e-06,7.625581056290443e-05,3.6e-05,7.333333333333335e-06,0.25,1.3333333333337417e-06,8.666666666667933e-06,mean of workload-paired AF/DF estimates,workload replication
analysis_configuration_ddb11b909cb6378ae8cd4716,1.25,8,0.03,ceiling,schedule_next_after_transition,30,0.0007639999999999971,0.052467501544123864,0.028119333333333333,0.007029666666666667,0.125,0.0005679999999999954,0.0009613333333333326,mean of workload-paired AF/DF estimates,workload replication
analysis_configuration_ded333a18d8b21308aa8d9f4,0.8,16,1e-05,ceiling,schedule_next_after_transition,30,0.0,1.938992272763292e-05,1.2666666666666667e-05,0.0,0.0625,0.0,0.0,mean of workload-paired AF/DF estimates,workload replication
analysis_configuration_df5b1874ef5dc083492fa23a,0.95,8,0.003,nearest,schedule_next_after_transition,30,9.666666666666665e-05,0.005618362128777885,0.002761,0.0002576666666666667,0.125,6.998333333333082e-05,0.00012533333333333518,mean of workload-paired AF/DF estimates,workload replication
analysis_configuration_df90102700e33ee9008487b9,0.8,4,0.1,nearest,schedule_next_after_transition,30,0.0036973333333333333,0.15099776809438378,0.07844233333333334,0.011141000000000002,0.25,0.003511333333333333,0.0038853500000000014,mean of workload-paired AF/DF estimates,workload replication
analysis_configuration_e0692a8a1faf3763df6bdb09,1.0,4,0.0001,floor,schedule_next_after_transition,30,7.333333333335116e-06,0.00025919309218422874,0.00010866666666666667,1.4e-05,0.25,2.6666666666684083e-06,1.20000000000046e-05,mean of workload-paired AF/DF estimates,workload replication
analysis_configuration_e163fc29160e437a3710969e,1.25,16,0.003,nearest,schedule_next_after_transition,30,0.0008319999999999976,0.006797128090615823,0.002977666666666667,0.000624,0.0625,0.0006253166666666658,0.0010559999999999931,mean of workload-paired AF/DF estimates,workload replication
analysis_configuration_e1ce5e0edca94c94524e2f60,1.1,8,0.003,ceiling,schedule_next_after_transition,30,0.0002073333333333316,0.004953699324044947,0.002867,0.000493,0.125,0.00015666666666666696,0.0002633333333333312,mean of workload-paired AF/DF estimates,workload replication
analysis_configuration_e2214b0316b8c954efdebd35,1.25,1,0.01,floor,schedule_next_after_transition,30,0.0024240000000000004,0.021953544367002167,0.009734333333333334,0.005404,1.0,0.0022993333333333386,0.0025559999999999953,mean of workload-paired AF/DF estimates,workload replication
analysis_configuration_e2d087475b6b98a19b0300e9,1.1,1,0.0001,ceiling,schedule_next_after_transition,30,2.8000000000005797e-05,0.00014182300061435312,5e-05,5e-05,1.0,2.066666666667253e-05,3.600000000001019e-05,mean of workload-paired AF/DF estimates,workload replication
analysis_configuration_e2e65d32f222f7796446e8cb,1.0,16,3e-05,nearest,schedule_next_after_transition,30,6.666666666666395e-07,6.66461013980096e-05,3.0000000000000004e-05,6.666666666666667e-07,0.0625,0.0,1.9999999999999186e-06,mean of workload-paired AF/DF estimates,workload replication
analysis_configuration_e38b808419137075d79a12c6,1.0,8,0.0001,nearest,schedule_next_after_transition,30,2.4666666666666818e-05,0.0001892024283243559,9.333333333333333e-05,1.5333333333333334e-05,0.125,8.666666666667007e-06,4.666666666666662e-05,mean of workload-paired AF/DF estimates,workload replication
analysis_configuration_e3b4f59881ab15f675683f82,1.25,1,1e-05,nearest,schedule_next_after_transition,30,5.333333333334967e-06,1.846590424976968e-05,6.666666666666667e-06,5.333333333333334e-06,1.0,2.666666666661932e-06,8.666666666671633e-06,mean of workload-paired AF/DF estimates,workload replication
analysis_configuration_e466ee55db87d912cbf21dfc,0.8,8,0.03,nearest,schedule_next_after_transition,30,0.00027199999999999956,0.04931631579203225,0.025886000000000003,0.0011423333333333333,0.125,0.0002286666666666666,0.0003146666666666661,mean of workload-paired AF/DF estimates,workload replication
analysis_configuration_e4ec0e15eed3b750a792060f,1.1,16,0.03,floor,schedule_next_after_transition,30,0.0007399999999999999,0.07403368876511489,0.029194333333333333,0.002984333333333333,0.0625,0.0005640000000000002,0.0009179999999999999,mean of workload-paired AF/DF estimates,workload replication
analysis_configuration_e5265c04989f9ebf00fac51e,1.25,4,0.003,nearest,schedule_next_after_transition,30,0.00018999999999999944,0.006552094114898607,0.0027766666666666664,0.0008693333333333333,0.25,0.00013864999999998922,0.0002426666666666688,mean of workload-paired AF/DF estimates,workload replication
analysis_configuration_e52b665eaadd0ab1a7804525,0.5,8,3e-05,nearest,schedule_next_after_transition,30,0.0,4.070595244582528e-05,2.2e-05,0.0,0.125,0.0,0.0,mean of workload-paired AF/DF estimates,workload replication
analysis_configuration_e5524e21f2a2c5a1ad8873c2,1.0,8,3e-05,floor,schedule_next_after_transition,30,1.333333333333279e-06,6.423727229268661e-05,2.3333333333333332e-05,2.0000000000000003e-06,0.125,0.0,3.999999999999837e-06,mean of workload-paired AF/DF estimates,workload replication
analysis_configuration_e573d6e64268b11d74b33a9b,1.25,4,0.001,ceiling,schedule_next_after_transition,30,0.00012666666666666566,0.001795490356687152,0.0008926666666666667,0.0002946666666666667,0.25,9.066666666666667e-05,0.00016599999999999392,mean of workload-paired AF/DF estimates,workload replication
analysis_configuration_e658c14dcb07569c53f00c28,0.95,4,0.1,nearest,schedule_next_after_transition,30,0.003976666666666671,0.16709871093961068,0.08101866666666666,0.016349666666666665,0.25,0.003751316666666668,0.0042000000000000015,mean of workload-paired AF/DF estimates,workload replication
analysis_configuration_e7175aadcc93fb742a28f37b,1.25,8,1e-05,nearest,schedule_next_after_transition,30,2.00000000000015e-06,2.789705392735282e-05,1.4e-05,2.666666666666667e-06,0.125,0.0,5.333333333333116e-06,mean of workload-paired AF/DF estimates,workload replication
analysis_configuration_e723cc082103c1e92cd1d6fa,1.0,1,1e-05,nearest,schedule_next_after_transition,30,3.333333333336667e-06,1.8669018383965774e-05,8.000000000000001e-06,4.000000000000001e-06,1.0,6.666666666673334e-07,7.333333333340668e-06,mean of workload-paired AF/DF estimates,workload replication
analysis_configuration_e8fe66029ef9a908dae5d068,0.5,8,0.003,ceiling,schedule_next_after_transition,30,1.9999999999999834e-06,0.002212846619685752,0.0014733333333333334,5.333333333333334e-06,0.125,0.0,3.999999999999989e-06,mean of workload-paired AF/DF estimates,workload replication
analysis_configuration_e93127c600633faff4187c18,0.8,4,0.0001,ceiling,schedule_next_after_transition,30,5.333333333333116e-06,0.0001086091765661265,7.133333333333334e-05,1.1333333333333334e-05,0.25,1.9999999999996874e-06,9.333333333332953e-06,mean of workload-paired AF/DF estimates,workload replication
analysis_configuration_eab2f897685ff00a23deffee,1.25,16,0.001,ceiling,schedule_next_after_transition,30,0.0005706666666666675,0.0018389139289177582,0.0010073333333333334,0.00020066666666666667,0.0625,0.0004360000000000012,0.0007280000000000027,mean of workload-paired AF/DF estimates,workload replication
analysis_configuration_ebab788ded1616beb8c8d4c0,1.1,1,3e-05,ceiling,schedule_next_after_transition,30,7.333333333329565e-06,3.703374686166015e-05,1.2e-05,1.2e-05,1.0,3.333333333332966e-06,1.1999999999993497e-05,mean of workload-paired AF/DF estimates,workload replication
analysis_configuration_ebf0f00e53c9a9c8e31ca967,1.1,4,0.003,nearest,schedule_next_after_transition,30,0.00014399999999999784,0.005819138894726069,0.002655,0.0006963333333333333,0.25,0.00010733333333333055,0.00018199999999999792,mean of workload-paired AF/DF estimates,workload replication
analysis_configuration_ec4234b90e2101d9ad35dc59,1.1,8,0.01,floor,schedule_next_after_transition,30,0.00037133333333333647,0.025193157860262456,0.010094666666666667,0.0015933333333333333,0.125,0.00028933333333333865,0.0004573333333333346,mean of workload-paired AF/DF estimates,workload replication
analysis_configuration_ec96711d0ca6228c46a285c2,1.25,4,1e-05,floor,schedule_next_after_transition,30,1.3333333333346669e-06,2.2703116574419828e-05,1e-05,2.0000000000000003e-06,0.25,0.0,3.333333333336667e-06,mean of workload-paired AF/DF estimates,workload replication
analysis_configuration_ed7a967343746c1881935888,0.8,16,0.03,ceiling,schedule_next_after_transition,30,5.8666666666666645e-05,0.03525453028247647,0.023360666666666665,0.000191,0.0625,4.4000000000000175e-05,7.466666666666651e-05,mean of workload-paired AF/DF estimates,workload replication
analysis_configuration_ed87005322209eac1b92ba03,0.95,16,0.0001,floor,schedule_next_after_transition,30,6.666666666666395e-06,0.0002513820302250306,0.00012000000000000002,6e-06,0.0625,1.333333333333279e-06,1.3999999999999429e-05,mean of workload-paired AF/DF estimates,workload replication
analysis_configuration_ee13c30dea58d7a85c5760b0,0.95,1,1e-05,floor,schedule_next_after_transition,30,4.6666666666694835e-06,1.7638943153702777e-05,8.666666666666668e-06,5.333333333333334e-06,1.0,2.00000000000015e-06,8.0000000000043e-06,mean of workload-paired AF/DF estimates,workload replication
analysis_configuration_ee436d4d8850e438e12ba9d2,0.95,1,3e-05,floor,schedule_next_after_transition,30,8.666666666666082e-06,5.905010653074944e-05,2.6000000000000002e-05,9.333333333333334e-06,1.0,4.0000000000003e-06,1.4000000000001048e-05,mean of workload-paired AF/DF estimates,workload replication
analysis_configuration_eed33975893abdadc5f22d9d,1.0,16,0.0001,floor,schedule_next_after_transition,30,7.999999999999905e-06,0.0002497968114066919,9.366666666666666e-05,4.666666666666667e-06,0.0625,0.0,1.79999999999995e-05,mean of workload-paired AF/DF estimates,workload replication
analysis_configuration_ef0873132e8126e14310fa56,0.5,16,0.03,ceiling,schedule_next_after_transition,30,6.666666666666667e-07,0.02245247259911363,0.015046666666666668,6.666666666666667e-07,0.0625,0.0,2.0000000000000003e-06,mean of workload-paired AF/DF estimates,workload replication
analysis_configuration_efcbfc85421c6c0be889bcb0,0.95,8,3e-05,nearest,schedule_next_after_transition,30,3.333333333332966e-06,5.5133437394864735e-05,3.0000000000000004e-05,4.666666666666667e-06,0.125,6.666666666664083e-07,6.666666666666395e-06,mean of workload-paired AF/DF estimates,workload replication
analysis_configuration_f068992c29b4bd9f1c1dcb60,1.1,16,0.0003,floor,schedule_next_after_transition,30,8.733333333333371e-05,0.0007280186362824426,0.000282,3.533333333333333e-05,0.0625,5.000000000000004e-05,0.00013066666666666782,mean of workload-paired AF/DF estimates,workload replication
analysis_configuration_f13eff0d26e70010b990d72c,1.1,4,0.003,floor,schedule_next_after_transition,30,0.000145999999999998,0.007231309511360884,0.0029463333333333334,0.0007543333333333333,0.25,0.00010133333333332736,0.00019533333333333162,mean of workload-paired AF/DF estimates,workload replication
analysis_configuration_f1a4d266a64afa3be42f2f32,0.8,8,3e-05,nearest,schedule_next_after_transition,30,0.0,5.914902175880957e-05,3.4e-05,0.0,0.125,0.0,0.0,mean of workload-paired AF/DF estimates,workload replication
analysis_configuration_f26ee08ccba1350b3ff0595a,0.95,16,0.01,floor,schedule_next_after_transition,30,8.799999999999941e-05,0.023557227290457426,0.00986,0.0003263333333333333,0.0625,5.9999999999999866e-05,0.00011866666666666577,mean of workload-paired AF/DF estimates,workload replication
analysis_configuration_f2ab79cc013118a230a84905,1.0,16,3e-05,ceiling,schedule_next_after_transition,30,8.666666666666544e-06,4.947454760855552e-05,2.4666666666666665e-05,3.3333333333333333e-06,0.0625,0.0,2.4666666666666357e-05,mean of workload-paired AF/DF estimates,workload replication
analysis_configuration_f3a6b979d41455327b14c19c,0.5,4,0.0001,floor,schedule_next_after_transition,30,1.9999999999999186e-06,0.00017686435718034963,9.4e-05,4e-06,0.25,0.0,3.999999999999837e-06,mean of workload-paired AF/DF estimates,workload replication
analysis_configuration_f3fbd3984cb4accab09ed798,0.95,4,3e-05,floor,schedule_next_after_transition,30,6.666666666673334e-07,6.70340245875599e-05,2.6000000000000002e-05,5.333333333333334e-06,0.25,0.0,2.000000000002e-06,mean of workload-paired AF/DF estimates,workload replication
analysis_configuration_f41a88ea16854d2f09b85363,1.0,16,0.03,nearest,schedule_next_after_transition,30,0.00047466666666666745,0.057610976144840814,0.028315333333333335,0.0016906666666666667,0.0625,0.00039000000000000005,0.0005613333333333332,mean of workload-paired AF/DF estimates,workload replication
analysis_configuration_f41c1e9f9d9116ed760b411f,0.8,1,0.001,nearest,schedule_next_after_transition,30,0.0002519999999999967,0.001391300798557365,0.000722,0.000438,1.0,0.0002286666666666696,0.0002746666666666528,mean of workload-paired AF/DF estimates,workload replication
analysis_configuration_f44a204b369f08edd364c5ad,0.95,4,0.0003,floor,schedule_next_after_transition,30,3.0666666666664026e-05,0.000696730536626442,0.000294,5.6e-05,0.25,1.866666666666683e-05,4.466666666666323e-05,mean of workload-paired AF/DF estimates,workload replication
analysis_configuration_f495cb954e1794cc735873db,1.25,8,0.001,nearest,schedule_next_after_transition,30,0.00021399999999999753,0.0021981850747984488,0.0009866666666666667,0.000236,0.125,0.00016266666666666282,0.00026866666666666613,mean of workload-paired AF/DF estimates,workload replication
analysis_configuration_f4b5ab9c5512c08bb636fc64,1.25,4,0.1,floor,schedule_next_after_transition,30,0.003990666666666667,0.22743394565781952,0.08944733333333334,0.02501666666666667,0.25,0.003651300000000008,0.0043173333333333345,mean of workload-paired AF/DF estimates,workload replication
analysis_configuration_f5200d77e7bef2c6304161e7,1.0,1,3e-05,nearest,schedule_next_after_transition,30,9.333333333335266e-06,5.421479980539097e-05,2.2e-05,1.5333333333333334e-05,1.0,5.333333333329415e-06,1.4000000000002898e-05,mean of workload-paired AF/DF estimates,workload replication
analysis_configuration_f56357d6d82a410a9287de1c,1.0,1,0.001,ceiling,schedule_next_after_transition,30,0.00024199999999999406,0.0013073002908021256,0.000481,0.000481,1.0,0.00021266666666666466,0.0002726666666666544,mean of workload-paired AF/DF estimates,workload replication
analysis_configuration_f5697d67da8ba3ae537daac8,1.1,16,0.001,floor,schedule_next_after_transition,30,0.00016066666666666776,0.0025262133301898384,0.0009793333333333334,0.00011666666666666667,0.0625,0.00011866666666666783,0.00020600000000000203,mean of workload-paired AF/DF estimates,workload replication
analysis_configuration_f594f13938f9bfd7e1e5f291,1.1,1,0.01,floor,schedule_next_after_transition,30,0.0024333333333333242,0.020864598780642483,0.009842333333333333,0.005173333333333334,1.0,0.0023226666666666435,0.002539333333333316,mean of workload-paired AF/DF estimates,workload replication
analysis_configuration_f6c0008d9c68680be43752bc,1.25,16,0.001,nearest,schedule_next_after_transition,30,0.0006546666666666673,0.0022547503557608013,0.0009733333333333333,0.00019033333333333332,0.0625,0.0004926499999999996,0.0008520000000000009,mean of workload-paired AF/DF estimates,workload replication
analysis_configuration_f81e9b5ba7caf63a9dea30cd,0.8,16,0.01,nearest,schedule_next_after_transition,30,1.9333333333333354e-05,0.01672485788264044,0.008833,6.000000000000001e-05,0.0625,1.26666666666667e-05,2.6666666666666738e-05,mean of workload-paired AF/DF estimates,workload replication
analysis_configuration_f948a15a456a0b15fb8eaea2,0.5,4,0.1,floor,schedule_next_after_transition,30,0.00165,0.15770648936141496,0.092906,0.0027923333333333333,0.25,0.001572666666666667,0.0017266666666666667,mean of workload-paired AF/DF estimates,workload replication
analysis_configuration_fb79061152eb16b192ac2f9b,0.95,8,1e-05,floor,schedule_next_after_transition,30,1.333333333333279e-06,2.233315830046429e-05,9.333333333333334e-06,1.3333333333333334e-06,0.125,0.0,3.999999999999837e-06,mean of workload-paired AF/DF estimates,workload replication
analysis_configuration_fb958b643f1627f9c272f11e,1.0,1,0.0001,ceiling,schedule_next_after_transition,30,2.5333333333347567e-05,0.0001315698193113252,4.7333333333333336e-05,4.7333333333333336e-05,1.0,1.733333333335067e-05,3.40000000000081e-05,mean of workload-paired AF/DF estimates,workload replication
analysis_configuration_fbcdc346a9804dbf61ab152a,1.1,8,0.1,nearest,schedule_next_after_transition,30,0.0014173333333333342,0.18664214476638913,0.08701266666666667,0.014244333333333333,0.125,0.0011819833333333314,0.0016553333333333327,mean of workload-paired AF/DF estimates,workload replication
analysis_configuration_fcdea63a8e3d6401993e1f18,1.25,8,1e-05,ceiling,schedule_next_after_transition,30,2.00000000000015e-06,1.5088772669150066e-05,7.333333333333334e-06,6.666666666666667e-07,0.125,0.0,6.000000000000449e-06,mean of workload-paired AF/DF estimates,workload replication
analysis_configuration_fcf453b71348d3fefd68d924,0.95,1,1e-05,ceiling,schedule_next_after_transition,30,5.333333333334967e-06,1.3219968693126234e-05,5.333333333333334e-06,5.333333333333334e-06,1.0,1.3333333333346669e-06,1.0666666666666232e-05,mean of workload-paired AF/DF estimates,workload replication
analysis_configuration_fdd6a21be6576d2c09f14d88,1.1,8,0.001,ceiling,schedule_next_after_transition,30,0.0001053333333333332,0.001657588200285301,0.000968,0.00018666666666666666,0.125,7.6000000000002e-05,0.0001373333333333319,mean of workload-paired AF/DF estimates,workload replication
analysis_configuration_fe756af73eb63bcc282896ad,1.25,8,0.0003,nearest,schedule_next_after_transition,30,8.199999999999874e-05,0.0006617626032174175,0.0002936666666666667,6.266666666666667e-05,0.125,5.333333333333301e-05,0.00011466666666666847,mean of workload-paired AF/DF estimates,workload replication
analysis_configuration_fe826f6a5276b17e48fcb305,1.0,1,0.01,ceiling,schedule_next_after_transition,30,0.002404666666666662,0.013132945572354452,0.004902333333333333,0.004902333333333333,1.0,0.002278666666666655,0.002527350000000003,mean of workload-paired AF/DF estimates,workload replication
analysis_configuration_ffcaa7e9bca7dcd904883d83,0.95,1,0.03,ceiling,schedule_next_after_transition,30,0.007460666666666671,0.037667642964010296,0.014443333333333334,0.014443333333333334,1.0,0.00730066666666667,0.0076253333333333355,mean of workload-paired AF/DF estimates,workload replication
