rho,capacity,delta,quantizer,preload_all_absolute_policy_gap,preload_all_critical_collision_rate,preload_all_total_collision_rate,schedule_next_after_transition_absolute_policy_gap,schedule_next_after_transition_critical_collision_rate,schedule_next_after_transition_total_collision_rate,robustness_difference_absolute_policy_gap,robustness_difference_critical_collision_rate,robustness_difference_total_collision_rate,comparison_label
0.8,8,0.0003,nearest,4.0000000000000684e-06,1.2e-05,0.0004898636947254428,4.0000000000000684e-06,1.2e-05,0.0004898636947254428,0.0,0.0,0.0,robustness only; not primary observations
0.5,4,0.03,ceiling,0.0005093333333333334,0.000986,0.022290817554574047,0.0005093333333333334,0.0009713333333333333,0.022290817554574047,0.0,-1.4666666666666626e-05,0.0,robustness only; not primary observations
1.25,1,0.01,ceiling,0.0024700000000000017,0.005547333333333334,0.016191233380820073,0.0024700000000000017,0.005547333333333334,0.016191233380820073,0.0,0.0,0.0,robustness only; not primary observations
1.1,4,0.03,ceiling,0.0010933333333333305,0.007305000000000001,0.046282411551894324,0.0010933333333333305,0.007202,0.046282411551894324,0.0,-0.00010300000000000066,0.0,robustness only; not primary observations
0.5,1,0.0003,ceiling,4.999999999999449e-05,7.000000000000001e-05,0.00016885152285515994,4.999999999999449e-05,7e-05,0.00016885152285515994,0.0,-1.3552527156068805e-20,0.0,robustness only; not primary observations
0.5,4,0.001,floor,1.9333333333332893e-05,3.366666666666667e-05,0.0017212055972672087,1.9333333333332893e-05,3.366666666666667e-05,0.0017212055972672087,0.0,0.0,0.0,robustness only; not primary observations
1.0,1,0.03,ceiling,0.0074193333333333255,0.014584333333333333,0.03913823664561246,0.0074193333333333255,0.014584333333333333,0.03913823664561246,0.0,0.0,0.0,robustness only; not primary observations
0.5,16,0.0003,nearest,0.0,0.0,0.00039966949676276743,0.0,0.0,0.00039966949676276743,0.0,0.0,0.0,robustness only; not primary observations
0.8,4,0.0003,nearest,1.4000000000000123e-05,3.066666666666667e-05,0.00045398683832979206,1.4000000000000123e-05,3.066666666666667e-05,0.00045398683832979206,0.0,0.0,0.0,robustness only; not primary observations
0.95,4,0.003,nearest,0.00014533333333333157,0.0005593333333333333,0.005554145826339488,0.00014533333333333157,0.000558,0.005554145826339488,0.0,-1.3333333333333296e-06,0.0,robustness only; not primary observations
1.0,8,1e-05,floor,1.333333333333279e-06,1.3333333333333334e-06,2.47045633738387e-05,1.333333333333279e-06,1.3333333333333334e-06,2.47045633738387e-05,0.0,0.0,0.0,robustness only; not primary observations
1.1,16,0.1,floor,0.0008980000000000016,0.007924,0.22480248887957088,0.0008980000000000016,0.007536,0.22480248887957088,0.0,-0.0003880000000000003,0.0,robustness only; not primary observations
0.95,16,0.0001,ceiling,4.666666666666708e-06,2.666666666666667e-06,0.00013657248636569677,4.666666666666708e-06,2.666666666666667e-06,0.00013657248636569677,0.0,0.0,0.0,robustness only; not primary observations
0.95,8,0.003,nearest,9.666666666666665e-05,0.00025833333333333334,0.005618362128777885,9.666666666666665e-05,0.0002576666666666667,0.005618362128777885,0.0,-6.666666666666648e-07,0.0,robustness only; not primary observations
1.25,4,0.0001,floor,1.400000000000475e-05,2.6000000000000002e-05,0.00025060977869753576,1.400000000000475e-05,2.6000000000000002e-05,0.00025060977869753576,0.0,0.0,0.0,robustness only; not primary observations
0.8,16,0.01,ceiling,2.466666666666673e-05,6.733333333333333e-05,0.011940981923102372,2.466666666666673e-05,6.666666666666667e-05,0.011940981923102372,0.0,-6.666666666666648e-07,0.0,robustness only; not primary observations
1.1,16,0.0001,ceiling,4.1333333333333035e-05,9.333333333333334e-06,0.0001687884997474911,4.1333333333333035e-05,9.333333333333334e-06,0.0001687884997474911,0.0,0.0,0.0,robustness only; not primary observations
0.95,8,0.0001,floor,5.3333333333335784e-06,3.3333333333333333e-06,0.00023170775694864265,5.3333333333335784e-06,3.3333333333333333e-06,0.00023170775694864265,0.0,0.0,0.0,robustness only; not primary observations
0.5,4,0.003,floor,6.0666666666667086e-05,0.00011166666666666667,0.005148427763997505,6.0666666666667086e-05,0.00011166666666666667,0.005148427763997505,0.0,0.0,0.0,robustness only; not primary observations
0.5,1,0.01,nearest,0.002267333333333332,0.0033323333333333334,0.010870084368932753,0.002267333333333332,0.0033323333333333334,0.010870084368932753,0.0,0.0,0.0,robustness only; not primary observations
1.0,1,0.0001,floor,2.9333333333336765e-05,5.066666666666667e-05,0.00020087296715655474,2.9333333333336765e-05,5.066666666666667e-05,0.00020087296715655474,0.0,0.0,0.0,robustness only; not primary observations
1.25,4,0.003,floor,0.00023666666666666652,0.0009043333333333334,0.007756274632585836,0.00023666666666666652,0.0009033333333333334,0.007756274632585836,0.0,-1.0000000000000243e-06,0.0,robustness only; not primary observations
0.8,4,0.1,ceiling,0.0035559999999999984,0.012585666666666667,0.11083766918060649,0.0035559999999999984,0.011948333333333333,0.11083766918060649,0.0,-0.0006373333333333335,0.0,robustness only; not primary observations
1.1,8,0.001,floor,0.00011466666666666662,0.00017033333333333334,0.002522130620455228,0.00011466666666666662,0.00017033333333333334,0.002522130620455228,0.0,0.0,0.0,robustness only; not primary observations
0.5,8,0.01,ceiling,9.333333333333322e-06,2e-05,0.007434412732477327,9.333333333333322e-06,2e-05,0.007434412732477327,0.0,0.0,0.0,robustness only; not primary observations
0.8,4,0.0003,floor,1.5333333333333866e-05,3.6e-05,0.0006278588416615909,1.5333333333333866e-05,3.6e-05,0.0006278588416615909,0.0,0.0,0.0,robustness only; not primary observations
0.95,8,0.001,floor,4.399999999999959e-05,9.133333333333334e-05,0.0023539958197262337,4.399999999999959e-05,9.066666666666667e-05,0.0023539958197262337,0.0,-6.666666666666648e-07,0.0,robustness only; not primary observations
1.1,1,0.01,nearest,0.0024933333333333326,0.005134333333333334,0.01763789388574992,0.0024933333333333326,0.005134333333333334,0.01763789388574992,0.0,0.0,0.0,robustness only; not primary observations
0.95,16,0.03,nearest,0.00019800000000000002,0.0010846666666666667,0.055262635896790334,0.00019800000000000002,0.0010676666666666669,0.055262635896790334,0.0,-1.699999999999987e-05,0.0,robustness only; not primary observations
0.5,1,1e-05,ceiling,6.666666666673334e-07,1.3333333333333334e-06,4.000205426872288e-06,6.666666666673334e-07,1.3333333333333334e-06,4.000205426872288e-06,0.0,0.0,0.0,robustness only; not primary observations
0.95,8,3e-05,floor,2.0000000000006123e-06,1.3333333333333334e-06,5.86223085610996e-05,2.0000000000006123e-06,1.3333333333333334e-06,5.86223085610996e-05,0.0,0.0,0.0,robustness only; not primary observations
1.1,4,0.001,floor,8.400000000000352e-05,0.00022600000000000002,0.0023999790094485873,8.400000000000352e-05,0.00022600000000000002,0.0023999790094485873,0.0,0.0,0.0,robustness only; not primary observations
1.1,16,0.0001,floor,1.7333333333332628e-05,7.333333333333334e-06,0.00026514625929717516,1.7333333333332628e-05,7.333333333333334e-06,0.00026514625929717516,0.0,0.0,0.0,robustness only; not primary observations
1.0,4,3e-05,ceiling,2.666666666666558e-06,4.666666666666667e-06,4.514047696795911e-05,2.666666666666558e-06,4.666666666666667e-06,4.514047696795911e-05,0.0,0.0,0.0,robustness only; not primary observations
1.25,8,0.003,nearest,0.0002926666666666707,0.0006973333333333333,0.0066521204592904365,0.0002926666666666707,0.0006966666666666667,0.0066521204592904365,0.0,-6.666666666666106e-07,0.0,robustness only; not primary observations
1.25,8,0.01,nearest,0.0006180000000000009,0.0023226666666666665,0.022124254683418842,0.0006180000000000009,0.002309666666666667,0.022124254683418842,0.0,-1.2999999999999557e-05,0.0,robustness only; not primary observations
1.25,16,3e-05,ceiling,6.333333333333191e-05,8e-06,6.0911232995352816e-05,6.333333333333191e-05,8.000000000000001e-06,6.0911232995352816e-05,0.0,1.6940658945086007e-21,0.0,robustness only; not primary observations
1.0,4,0.0001,floor,7.333333333335116e-06,1.4e-05,0.00025919309218422874,7.333333333335116e-06,1.4e-05,0.00025919309218422874,0.0,0.0,0.0,robustness only; not primary observations
0.8,8,0.03,floor,0.00024799999999999985,0.0010486666666666667,0.06302251885702026,0.00024799999999999985,0.0010306666666666667,0.06302251885702026,0.0,-1.8000000000000004e-05,0.0,robustness only; not primary observations
1.0,16,0.03,ceiling,0.0002826666666666686,0.0020136666666666666,0.04367093927279123,0.0002826666666666686,0.0019863333333333334,0.04367093927279123,0.0,-2.7333333333333203e-05,0.0,robustness only; not primary observations
1.0,4,0.03,ceiling,0.0012726666666666626,0.0060353333333333335,0.04262625491689842,0.0012726666666666626,0.005946000000000001,0.04262625491689842,0.0,-8.933333333333276e-05,0.0,robustness only; not primary observations
1.25,8,0.03,nearest,0.000804000000000002,0.006853333333333334,0.06502287679119421,0.000804000000000002,0.006752666666666667,0.06502287679119421,0.0,-0.00010066666666666644,0.0,robustness only; not primary observations
0.8,1,0.0003,ceiling,7.1999999999998e-05,0.00011866666666666667,0.00028119506377765165,7.1999999999998e-05,0.00011866666666666667,0.00028119506377765165,0.0,0.0,0.0,robustness only; not primary observations
1.25,4,0.03,ceiling,0.0011119999999999982,0.008979333333333334,0.05155381992078412,0.0011119999999999982,0.008846333333333335,0.05155381992078412,0.0,-0.00013299999999999944,0.0,robustness only; not primary observations
1.1,8,1e-05,ceiling,2.00000000000015e-06,2.0000000000000003e-06,2.1695905864327683e-05,2.00000000000015e-06,2.0000000000000003e-06,2.1695905864327683e-05,0.0,0.0,0.0,robustness only; not primary observations
1.1,4,0.0001,nearest,2.666666666666558e-05,3.4e-05,0.0001984301091397441,2.666666666666558e-05,3.4e-05,0.0001984301091397441,0.0,0.0,0.0,robustness only; not primary observations
0.8,1,0.03,floor,0.007545333333333332,0.012801,0.05252832911725962,0.007545333333333332,0.012801,0.05252832911725962,0.0,0.0,0.0,robustness only; not primary observations
1.0,8,0.001,nearest,5.066666666666645e-05,0.00010666666666666667,0.001871585748459953,5.066666666666645e-05,0.00010666666666666667,0.001871585748459953,0.0,0.0,0.0,robustness only; not primary observations
0.95,8,0.03,ceiling,0.0004893333333333324,0.002713,0.04120437740999879,0.0004893333333333324,0.0026653333333333334,0.04120437740999879,0.0,-4.766666666666678e-05,0.0,robustness only; not primary observations
0.5,1,0.003,nearest,0.0006706666666666657,0.0010040000000000001,0.0032417778174907244,0.0006706666666666657,0.0010040000000000001,0.0032417778174907244,0.0,0.0,0.0,robustness only; not primary observations
0.8,8,3e-05,floor,2.6666666666667892e-06,2.666666666666667e-06,7.411150383446416e-05,2.6666666666667892e-06,2.666666666666667e-06,7.411150383446416e-05,0.0,0.0,0.0,robustness only; not primary observations
1.25,1,0.0003,ceiling,8.533333333332986e-05,0.000176,0.00048187720477873,8.533333333332986e-05,0.000176,0.00048187720477873,0.0,0.0,0.0,robustness only; not primary observations
0.95,4,0.0001,ceiling,1.2666666666663606e-05,2.2666666666666668e-05,0.00015094097950008072,1.2666666666663606e-05,2.2666666666666668e-05,0.00015094097950008072,0.0,0.0,0.0,robustness only; not primary observations
0.8,16,0.03,nearest,4.2000000000000025e-05,0.00016266666666666667,0.04948080755884161,4.2000000000000025e-05,0.00016,0.04948080755884161,0.0,-2.666666666666659e-06,0.0,robustness only; not primary observations
0.8,4,0.0003,ceiling,1.800000000000135e-05,4.2000000000000004e-05,0.00035566169792885664,1.800000000000135e-05,4.2000000000000004e-05,0.00035566169792885664,0.0,0.0,0.0,robustness only; not primary observations
1.25,16,0.001,ceiling,0.0005706666666666675,0.00020066666666666667,0.0018389139289177582,0.0005706666666666675,0.00020066666666666667,0.0018389139289177582,0.0,0.0,0.0,robustness only; not primary observations
0.95,1,0.001,ceiling,0.00023399999999999902,0.00045933333333333335,0.0012272437800178045,0.00023399999999999902,0.00045933333333333335,0.0012272437800178045,0.0,0.0,0.0,robustness only; not primary observations
1.1,16,0.01,ceiling,0.0005373333333333351,0.0011506666666666668,0.016014959153242372,0.0005373333333333351,0.0011426666666666666,0.016014959153242372,0.0,-8.000000000000194e-06,0.0,robustness only; not primary observations
1.1,1,0.1,floor,0.024926666666666663,0.045982666666666665,0.18968859393948465,0.024926666666666663,0.045982666666666665,0.18968859393948465,0.0,0.0,0.0,robustness only; not primary observations
0.8,1,0.1,nearest,0.02414266666666666,0.040626,0.13414931350508805,0.02414266666666666,0.040626,0.13414931350508805,0.0,0.0,0.0,robustness only; not primary observations
0.95,1,1e-05,ceiling,5.333333333334967e-06,5.333333333333334e-06,1.3219968693126234e-05,5.333333333334967e-06,5.333333333333334e-06,1.3219968693126234e-05,0.0,0.0,0.0,robustness only; not primary observations
0.5,8,0.03,nearest,3.06666666666667e-05,5.966666666666667e-05,0.03680959348396382,3.06666666666667e-05,5.966666666666667e-05,0.03680959348396382,0.0,0.0,0.0,robustness only; not primary observations
0.5,1,0.003,floor,0.0006633333333333324,0.0009913333333333332,0.004452238557858929,0.0006633333333333324,0.0009913333333333332,0.004452238557858929,0.0,0.0,0.0,robustness only; not primary observations
0.95,8,0.03,floor,0.00046800000000000037,0.002434333333333333,0.0683627104163953,0.00046800000000000037,0.0023993333333333336,0.0683627104163953,0.0,-3.499999999999944e-05,0.0,robustness only; not primary observations
0.95,1,3e-05,floor,8.666666666666082e-06,9.333333333333334e-06,5.905010653074944e-05,8.666666666666082e-06,9.333333333333334e-06,5.905010653074944e-05,0.0,0.0,0.0,robustness only; not primary observations
1.25,4,0.001,nearest,0.000129333333333335,0.00028900000000000003,0.002160681042121756,0.000129333333333335,0.00028900000000000003,0.002160681042121756,0.0,0.0,0.0,robustness only; not primary observations
1.25,16,0.003,nearest,0.0008319999999999976,0.0006253333333333333,0.006797128090615823,0.0008319999999999976,0.000624,0.006797128090615823,0.0,-1.3333333333333296e-06,0.0,robustness only; not primary observations
1.0,4,1e-05,ceiling,1.3333333333328165e-06,2.0000000000000003e-06,1.480825461261339e-05,1.3333333333328165e-06,2.0000000000000003e-06,1.480825461261339e-05,0.0,0.0,0.0,robustness only; not primary observations
1.1,1,0.001,nearest,0.00025533333333332964,0.0005146666666666666,0.0018388916924851988,0.00025533333333332964,0.0005146666666666666,0.0018388916924851988,0.0,0.0,0.0,robustness only; not primary observations
0.5,8,0.0001,floor,0.0,6.666666666666667e-07,0.00018684648520040102,0.0,6.666666666666667e-07,0.00018684648520040102,0.0,0.0,0.0,robustness only; not primary observations
1.0,16,0.1,floor,0.00038533333333333334,0.0038416666666666664,0.2163617955870289,0.00038533333333333334,0.003663333333333333,0.2163617955870289,0.0,-0.0001783333333333333,0.0,robustness only; not primary observations
1.25,1,0.03,nearest,0.007280666666666661,0.016094,0.05641976028555416,0.007280666666666661,0.016094,0.05641976028555416,0.0,0.0,0.0,robustness only; not primary observations
1.25,16,3e-05,floor,2.4666666666668207e-05,5.333333333333334e-06,9.35393197536871e-05,2.4666666666668207e-05,5.333333333333334e-06,9.35393197536871e-05,0.0,0.0,0.0,robustness only; not primary observations
0.95,1,0.03,nearest,0.007429999999999997,0.014234333333333333,0.04693550781819862,0.007429999999999997,0.014234333333333333,0.04693550781819862,0.0,0.0,0.0,robustness only; not primary observations
1.25,8,0.1,nearest,0.0010420000000000004,0.021798333333333333,0.20000485100092058,0.0010420000000000004,0.020732666666666667,0.20000485100092058,0.0,-0.0010656666666666662,0.0,robustness only; not primary observations
0.5,16,0.01,floor,0.0,0.0,0.017408100907310316,0.0,0.0,0.017408100907310316,0.0,0.0,0.0,robustness only; not primary observations
1.0,4,3e-05,floor,4.666666666667633e-06,7.333333333333334e-06,7.625581056290443e-05,4.666666666667633e-06,7.333333333333335e-06,7.625581056290443e-05,0.0,8.470329472543003e-22,0.0,robustness only; not primary observations
1.25,4,0.1,nearest,0.003751999999999994,0.028033333333333334,0.1958116154310219,0.003751999999999994,0.026673,0.1958116154310219,0.0,-0.001360333333333335,0.0,robustness only; not primary observations
1.0,16,0.001,ceiling,3.800000000000007e-05,5.333333333333333e-05,0.0014706417425512388,3.800000000000007e-05,5.333333333333333e-05,0.0014706417425512388,0.0,0.0,0.0,robustness only; not primary observations
1.1,1,0.001,floor,0.0002566666666666643,0.000514,0.0021679744769790028,0.0002566666666666643,0.000514,0.0021679744769790028,0.0,0.0,0.0,robustness only; not primary observations
0.8,16,1e-05,ceiling,0.0,0.0,1.938992272763292e-05,0.0,0.0,1.938992272763292e-05,0.0,0.0,0.0,robustness only; not primary observations
1.1,4,3e-05,nearest,1.1333333333333566e-05,1e-05,6.208308561766826e-05,1.1333333333333566e-05,1e-05,6.208308561766826e-05,0.0,0.0,0.0,robustness only; not primary observations
1.0,16,0.03,floor,0.00038533333333333334,0.0015796666666666667,0.07059724894671177,0.00038533333333333334,0.0015513333333333332,0.07059724894671177,0.0,-2.8333333333333552e-05,0.0,robustness only; not primary observations
1.1,4,3e-05,floor,5.999999999999524e-06,8.666666666666668e-06,7.345429904026365e-05,5.999999999999524e-06,8.666666666666668e-06,7.345429904026365e-05,0.0,0.0,0.0,robustness only; not primary observations
0.5,16,0.003,nearest,0.0,0.0,0.0037673568809166043,0.0,0.0,0.0037673568809166043,0.0,0.0,0.0,robustness only; not primary observations
1.0,8,0.003,floor,0.00010866666666666756,0.000353,0.007181387987440893,0.00010866666666666756,0.0003523333333333333,0.007181387987440893,0.0,-6.66666666666719e-07,0.0,robustness only; not primary observations
1.0,1,0.003,nearest,0.0007793333333333319,0.0015283333333333334,0.005000651025284716,0.0007793333333333319,0.0015283333333333334,0.005000651025284716,0.0,0.0,0.0,robustness only; not primary observations
0.5,8,0.03,ceiling,2.8666666666666685e-05,6.233333333333334e-05,0.022243251996089872,2.8666666666666685e-05,6.1e-05,0.022243251996089872,0.0,-1.3333333333333364e-06,0.0,robustness only; not primary observations
0.5,4,0.0003,floor,3.3333333333331974e-06,7.333333333333335e-06,0.0004906136569002634,3.3333333333331974e-06,7.333333333333334e-06,0.0004906136569002634,0.0,-8.470329472543003e-22,0.0,robustness only; not primary observations
1.0,8,0.0003,nearest,2.866666666666527e-05,2.8e-05,0.0005372540909269952,2.866666666666527e-05,2.8e-05,0.0005372540909269952,0.0,0.0,0.0,robustness only; not primary observations
1.25,16,0.1,ceiling,0.0011473333333333307,0.022644,0.16481368752180878,0.0011473333333333307,0.021537666666666667,0.16481368752180878,0.0,-0.0011063333333333342,0.0,robustness only; not primary observations
0.5,1,0.001,ceiling,0.00021533333333333403,0.0003153333333333333,0.0006538622967748012,0.00021533333333333403,0.0003153333333333333,0.0006538622967748012,0.0,0.0,0.0,robustness only; not primary observations
0.5,16,3e-05,floor,0.0,0.0,5.200040001106683e-05,0.0,0.0,5.200040001106683e-05,0.0,0.0,0.0,robustness only; not primary observations
0.95,16,0.03,ceiling,0.00024866666666666646,0.0012763333333333333,0.04163923657815954,0.00024866666666666646,0.00126,0.04163923657815954,0.0,-1.633333333333326e-05,0.0,robustness only; not primary observations
0.95,16,0.03,floor,0.00018933333333333405,0.0009873333333333333,0.06885838739004374,0.00018933333333333405,0.0009676666666666667,0.06885838739004374,0.0,-1.966666666666664e-05,0.0,robustness only; not primary observations
1.25,4,0.003,nearest,0.00018999999999999944,0.0008706666666666667,0.006552094114898607,0.00018999999999999944,0.0008693333333333333,0.006552094114898607,0.0,-1.333333333333438e-06,0.0,robustness only; not primary observations
0.95,4,0.03,nearest,0.0011653333333333348,0.005268333333333333,0.05335456655393704,0.0011653333333333348,0.005194000000000001,0.05335456655393704,0.0,-7.43333333333325e-05,0.0,robustness only; not primary observations
0.8,4,3e-05,floor,1.333333333333279e-06,3.3333333333333333e-06,5.5362632514528875e-05,1.333333333333279e-06,3.3333333333333333e-06,5.5362632514528875e-05,0.0,0.0,0.0,robustness only; not primary observations
0.5,16,0.001,ceiling,0.0,0.0,0.0007396706768388336,0.0,0.0,0.0007396706768388336,0.0,0.0,0.0,robustness only; not primary observations
0.95,4,3e-05,nearest,6.666666666664083e-07,2.0000000000000003e-06,4.688292960474216e-05,6.666666666664083e-07,2.0000000000000003e-06,4.688292960474216e-05,0.0,0.0,0.0,robustness only; not primary observations
1.1,4,0.01,floor,0.000414666666666665,0.0024063333333333337,0.024172693899752785,0.000414666666666665,0.0023933333333333333,0.024172693899752785,0.0,-1.3000000000000424e-05,0.0,robustness only; not primary observations
0.95,1,0.1,floor,0.024864666666666663,0.042953000000000005,0.17697602276356633,0.024864666666666663,0.042953000000000005,0.17697602276356633,0.0,0.0,0.0,robustness only; not primary observations
0.5,8,0.03,floor,2.999999999999999e-05,5.366666666666667e-05,0.05090899853065145,2.999999999999999e-05,5.233333333333334e-05,0.05090899853065145,0.0,-1.3333333333333296e-06,0.0,robustness only; not primary observations
1.0,8,0.1,ceiling,0.0012006666666666628,0.012570666666666667,0.13749640103921326,0.0012006666666666628,0.011988333333333332,0.13749640103921326,0.0,-0.0005823333333333357,0.0,robustness only; not primary observations
1.1,16,0.0001,nearest,2.3999999999999946e-05,1.2e-05,0.00022067395491338988,2.3999999999999946e-05,1.2e-05,0.00022067395491338988,0.0,0.0,0.0,robustness only; not primary observations
0.95,16,1e-05,nearest,1.3333333333335102e-06,6.666666666666667e-07,1.7659051937855277e-05,1.3333333333335102e-06,6.666666666666667e-07,1.7659051937855277e-05,0.0,0.0,0.0,robustness only; not primary observations
1.1,8,3e-05,nearest,7.999999999997824e-06,6e-06,6.437840594239527e-05,7.999999999997824e-06,6e-06,6.437840594239527e-05,0.0,0.0,0.0,robustness only; not primary observations
0.8,1,3e-05,nearest,6.666666666662232e-06,9.333333333333334e-06,3.857096880415462e-05,6.666666666662232e-06,9.333333333333334e-06,3.857096880415462e-05,0.0,0.0,0.0,robustness only; not primary observations
1.0,4,0.1,nearest,0.003799333333333331,0.019126666666666667,0.17202428858462093,0.003799333333333331,0.018213333333333335,0.17202428858462093,0.0,-0.000913333333333332,0.0,robustness only; not primary observations
1.0,8,0.0003,ceiling,3.599999999999946e-05,3.3333333333333335e-05,0.00040844721186253944,3.599999999999946e-05,3.3333333333333335e-05,0.00040844721186253944,0.0,0.0,0.0,robustness only; not primary observations
0.8,8,0.0001,nearest,6.666666666666395e-07,2.0000000000000003e-06,0.000167253974582186,6.666666666666395e-07,2.0000000000000003e-06,0.000167253974582186,0.0,0.0,0.0,robustness only; not primary observations
1.25,8,0.0001,floor,3.466666666666433e-05,2e-05,0.0002635537077123469,3.466666666666433e-05,2e-05,0.0002635537077123469,0.0,0.0,0.0,robustness only; not primary observations
1.1,4,0.1,floor,0.004359999999999995,0.021317,0.21573093867381346,0.004359999999999995,0.020290333333333334,0.21573093867381346,0.0,-0.0010266666666666653,0.0,robustness only; not primary observations
1.25,16,0.0003,ceiling,0.0002873333333333385,5.966666666666667e-05,0.0005702151436448772,0.0002873333333333385,5.966666666666667e-05,0.0005702151436448772,0.0,0.0,0.0,robustness only; not primary observations
1.1,16,0.01,floor,0.0004980000000000003,0.0010946666666666667,0.025378203593641194,0.0004980000000000003,0.001089,0.025378203593641194,0.0,-5.6666666666668405e-06,0.0,robustness only; not primary observations
1.1,4,1e-05,nearest,1.3333333333337417e-06,2.0000000000000003e-06,2.5734768501790492e-05,1.3333333333337417e-06,2.0000000000000003e-06,2.5734768501790492e-05,0.0,0.0,0.0,robustness only; not primary observations
0.5,1,0.03,ceiling,0.006727999999999995,0.009990666666666667,0.020889119373383797,0.006727999999999995,0.009990666666666667,0.020889119373383797,0.0,0.0,0.0,robustness only; not primary observations
1.0,8,0.03,floor,0.0004680000000000013,0.0031676666666666667,0.06972287576019373,0.0004680000000000013,0.003134,0.06972287576019373,0.0,-3.3666666666666654e-05,0.0,robustness only; not primary observations
0.8,16,0.001,ceiling,1.999999999999976e-06,4.000000000000001e-06,0.001158830148905079,1.999999999999976e-06,4.000000000000001e-06,0.001158830148905079,0.0,0.0,0.0,robustness only; not primary observations
1.1,8,0.0001,nearest,1.933333333333509e-05,1.6666666666666667e-05,0.0002069591416553722,1.933333333333509e-05,1.6666666666666667e-05,0.0002069591416553722,0.0,0.0,0.0,robustness only; not primary observations
1.25,8,0.001,floor,0.0001766666666666657,0.0002536666666666667,0.002759309246712424,0.0001766666666666657,0.0002536666666666667,0.002759309246712424,0.0,0.0,0.0,robustness only; not primary observations
1.0,8,1e-05,ceiling,6.666666666664083e-07,1.3333333333333334e-06,1.4113923830037042e-05,6.666666666664083e-07,1.3333333333333334e-06,1.4113923830037042e-05,0.0,0.0,0.0,robustness only; not primary observations
1.25,1,0.001,ceiling,0.00024999999999999095,0.0005383333333333334,0.0015684574738457553,0.00024999999999999095,0.0005383333333333334,0.0015684574738457553,0.0,0.0,0.0,robustness only; not primary observations
1.1,1,1e-05,floor,4.0000000000003e-06,6.666666666666667e-06,2.8910304801025378e-05,4.0000000000003e-06,6.666666666666667e-06,2.8910304801025378e-05,0.0,0.0,0.0,robustness only; not primary observations
0.95,1,0.003,ceiling,0.0006973333333333405,0.0014103333333333333,0.003691934473100103,0.0006973333333333405,0.0014103333333333333,0.003691934473100103,0.0,0.0,0.0,robustness only; not primary observations
0.8,1,0.01,nearest,0.0024040000000000042,0.004404000000000001,0.014200719278571706,0.0024040000000000042,0.004404000000000001,0.014200719278571706,0.0,0.0,0.0,robustness only; not primary observations
1.1,8,3e-05,ceiling,8.666666666667007e-06,6.666666666666667e-06,5.21209640785043e-05,8.666666666667007e-06,6.666666666666667e-06,5.21209640785043e-05,0.0,0.0,0.0,robustness only; not primary observations
0.95,4,0.0003,floor,3.0666666666664026e-05,5.6e-05,0.000696730536626442,3.0666666666664026e-05,5.6e-05,0.000696730536626442,0.0,0.0,0.0,robustness only; not primary observations
0.5,4,0.01,ceiling,0.00015799999999999959,0.00031033333333333336,0.0073797206463676775,0.00015799999999999959,0.00030900000000000003,0.0073797206463676775,0.0,-1.3333333333333296e-06,0.0,robustness only; not primary observations
0.95,8,0.1,ceiling,0.0011333333333333325,0.010014,0.13126463606236263,0.0011333333333333325,0.009517,0.13126463606236263,0.0,-0.0004970000000000009,0.0,robustness only; not primary observations
1.1,1,0.0003,nearest,7.733333333333295e-05,0.00014933333333333332,0.0005564926885427686,7.733333333333295e-05,0.00014933333333333332,0.0005564926885427686,0.0,0.0,0.0,robustness only; not primary observations
1.25,4,0.01,floor,0.0003526666666666678,0.0028956666666666666,0.02566655720050791,0.0003526666666666678,0.0028816666666666665,0.02566655720050791,0.0,-1.4000000000000123e-05,0.0,robustness only; not primary observations
0.95,16,0.001,nearest,2.4666666666667512e-05,4.0666666666666675e-05,0.0018832996310324225,2.4666666666667512e-05,4.0666666666666675e-05,0.0018832996310324225,0.0,0.0,0.0,robustness only; not primary observations
0.95,1,0.01,ceiling,0.002500666666666664,0.004827,0.012600344265997333,0.002500666666666664,0.004827,0.012600344265997333,0.0,0.0,0.0,robustness only; not primary observations
1.0,16,0.01,ceiling,0.0002306666666666663,0.0006096666666666667,0.014733068871712145,0.0002306666666666663,0.0006076666666666666,0.014733068871712145,0.0,-2.0000000000000486e-06,0.0,robustness only; not primary observations
0.95,4,1e-05,floor,2.000000000002e-06,2.666666666666667e-06,2.4907355970480063e-05,2.000000000002e-06,2.666666666666667e-06,2.4907355970480063e-05,0.0,0.0,0.0,robustness only; not primary observations
1.1,8,0.1,nearest,0.0014173333333333342,0.014969333333333333,0.18664214476638913,0.0014173333333333342,0.014244333333333333,0.18664214476638913,0.0,-0.000725,0.0,robustness only; not primary observations
1.0,4,0.01,floor,0.00028866666666666483,0.0018956666666666668,0.02301405621263215,0.00028866666666666483,0.0018813333333333332,0.02301405621263215,0.0,-1.4333333333333646e-05,0.0,robustness only; not primary observations
0.5,1,0.01,ceiling,0.002249333333333331,0.0032696666666666664,0.006863671055801021,0.002249333333333331,0.0032696666666666664,0.006863671055801021,0.0,0.0,0.0,robustness only; not primary observations
0.8,16,0.1,floor,0.00012333333333333334,0.0003716666666666667,0.19510944071747435,0.00012333333333333334,0.0003513333333333334,0.19510944071747435,0.0,-2.0333333333333304e-05,0.0,robustness only; not primary observations
0.95,8,0.1,floor,0.0013039999999999992,0.0073156666666666665,0.20886615914942838,0.0013039999999999992,0.006958333333333333,0.20886615914942838,0.0,-0.00035733333333333363,0.0,robustness only; not primary observations
0.5,8,3e-05,nearest,0.0,0.0,4.070595244582528e-05,0.0,0.0,4.070595244582528e-05,0.0,0.0,0.0,robustness only; not primary observations
0.5,8,3e-05,floor,0.0,0.0,5.13839979782981e-05,0.0,0.0,5.13839979782981e-05,0.0,0.0,0.0,robustness only; not primary observations
0.5,16,1e-05,ceiling,0.0,0.0,1.0000053336266668e-05,0.0,0.0,1.0000053336266668e-05,0.0,0.0,0.0,robustness only; not primary observations
0.5,16,0.001,floor,0.0,0.0,0.0017356779970827694,0.0,0.0,0.0017356779970827694,0.0,0.0,0.0,robustness only; not primary observations
0.95,8,0.01,ceiling,0.00021666666666666733,0.000954,0.01382368278274926,0.00021666666666666733,0.0009523333333333334,0.01382368278274926,0.0,-1.666666666666635e-06,0.0,robustness only; not primary observations
0.5,1,3e-05,floor,4.0000000000003e-06,6.666666666666667e-06,4.561670474721505e-05,4.0000000000003e-06,6.666666666666667e-06,4.561670474721505e-05,0.0,0.0,0.0,robustness only; not primary observations
1.25,8,0.0001,nearest,4.7333333333334414e-05,2.8e-05,0.00020213540726321216,4.7333333333334414e-05,2.8e-05,0.00020213540726321216,0.0,0.0,0.0,robustness only; not primary observations
1.0,1,1e-05,floor,2.6666666666693337e-06,4.666666666666667e-06,2.044466666157284e-05,2.6666666666693337e-06,4.666666666666667e-06,2.044466666157284e-05,0.0,0.0,0.0,robustness only; not primary observations
0.95,8,3e-05,ceiling,1.333333333333279e-06,4.666666666666667e-06,4.396723091806496e-05,1.333333333333279e-06,4.666666666666667e-06,4.396723091806496e-05,0.0,0.0,0.0,robustness only; not primary observations
0.95,16,0.003,nearest,5.666666666666713e-05,0.00010266666666666668,0.00569581727069868,5.666666666666713e-05,0.00010200000000000001,0.00569581727069868,0.0,-6.666666666666648e-07,0.0,robustness only; not primary observations
1.0,16,0.01,nearest,0.00017000000000000047,0.0005343333333333333,0.019418285855629967,0.00017000000000000047,0.0005336666666666667,0.019418285855629967,0.0,-6.666666666666106e-07,0.0,robustness only; not primary observations
1.0,16,0.03,nearest,0.00047466666666666745,0.001717,0.057610976144840814,0.00047466666666666745,0.0016906666666666667,0.057610976144840814,0.0,-2.6333333333333287e-05,0.0,robustness only; not primary observations
1.1,4,1e-05,floor,3.3333333333338915e-06,4.000000000000001e-06,2.4228831547924145e-05,3.3333333333338915e-06,4.000000000000001e-06,2.4228831547924145e-05,0.0,0.0,0.0,robustness only; not primary observations
1.25,8,0.001,nearest,0.00021399999999999753,0.000236,0.0021981850747984488,0.00021399999999999753,0.000236,0.0021981850747984488,0.0,0.0,0.0,robustness only; not primary observations
0.5,1,0.0003,nearest,7.133333333333435e-05,9.733333333333335e-05,0.0003377013708582112,7.133333333333435e-05,9.733333333333333e-05,0.0003377013708582112,0.0,-1.3552527156068805e-20,0.0,robustness only; not primary observations
1.25,8,0.1,floor,0.001556000000000001,0.019405666666666665,0.23349918692116947,0.001556000000000001,0.018521333333333334,0.23349918692116947,0.0,-0.0008843333333333307,0.0,robustness only; not primary observations
1.0,1,0.03,nearest,0.0073306666666666746,0.014438333333333333,0.04876794228599068,0.0073306666666666746,0.014438333333333333,0.04876794228599068,0.0,0.0,0.0,robustness only; not primary observations
1.25,16,0.1,floor,0.001293999999999999,0.015871,0.23543439611547695,0.001293999999999999,0.015102333333333332,0.23543439611547695,0.0,-0.0007686666666666675,0.0,robustness only; not primary observations
1.25,4,0.1,ceiling,0.0031259999999999973,0.02964766666666667,0.16219209338670787,0.0031259999999999973,0.02829033333333333,0.16219209338670787,0.0,-0.0013573333333333389,0.0,robustness only; not primary observations
0.95,8,0.0001,ceiling,8.666666666667007e-06,7.333333333333335e-06,0.00013329318174625993,8.666666666667007e-06,7.333333333333334e-06,0.00013329318174625993,0.0,-8.470329472543003e-22,0.0,robustness only; not primary observations
0.5,8,0.003,ceiling,1.9999999999999834e-06,5.333333333333334e-06,0.002212846619685752,1.9999999999999834e-06,5.333333333333334e-06,0.002212846619685752,0.0,0.0,0.0,robustness only; not primary observations
1.0,8,0.03,nearest,0.0004459999999999996,0.0033069999999999996,0.056327115050263936,0.0004459999999999996,0.0032593333333333337,0.056327115050263936,0.0,-4.766666666666591e-05,0.0,robustness only; not primary observations
0.5,4,0.0003,nearest,7.333333333333266e-06,9.333333333333334e-06,0.0003686381012891995,7.333333333333266e-06,9.333333333333334e-06,0.0003686381012891995,0.0,0.0,0.0,robustness only; not primary observations
1.25,4,0.01,nearest,0.000416666666666667,0.0029879999999999998,0.021629861621095658,0.000416666666666667,0.0029730000000000004,0.021629861621095658,0.0,-1.4999999999999389e-05,0.0,robustness only; not primary observations
1.0,8,3e-05,nearest,1.5333333333333402e-05,6e-06,6.141771470912956e-05,1.5333333333333402e-05,6e-06,6.141771470912956e-05,0.0,0.0,0.0,robustness only; not primary observations
0.8,8,3e-05,ceiling,6.666666666666395e-07,1.3333333333333334e-06,3.603212386557662e-05,6.666666666666395e-07,1.3333333333333334e-06,3.603212386557662e-05,0.0,0.0,0.0,robustness only; not primary observations
0.5,4,3e-05,floor,0.0,0.0,5.3536189604076746e-05,0.0,0.0,5.3536189604076746e-05,0.0,0.0,0.0,robustness only; not primary observations
0.8,16,0.0003,ceiling,1.3333333333333368e-06,2.0000000000000003e-06,0.00034371574574366184,1.3333333333333368e-06,2.0000000000000003e-06,0.00034371574574366184,0.0,0.0,0.0,robustness only; not primary observations
1.1,1,0.03,floor,0.007611333333333336,0.015257,0.061223688979658776,0.007611333333333336,0.015257,0.061223688979658776,0.0,0.0,0.0,robustness only; not primary observations
0.95,16,0.003,floor,4.999999999999889e-05,0.00011133333333333333,0.007029955661919372,4.999999999999889e-05,0.00011133333333333333,0.007029955661919372,0.0,0.0,0.0,robustness only; not primary observations
0.5,8,1e-05,ceiling,0.0,0.0,6.0057391050036454e-06,0.0,0.0,6.0057391050036454e-06,0.0,0.0,0.0,robustness only; not primary observations
0.8,8,0.001,ceiling,2.533333333333346e-05,4.4e-05,0.0011486980940785703,2.533333333333346e-05,4.4e-05,0.0011486980940785703,0.0,0.0,0.0,robustness only; not primary observations
0.5,1,1e-05,nearest,6.666666666673334e-07,2.0000000000000003e-06,1.040507026351989e-05,6.666666666673334e-07,2.0000000000000003e-06,1.040507026351989e-05,0.0,0.0,0.0,robustness only; not primary observations
1.1,4,0.1,ceiling,0.0034106666666666664,0.024185,0.14635814709890785,0.0034106666666666664,0.023005333333333332,0.14635814709890785,0.0,-0.0011796666666666691,0.0,robustness only; not primary observations
1.25,1,1e-05,nearest,5.333333333334967e-06,5.333333333333334e-06,1.846590424976968e-05,5.333333333334967e-06,5.333333333333334e-06,1.846590424976968e-05,0.0,0.0,0.0,robustness only; not primary observations
1.25,8,0.03,floor,0.0007679999999999974,0.006517333333333333,0.07651999234409959,0.0007679999999999974,0.006436,0.07651999234409959,0.0,-8.133333333333343e-05,0.0,robustness only; not primary observations
0.5,4,0.1,ceiling,0.0016280000000000005,0.003336333333333333,0.07201554975831312,0.0016280000000000005,0.003176,0.07201554975831312,0.0,-0.00016033333333333307,0.0,robustness only; not primary observations
0.8,16,0.1,nearest,0.00010933333333333324,0.0005556666666666667,0.15592161427231097,0.00010933333333333324,0.000533,0.15592161427231097,0.0,-2.2666666666666603e-05,0.0,robustness only; not primary observations
0.95,16,1e-05,ceiling,0.0,0.0,1.3584327878871942e-05,0.0,0.0,1.3584327878871942e-05,0.0,0.0,0.0,robustness only; not primary observations
0.8,16,0.003,nearest,6.666666666666656e-06,2.0333333333333337e-05,0.005063224350207791,6.666666666666656e-06,2.0333333333333337e-05,0.005063224350207791,0.0,0.0,0.0,robustness only; not primary observations
1.0,4,0.003,ceiling,0.00018333333333333534,0.0006103333333333333,0.0043834354844822405,0.00018333333333333534,0.0006093333333333334,0.0043834354844822405,0.0,-9.999999999999159e-07,0.0,robustness only; not primary observations
1.1,16,0.1,nearest,0.0008213333333333336,0.010578333333333334,0.18855862283243632,0.0008213333333333336,0.010084333333333334,0.18855862283243632,0.0,-0.0004939999999999996,0.0,robustness only; not primary observations
0.5,4,0.01,floor,0.00017466666666666683,0.00032366666666666666,0.01700929247693881,0.00017466666666666683,0.00032366666666666666,0.01700929247693881,0.0,0.0,0.0,robustness only; not primary observations
0.95,4,0.003,ceiling,0.00012933333333333316,0.0005873333333333334,0.004248295049473538,0.00012933333333333316,0.0005866666666666667,0.004248295049473538,0.0,-6.66666666666719e-07,0.0,robustness only; not primary observations
1.1,16,0.01,nearest,0.0004206666666666655,0.0011103333333333334,0.02069017013248455,0.0004206666666666655,0.001107,0.02069017013248455,0.0,-3.3333333333334866e-06,0.0,robustness only; not primary observations
0.5,1,0.0001,ceiling,2.1333333333332464e-05,3.4e-05,6.242472437100327e-05,2.1333333333332464e-05,3.4e-05,6.242472437100327e-05,0.0,0.0,0.0,robustness only; not primary observations
1.1,16,1e-05,ceiling,6.666666666668708e-07,1.3333333333333334e-06,1.4827581251074155e-05,6.666666666668708e-07,1.3333333333333334e-06,1.4827581251074155e-05,0.0,0.0,0.0,robustness only; not primary observations
1.1,16,0.03,ceiling,0.0007746666666666661,0.003559,0.047296381899279434,0.0007746666666666661,0.003497,0.047296381899279434,0.0,-6.199999999999999e-05,0.0,robustness only; not primary observations
0.5,1,1e-05,floor,6.666666666673334e-07,2.0000000000000003e-06,1.6811155281433994e-05,6.666666666673334e-07,2.0000000000000003e-06,1.6811155281433994e-05,0.0,0.0,0.0,robustness only; not primary observations
1.25,1,0.0001,floor,3.3999999999997e-05,5.333333333333333e-05,0.00021510612923350157,3.3999999999997e-05,5.333333333333333e-05,0.00021510612923350157,0.0,0.0,0.0,robustness only; not primary observations
0.8,16,0.03,ceiling,5.8666666666666645e-05,0.00019466666666666666,0.03525453028247647,5.8666666666666645e-05,0.000191,0.03525453028247647,0.0,-3.6666666666666564e-06,0.0,robustness only; not primary observations
0.5,16,0.0003,ceiling,0.0,0.0,0.00024500138338710023,0.0,0.0,0.00024500138338710023,0.0,0.0,0.0,robustness only; not primary observations
0.8,4,0.03,floor,0.0010933333333333327,0.0034679999999999997,0.060981348388976724,0.0010933333333333327,0.0034176666666666665,0.060981348388976724,0.0,-5.033333333333322e-05,0.0,robustness only; not primary observations
1.0,4,0.001,nearest,7.266666666666532e-05,0.00020066666666666667,0.001931659922214525,7.266666666666532e-05,0.00020066666666666667,0.001931659922214525,0.0,0.0,0.0,robustness only; not primary observations
0.95,4,1e-05,nearest,0.0,6.666666666666667e-07,1.6118698147520044e-05,0.0,6.666666666666667e-07,1.6118698147520044e-05,0.0,0.0,0.0,robustness only; not primary observations
0.8,1,3e-05,floor,9.999999999998898e-06,1.3333333333333333e-05,5.485418726894249e-05,9.999999999998898e-06,1.3333333333333333e-05,5.485418726894249e-05,0.0,0.0,0.0,robustness only; not primary observations
0.5,16,0.01,ceiling,0.0,0.0,0.007475711148453341,0.0,0.0,0.007475711148453341,0.0,0.0,0.0,robustness only; not primary observations
1.25,16,0.01,ceiling,0.0009560000000000013,0.0020836666666666664,0.018015251923280306,0.0009560000000000013,0.002072,0.018015251923280306,0.0,-1.1666666666666336e-05,0.0,robustness only; not primary observations
0.95,8,0.0003,floor,2.199999999999841e-05,1.866666666666667e-05,0.0007076609601982946,2.199999999999841e-05,1.866666666666667e-05,0.0007076609601982946,0.0,0.0,0.0,robustness only; not primary observations
1.25,8,0.0001,ceiling,3.0000000000002247e-05,2.5333333333333334e-05,0.00018025690860966144,3.0000000000002247e-05,2.5333333333333334e-05,0.00018025690860966144,0.0,0.0,0.0,robustness only; not primary observations
1.1,1,0.03,nearest,0.007410000000000016,0.015137333333333334,0.05165879452299434,0.007410000000000016,0.015137333333333334,0.05165879452299434,0.0,0.0,0.0,robustness only; not primary observations
1.25,8,1e-05,nearest,2.00000000000015e-06,2.666666666666667e-06,2.789705392735282e-05,2.00000000000015e-06,2.666666666666667e-06,2.789705392735282e-05,0.0,0.0,0.0,robustness only; not primary observations
1.0,4,0.01,nearest,0.00043866666666666777,0.002032333333333333,0.018702097971509898,0.00043866666666666777,0.0020223333333333334,0.018702097971509898,0.0,-9.999999999999593e-06,0.0,robustness only; not primary observations
0.95,4,1e-05,ceiling,3.333333333332966e-06,3.3333333333333333e-06,2.1975831382441422e-05,3.333333333332966e-06,3.3333333333333333e-06,2.1975831382441422e-05,0.0,0.0,0.0,robustness only; not primary observations
1.25,1,0.01,nearest,0.002393999999999981,0.005462333333333334,0.019078924906508296,0.002393999999999981,0.005462333333333334,0.019078924906508296,0.0,0.0,0.0,robustness only; not primary observations
1.25,1,3e-05,ceiling,1.3333333333328165e-05,2e-05,5.538892663655046e-05,1.3333333333328165e-05,2e-05,5.538892663655046e-05,0.0,0.0,0.0,robustness only; not primary observations
1.1,8,1e-05,floor,0.0,6.666666666666667e-07,2.6045006282142967e-05,0.0,6.666666666666667e-07,2.6045006282142967e-05,0.0,0.0,0.0,robustness only; not primary observations
0.95,4,0.001,floor,6.933333333333699e-05,0.00018466666666666666,0.0023054600023941847,6.933333333333699e-05,0.00018466666666666666,0.0023054600023941847,0.0,0.0,0.0,robustness only; not primary observations
1.0,16,0.001,nearest,5.9999999999999866e-05,5.866666666666667e-05,0.0019426922925489924,5.9999999999999866e-05,5.866666666666667e-05,0.0019426922925489924,0.0,0.0,0.0,robustness only; not primary observations
0.8,4,0.03,ceiling,0.0010500000000000004,0.0036826666666666666,0.03406260185282985,0.0010500000000000004,0.0036323333333333333,0.03406260185282985,0.0,-5.033333333333322e-05,0.0,robustness only; not primary observations
0.8,4,0.03,nearest,0.0011206666666666648,0.0035673333333333334,0.04774569529243088,0.0011206666666666648,0.0035183333333333334,0.04774569529243088,0.0,-4.9e-05,0.0,robustness only; not primary observations
0.5,16,0.03,floor,0.0,0.0,0.05102270905747907,0.0,0.0,0.05102270905747907,0.0,0.0,0.0,robustness only; not primary observations
1.0,16,1e-05,ceiling,0.0,0.0,2.4056339609418507e-05,0.0,0.0,2.4056339609418507e-05,0.0,0.0,0.0,robustness only; not primary observations
1.25,8,1e-05,floor,4.666666666667633e-06,4.000000000000001e-06,2.488050651827514e-05,4.666666666667633e-06,4.000000000000001e-06,2.488050651827514e-05,0.0,0.0,0.0,robustness only; not primary observations
0.8,4,1e-05,nearest,0.0,1.3333333333333334e-06,1.3483774420114584e-05,0.0,1.3333333333333334e-06,1.3483774420114583e-05,0.0,0.0,-1.6940658945086007e-21,robustness only; not primary observations
0.8,8,1e-05,ceiling,0.0,0.0,1.155338974738618e-05,0.0,0.0,1.155338974738618e-05,0.0,0.0,0.0,robustness only; not primary observations
1.0,4,0.001,ceiling,5.466666666666768e-05,0.00020366666666666667,0.0014524924928944617,5.466666666666768e-05,0.00020366666666666667,0.0014524924928944617,0.0,0.0,0.0,robustness only; not primary observations
1.1,4,1e-05,ceiling,0.0,6.666666666666667e-07,1.4386328211715873e-05,0.0,6.666666666666667e-07,1.4386328211715873e-05,0.0,0.0,0.0,robustness only; not primary observations
1.25,4,0.0001,ceiling,1.866666666666498e-05,2.6000000000000002e-05,0.00016524209324033243,1.866666666666498e-05,2.6000000000000002e-05,0.00016524209324033243,0.0,0.0,0.0,robustness only; not primary observations
1.0,1,0.001,nearest,0.00026799999999999974,0.0004890000000000001,0.0016663878690941255,0.00026799999999999974,0.0004890000000000001,0.0016663878690941255,0.0,0.0,0.0,robustness only; not primary observations
1.0,16,0.1,ceiling,0.0006366666666666663,0.007932666666666666,0.13892938503735996,0.0006366666666666663,0.007562,0.13892938503735996,0.0,-0.00037066666666666585,0.0,robustness only; not primary observations
1.25,16,0.03,ceiling,0.001133333333333337,0.006376666666666667,0.05261331244596302,0.001133333333333337,0.006281333333333333,0.05261331244596302,0.0,-9.533333333333355e-05,0.0,robustness only; not primary observations
0.8,1,0.0001,floor,2.8666666666674982e-05,4.0666666666666675e-05,0.00016801241040823855,2.8666666666674982e-05,4.0666666666666675e-05,0.00016801241040823855,0.0,0.0,0.0,robustness only; not primary observations
1.25,4,1e-05,nearest,1.333333333330966e-06,2.666666666666667e-06,1.409342416326755e-05,1.333333333330966e-06,2.666666666666667e-06,1.409342416326755e-05,0.0,0.0,0.0,robustness only; not primary observations
0.5,4,0.0001,nearest,2.00000000000015e-06,3.3333333333333333e-06,0.0001301101876640742,2.00000000000015e-06,3.3333333333333333e-06,0.0001301101876640742,0.0,0.0,0.0,robustness only; not primary observations
1.0,8,0.1,floor,0.0013640000000000013,0.009171333333333333,0.21311054859100065,0.0013640000000000013,0.008722666666666667,0.21311054859100065,0.0,-0.00044866666666666666,0.0,robustness only; not primary observations
0.8,8,0.1,nearest,0.0008693333333333335,0.0037486666666666666,0.1547423385244752,0.0008693333333333335,0.0035846666666666666,0.1547423385244752,0.0,-0.00016400000000000008,0.0,robustness only; not primary observations
0.8,1,0.0003,floor,6.533333333334131e-05,0.00013000000000000002,0.0005160301722497415,6.533333333334131e-05,0.00013000000000000002,0.0005160301722497415,0.0,0.0,0.0,robustness only; not primary observations
1.0,16,3e-05,ceiling,8.666666666666544e-06,3.3333333333333333e-06,4.947454760855552e-05,8.666666666666544e-06,3.3333333333333333e-06,4.947454760855552e-05,0.0,0.0,0.0,robustness only; not primary observations
1.1,1,0.003,ceiling,0.0007566666666666647,0.001584,0.004460489153699566,0.0007566666666666647,0.001584,0.004460489153699566,0.0,0.0,0.0,robustness only; not primary observations
0.95,1,0.0001,nearest,2.8666666666673132e-05,5.133333333333334e-05,0.0001595271222743537,2.8666666666673132e-05,5.133333333333334e-05,0.0001595271222743537,0.0,0.0,0.0,robustness only; not primary observations
1.1,4,3e-05,ceiling,7.99999999999875e-06,1e-05,4.619303823876959e-05,7.99999999999875e-06,1e-05,4.619303823876959e-05,0.0,0.0,0.0,robustness only; not primary observations
0.8,16,0.0001,ceiling,1.3333333333333368e-06,1.3333333333333334e-06,0.00012705017276927228,1.3333333333333368e-06,1.3333333333333334e-06,0.00012705017276927228,0.0,0.0,0.0,robustness only; not primary observations
1.1,8,3e-05,floor,1.0666666666666232e-05,4.666666666666667e-06,7.958927345124852e-05,1.0666666666666232e-05,4.666666666666667e-06,7.958927345124852e-05,0.0,0.0,0.0,robustness only; not primary observations
1.0,4,0.003,nearest,0.00018133333333333334,0.000629,0.0057161781700383035,0.00018133333333333334,0.0006276666666666667,0.0057161781700383035,0.0,-1.3333333333333296e-06,0.0,robustness only; not primary observations
0.95,4,0.001,ceiling,6.733333333333035e-05,0.000176,0.001405636187307813,6.733333333333035e-05,0.000176,0.001405636187307813,0.0,0.0,0.0,robustness only; not primary observations
0.95,4,0.1,ceiling,0.003664666666666666,0.01844166666666667,0.12923296427145234,0.003664666666666666,0.017540999999999998,0.12923296427145234,0.0,-0.0009006666666666711,0.0,robustness only; not primary observations
1.0,16,1e-05,floor,6.666666666666395e-07,6.666666666666667e-07,3.8487852431477604e-05,6.666666666666395e-07,6.666666666666667e-07,3.8487852431477604e-05,0.0,0.0,0.0,robustness only; not primary observations
0.8,4,0.003,ceiling,0.00011666666666666816,0.000362,0.003528956321811228,0.00011666666666666816,0.00036133333333333335,0.003528956321811228,0.0,-6.666666666666648e-07,0.0,robustness only; not primary observations
1.0,16,0.001,floor,6.600000000000009e-05,5.2333333333333336e-05,0.0024593611915672124,6.600000000000009e-05,5.2333333333333336e-05,0.0024593611915672124,0.0,0.0,0.0,robustness only; not primary observations
1.25,1,1e-05,ceiling,1.9999999999982995e-06,2.666666666666667e-06,1.661685350080733e-05,1.9999999999982995e-06,2.666666666666667e-06,1.661685350080733e-05,0.0,0.0,0.0,robustness only; not primary observations
0.8,4,1e-05,floor,0.0,1.3333333333333334e-06,2.0585312255314447e-05,0.0,1.3333333333333334e-06,2.0585312255314447e-05,0.0,0.0,0.0,robustness only; not primary observations
1.0,1,0.0001,nearest,1.999999999999965e-05,4.5333333333333335e-05,0.00017155836450305457,1.999999999999965e-05,4.5333333333333335e-05,0.00017155836450305457,0.0,0.0,0.0,robustness only; not primary observations
1.1,8,1e-05,nearest,6.666666666664083e-07,1.3333333333333334e-06,2.169838319875266e-05,6.666666666664083e-07,1.3333333333333334e-06,2.169838319875266e-05,0.0,0.0,0.0,robustness only; not primary observations
0.95,16,0.1,nearest,0.0004926666666666672,0.0035419999999999996,0.1736262977972994,0.0004926666666666672,0.0033816666666666665,0.1736262977972994,0.0,-0.00016033333333333307,0.0,robustness only; not primary observations
0.95,1,3e-05,ceiling,1.5333333333339416e-05,1.866666666666667e-05,4.936230504780027e-05,1.5333333333339416e-05,1.866666666666667e-05,4.936230504780027e-05,0.0,0.0,0.0,robustness only; not primary observations
1.25,4,0.001,ceiling,0.00012666666666666566,0.0002946666666666667,0.001795490356687152,0.00012666666666666566,0.0002946666666666667,0.001795490356687152,0.0,0.0,0.0,robustness only; not primary observations
0.8,4,0.0001,nearest,2.6666666666660955e-06,8.666666666666668e-06,0.00014907699744487856,2.6666666666660955e-06,8.666666666666668e-06,0.00014907699744487856,0.0,0.0,0.0,robustness only; not primary observations
1.0,16,0.003,ceiling,0.00011600000000000037,0.0001756666666666667,0.0044492171973134756,0.00011600000000000037,0.0001756666666666667,0.0044492171973134756,0.0,0.0,0.0,robustness only; not primary observations
0.95,16,0.0001,nearest,8.666666666666544e-06,4.000000000000001e-06,0.00019226090535568339,8.666666666666544e-06,4.000000000000001e-06,0.00019226090535568339,0.0,0.0,0.0,robustness only; not primary observations
0.8,8,0.03,ceiling,0.00024800000000000077,0.0012029999999999999,0.035064326701509725,0.00024800000000000077,0.0011876666666666667,0.035064326701509725,0.0,-1.5333333333333128e-05,0.0,robustness only; not primary observations
0.5,4,0.003,nearest,5.7333333333333654e-05,0.00010700000000000001,0.003669037892253783,5.7333333333333654e-05,0.00010700000000000001,0.003669037892253783,0.0,0.0,0.0,robustness only; not primary observations
0.8,8,1e-05,floor,0.0,1.3333333333333334e-06,2.379920655903925e-05,0.0,1.3333333333333334e-06,2.379920655903925e-05,0.0,0.0,0.0,robustness only; not primary observations
1.0,16,0.0003,floor,1.9333333333334397e-05,1.6666666666666667e-05,0.0007204223230403031,1.9333333333334397e-05,1.6666666666666667e-05,0.0007204223230403031,0.0,0.0,0.0,robustness only; not primary observations
1.1,1,1e-05,nearest,1.3333333333346669e-06,3.3333333333333333e-06,1.8061756995326102e-05,1.3333333333346669e-06,3.3333333333333333e-06,1.8061756995326102e-05,0.0,0.0,0.0,robustness only; not primary observations
1.0,8,0.0001,ceiling,9.333333333333416e-06,8.666666666666668e-06,0.00013979821486212118,9.333333333333416e-06,8.666666666666668e-06,0.00013979821486212118,0.0,0.0,0.0,robustness only; not primary observations
1.0,16,3e-05,floor,2.6666666666667892e-06,2.666666666666667e-06,8.039987453075833e-05,2.6666666666667892e-06,2.666666666666667e-06,8.039987453075833e-05,0.0,0.0,0.0,robustness only; not primary observations
0.95,8,1e-05,floor,1.333333333333279e-06,1.3333333333333334e-06,2.233315830046429e-05,1.333333333333279e-06,1.3333333333333334e-06,2.233315830046429e-05,0.0,0.0,0.0,robustness only; not primary observations
0.5,4,0.01,nearest,0.00016000000000000007,0.00031033333333333336,0.012281907150591707,0.00016000000000000007,0.0003076666666666667,0.012281907150591707,0.0,-2.666666666666659e-06,0.0,robustness only; not primary observations
1.1,1,0.003,floor,0.0007859999999999941,0.0015926666666666667,0.006453140270197688,0.0007859999999999941,0.0015926666666666667,0.006453140270197688,0.0,0.0,0.0,robustness only; not primary observations
1.0,4,0.0003,floor,2.3333333333330764e-05,5.933333333333334e-05,0.0007046326732001961,2.3333333333330764e-05,5.933333333333334e-05,0.0007046326732001961,0.0,0.0,0.0,robustness only; not primary observations
1.1,4,0.001,nearest,8.733333333333463e-05,0.00023,0.001958836562136084,8.733333333333463e-05,0.00023,0.001958836562136084,0.0,0.0,0.0,robustness only; not primary observations
0.5,8,0.001,ceiling,0.0,1.3333333333333334e-06,0.0007323853309868093,0.0,1.3333333333333334e-06,0.0007323853309868093,0.0,0.0,0.0,robustness only; not primary observations
1.25,1,0.1,nearest,0.023765999999999995,0.04960066666666666,0.17608915595349225,0.023765999999999995,0.04960066666666666,0.17608915595349225,0.0,0.0,0.0,robustness only; not primary observations
0.95,16,0.0003,nearest,1.1333333333333566e-05,1.2e-05,0.0005853016812641906,1.1333333333333566e-05,1.2e-05,0.0005853016812641906,0.0,0.0,0.0,robustness only; not primary observations
0.8,8,0.001,floor,1.999999999999988e-05,4.0666666666666675e-05,0.002160227314138118,1.999999999999988e-05,4.0666666666666675e-05,0.002160227314138118,0.0,0.0,0.0,robustness only; not primary observations
1.25,4,0.01,ceiling,0.00040733333333333176,0.0029536666666666665,0.017568899950835642,0.00040733333333333176,0.002937,0.017568899950835642,0.0,-1.6666666666666566e-05,0.0,robustness only; not primary observations
0.5,8,1e-05,floor,0.0,0.0,1.6682802798337e-05,0.0,0.0,1.6682802798337e-05,0.0,0.0,0.0,robustness only; not primary observations
0.95,8,0.0003,nearest,1.4666666666666995e-05,2.9333333333333336e-05,0.0005823872174653762,1.4666666666666995e-05,2.9333333333333336e-05,0.0005823872174653762,0.0,0.0,0.0,robustness only; not primary observations
1.25,1,0.001,floor,0.00025800000000001007,0.0005736666666666667,0.0021831576062950253,0.00025800000000001007,0.0005736666666666667,0.0021831576062950253,0.0,0.0,0.0,robustness only; not primary observations
0.5,1,3e-05,ceiling,6.666666666662232e-06,6.666666666666667e-06,1.599870022479363e-05,6.666666666662232e-06,6.666666666666667e-06,1.599870022479363e-05,0.0,0.0,0.0,robustness only; not primary observations
0.95,4,0.003,floor,0.00014133333333333313,0.0005503333333333333,0.006874773866500221,0.00014133333333333313,0.0005476666666666667,0.006874773866500221,0.0,-2.666666666666659e-06,0.0,robustness only; not primary observations
0.8,16,0.0001,nearest,0.0,0.0,0.00016649300750169675,0.0,0.0,0.00016649300750169675,0.0,0.0,0.0,robustness only; not primary observations
0.95,4,0.0001,floor,2.133333333333154e-05,2.4e-05,0.00025207532839038107,2.133333333333154e-05,2.4e-05,0.00025207532839038107,0.0,0.0,0.0,robustness only; not primary observations
0.8,4,0.1,floor,0.003614666666666666,0.010996333333333334,0.18897104821083213,0.003614666666666666,0.010468,0.18897104821083213,0.0,-0.0005283333333333338,0.0,robustness only; not primary observations
1.25,1,3e-05,floor,1.0666666666669933e-05,1.6e-05,6.74031594665418e-05,1.0666666666669933e-05,1.6e-05,6.74031594665418e-05,0.0,0.0,0.0,robustness only; not primary observations
0.8,16,0.001,nearest,3.3333333333333422e-06,6.666666666666667e-06,0.0016710425803192993,3.3333333333333422e-06,6.666666666666667e-06,0.0016710425803192993,0.0,0.0,0.0,robustness only; not primary observations
0.5,8,0.1,floor,8.600000000000002e-05,0.000164,0.159265198684381,8.600000000000002e-05,0.000156,0.159265198684381,0.0,-8.000000000000005e-06,0.0,robustness only; not primary observations
1.1,16,0.003,floor,0.00031999999999999943,0.00032933333333333333,0.007622641353060645,0.00031999999999999943,0.00032933333333333333,0.007622641353060645,0.0,0.0,0.0,robustness only; not primary observations
1.1,4,0.003,floor,0.000145999999999998,0.0007570000000000001,0.007231309511360884,0.000145999999999998,0.0007543333333333333,0.007231309511360884,0.0,-2.6666666666667676e-06,0.0,robustness only; not primary observations
0.95,8,0.003,ceiling,0.00010333333333333306,0.0002606666666666667,0.00414877578720133,0.00010333333333333306,0.00026,0.00414877578720133,0.0,-6.66666666666719e-07,0.0,robustness only; not primary observations
1.1,16,3e-05,floor,1.933333333333324e-05,5.333333333333334e-06,7.027094836595245e-05,1.933333333333324e-05,5.333333333333334e-06,7.027094836595245e-05,0.0,0.0,0.0,robustness only; not primary observations
1.25,1,0.0003,floor,7.733333333333665e-05,0.0001726666666666667,0.0006516579574231474,7.733333333333665e-05,0.0001726666666666667,0.0006516579574231474,0.0,0.0,0.0,robustness only; not primary observations
0.5,4,0.03,floor,0.000496,0.0009466666666666667,0.050345652267939384,0.000496,0.0009326666666666667,0.050345652267939384,0.0,-1.4000000000000015e-05,0.0,robustness only; not primary observations
0.95,8,0.001,nearest,5.399999999999942e-05,9.6e-05,0.0018945006701675258,5.399999999999942e-05,9.6e-05,0.0018945006701675258,0.0,0.0,0.0,robustness only; not primary observations
1.0,4,1e-05,floor,2.666666666666558e-06,3.3333333333333333e-06,1.9982369722951273e-05,2.666666666666558e-06,3.3333333333333333e-06,1.9982369722951266e-05,0.0,0.0,-6.776263578034403e-21,robustness only; not primary observations
1.25,8,0.0003,nearest,8.199999999999874e-05,6.266666666666667e-05,0.0006617626032174175,8.199999999999874e-05,6.266666666666667e-05,0.0006617626032174175,0.0,0.0,0.0,robustness only; not primary observations
1.0,8,1e-05,nearest,9.999999999999825e-06,2.0000000000000003e-06,1.9765439787827396e-05,9.999999999999825e-06,2.0000000000000003e-06,1.9765439787827396e-05,0.0,0.0,0.0,robustness only; not primary observations
1.0,8,0.0003,floor,4.000000000000022e-05,4.366666666666667e-05,0.0007281618473825478,4.000000000000022e-05,4.3666666666666666e-05,0.0007281618473825478,0.0,-6.776263578034403e-21,0.0,robustness only; not primary observations
1.1,1,0.0001,floor,3.533333333332796e-05,5.133333333333334e-05,0.00022040373111672666,3.533333333332796e-05,5.133333333333334e-05,0.00022040373111672666,0.0,0.0,0.0,robustness only; not primary observations
0.8,4,0.0001,floor,6.000000000000449e-06,9.333333333333334e-06,0.00019734578100966487,6.000000000000449e-06,9.333333333333334e-06,0.00019734578100966487,0.0,0.0,0.0,robustness only; not primary observations
0.95,4,0.0001,nearest,1.1999999999997198e-05,1.9333333333333333e-05,0.0001996319411816278,1.1999999999997198e-05,1.9333333333333333e-05,0.0001996319411816278,0.0,0.0,0.0,robustness only; not primary observations
1.25,16,0.003,ceiling,0.0007393333333333335,0.000597,0.005394940071873607,0.0007393333333333335,0.000597,0.005394940071873607,0.0,0.0,0.0,robustness only; not primary observations
1.25,16,1e-05,floor,4.666666666666708e-06,6.666666666666667e-07,3.34174830558835e-05,4.666666666666708e-06,6.666666666666667e-07,3.34174830558835e-05,0.0,0.0,0.0,robustness only; not primary observations
0.95,4,0.1,nearest,0.003976666666666671,0.017172666666666666,0.16709871093961068,0.003976666666666671,0.016349666666666665,0.16709871093961068,0.0,-0.0008230000000000008,0.0,robustness only; not primary observations
0.8,8,0.0003,floor,4.666666666666477e-06,7.333333333333334e-06,0.0006421425051261325,4.666666666666477e-06,7.333333333333334e-06,0.0006421425051261325,0.0,0.0,0.0,robustness only; not primary observations
1.25,4,1e-05,floor,1.3333333333346669e-06,2.0000000000000003e-06,2.2703116574419828e-05,1.3333333333346669e-06,2.0000000000000003e-06,2.2703116574419828e-05,0.0,0.0,0.0,robustness only; not primary observations
1.25,1,0.003,nearest,0.0007420000000000094,0.001645,0.005724579273062562,0.0007420000000000094,0.001645,0.005724579273062562,0.0,0.0,0.0,robustness only; not primary observations
1.0,1,0.0003,nearest,7.600000000000754e-05,0.00014333333333333334,0.0005031380175187226,7.600000000000754e-05,0.00014333333333333334,0.0005031380175187226,0.0,0.0,0.0,robustness only; not primary observations
0.5,4,1e-05,nearest,0.0,0.0,1.1521260279512778e-05,0.0,0.0,1.1521260279512778e-05,0.0,0.0,0.0,robustness only; not primary observations
0.8,1,1e-05,nearest,2.00000000000015e-06,3.3333333333333333e-06,1.2853113403940634e-05,2.00000000000015e-06,3.3333333333333333e-06,1.2853113403940634e-05,0.0,0.0,0.0,robustness only; not primary observations
0.5,1,0.001,floor,0.00021066666666667012,0.0003206666666666667,0.001446352933434261,0.00021066666666667012,0.0003206666666666667,0.001446352933434261,0.0,0.0,0.0,robustness only; not primary observations
0.8,1,0.01,floor,0.002529333333333341,0.004422333333333334,0.017810987793692598,0.002529333333333341,0.004422333333333334,0.017810987793692598,0.0,0.0,0.0,robustness only; not primary observations
1.25,8,3e-05,ceiling,1.1999999999999973e-05,8.000000000000001e-06,4.825469492259201e-05,1.1999999999999973e-05,8.000000000000001e-06,4.825469492259201e-05,0.0,0.0,0.0,robustness only; not primary observations
1.1,4,0.0001,floor,1.866666666666498e-05,2.6000000000000002e-05,0.00022947273005840526,1.866666666666498e-05,2.6000000000000002e-05,0.00022947273005840526,0.0,0.0,0.0,robustness only; not primary observations
0.95,4,0.0003,ceiling,3.8666666666665556e-05,7.000000000000001e-05,0.0004674462077167855,3.8666666666665556e-05,7.000000000000001e-05,0.0004674462077167855,0.0,0.0,0.0,robustness only; not primary observations
1.0,16,0.003,nearest,0.00012333333333333386,0.00018366666666666667,0.005962840847678694,0.00012333333333333386,0.00018366666666666667,0.005962840847678694,0.0,0.0,0.0,robustness only; not primary observations
0.8,1,0.001,floor,0.0002466666666666654,0.0004313333333333333,0.0017840065941141874,0.0002466666666666654,0.0004313333333333333,0.0017840065941141874,0.0,0.0,0.0,robustness only; not primary observations
0.8,1,0.003,floor,0.0007173333333333384,0.001325,0.00531004679378743,0.0007173333333333384,0.001325,0.00531004679378743,0.0,0.0,0.0,robustness only; not primary observations
0.5,4,0.001,ceiling,1.5333333333333633e-05,3.933333333333334e-05,0.000724392963184126,1.5333333333333633e-05,3.933333333333334e-05,0.000724392963184126,0.0,0.0,0.0,robustness only; not primary observations
1.1,8,0.0001,floor,2.3333333333332614e-05,1.6e-05,0.0002641421672248314,2.3333333333332614e-05,1.6000000000000003e-05,0.0002641421672248314,0.0,3.3881317890172014e-21,0.0,robustness only; not primary observations
0.95,1,0.0003,nearest,7.1999999999998e-05,0.00014366666666666667,0.00047546763847067144,7.1999999999998e-05,0.00014366666666666667,0.0004754676384706714,0.0,0.0,-5.421010862427522e-20,robustness only; not primary observations
0.95,4,3e-05,ceiling,4.666666666666708e-06,6.666666666666667e-06,4.3208838943012794e-05,4.666666666666708e-06,6.666666666666667e-06,4.3208838943012794e-05,0.0,0.0,0.0,robustness only; not primary observations
1.1,8,0.0003,floor,4.666666666666708e-05,5.266666666666667e-05,0.0007701825315367888,4.666666666666708e-05,5.266666666666667e-05,0.0007701825315367888,0.0,0.0,0.0,robustness only; not primary observations
1.0,1,0.003,floor,0.000767333333333331,0.001506,0.006025327641935006,0.000767333333333331,0.001506,0.006025327641935006,0.0,0.0,0.0,robustness only; not primary observations
0.8,8,0.003,ceiling,4.1333333333332804e-05,0.00011933333333333334,0.003542155869798697,4.1333333333332804e-05,0.00011933333333333332,0.003542155869798697,0.0,-1.3552527156068805e-20,0.0,robustness only; not primary observations
1.25,1,0.01,floor,0.0024240000000000004,0.005404,0.021953544367002167,0.0024240000000000004,0.005404,0.021953544367002167,0.0,0.0,0.0,robustness only; not primary observations
1.0,16,0.0003,ceiling,1.9333333333333008e-05,1.2e-05,0.000422634512499049,1.9333333333333008e-05,1.2e-05,0.000422634512499049,0.0,0.0,0.0,robustness only; not primary observations
0.5,8,0.1,nearest,8.999999999999999e-05,0.00019433333333333333,0.11726052205556377,8.999999999999999e-05,0.00018366666666666667,0.11726052205556377,0.0,-1.0666666666666664e-05,0.0,robustness only; not primary observations
0.5,16,0.1,floor,0.0,0.0,0.15930611447924484,0.0,0.0,0.15930611447924484,0.0,0.0,0.0,robustness only; not primary observations
1.1,16,0.0003,ceiling,5.199999999999973e-05,3.066666666666667e-05,0.0004777636492679723,5.199999999999973e-05,3.066666666666667e-05,0.0004777636492679723,0.0,0.0,0.0,robustness only; not primary observations
1.0,1,0.001,ceiling,0.00024199999999999406,0.000481,0.0013073002908021256,0.00024199999999999406,0.000481,0.0013073002908021256,0.0,0.0,0.0,robustness only; not primary observations
1.1,1,0.03,ceiling,0.007239333333333338,0.015080666666666666,0.04253686029533741,0.007239333333333338,0.015080666666666666,0.04253686029533741,0.0,0.0,0.0,robustness only; not primary observations
0.95,4,0.001,nearest,7.533333333332911e-05,0.0001933333333333333,0.0018784520068179456,7.533333333332911e-05,0.0001933333333333333,0.0018784520068179456,0.0,0.0,0.0,robustness only; not primary observations
0.5,8,0.003,nearest,3.3333333333333422e-06,4.000000000000001e-06,0.00369760206927023,3.3333333333333422e-06,4.000000000000001e-06,0.00369760206927023,0.0,0.0,0.0,robustness only; not primary observations
0.5,1,0.01,floor,0.0022133333333333336,0.003274333333333333,0.014786771973836018,0.0022133333333333336,0.003274333333333333,0.014786771973836018,0.0,0.0,0.0,robustness only; not primary observations
0.8,16,1e-05,nearest,0.0,0.0,1.8055306619464247e-05,0.0,0.0,1.8055306619464247e-05,0.0,0.0,0.0,robustness only; not primary observations
0.5,4,0.0001,ceiling,4.0000000000000684e-06,5.333333333333334e-06,7.725027476124356e-05,4.0000000000000684e-06,5.333333333333334e-06,7.725027476124356e-05,0.0,0.0,0.0,robustness only; not primary observations
1.25,16,0.0003,floor,0.00025666666666666893,5.366666666666667e-05,0.0008151681388720109,0.00025666666666666893,5.366666666666667e-05,0.0008151681388720109,0.0,0.0,0.0,robustness only; not primary observations
1.25,4,3e-05,nearest,6.00000000000415e-06,5.333333333333334e-06,5.8726381006853075e-05,6.00000000000415e-06,5.333333333333334e-06,5.8726381006853075e-05,0.0,0.0,0.0,robustness only; not primary observations
0.8,1,0.0001,ceiling,3.0000000000002247e-05,4.5333333333333335e-05,0.0001028695504958996,3.0000000000002247e-05,4.5333333333333335e-05,0.0001028695504958996,0.0,0.0,0.0,robustness only; not primary observations
1.0,1,3e-05,floor,1.3333333333339266e-05,2.1333333333333335e-05,7.377253888312672e-05,1.3333333333339266e-05,2.1333333333333335e-05,7.377253888312672e-05,0.0,0.0,0.0,robustness only; not primary observations
0.95,1,0.1,ceiling,0.023854000000000007,0.045317666666666666,0.11958276703644963,0.023854000000000007,0.045317666666666666,0.11958276703644963,0.0,0.0,0.0,robustness only; not primary observations
0.5,8,0.0003,floor,1.3333333333333224e-06,2.0000000000000003e-06,0.0005371885715117745,1.3333333333333224e-06,2.0000000000000003e-06,0.0005371885715117745,0.0,0.0,0.0,robustness only; not primary observations
1.25,8,0.01,floor,0.0005113333333333322,0.0022646666666666666,0.026306592912236734,0.0005113333333333322,0.002253666666666667,0.026306592912236734,0.0,-1.0999999999999725e-05,0.0,robustness only; not primary observations
1.0,16,1e-05,nearest,2.666666666666558e-06,6.666666666666667e-07,2.4048473219532737e-05,2.666666666666558e-06,6.666666666666667e-07,2.4048473219532737e-05,0.0,0.0,0.0,robustness only; not primary observations
0.8,16,0.03,floor,4.6666666666666584e-05,0.00014,0.0633959241206555,4.6666666666666584e-05,0.0001366666666666667,0.0633959241206555,0.0,-3.333333333333297e-06,0.0,robustness only; not primary observations
1.25,16,0.0003,nearest,0.000254666666666666,6.733333333333333e-05,0.0006961850492225512,0.000254666666666666,6.733333333333333e-05,0.0006961850492225512,0.0,0.0,0.0,robustness only; not primary observations
0.8,4,3e-05,ceiling,2.666666666666558e-06,2.666666666666667e-06,3.4078413115544074e-05,2.666666666666558e-06,2.666666666666667e-06,3.4078413115544074e-05,0.0,0.0,0.0,robustness only; not primary observations
1.25,16,1e-05,ceiling,6.666666666673334e-07,6.666666666666667e-07,1.7456712380582313e-05,6.666666666673334e-07,6.666666666666667e-07,1.7456712380582313e-05,0.0,0.0,0.0,robustness only; not primary observations
0.95,8,0.1,nearest,0.0013353333333333342,0.008495666666666667,0.17094116840437418,0.0013353333333333342,0.008098,0.17094116840437418,0.0,-0.0003976666666666677,0.0,robustness only; not primary observations
0.5,1,0.1,floor,0.02178066666666667,0.029802,0.1393199795443204,0.02178066666666667,0.029802,0.1393199795443204,0.0,0.0,0.0,robustness only; not primary observations
0.95,4,0.1,floor,0.004126000000000004,0.016029,0.20275375732501738,0.004126000000000004,0.015247,0.20275375732501738,0.0,-0.0007820000000000014,0.0,robustness only; not primary observations
0.95,1,0.0001,floor,2.6666666666671132e-05,4.466666666666667e-05,0.00018949097917446414,2.6666666666671132e-05,4.466666666666667e-05,0.00018949097917446414,0.0,0.0,0.0,robustness only; not primary observations
1.0,4,3e-05,nearest,2.666666666665633e-06,6.666666666666667e-06,5.7023273107813836e-05,2.666666666665633e-06,6.666666666666667e-06,5.7023273107813836e-05,0.0,0.0,0.0,robustness only; not primary observations
1.25,1,1e-05,floor,3.333333333332966e-06,6e-06,3.0471278660941846e-05,3.333333333332966e-06,6e-06,3.0471278660941846e-05,0.0,0.0,0.0,robustness only; not primary observations
0.5,1,0.03,floor,0.006426666666666673,0.009553,0.043720955808608776,0.006426666666666673,0.009553,0.043720955808608776,0.0,0.0,0.0,robustness only; not primary observations
1.25,4,1e-05,ceiling,4.666666666663932e-06,4.000000000000001e-06,1.801561272275985e-05,4.666666666663932e-06,4e-06,1.801561272275985e-05,0.0,-8.470329472543003e-22,0.0,robustness only; not primary observations
1.1,4,0.0003,ceiling,4.7333333333333485e-05,7.066666666666666e-05,0.0004416176521493603,4.7333333333333485e-05,7.066666666666666e-05,0.0004416176521493603,0.0,0.0,0.0,robustness only; not primary observations
0.5,16,0.0001,nearest,0.0,0.0,0.0001520010467032669,0.0,0.0,0.0001520010467032669,0.0,0.0,0.0,robustness only; not primary observations
1.25,1,3e-05,nearest,1.1333333333340967e-05,1.5333333333333334e-05,5.6319328283659894e-05,1.1333333333340967e-05,1.5333333333333334e-05,5.6319328283659894e-05,0.0,0.0,0.0,robustness only; not primary observations
1.0,1,1e-05,nearest,3.333333333336667e-06,4.000000000000001e-06,1.8669018383965774e-05,3.333333333336667e-06,4.000000000000001e-06,1.8669018383965774e-05,0.0,0.0,0.0,robustness only; not primary observations
0.5,1,0.1,nearest,0.02146133333333334,0.030741333333333332,0.10339219558543884,0.02146133333333334,0.030741333333333332,0.10339219558543884,0.0,0.0,0.0,robustness only; not primary observations
0.8,8,0.003,nearest,3.799999999999961e-05,0.00012000000000000002,0.005042598973863449,3.799999999999961e-05,0.00012,0.005042598973863449,0.0,-1.3552527156068805e-20,0.0,robustness only; not primary observations
1.0,1,0.003,ceiling,0.000772666666666666,0.0014930000000000002,0.003959913198029984,0.000772666666666666,0.0014930000000000002,0.003959913198029984,0.0,0.0,0.0,robustness only; not primary observations
1.1,4,0.01,ceiling,0.0004626666666666686,0.002415666666666667,0.01553920008428879,0.0004626666666666686,0.0024043333333333334,0.01553920008428879,0.0,-1.1333333333333681e-05,0.0,robustness only; not primary observations
0.8,16,0.0001,floor,6.666666666666684e-07,6.666666666666667e-07,0.00023403767321524934,6.666666666666684e-07,6.666666666666667e-07,0.00023403767321524934,0.0,0.0,0.0,robustness only; not primary observations
0.8,4,0.001,ceiling,5.06666666666683e-05,0.00012066666666666667,0.001123789804130525,5.06666666666683e-05,0.00012066666666666667,0.001123789804130525,0.0,0.0,0.0,robustness only; not primary observations
1.1,1,0.0003,ceiling,8.466666666666993e-05,0.00015999999999999999,0.0004444853451918108,8.466666666666993e-05,0.00016,0.0004444853451918108,0.0,2.710505431213761e-20,0.0,robustness only; not primary observations
0.95,1,0.01,nearest,0.002524666666666666,0.0048653333333333335,0.01587853843696507,0.002524666666666666,0.0048653333333333335,0.015878538436965066,0.0,0.0,-3.469446951953614e-18,robustness only; not primary observations
0.8,1,0.0003,nearest,6.39999999999974e-05,0.00013233333333333334,0.00041190760160041893,6.39999999999974e-05,0.00013233333333333334,0.00041190760160041893,0.0,0.0,0.0,robustness only; not primary observations
0.95,4,3e-05,floor,6.666666666673334e-07,5.333333333333334e-06,6.70340245875599e-05,6.666666666673334e-07,5.333333333333334e-06,6.70340245875599e-05,0.0,0.0,0.0,robustness only; not primary observations
1.25,16,1e-05,nearest,3.0000000000000397e-05,5.333333333333334e-06,2.6730043424864673e-05,3.0000000000000397e-05,5.333333333333334e-06,2.6730043424864673e-05,0.0,0.0,0.0,robustness only; not primary observations
0.95,1,0.03,floor,0.007514666666666666,0.014005,0.056449653600946136,0.007514666666666666,0.014005,0.056449653600946136,0.0,0.0,0.0,robustness only; not primary observations
0.8,4,0.1,nearest,0.0036973333333333333,0.011684333333333333,0.15099776809438378,0.0036973333333333333,0.011141000000000002,0.15099776809438378,0.0,-0.0005433333333333314,0.0,robustness only; not primary observations
0.8,1,0.003,ceiling,0.0007746666666666661,0.001347,0.0032168103906278084,0.0007746666666666661,0.001347,0.0032168103906278084,0.0,0.0,0.0,robustness only; not primary observations
0.95,16,3e-05,ceiling,0.0,2.0000000000000003e-06,4.620334356037499e-05,0.0,2.0000000000000003e-06,4.6203343560375e-05,0.0,0.0,6.776263578034403e-21,robustness only; not primary observations
1.1,1,0.1,nearest,0.024274666666666674,0.04707133333333333,0.1622940125708335,0.024274666666666674,0.04707133333333333,0.1622940125708335,0.0,0.0,0.0,robustness only; not primary observations
1.0,8,0.1,nearest,0.0013806666666666657,0.010594,0.17638533138117757,0.0013806666666666657,0.010065,0.17638533138117757,0.0,-0.000529,0.0,robustness only; not primary observations
0.95,8,0.003,floor,8.733333333333417e-05,0.00027566666666666663,0.006954050098579191,8.733333333333417e-05,0.000275,0.006954050098579191,0.0,-6.666666666666106e-07,0.0,robustness only; not primary observations
1.25,8,0.0003,floor,8.799999999999918e-05,6.4e-05,0.0007771100260527177,8.799999999999918e-05,6.4e-05,0.0007771100260527177,0.0,0.0,0.0,robustness only; not primary observations
0.5,4,0.001,nearest,2.0000000000000225e-05,4e-05,0.001232626166421348,2.0000000000000225e-05,4e-05,0.001232626166421348,0.0,0.0,0.0,robustness only; not primary observations
0.95,16,0.01,floor,8.799999999999941e-05,0.0003263333333333333,0.023557227290457426,8.799999999999941e-05,0.0003263333333333333,0.023557227290457426,0.0,0.0,0.0,robustness only; not primary observations
1.25,16,3e-05,nearest,4.333333333333411e-05,5.666666666666667e-06,7.649410330181494e-05,4.333333333333411e-05,5.666666666666667e-06,7.649410330181494e-05,0.0,0.0,0.0,robustness only; not primary observations
0.5,8,1e-05,nearest,0.0,0.0,1.5347613743895316e-05,0.0,0.0,1.5347613743895316e-05,0.0,0.0,0.0,robustness only; not primary observations
1.0,8,0.03,ceiling,0.00047466666666666767,0.0034376666666666666,0.04312811901199285,0.00047466666666666767,0.0033836666666666668,0.04312811901199285,0.0,-5.3999999999999795e-05,0.0,robustness only; not primary observations
1.0,1,1e-05,ceiling,4.666666666667633e-06,4.666666666666667e-06,1.2435105372288681e-05,4.666666666667633e-06,4.666666666666667e-06,1.2435105372288681e-05,0.0,0.0,0.0,robustness only; not primary observations
0.8,1,0.01,ceiling,0.0023953333333333344,0.0043890000000000005,0.010787287838494197,0.0023953333333333344,0.0043890000000000005,0.010787287838494197,0.0,0.0,0.0,robustness only; not primary observations
1.0,8,0.0001,nearest,2.4666666666666818e-05,1.5333333333333334e-05,0.0001892024283243559,2.4666666666666818e-05,1.5333333333333334e-05,0.0001892024283243559,0.0,0.0,0.0,robustness only; not primary observations
0.5,1,0.1,ceiling,0.02140133333333333,0.03193033333333333,0.06734544693057551,0.02140133333333333,0.03193033333333333,0.06734544693057551,0.0,0.0,0.0,robustness only; not primary observations
0.95,16,1e-05,floor,0.0,0.0,2.582434704847625e-05,0.0,0.0,2.5824347048476253e-05,0.0,0.0,3.3881317890172014e-21,robustness only; not primary observations
0.5,4,0.03,nearest,0.0004859999999999997,0.000935,0.03613861079691629,0.0004859999999999997,0.0009209999999999999,0.03613861079691629,0.0,-1.4000000000000015e-05,0.0,robustness only; not primary observations
1.1,1,0.01,ceiling,0.002505333333333348,0.005204333333333333,0.014604825317273033,0.002505333333333348,0.005204333333333333,0.014604825317273033,0.0,0.0,0.0,robustness only; not primary observations
1.25,8,0.0003,ceiling,0.00010399999999999947,8.1e-05,0.0005614428142653972,0.00010399999999999947,8.1e-05,0.0005614428142653972,0.0,0.0,0.0,robustness only; not primary observations
0.8,8,0.003,floor,3.533333333333351e-05,0.00011866666666666667,0.006440642510322123,3.533333333333351e-05,0.00011866666666666667,0.006440642510322123,0.0,0.0,0.0,robustness only; not primary observations
1.0,4,0.0001,ceiling,9.33333333333249e-06,1.9333333333333333e-05,0.00015660361574001307,9.33333333333249e-06,1.9333333333333333e-05,0.00015660361574001307,0.0,0.0,0.0,robustness only; not primary observations
1.25,8,1e-05,ceiling,2.00000000000015e-06,6.666666666666667e-07,1.5088772669150066e-05,2.00000000000015e-06,6.666666666666667e-07,1.5088772669150066e-05,0.0,0.0,0.0,robustness only; not primary observations
1.1,8,0.003,ceiling,0.0002073333333333316,0.000493,0.004953699324044947,0.0002073333333333316,0.000493,0.004953699324044947,0.0,0.0,0.0,robustness only; not primary observations
1.0,4,0.0003,nearest,1.60000000000012e-05,5.666666666666667e-05,0.0005808993272530268,1.60000000000012e-05,5.666666666666667e-05,0.0005808993272530268,0.0,0.0,0.0,robustness only; not primary observations
1.0,1,0.001,floor,0.0002453333333333215,0.0004983333333333334,0.001984700956163468,0.0002453333333333215,0.0004983333333333334,0.001984700956163468,0.0,0.0,0.0,robustness only; not primary observations
1.0,1,3e-05,ceiling,5.333333333331266e-06,1.2e-05,4.268017048307613e-05,5.333333333331266e-06,1.2e-05,4.268017048307613e-05,0.0,0.0,0.0,robustness only; not primary observations
0.5,16,0.0001,ceiling,0.0,0.0,8.46672600220668e-05,0.0,0.0,8.46672600220668e-05,0.0,0.0,0.0,robustness only; not primary observations
0.5,1,0.0001,floor,1.9333333333334164e-05,2.466666666666667e-05,0.00013924880705595225,1.9333333333334164e-05,2.4666666666666665e-05,0.00013924880705595225,0.0,-3.3881317890172014e-21,0.0,robustness only; not primary observations
0.5,8,0.0001,ceiling,0.0,0.0,7.00683953334543e-05,0.0,0.0,7.00683953334543e-05,0.0,0.0,0.0,robustness only; not primary observations
0.8,8,0.01,ceiling,0.00010066666666666603,0.0004136666666666667,0.012028153927841503,0.00010066666666666603,0.00040899999999999997,0.012028153927841503,0.0,-4.666666666666708e-06,0.0,robustness only; not primary observations
0.5,8,0.003,floor,1.3333333333333368e-06,2.666666666666667e-06,0.005219065860315559,1.3333333333333368e-06,2.666666666666667e-06,0.005219065860315559,0.0,0.0,0.0,robustness only; not primary observations
0.5,4,3e-05,nearest,0.0,0.0,3.795055223647433e-05,0.0,0.0,3.795055223647434e-05,0.0,0.0,6.776263578034403e-21,robustness only; not primary observations
0.95,16,0.001,ceiling,3.399999999999954e-05,3.6666666666666666e-05,0.0013918603580349335,3.399999999999954e-05,3.6666666666666666e-05,0.0013918603580349335,0.0,0.0,0.0,robustness only; not primary observations
0.8,1,0.1,ceiling,0.023701333333333338,0.04178733333333333,0.10301142930403256,0.023701333333333338,0.04178733333333333,0.10301142930403256,0.0,0.0,0.0,robustness only; not primary observations
0.8,4,0.01,nearest,0.0003493333333333311,0.0012176666666666666,0.01609666686524008,0.0003493333333333311,0.0012103333333333334,0.01609666686524008,0.0,-7.33333333333315e-06,0.0,robustness only; not primary observations
0.95,16,0.001,floor,2.600000000000102e-05,3.533333333333333e-05,0.002337614052638693,2.600000000000102e-05,3.5333333333333336e-05,0.002337614052638693,0.0,6.776263578034403e-21,0.0,robustness only; not primary observations
0.5,8,0.001,nearest,2.0000000000000054e-06,2.0000000000000003e-06,0.0012438760592773104,2.0000000000000054e-06,2.0000000000000003e-06,0.0012438760592773104,0.0,0.0,0.0,robustness only; not primary observations
0.5,16,0.01,nearest,0.0,0.0,0.012480076786332846,0.0,0.0,0.012480076786332846,0.0,0.0,0.0,robustness only; not primary observations
1.1,1,3e-05,floor,8.666666666671633e-06,1.7333333333333336e-05,6.684850875804423e-05,8.666666666671633e-06,1.7333333333333336e-05,6.684850875804423e-05,0.0,0.0,0.0,robustness only; not primary observations
0.95,4,0.01,floor,0.0003666666666666624,0.0017339999999999999,0.02250007339788349,0.0003666666666666624,0.0017236666666666665,0.02250007339788349,0.0,-1.0333333333333332e-05,0.0,robustness only; not primary observations
1.25,4,0.0001,nearest,2.3333333333334464e-05,3.3333333333333335e-05,0.00023179029313248918,2.3333333333334464e-05,3.3333333333333335e-05,0.00023179029313248918,0.0,0.0,0.0,robustness only; not primary observations
1.0,8,0.003,nearest,0.00012200000000000081,0.0003453333333333334,0.005733819609350254,0.00012200000000000081,0.0003446666666666667,0.005733819609350254,0.0,-6.66666666666719e-07,0.0,robustness only; not primary observations
1.0,8,3e-05,ceiling,7.333333333333266e-06,4.666666666666667e-06,4.44847146724358e-05,7.333333333333266e-06,4.666666666666667e-06,4.44847146724358e-05,0.0,0.0,0.0,robustness only; not primary observations
1.25,4,3e-05,ceiling,1.1999999999999048e-05,6.666666666666667e-06,4.5429461372556006e-05,1.1999999999999048e-05,6.666666666666667e-06,4.5429461372556006e-05,0.0,0.0,0.0,robustness only; not primary observations
0.5,4,0.0003,ceiling,8.000000000000484e-06,1.4e-05,0.00023309676933983204,8.000000000000484e-06,1.4e-05,0.00023309676933983204,0.0,0.0,0.0,robustness only; not primary observations
0.5,16,0.001,nearest,0.0,0.0,0.0012893414703053683,0.0,0.0,0.0012893414703053683,0.0,0.0,0.0,robustness only; not primary observations
1.25,8,0.001,ceiling,0.00014066666666666858,0.00021633333333333332,0.001839957552373802,0.00014066666666666858,0.00021633333333333332,0.001839957552373802,0.0,0.0,0.0,robustness only; not primary observations
1.1,8,0.001,ceiling,0.0001053333333333332,0.00018666666666666666,0.001657588200285301,0.0001053333333333332,0.00018666666666666666,0.001657588200285301,0.0,0.0,0.0,robustness only; not primary observations
0.95,16,3e-05,floor,6.666666666666395e-07,1.3333333333333334e-06,7.132845821718642e-05,6.666666666666395e-07,1.3333333333333334e-06,7.132845821718642e-05,0.0,0.0,0.0,robustness only; not primary observations
0.8,4,0.001,floor,5.333333333333301e-05,0.00014000000000000001,0.002136216261840286,5.333333333333301e-05,0.00013933333333333332,0.002136216261840286,0.0,-6.666666666666919e-07,0.0,robustness only; not primary observations
1.1,1,1e-05,ceiling,3.333333333336667e-06,4.000000000000001e-06,1.715920800660553e-05,3.333333333336667e-06,4e-06,1.715920800660553e-05,0.0,-8.470329472543003e-22,0.0,robustness only; not primary observations
0.8,1,3e-05,ceiling,4.0000000000003e-06,6e-06,2.3142142223716192e-05,4.0000000000003e-06,6e-06,2.3142142223716192e-05,0.0,0.0,0.0,robustness only; not primary observations
0.95,8,0.001,ceiling,5.1333333333335636e-05,8.933333333333334e-05,0.0014517083340945512,5.1333333333335636e-05,8.933333333333334e-05,0.0014517083340945512,0.0,0.0,0.0,robustness only; not primary observations
1.25,4,0.03,floor,0.0010040000000000012,0.008511333333333334,0.07466496430445035,0.0010040000000000012,0.008378,0.07466496430445035,0.0,-0.00013333333333333426,0.0,robustness only; not primary observations
0.8,16,1e-05,floor,0.0,0.0,2.4071108906395495e-05,0.0,0.0,2.4071108906395495e-05,0.0,0.0,0.0,robustness only; not primary observations
0.95,16,0.1,ceiling,0.0003826666666666661,0.005239333333333333,0.13282938212392567,0.0003826666666666661,0.005003333333333334,0.13282938212392567,0.0,-0.00023599999999999923,0.0,robustness only; not primary observations
0.5,16,0.003,floor,0.0,0.0,0.005297365647938672,0.0,0.0,0.005297365647938672,0.0,0.0,0.0,robustness only; not primary observations
1.1,8,0.1,ceiling,0.0009420000000000021,0.01731766666666667,0.14874977804013198,0.0009420000000000021,0.016467666666666665,0.14874977804013198,0.0,-0.0008500000000000035,0.0,robustness only; not primary observations
1.1,8,0.1,floor,0.0011720000000000036,0.012920333333333334,0.22158131018020924,0.0011720000000000036,0.012330333333333334,0.22158131018020924,0.0,-0.0005900000000000002,0.0,robustness only; not primary observations
0.8,16,0.1,ceiling,0.0001433333333333333,0.000883,0.11390597750761174,0.0001433333333333333,0.0008406666666666666,0.11390597750761174,0.0,-4.233333333333335e-05,0.0,robustness only; not primary observations
1.1,8,0.03,floor,0.0006233333333333332,0.004481333333333334,0.07273755302699796,0.0006233333333333332,0.0044146666666666666,0.07273755302699796,0.0,-6.666666666666713e-05,0.0,robustness only; not primary observations
1.0,4,0.03,floor,0.0011606666666666653,0.005765999999999999,0.0675014153788717,0.0011606666666666653,0.005680666666666666,0.0675014153788717,0.0,-8.53333333333331e-05,0.0,robustness only; not primary observations
0.5,8,0.001,floor,6.666666666666684e-07,2.0000000000000003e-06,0.0017213489804440904,6.666666666666684e-07,2.0000000000000003e-06,0.0017213489804440904,0.0,0.0,0.0,robustness only; not primary observations
0.95,8,0.03,nearest,0.00041066666666666704,0.002576,0.054800351810672734,0.00041066666666666704,0.0025366666666666667,0.054800351810672734,0.0,-3.9333333333333494e-05,0.0,robustness only; not primary observations
0.95,16,0.01,nearest,0.00011000000000000014,0.000377,0.018710988929582163,0.00011000000000000014,0.00037566666666666667,0.018710988929582163,0.0,-1.3333333333333296e-06,0.0,robustness only; not primary observations
1.0,16,0.1,nearest,0.0005193333333333335,0.005654,0.17863950780591858,0.0005193333333333335,0.0053416666666666664,0.17863950780591858,0.0,-0.00031233333333333373,0.0,robustness only; not primary observations
1.0,1,0.01,floor,0.002528666666666666,0.004966666666666666,0.01992257744887172,0.002528666666666666,0.004966666666666666,0.01992257744887172,0.0,0.0,0.0,robustness only; not primary observations
0.5,1,3e-05,nearest,3.333333333336667e-06,5.333333333333334e-06,3.12140261349974e-05,3.333333333336667e-06,5.333333333333334e-06,3.12140261349974e-05,0.0,0.0,0.0,robustness only; not primary observations
1.0,8,0.01,nearest,0.00024200000000000054,0.001106,0.01909499570819307,0.00024200000000000054,0.0011016666666666668,0.01909499570819307,0.0,-4.333333333333186e-06,0.0,robustness only; not primary observations
1.1,8,0.003,nearest,0.0001693333333333343,0.000475,0.006163810716883324,0.0001693333333333343,0.00047366666666666667,0.006163810716883324,0.0,-1.3333333333333296e-06,0.0,robustness only; not primary observations
0.95,16,0.0003,floor,1.0666666666666694e-05,7.333333333333334e-06,0.0007248916544278679,1.0666666666666694e-05,7.333333333333334e-06,0.0007248916544278679,0.0,0.0,0.0,robustness only; not primary observations
1.1,16,0.001,floor,0.00016066666666666776,0.00011666666666666667,0.0025262133301898384,0.00016066666666666776,0.00011666666666666667,0.0025262133301898384,0.0,0.0,0.0,robustness only; not primary observations
0.95,1,0.001,floor,0.00025866666666666817,0.0005046666666666666,0.0019311157001434519,0.00025866666666666817,0.0005046666666666666,0.0019311157001434519,0.0,0.0,0.0,robustness only; not primary observations
0.95,8,3e-05,nearest,3.333333333332966e-06,4.666666666666667e-06,5.5133437394864735e-05,3.333333333332966e-06,4.666666666666667e-06,5.5133437394864735e-05,0.0,0.0,0.0,robustness only; not primary observations
1.1,8,0.003,floor,0.00019199999999999588,0.0004766666666666667,0.007524059157745984,0.00019199999999999588,0.0004766666666666667,0.007524059157745984,0.0,0.0,0.0,robustness only; not primary observations
1.1,1,0.0001,ceiling,2.8000000000005797e-05,5e-05,0.00014182300061435312,2.8000000000005797e-05,5e-05,0.00014182300061435312,0.0,0.0,0.0,robustness only; not primary observations
1.25,16,0.03,floor,0.0009806666666666648,0.00573,0.07740532146702676,0.0009806666666666648,0.005650333333333333,0.07740532146702676,0.0,-7.966666666666712e-05,0.0,robustness only; not primary observations
1.0,1,0.01,nearest,0.002472666666666677,0.004912,0.016596629000740416,0.002472666666666677,0.004912,0.016596629000740416,0.0,0.0,0.0,robustness only; not primary observations
1.0,4,0.03,nearest,0.0010293333333333359,0.005920666666666667,0.055439683982211954,0.0010293333333333359,0.005831,0.055439683982211954,0.0,-8.966666666666671e-05,0.0,robustness only; not primary observations
1.0,16,0.0001,floor,7.999999999999905e-06,4.666666666666667e-06,0.0002497968114066919,7.999999999999905e-06,4.666666666666667e-06,0.0002497968114066919,0.0,0.0,0.0,robustness only; not primary observations
0.8,1,0.001,nearest,0.0002519999999999967,0.000438,0.001391300798557365,0.0002519999999999967,0.000438,0.001391300798557365,0.0,0.0,0.0,robustness only; not primary observations
1.0,8,0.003,ceiling,0.0001213333333333344,0.0003186666666666667,0.004412216611047415,0.0001213333333333344,0.0003186666666666667,0.004412216611047415,0.0,0.0,0.0,robustness only; not primary observations
1.1,8,0.01,ceiling,0.00036200000000000213,0.0015963333333333335,0.01606875290223786,0.00036200000000000213,0.0015893333333333334,0.01606875290223786,0.0,-7.000000000000062e-06,0.0,robustness only; not primary observations
0.5,16,0.1,nearest,0.0,6.666666666666667e-07,0.11741133031045399,0.0,6.666666666666667e-07,0.11741133031045399,0.0,0.0,0.0,robustness only; not primary observations
0.8,1,0.003,nearest,0.0007399999999999999,0.0013200000000000002,0.00420103936093347,0.0007399999999999999,0.0013200000000000002,0.00420103936093347,0.0,0.0,0.0,robustness only; not primary observations
0.95,1,0.0001,ceiling,2.9333333333336765e-05,4.133333333333333e-05,0.00011369487479451471,2.9333333333336765e-05,4.133333333333333e-05,0.00011369487479451471,0.0,0.0,0.0,robustness only; not primary observations
1.1,4,0.001,ceiling,7.600000000000384e-05,0.00023066666666666667,0.0015597967778671852,7.600000000000384e-05,0.00023066666666666667,0.0015597967778671852,0.0,0.0,0.0,robustness only; not primary observations
1.25,1,0.003,floor,0.0007453333333333349,0.0016673333333333334,0.006603229143554878,0.0007453333333333349,0.0016673333333333334,0.006603229143554878,0.0,0.0,0.0,robustness only; not primary observations
1.0,16,0.0001,ceiling,1.2000000000000436e-05,7.333333333333334e-06,0.00017248015398163994,1.2000000000000436e-05,7.333333333333335e-06,0.00017248015398163994,0.0,8.470329472543003e-22,0.0,robustness only; not primary observations
0.5,4,1e-05,floor,0.0,0.0,1.6940780071123592e-05,0.0,0.0,1.6940780071123592e-05,0.0,0.0,0.0,robustness only; not primary observations
1.0,4,1e-05,nearest,1.3333333333328165e-06,3.3333333333333333e-06,2.1460813133088414e-05,1.3333333333328165e-06,3.3333333333333333e-06,2.1460813133088414e-05,0.0,0.0,0.0,robustness only; not primary observations
0.8,4,1e-05,ceiling,0.0,0.0,1.4197618533068002e-05,0.0,0.0,1.4197618533068002e-05,0.0,0.0,0.0,robustness only; not primary observations
1.1,1,3e-05,ceiling,7.333333333329565e-06,1.2e-05,3.703374686166015e-05,7.333333333329565e-06,1.2e-05,3.703374686166015e-05,0.0,0.0,0.0,robustness only; not primary observations
1.1,16,3e-05,ceiling,8.666666666666082e-06,5.333333333333334e-06,6.108021184338693e-05,8.666666666666082e-06,5.333333333333334e-06,6.108021184338693e-05,0.0,0.0,0.0,robustness only; not primary observations
1.25,4,0.0003,nearest,4.599999999999974e-05,8.6e-05,0.0006778207891570338,4.599999999999974e-05,8.6e-05,0.0006778207891570338,0.0,0.0,0.0,robustness only; not primary observations
1.1,16,0.001,ceiling,0.00012933333333333408,9.866666666666666e-05,0.001620477502233584,0.00012933333333333408,9.866666666666666e-05,0.001620477502233584,0.0,0.0,0.0,robustness only; not primary observations
1.25,8,0.01,ceiling,0.000568,0.002310333333333333,0.017838785508412655,0.000568,0.0022990000000000003,0.017838785508412655,0.0,-1.1333333333332814e-05,0.0,robustness only; not primary observations
1.1,4,0.1,nearest,0.0038186666666666686,0.022849,0.18164386174069375,0.0038186666666666686,0.021786000000000003,0.18164386174069375,0.0,-0.001062999999999998,0.0,robustness only; not primary observations
1.25,1,0.1,floor,0.024552,0.048558333333333335,0.20159210661157537,0.024552,0.048558333333333335,0.20159210661157537,0.0,0.0,0.0,robustness only; not primary observations
1.0,4,0.0001,nearest,1.1333333333334491e-05,2.2666666666666668e-05,0.0001976791134100738,1.1333333333334491e-05,2.2666666666666668e-05,0.0001976791134100738,0.0,0.0,0.0,robustness only; not primary observations
0.8,4,0.01,floor,0.0003766666666666659,0.001176,0.020607025936686858,0.0003766666666666659,0.0011713333333333333,0.020607025936686858,0.0,-4.666666666666708e-06,0.0,robustness only; not primary observations
1.0,16,0.01,floor,0.00023066666666666746,0.0005893333333333334,0.024213936896928377,0.00023066666666666746,0.0005873333333333334,0.024213936896928377,0.0,-2.0000000000000486e-06,0.0,robustness only; not primary observations
0.8,8,0.1,ceiling,0.000982,0.004458666666666666,0.11290740592693199,0.000982,0.004249333333333333,0.11290740592693199,0.0,-0.00020933333333333307,0.0,robustness only; not primary observations
1.0,1,0.0003,ceiling,8.266666666666237e-05,0.00014266666666666667,0.00040139468391511834,8.266666666666237e-05,0.00014266666666666667,0.00040139468391511834,0.0,0.0,0.0,robustness only; not primary observations
1.25,16,0.001,nearest,0.0006546666666666673,0.00019033333333333332,0.0022547503557608013,0.0006546666666666673,0.00019033333333333332,0.0022547503557608013,0.0,0.0,0.0,robustness only; not primary observations
1.1,16,3e-05,nearest,1.1333333333333103e-05,5.333333333333334e-06,5.436414711282193e-05,1.1333333333333103e-05,5.333333333333334e-06,5.436414711282193e-05,0.0,0.0,0.0,robustness only; not primary observations
0.95,1,3e-05,nearest,1.3333333333339266e-05,1.4e-05,4.054627018684988e-05,1.3333333333339266e-05,1.4e-05,4.054627018684988e-05,0.0,0.0,0.0,robustness only; not primary observations
0.5,16,3e-05,nearest,0.0,0.0,4.2000320006533456e-05,0.0,0.0,4.2000320006533456e-05,0.0,0.0,0.0,robustness only; not primary observations
1.25,4,0.03,nearest,0.0011800000000000014,0.008833666666666667,0.0633527715881748,0.0011800000000000014,0.008696666666666667,0.0633527715881748,0.0,-0.00013699999999999997,0.0,robustness only; not primary observations
0.8,8,0.001,nearest,1.2666666666667307e-05,3.800000000000001e-05,0.0016534513170903705,1.2666666666667307e-05,3.800000000000001e-05,0.0016534513170903705,0.0,0.0,0.0,robustness only; not primary observations
0.95,1,1e-05,nearest,5.333333333338667e-06,6e-06,1.587200889290573e-05,5.333333333338667e-06,6e-06,1.587200889290573e-05,0.0,0.0,0.0,robustness only; not primary observations
1.0,8,0.001,floor,6.200000000000048e-05,0.000109,0.0023327710092438327,6.200000000000048e-05,0.00010833333333333334,0.0023327710092438327,0.0,-6.666666666666648e-07,0.0,robustness only; not primary observations
1.0,4,0.001,floor,8.866666666666837e-05,0.00021533333333333335,0.002345711372696733,8.866666666666837e-05,0.00021533333333333335,0.002345711372696733,0.0,0.0,0.0,robustness only; not primary observations
0.95,1,0.0003,floor,8.266666666666793e-05,0.00014233333333333334,0.0005618470402699771,8.266666666666793e-05,0.00014233333333333334,0.0005618470402699771,0.0,0.0,0.0,robustness only; not primary observations
0.8,16,0.001,floor,5.333333333333318e-06,6.666666666666667e-06,0.002222314984952997,5.333333333333318e-06,6.666666666666667e-06,0.002222314984952997,0.0,0.0,0.0,robustness only; not primary observations
1.0,16,0.003,floor,0.00010666666666666695,0.00016033333333333335,0.007319168287135548,0.00010666666666666695,0.00016033333333333335,0.007319168287135548,0.0,0.0,0.0,robustness only; not primary observations
1.25,4,3e-05,floor,5.333333333333116e-06,6e-06,6.186933217858878e-05,5.333333333333116e-06,6e-06,6.186933217858878e-05,0.0,0.0,0.0,robustness only; not primary observations
1.1,4,0.0003,floor,4.066666666666663e-05,7.266666666666667e-05,0.0007161334082934981,4.066666666666663e-05,7.266666666666667e-05,0.0007161334082934981,0.0,0.0,0.0,robustness only; not primary observations
0.5,1,0.003,ceiling,0.0006733333333333369,0.000987,0.002053460431393551,0.0006733333333333369,0.000987,0.002053460431393551,0.0,0.0,0.0,robustness only; not primary observations
0.8,8,0.0001,floor,1.9999999999999186e-06,3.3333333333333333e-06,0.00020261275426850447,1.9999999999999186e-06,3.3333333333333333e-06,0.00020261275426850447,0.0,0.0,0.0,robustness only; not primary observations
0.5,8,0.0003,ceiling,0.0,0.0,0.0002222162897937406,0.0,0.0,0.0002222162897937406,0.0,0.0,0.0,robustness only; not primary observations
0.8,16,3e-05,floor,0.0,0.0,7.154424381313631e-05,0.0,0.0,7.154424381313631e-05,0.0,0.0,0.0,robustness only; not primary observations
1.25,8,0.003,floor,0.0003513333333333285,0.0006856666666666667,0.007814126658875091,0.0003513333333333285,0.000685,0.007814126658875091,0.0,-6.66666666666719e-07,0.0,robustness only; not primary observations
1.1,1,0.0003,floor,7.80000000000114e-05,0.000146,0.0006522644154956066,7.80000000000114e-05,0.000146,0.0006522644154956066,0.0,0.0,0.0,robustness only; not primary observations
0.95,1,0.1,nearest,0.024684666666666667,0.04430066666666667,0.14837340204151933,0.024684666666666667,0.04430066666666667,0.14837340204151933,0.0,0.0,0.0,robustness only; not primary observations
0.95,8,0.0003,ceiling,1.4666666666667457e-05,2.9333333333333336e-05,0.0004246575680523057,1.4666666666667457e-05,2.9333333333333336e-05,0.0004246575680523057,0.0,0.0,0.0,robustness only; not primary observations
0.95,1,0.0003,ceiling,6.933333333333605e-05,0.00013533333333333333,0.0003631421934502076,6.933333333333605e-05,0.00013533333333333333,0.0003631421934502076,0.0,0.0,0.0,robustness only; not primary observations
1.25,1,0.003,ceiling,0.0007299999999999974,0.0016599999999999998,0.004833012201676676,0.0007299999999999974,0.0016599999999999998,0.004833012201676676,0.0,0.0,0.0,robustness only; not primary observations
1.0,1,0.1,nearest,0.024300666666666682,0.045239666666666664,0.1536130437159634,0.024300666666666682,0.045239666666666664,0.1536130437159634,0.0,0.0,0.0,robustness only; not primary observations
1.0,8,3e-05,floor,1.333333333333279e-06,2.0000000000000003e-06,6.423727229268661e-05,1.333333333333279e-06,2.0000000000000003e-06,6.423727229268661e-05,0.0,0.0,0.0,robustness only; not primary observations
0.8,4,0.01,ceiling,0.00042600000000000043,0.0012150000000000002,0.01156350179241276,0.00042600000000000043,0.001207,0.01156350179241276,0.0,-8.000000000000194e-06,0.0,robustness only; not primary observations
0.8,16,0.0003,nearest,1.3333333333333368e-06,1.3333333333333334e-06,0.0005409539272533729,1.3333333333333368e-06,1.3333333333333334e-06,0.0005409539272533729,0.0,0.0,0.0,robustness only; not primary observations
1.1,16,0.001,nearest,0.0001339999999999994,0.00011333333333333333,0.0020206944923822313,0.0001339999999999994,0.00011333333333333333,0.0020206944923822313,0.0,0.0,0.0,robustness only; not primary observations
0.5,4,0.003,ceiling,5.333333333333359e-05,9.933333333333334e-05,0.0022010343619770943,5.333333333333359e-05,9.933333333333334e-05,0.0022010343619770943,0.0,0.0,0.0,robustness only; not primary observations
1.0,8,0.01,floor,0.00023599999999999826,0.0011043333333333333,0.02376877139024957,0.00023599999999999826,0.0010986666666666666,0.02376877139024957,0.0,-5.666666666666624e-06,0.0,robustness only; not primary observations
0.95,16,3e-05,nearest,1.333333333333279e-06,1.3333333333333334e-06,6.182489715296774e-05,1.333333333333279e-06,1.3333333333333334e-06,6.182489715296774e-05,0.0,0.0,0.0,robustness only; not primary observations
0.95,4,0.01,nearest,0.00043533333333333477,0.0018303333333333333,0.018249731980622363,0.00043533333333333477,0.0018203333333333333,0.018249731980622363,0.0,-1.0000000000000026e-05,0.0,robustness only; not primary observations
1.1,1,0.001,ceiling,0.00025133333333333306,0.0005243333333333334,0.0014844904345273678,0.00025133333333333306,0.0005243333333333334,0.0014844904345273678,0.0,0.0,0.0,robustness only; not primary observations
1.1,16,0.0003,floor,8.733333333333371e-05,3.5333333333333336e-05,0.0007280186362824426,8.733333333333371e-05,3.533333333333333e-05,0.0007280186362824426,0.0,-6.776263578034403e-21,0.0,robustness only; not primary observations
1.25,4,0.0003,floor,4.7333333333330714e-05,8.766666666666667e-05,0.0007835417367801698,4.7333333333330714e-05,8.766666666666667e-05,0.0007835417367801698,0.0,0.0,0.0,robustness only; not primary observations
0.95,1,0.03,ceiling,0.007460666666666671,0.014443333333333334,0.037667642964010296,0.007460666666666671,0.014443333333333334,0.037667642964010296,0.0,0.0,0.0,robustness only; not primary observations
0.95,4,0.01,ceiling,0.00048000000000000077,0.0018136666666666668,0.013713972857488082,0.00048000000000000077,0.0018033333333333334,0.013713972857488082,0.0,-1.0333333333333332e-05,0.0,robustness only; not primary observations
1.25,16,0.1,nearest,0.0013613333333333348,0.019218,0.2010192254215691,0.0013613333333333348,0.018286333333333335,0.2010192254215691,0.0,-0.000931666666666664,0.0,robustness only; not primary observations
1.1,1,0.01,floor,0.0024333333333333242,0.005173333333333334,0.020864598780642483,0.0024333333333333242,0.005173333333333334,0.020864598780642483,0.0,0.0,0.0,robustness only; not primary observations
1.1,4,0.01,nearest,0.0004033333333333352,0.002421333333333333,0.019702245157548356,0.0004033333333333352,0.002409,0.019702245157548356,0.0,-1.2333333333332946e-05,0.0,robustness only; not primary observations
0.95,1,0.001,nearest,0.00023199999999999886,0.0004696666666666667,0.0015418074191966794,0.00023199999999999886,0.0004696666666666667,0.0015418074191966794,0.0,0.0,0.0,robustness only; not primary observations
1.0,1,0.0003,floor,7.133333333333805e-05,0.00014566666666666667,0.0006106810005138267,7.133333333333805e-05,0.00014566666666666667,0.0006106810005138267,0.0,0.0,0.0,robustness only; not primary observations
0.8,16,0.003,floor,5.999999999999987e-06,1.5333333333333334e-05,0.006510334839377007,5.999999999999987e-06,1.5333333333333334e-05,0.006510334839377007,0.0,0.0,0.0,robustness only; not primary observations
0.95,1,0.003,nearest,0.0007519999999999971,0.0014303333333333332,0.004748572713104925,0.0007519999999999971,0.0014303333333333332,0.004748572713104925,0.0,0.0,0.0,robustness only; not primary observations
0.5,1,0.0003,floor,6.333333333333747e-05,9.466666666666667e-05,0.0004497214382847196,6.333333333333747e-05,9.466666666666667e-05,0.0004497214382847196,0.0,0.0,0.0,robustness only; not primary observations
0.5,1,0.03,nearest,0.006596666666666667,0.009678333333333334,0.03206859878828223,0.006596666666666667,0.009678333333333334,0.03206859878828223,0.0,0.0,0.0,robustness only; not primary observations
0.8,16,3e-05,nearest,0.0,0.0,5.349204439642039e-05,0.0,0.0,5.349204439642039e-05,0.0,0.0,0.0,robustness only; not primary observations
1.1,16,1e-05,floor,4.666666666666708e-06,2.0000000000000003e-06,2.2591330340874813e-05,4.666666666666708e-06,2.0000000000000003e-06,2.2591330340874813e-05,0.0,0.0,0.0,robustness only; not primary observations
1.1,1,0.1,ceiling,0.02378066666666667,0.04842266666666666,0.13603315420734985,0.02378066666666667,0.04842266666666666,0.13603315420734985,0.0,0.0,0.0,robustness only; not primary observations
0.8,16,0.01,floor,1.9999999999999995e-05,6.266666666666667e-05,0.021667913725605056,1.9999999999999995e-05,6.266666666666667e-05,0.021667913725605056,0.0,0.0,0.0,robustness only; not primary observations
1.1,16,0.1,ceiling,0.0009126666666666709,0.013618,0.14934695108793417,0.0009126666666666709,0.012964666666666668,0.14934695108793417,0.0,-0.0006533333333333322,0.0,robustness only; not primary observations
0.5,4,0.1,floor,0.00165,0.002926666666666667,0.15770648936141496,0.00165,0.0027923333333333333,0.15770648936141496,0.0,-0.00013433333333333353,0.0,robustness only; not primary observations
0.95,8,0.01,floor,0.00020066666666666705,0.0008986666666666668,0.02313640142395902,0.00020066666666666705,0.000893,0.02313640142395902,0.0,-5.666666666666732e-06,0.0,robustness only; not primary observations
1.25,8,3e-05,floor,1.5333333333332013e-05,9.333333333333334e-06,7.01266262094621e-05,1.5333333333332013e-05,9.333333333333334e-06,7.01266262094621e-05,0.0,0.0,0.0,robustness only; not primary observations
1.25,16,0.01,floor,0.0010960000000000017,0.002034,0.026559521643508104,0.0010960000000000017,0.002020333333333333,0.026559521643508104,0.0,-1.3666666666666601e-05,0.0,robustness only; not primary observations
0.8,4,0.0001,ceiling,5.333333333333116e-06,1.1333333333333334e-05,0.0001086091765661265,5.333333333333116e-06,1.1333333333333334e-05,0.0001086091765661265,0.0,0.0,0.0,robustness only; not primary observations
1.1,16,0.03,floor,0.0007399999999999999,0.003027,0.07403368876511489,0.0007399999999999999,0.002984333333333333,0.07403368876511489,0.0,-4.266666666666698e-05,0.0,robustness only; not primary observations
1.0,1,0.1,floor,0.02485866666666666,0.04379333333333334,0.18125437405237216,0.02485866666666666,0.04379333333333334,0.18125437405237216,0.0,0.0,0.0,robustness only; not primary observations
0.5,16,0.003,ceiling,0.0,0.0,0.0022823458772156346,0.0,0.0,0.0022823458772156346,0.0,0.0,0.0,robustness only; not primary observations
0.8,16,0.003,ceiling,9.3333333333333e-06,2.2666666666666668e-05,0.0035274573265096517,9.3333333333333e-06,2.2666666666666668e-05,0.0035274573265096517,0.0,0.0,0.0,robustness only; not primary observations
0.95,1,1e-05,floor,4.6666666666694835e-06,5.333333333333334e-06,1.7638943153702777e-05,4.6666666666694835e-06,5.333333333333334e-06,1.7638943153702777e-05,0.0,0.0,0.0,robustness only; not primary observations
1.25,4,0.003,ceiling,0.00018599999999999728,0.0009119999999999999,0.005368455687725047,0.00018599999999999728,0.00091,0.005368455687725047,0.0,-1.99999999999994e-06,0.0,robustness only; not primary observations
0.95,1,0.003,floor,0.0007459999999999967,0.0014636666666666665,0.005715141752955418,0.0007459999999999967,0.0014636666666666665,0.005715141752955418,0.0,0.0,0.0,robustness only; not primary observations
0.95,8,0.0001,nearest,4.666666666666708e-06,9.333333333333334e-06,0.00017937994405302083,4.666666666666708e-06,9.333333333333334e-06,0.00017937994405302083,0.0,0.0,0.0,robustness only; not primary observations
1.25,16,0.0001,nearest,0.0001293333333333313,1.8333333333333333e-05,0.00023245583921247632,0.0001293333333333313,1.8333333333333333e-05,0.00023245583921247632,0.0,0.0,0.0,robustness only; not primary observations
0.8,1,1e-05,floor,2.666666666665633e-06,3.3333333333333333e-06,1.6280025711882012e-05,2.666666666665633e-06,3.3333333333333333e-06,1.6280025711882012e-05,0.0,0.0,0.0,robustness only; not primary observations
0.95,16,0.0003,ceiling,1.1999999999999743e-05,1.1333333333333334e-05,0.0004260082644083615,1.1999999999999743e-05,1.1333333333333334e-05,0.0004260082644083615,0.0,0.0,0.0,robustness only; not primary observations
0.8,8,0.03,nearest,0.00027199999999999956,0.001163,0.04931631579203225,0.00027199999999999956,0.0011423333333333333,0.04931631579203225,0.0,-2.0666666666666663e-05,0.0,robustness only; not primary observations
1.25,16,0.0001,floor,0.00014466666666666702,2.3666666666666668e-05,0.0002926465661983676,0.00014466666666666702,2.3666666666666668e-05,0.0002926465661983676,0.0,0.0,0.0,robustness only; not primary observations
0.5,8,3e-05,ceiling,0.0,0.0,1.9352219193937185e-05,0.0,0.0,1.9352219193937185e-05,0.0,0.0,0.0,robustness only; not primary observations
0.5,16,3e-05,ceiling,0.0,0.0,2.6666793339666674e-05,0.0,0.0,2.6666793339666674e-05,0.0,0.0,0.0,robustness only; not primary observations
1.1,4,0.0003,nearest,3.199999999999685e-05,6.0666666666666666e-05,0.0005665602053198778,3.199999999999685e-05,6.066666666666667e-05,0.0005665602053198778,0.0,6.776263578034403e-21,0.0,robustness only; not primary observations
1.1,16,0.003,nearest,0.00030466666666666695,0.0003246666666666667,0.006242566226682267,0.00030466666666666695,0.00032333333333333335,0.006242566226682267,0.0,-1.3333333333333296e-06,0.0,robustness only; not primary observations
1.25,16,0.001,floor,0.0005006666666666697,0.00020700000000000002,0.002752907860509217,0.0005006666666666697,0.00020633333333333335,0.002752907860509217,0.0,-6.666666666666648e-07,0.0,robustness only; not primary observations
1.1,4,0.003,nearest,0.00014399999999999784,0.000697,0.005819138894726069,0.00014399999999999784,0.0006963333333333333,0.005819138894726069,0.0,-6.66666666666719e-07,0.0,robustness only; not primary observations
0.8,4,0.001,nearest,4.400000000000237e-05,0.00011366666666666667,0.0015748474643285085,4.400000000000237e-05,0.00011366666666666667,0.0015748474643285085,0.0,0.0,0.0,robustness only; not primary observations
0.8,16,0.0003,floor,0.0,6.666666666666667e-07,0.0006459457554909633,0.0,6.666666666666667e-07,0.0006459457554909633,0.0,0.0,0.0,robustness only; not primary observations
1.25,1,0.0003,nearest,6.466666666666472e-05,0.00017066666666666668,0.0005788179260632606,6.466666666666472e-05,0.00017066666666666668,0.0005788179260632606,0.0,0.0,0.0,robustness only; not primary observations
1.0,8,0.01,ceiling,0.000311333333333332,0.0011763333333333335,0.014567087571045113,0.000311333333333332,0.001173,0.014567087571045113,0.0,-3.3333333333334866e-06,0.0,robustness only; not primary observations
1.0,1,3e-05,nearest,9.333333333335266e-06,1.5333333333333334e-05,5.421479980539097e-05,9.333333333335266e-06,1.5333333333333334e-05,5.421479980539097e-05,0.0,0.0,0.0,robustness only; not primary observations
0.8,1,0.0001,nearest,1.60000000000049e-05,3.733333333333334e-05,0.0001277344185456649,1.60000000000049e-05,3.733333333333334e-05,0.0001277344185456649,0.0,0.0,0.0,robustness only; not primary observations
0.8,1,0.03,ceiling,0.007315333333333339,0.013228,0.03233239717111429,0.007315333333333339,0.013228,0.03233239717111429,0.0,0.0,0.0,robustness only; not primary observations
1.25,1,0.0001,nearest,3.99999999999993e-05,6.466666666666668e-05,0.00019664814947734178,3.99999999999993e-05,6.466666666666668e-05,0.00019664814947734178,0.0,0.0,0.0,robustness only; not primary observations
1.0,4,0.01,ceiling,0.000459333333333331,0.0019953333333333333,0.014368141634372188,0.000459333333333331,0.001984333333333333,0.014368141634372188,0.0,-1.1000000000000159e-05,0.0,robustness only; not primary observations
0.95,4,0.03,ceiling,0.0012680000000000007,0.005411666666666666,0.04099328349557686,0.0012680000000000007,0.005331666666666667,0.04099328349557686,0.0,-7.999999999999934e-05,0.0,robustness only; not primary observations
1.1,8,0.001,nearest,9.799999999999994e-05,0.00014966666666666668,0.002053322692273832,9.799999999999994e-05,0.00014966666666666668,0.002053322692273832,0.0,0.0,0.0,robustness only; not primary observations
1.0,4,0.0003,ceiling,1.866666666666683e-05,5.866666666666667e-05,0.0004668454997353274,1.866666666666683e-05,5.866666666666667e-05,0.0004668454997353274,0.0,0.0,0.0,robustness only; not primary observations
0.8,16,3e-05,ceiling,0.0,0.0,3.543898374732865e-05,0.0,0.0,3.543898374732865e-05,0.0,0.0,0.0,robustness only; not primary observations
0.8,8,1e-05,nearest,0.0,0.0,1.767103386497738e-05,0.0,0.0,1.767103386497738e-05,0.0,0.0,0.0,robustness only; not primary observations
0.5,4,3e-05,ceiling,0.0,0.0,1.423065407397249e-05,0.0,0.0,1.423065407397249e-05,0.0,0.0,0.0,robustness only; not primary observations
0.8,4,0.003,floor,0.00013666666666666826,0.0003593333333333333,0.006338468149405163,0.00013666666666666826,0.0003586666666666667,0.006338468149405163,0.0,-6.666666666666106e-07,0.0,robustness only; not primary observations
0.8,4,0.003,nearest,0.00012933333333333454,0.000353,0.004874998541012795,0.00012933333333333454,0.000353,0.004874998541012795,0.0,0.0,0.0,robustness only; not primary observations
0.95,4,0.0003,nearest,2.400000000000087e-05,5.766666666666667e-05,0.0005681745856354182,2.400000000000087e-05,5.766666666666667e-05,0.0005681745856354182,0.0,0.0,0.0,robustness only; not primary observations
1.1,8,0.03,nearest,0.000494000000000001,0.004657333333333334,0.060151129936344944,0.000494000000000001,0.004583,0.060151129936344944,0.0,-7.433333333333337e-05,0.0,robustness only; not primary observations
0.5,16,0.03,nearest,0.0,6.666666666666667e-07,0.03697388950890857,0.0,6.666666666666667e-07,0.03697388950890857,0.0,0.0,0.0,robustness only; not primary observations
0.5,8,0.01,floor,1.0000000000000011e-05,2.2666666666666668e-05,0.017324378094744432,1.0000000000000011e-05,2.2666666666666668e-05,0.017324378094744432,0.0,0.0,0.0,robustness only; not primary observations
1.25,16,0.0001,ceiling,8.133333333333325e-05,1.3333333333333333e-05,0.00018162267046931065,8.133333333333325e-05,1.3333333333333333e-05,0.00018162267046931065,0.0,0.0,0.0,robustness only; not primary observations
0.95,16,0.0001,floor,6.666666666666395e-06,6e-06,0.0002513820302250306,6.666666666666395e-06,6e-06,0.0002513820302250306,0.0,0.0,0.0,robustness only; not primary observations
0.5,16,1e-05,floor,0.0,0.0,2.0666780004466688e-05,0.0,0.0,2.0666780004466688e-05,0.0,0.0,0.0,robustness only; not primary observations
0.8,1,0.03,nearest,0.007444000000000003,0.012983333333333335,0.04219764757756295,0.007444000000000003,0.012983333333333335,0.04219764757756295,0.0,0.0,0.0,robustness only; not primary observations
1.0,4,0.003,floor,0.00013333333333333068,0.0006066666666666667,0.007056143431124275,0.00013333333333333068,0.0006066666666666667,0.007056143431124275,0.0,0.0,0.0,robustness only; not primary observations
1.1,1,0.0001,nearest,2.3999999999994397e-05,4.266666666666667e-05,0.0001752296983698145,2.3999999999994397e-05,4.266666666666667e-05,0.0001752296983698145,0.0,0.0,0.0,robustness only; not primary observations
1.1,16,1e-05,nearest,0.0,6.666666666666667e-07,1.765641544760071e-05,0.0,6.666666666666667e-07,1.765641544760071e-05,0.0,0.0,0.0,robustness only; not primary observations
0.5,8,0.1,ceiling,0.00010733333333333333,0.00021566666666666666,0.07236761108663532,0.00010733333333333333,0.00020566666666666666,0.07236761108663532,0.0,-9.999999999999999e-06,0.0,robustness only; not primary observations
1.1,8,0.0001,ceiling,1.8000000000000424e-05,1.866666666666667e-05,0.00016682456379563319,1.8000000000000424e-05,1.866666666666667e-05,0.00016682456379563319,0.0,0.0,0.0,robustness only; not primary observations
0.8,4,3e-05,nearest,1.3333333333337417e-06,4.666666666666667e-06,5.323940520941533e-05,1.3333333333337417e-06,4.666666666666667e-06,5.323940520941533e-05,0.0,0.0,0.0,robustness only; not primary observations
1.0,16,3e-05,nearest,6.666666666666395e-07,6.666666666666667e-07,6.66461013980096e-05,6.666666666666395e-07,6.666666666666667e-07,6.66461013980096e-05,0.0,0.0,0.0,robustness only; not primary observations
1.25,8,0.003,ceiling,0.0003719999999999964,0.000718,0.005429297288989083,0.0003719999999999964,0.0007176666666666667,0.005429297288989083,0.0,-3.333333333333053e-07,0.0,robustness only; not primary observations
1.0,8,0.0001,floor,6.666666666667783e-06,1.1333333333333334e-05,0.00023087984658807403,6.666666666667783e-06,1.1333333333333334e-05,0.00023087984658807403,0.0,0.0,0.0,robustness only; not primary observations
0.8,1,1e-05,ceiling,1.3333333333328165e-06,2.0000000000000003e-06,7.71145499457158e-06,1.3333333333328165e-06,2.0000000000000003e-06,7.71145499457158e-06,0.0,0.0,0.0,robustness only; not primary observations
1.25,1,0.1,ceiling,0.023100000000000002,0.050910000000000004,0.15086401601486396,0.023100000000000002,0.050910000000000004,0.15086401601486396,0.0,0.0,0.0,robustness only; not primary observations
1.0,1,0.03,floor,0.007471333333333338,0.014425333333333333,0.05844984456979925,0.007471333333333338,0.014425333333333333,0.05844984456979925,0.0,0.0,0.0,robustness only; not primary observations
1.25,16,0.003,floor,0.0009853333333333324,0.000585,0.00803558051954238,0.0009853333333333324,0.0005846666666666667,0.00803558051954238,0.0,-3.333333333333053e-07,0.0,robustness only; not primary observations
0.5,1,0.001,nearest,0.00020399999999999862,0.00030866666666666667,0.0010491142899743807,0.00020399999999999862,0.00030866666666666667,0.0010491142899743807,0.0,0.0,0.0,robustness only; not primary observations
1.1,8,0.01,floor,0.00037133333333333647,0.0016009999999999998,0.025193157860262456,0.00037133333333333647,0.0015933333333333333,0.025193157860262456,0.0,-7.666666666666455e-06,0.0,robustness only; not primary observations
1.1,16,0.0003,nearest,0.00012199999999999897,4.133333333333333e-05,0.0006073322287122137,0.00012199999999999897,4.133333333333333e-05,0.0006073322287122137,0.0,0.0,0.0,robustness only; not primary observations
0.95,16,0.003,ceiling,5.866666666666659e-05,0.00010300000000000001,0.004170913325643353,5.866666666666659e-05,0.00010233333333333335,0.004170913325643353,0.0,-6.666666666666648e-07,0.0,robustness only; not primary observations
0.5,4,0.0001,floor,1.9999999999999186e-06,4.000000000000001e-06,0.00017686435718034963,1.9999999999999186e-06,4e-06,0.00017686435718034963,0.0,-8.470329472543003e-22,0.0,robustness only; not primary observations
0.95,16,0.1,floor,0.00033933333333333325,0.0024293333333333333,0.2109753620419029,0.00033933333333333325,0.0023196666666666665,0.2109753620419029,0.0,-0.00010966666666666677,0.0,robustness only; not primary observations
1.1,1,3e-05,nearest,8.000000000008e-06,1.3333333333333333e-05,5.3304185735987425e-05,8.000000000008e-06,1.3333333333333333e-05,5.3304185735987425e-05,0.0,0.0,0.0,robustness only; not primary observations
1.0,8,0.001,ceiling,6.26666666666655e-05,0.00011166666666666667,0.0014399546300053446,6.26666666666655e-05,0.00011166666666666667,0.0014399546300053446,0.0,0.0,0.0,robustness only; not primary observations
1.1,16,0.03,nearest,0.0007786666666666677,0.0033269999999999997,0.060668886424968704,0.0007786666666666677,0.0032773333333333335,0.060668886424968704,0.0,-4.9666666666666175e-05,0.0,robustness only; not primary observations
0.5,16,0.1,ceiling,0.0,6.666666666666667e-07,0.0729325139670499,0.0,6.666666666666667e-07,0.0729325139670499,0.0,0.0,0.0,robustness only; not primary observations
1.1,4,0.0001,ceiling,1.9333333333330464e-05,2.8e-05,0.00015300001497573802,1.9333333333330464e-05,2.8e-05,0.00015300001497573802,0.0,0.0,0.0,robustness only; not primary observations
1.0,4,0.1,floor,0.003938666666666663,0.017658333333333335,0.207301802408138,0.003938666666666663,0.016780333333333335,0.207301802408138,0.0,-0.0008780000000000003,0.0,robustness only; not primary observations
1.1,1,0.003,nearest,0.0007746666666666643,0.0016079999999999998,0.005451283302136343,0.0007746666666666643,0.0016079999999999998,0.005451283302136343,0.0,0.0,0.0,robustness only; not primary observations
0.5,4,1e-05,ceiling,0.0,0.0,6.7772594224739e-06,0.0,0.0,6.7772594224739e-06,0.0,0.0,0.0,robustness only; not primary observations
0.8,1,0.001,ceiling,0.00023866666666666852,0.00042466666666666667,0.0010545190402147368,0.00023866666666666852,0.00042466666666666667,0.0010545190402147368,0.0,0.0,0.0,robustness only; not primary observations
0.95,8,1e-05,ceiling,1.3333333333328165e-06,1.3333333333333334e-06,1.2567381685087826e-05,1.3333333333328165e-06,1.3333333333333334e-06,1.2567381685087826e-05,0.0,0.0,0.0,robustness only; not primary observations
0.95,8,0.01,nearest,0.00017066666666666665,0.0008913333333333333,0.01855906900444568,0.00017066666666666665,0.0008836666666666667,0.01855906900444568,0.0,-7.666666666666564e-06,0.0,robustness only; not primary observations
1.1,8,0.0003,ceiling,4.399999999999774e-05,4.8e-05,0.00046529670367788714,4.399999999999774e-05,4.8e-05,0.00046529670367788714,0.0,0.0,0.0,robustness only; not primary observations
0.8,16,0.01,nearest,1.9333333333333354e-05,6.0666666666666666e-05,0.01672485788264044,1.9333333333333354e-05,6.000000000000001e-05,0.01672485788264044,0.0,-6.66666666666658e-07,0.0,robustness only; not primary observations
0.5,8,0.0001,nearest,0.0,0.0,0.00012145038268694908,0.0,0.0,0.00012145038268694908,0.0,0.0,0.0,robustness only; not primary observations
0.5,4,0.1,nearest,0.0016599999999999998,0.003114333333333333,0.11645301608593166,0.0016599999999999998,0.0029716666666666667,0.11645301608593166,0.0,-0.00014266666666666638,0.0,robustness only; not primary observations
1.0,1,0.01,ceiling,0.002404666666666662,0.004902333333333333,0.013132945572354452,0.002404666666666662,0.004902333333333333,0.013132945572354452,0.0,0.0,0.0,robustness only; not primary observations
1.0,4,0.1,ceiling,0.003996666666666668,0.020392,0.1346985909803863,0.003996666666666668,0.019428,0.1346985909803863,0.0,-0.0009639999999999996,0.0,robustness only; not primary observations
0.8,8,0.01,floor,0.00010200000000000001,0.0003803333333333333,0.02149419897099579,0.00010200000000000001,0.0003796666666666667,0.02149419897099579,0.0,-6.666666666666106e-07,0.0,robustness only; not primary observations
0.8,8,0.01,nearest,8.933333333333386e-05,0.00037566666666666667,0.016678820353443084,8.933333333333386e-05,0.00037366666666666673,0.016678820353443084,0.0,-1.99999999999994e-06,0.0,robustness only; not primary observations
1.25,1,0.03,floor,0.0073066666666666575,0.016046333333333333,0.06503039978394509,0.0073066666666666575,0.016046333333333333,0.06503039978394509,0.0,0.0,0.0,robustness only; not primary observations
1.25,16,0.03,nearest,0.001307999999999999,0.006000666666666666,0.0653844431229354,0.001307999999999999,0.005911,0.0653844431229354,0.0,-8.966666666666671e-05,0.0,robustness only; not primary observations
0.95,8,1e-05,nearest,0.0,0.0,2.1643135252192908e-05,0.0,0.0,2.1643135252192908e-05,0.0,0.0,0.0,robustness only; not primary observations
1.1,4,0.03,floor,0.0012813333333333316,0.006937,0.07036064269363561,0.0012813333333333316,0.006839,0.07036064269363561,0.0,-9.8e-05,0.0,robustness only; not primary observations
1.1,8,0.01,nearest,0.00039466666666666816,0.0015303333333333334,0.020451964360019767,0.00039466666666666816,0.0015216666666666666,0.020451964360019767,0.0,-8.666666666666805e-06,0.0,robustness only; not primary observations
1.25,4,0.0003,ceiling,4.733333333332886e-05,7.2e-05,0.0004817156454021628,4.733333333332886e-05,7.2e-05,0.0004817156454021628,0.0,0.0,0.0,robustness only; not primary observations
0.5,16,0.0003,floor,0.0,0.0,0.0005616700368017672,0.0,0.0,0.0005616700368017672,0.0,0.0,0.0,robustness only; not primary observations
1.25,8,3e-05,nearest,1.0666666666667157e-05,8.000000000000001e-06,6.637338144546882e-05,1.0666666666667157e-05,8e-06,6.637338144546882e-05,0.0,-1.6940658945086007e-21,0.0,robustness only; not primary observations
1.0,1,0.0001,ceiling,2.5333333333347567e-05,4.7333333333333336e-05,0.0001315698193113252,2.5333333333347567e-05,4.7333333333333336e-05,0.0001315698193113252,0.0,0.0,0.0,robustness only; not primary observations
1.25,1,0.0001,ceiling,3.133333333332766e-05,4.8e-05,0.00014401166486791958,3.133333333332766e-05,4.8e-05,0.00014401166486791958,0.0,0.0,0.0,robustness only; not primary observations
1.1,8,0.0003,nearest,4.5333333333329635e-05,4.7e-05,0.0005970128848613428,4.5333333333329635e-05,4.7e-05,0.0005970128848613428,0.0,0.0,0.0,robustness only; not primary observations
0.5,8,0.01,nearest,1.0666666666666659e-05,2.0666666666666666e-05,0.012441848461118087,1.0666666666666659e-05,2.0666666666666666e-05,0.012441848461118087,0.0,0.0,0.0,robustness only; not primary observations
1.25,1,0.001,nearest,0.0002460000000000092,0.000555,0.0018906562249248026,0.0002460000000000092,0.000555,0.0018906562249248026,0.0,0.0,0.0,robustness only; not primary observations
0.5,16,1e-05,nearest,0.0,0.0,1.2666780002333385e-05,0.0,0.0,1.2666780002333385e-05,0.0,0.0,0.0,robustness only; not primary observations
0.8,8,0.0001,ceiling,5.3333333333335784e-06,6e-06,0.00011354494697896285,5.3333333333335784e-06,6e-06,0.00011354494697896285,0.0,0.0,0.0,robustness only; not primary observations
0.5,8,0.0003,nearest,0.0,6.666666666666667e-07,0.000369692832968728,0.0,6.666666666666667e-07,0.000369692832968728,0.0,0.0,0.0,robustness only; not primary observations
1.0,16,0.0001,nearest,8.666666666666082e-06,4.666666666666667e-06,0.00019103614557581213,8.666666666666082e-06,4.666666666666667e-06,0.00019103614557581213,0.0,0.0,0.0,robustness only; not primary observations
1.25,16,0.01,nearest,0.0009526666666666664,0.0020263333333333335,0.02229764535731615,0.0009526666666666664,0.002018666666666667,0.02229764535731615,0.0,-7.666666666666672e-06,0.0,robustness only; not primary observations
1.0,1,0.1,ceiling,0.023790666666666686,0.046442,0.1249688355986437,0.023790666666666686,0.046442,0.1249688355986437,0.0,0.0,0.0,robustness only; not primary observations
0.5,16,0.0001,floor,0.0,0.0,0.0001880013800416672,0.0,0.0,0.00018800138004166717,0.0,0.0,-2.710505431213761e-20,robustness only; not primary observations
1.25,1,0.03,ceiling,0.0072400000000000094,0.016179333333333334,0.04762936538737263,0.0072400000000000094,0.016179333333333334,0.04762936538737263,0.0,0.0,0.0,robustness only; not primary observations
1.25,8,0.1,ceiling,0.0012453333333333307,0.024248666666666665,0.16467559390299735,0.0012453333333333307,0.02308033333333333,0.16467559390299735,0.0,-0.0011683333333333337,0.0,robustness only; not primary observations
1.1,16,0.003,ceiling,0.0002946666666666662,0.0003196666666666667,0.004721918156689034,0.0002946666666666662,0.0003193333333333333,0.004721918156689034,0.0,-3.333333333334137e-07,0.0,robustness only; not primary observations
0.95,16,0.01,ceiling,0.0001480000000000002,0.00038133333333333335,0.014022649924738487,0.0001480000000000002,0.00037933333333333336,0.014022649924738487,0.0,-1.9999999999999944e-06,0.0,robustness only; not primary observations
0.8,8,0.1,floor,0.0008159999999999998,0.00315,0.19419749375991405,0.0008159999999999998,0.0029983333333333333,0.19419749375991405,0.0,-0.0001516666666666667,0.0,robustness only; not primary observations
0.8,1,0.1,floor,0.024751999999999996,0.039452999999999995,0.16451804592164565,0.024751999999999996,0.039452999999999995,0.16451804592164565,0.0,0.0,0.0,robustness only; not primary observations
1.0,16,0.0003,nearest,2.2666666666666437e-05,2.066666666666667e-05,0.0005796684268340984,2.2666666666666437e-05,2.0666666666666666e-05,0.0005796684268340984,0.0,-3.3881317890172014e-21,0.0,robustness only; not primary observations
0.5,16,0.03,ceiling,6.666666666666667e-07,6.666666666666667e-07,0.02245247259911363,6.666666666666667e-07,6.666666666666667e-07,0.02245247259911363,0.0,0.0,0.0,robustness only; not primary observations
1.1,8,0.03,ceiling,0.0006353333333333322,0.004907,0.047123714717864494,0.0006353333333333322,0.004822666666666667,0.047123714717864494,0.0,-8.433333333333296e-05,0.0,robustness only; not primary observations
1.25,8,0.03,ceiling,0.0007639999999999971,0.007138333333333333,0.052467501544123864,0.0007639999999999971,0.007029666666666667,0.052467501544123864,0.0,-0.00010866666666666663,0.0,robustness only; not primary observations
0.5,1,0.0001,nearest,1.866666666666498e-05,2.4666666666666665e-05,0.00010963985495792248,1.866666666666498e-05,2.4666666666666665e-05,0.00010963985495792248,0.0,0.0,0.0,robustness only; not primary observations
1.1,4,0.003,ceiling,0.00018466666666666908,0.0007333333333333333,0.004823393101823508,0.00018466666666666908,0.000732,0.004823393101823508,0.0,-1.3333333333333296e-06,0.0,robustness only; not primary observations
0.8,8,0.0003,ceiling,5.333333333333347e-06,8e-06,0.0003603341380354688,5.333333333333347e-06,8e-06,0.0003603341380354688,0.0,0.0,0.0,robustness only; not primary observations
0.95,1,0.01,floor,0.0025693333333333328,0.004863666666666667,0.019200535581778123,0.0025693333333333328,0.004863666666666667,0.019200535581778123,0.0,0.0,0.0,robustness only; not primary observations
1.25,4,0.001,floor,0.00010799999999999699,0.0002946666666666667,0.002628367434755914,0.00010799999999999699,0.000294,0.002628367434755914,0.0,-6.66666666666719e-07,0.0,robustness only; not primary observations
1.25,4,0.1,floor,0.003990666666666667,0.026342666666666667,0.22743394565781952,0.003990666666666667,0.02501666666666667,0.22743394565781952,0.0,-0.0013259999999999973,0.0,robustness only; not primary observations
0.95,4,0.03,floor,0.0011786666666666694,0.005300666666666666,0.06652342526073488,0.0011786666666666694,0.005228,0.06652342526073488,0.0,-7.266666666666619e-05,0.0,robustness only; not primary observations
1.1,4,0.03,nearest,0.0012820000000000008,0.007021,0.05819809169793092,0.0012820000000000008,0.006909666666666666,0.05819809169793092,0.0,-0.00011133333333333394,0.0,robustness only; not primary observations
0.8,8,3e-05,nearest,0.0,0.0,5.914902175880957e-05,0.0,0.0,5.914902175880957e-05,0.0,0.0,0.0,robustness only; not primary observations
