quantizer,rho,capacity,delta,policy,arrival_quantization_error_signed_mean,arrival_quantization_error_absolute_mean,arrival_quantization_error_median,arrival_quantization_error_p05,arrival_quantization_error_p95,arrival_quantization_error_minimum,arrival_quantization_error_maximum,arrival_quantization_error_zero_fraction,arrival_quantization_error_shortened_fraction,arrival_quantization_error_lengthened_fraction,arrival_quantization_error_accumulated_signed_error,service_quantization_error_signed_mean,service_quantization_error_absolute_mean,service_quantization_error_median,service_quantization_error_p05,service_quantization_error_p95,service_quantization_error_minimum,service_quantization_error_maximum,service_quantization_error_zero_fraction,service_quantization_error_shortened_fraction,service_quantization_error_lengthened_fraction,service_quantization_error_accumulated_signed_error
ceiling,0.5,1,1e-05,arrival_first,5.001593859866261e-06,5.001593859866261e-06,5.0007183745037764e-06,5.010494411787174e-07,9.499953409128162e-06,2.3749938312297065e-10,9.999781104852445e-06,0.0,0.0,1.0,0.25007969299331306,5.002177003617809e-06,5.002177003617809e-06,5.004910760068249e-06,5.005319670659444e-07,9.501041581742657e-06,3.301314254374373e-10,9.999690678385206e-06,0.0,0.0,1.0,0.16661267986399786
ceiling,0.5,1,1e-05,departure_first,5.001593859866261e-06,5.001593859866261e-06,5.0007183745037764e-06,5.010494411787174e-07,9.499953409128162e-06,2.3749938312297065e-10,9.999781104852445e-06,0.0,0.0,1.0,0.25007969299331306,5.002187525828197e-06,5.002187525828197e-06,5.004919774308066e-06,5.005324941083357e-07,9.501041290757827e-06,3.301314254374373e-10,9.999690678385206e-06,0.0,0.0,1.0,0.16661319725372123
ceiling,0.5,1,1e-05,insertion_order,5.001593859866261e-06,5.001593859866261e-06,5.0007183745037764e-06,5.010494411787174e-07,9.499953409128162e-06,2.3749938312297065e-10,9.999781104852445e-06,0.0,0.0,1.0,0.25007969299331306,5.002177003617809e-06,5.002177003617809e-06,5.004910760068249e-06,5.005319670659444e-07,9.501041581742657e-06,3.301314254374373e-10,9.999690678385206e-06,0.0,0.0,1.0,0.16661267986399786
ceiling,0.5,1,3e-05,arrival_first,1.4997570478950365e-05,1.4997570478950365e-05,1.4995129640738014e-05,1.4999794044949039e-06,2.8501704612911753e-05,4.694811650551856e-10,2.9999451665692808e-05,6.666666666666667e-07,0.0,0.9999993333333334,0.7498785239475183,1.5008552117880487e-05,1.5008552117880487e-05,1.5017703986622219e-05,1.4962881811553947e-06,2.850236962990219e-05,7.658154485556957e-10,2.9999077223665886e-05,9.991407389644904e-07,0.0,0.9999990008592611,0.4999038764311258
ceiling,0.5,1,3e-05,departure_first,1.4997570478950365e-05,1.4997570478950365e-05,1.4995129640738014e-05,1.4999794044949039e-06,2.8501704612911753e-05,4.694811650551856e-10,2.9999451665692808e-05,6.666666666666667e-07,0.0,0.9999993333333334,0.7498785239475183,1.5008552013697938e-05,1.5008552013697938e-05,1.5017660388396264e-05,1.4963012735301715e-06,2.8502390975077616e-05,7.658154485556957e-10,2.9999077223665886e-05,9.991407389644904e-07,0.0,0.9999990008592611,0.4999058840984836
ceiling,0.5,1,3e-05,insertion_order,1.4997570478950365e-05,1.4997570478950365e-05,1.4995129640738014e-05,1.4999794044949039e-06,2.8501704612911753e-05,4.694811650551856e-10,2.9999451665692808e-05,6.666666666666667e-07,0.0,0.9999993333333334,0.7498785239475183,1.5008552117880487e-05,1.5008552117880487e-05,1.5017703986622219e-05,1.4962881811553947e-06,2.850236962990219e-05,7.658154485556957e-10,2.9999077223665886e-05,9.991407389644904e-07,0.0,0.9999990008592611,0.4999038764311258
ceiling,0.5,1,0.0001,arrival_first,5.002451183068479e-05,5.002451183068479e-05,5.004731735122429e-05,5.01460080461887e-06,9.500006428121801e-05,1.7214309385356804e-09,9.999815653524516e-05,0.0,0.0,1.0,2.501225591534239,4.9996030401542964e-05,4.9996030401542964e-05,4.9996254912297996e-05,5.030697294595093e-06,9.505287142403887e-05,2.7916412604032476e-09,9.999672166760843e-05,0.0,0.0,1.0,1.6652221171859953
ceiling,0.5,1,0.0001,departure_first,5.002451183068479e-05,5.002451183068479e-05,5.004731735122429e-05,5.01460080461887e-06,9.500006428121801e-05,1.7214309385356804e-09,9.999815653524516e-05,0.0,0.0,1.0,2.501225591534239,4.999580611315931e-05,4.999580611315931e-05,4.999554498274627e-05,5.030467054340972e-06,9.505299182437627e-05,2.7916412604032476e-09,9.999672166760843e-05,0.0,0.0,1.0,1.665264591455594
ceiling,0.5,1,0.0001,insertion_order,5.002451183068479e-05,5.002451183068479e-05,5.004731735122429e-05,5.01460080461887e-06,9.500006428121801e-05,1.7214309385356804e-09,9.999815653524516e-05,0.0,0.0,1.0,2.501225591534239,4.9996030401542964e-05,4.9996030401542964e-05,4.9996254912297996e-05,5.030697294595093e-06,9.505287142403887e-05,2.7916412604032476e-09,9.999672166760843e-05,0.0,0.0,1.0,1.6652221171859953
ceiling,0.5,1,0.0003,arrival_first,0.0001500781037156424,0.0001500781037156424,0.0001501971681136638,1.5045779725066193e-05,0.00028489059743454464,5.715749769782027e-09,0.00029999503391688146,0.0,0.0,1.0,7.50390518578212,0.00014995723918925265,0.00014995723918925265,0.0001498548234960068,1.4996991835042206e-05,0.0002851028576706604,1.0023973129151543e-08,0.000299990807490134,0.0,0.0,1.0,4.994396977362787
ceiling,0.5,1,0.0003,departure_first,0.0001500781037156424,0.0001500781037156424,0.0001501971681136638,1.5045779725066193e-05,0.00028489059743454464,5.715749769782027e-09,0.00029999503391688146,0.0,0.0,1.0,7.50390518578212,0.00014995615643104788,0.00014995615643104788,0.0001498522167140979,1.4996259610080302e-05,0.0002851017932131249,1.0023973129151543e-08,0.000299990807490134,0.0,0.0,1.0,4.994715868905974
ceiling,0.5,1,0.0003,insertion_order,0.0001500781037156424,0.0001500781037156424,0.0001501971681136638,1.5045779725066193e-05,0.00028489059743454464,5.715749769782027e-09,0.00029999503391688146,0.0,0.0,1.0,7.50390518578212,0.00014995723918925265,0.00014995723918925265,0.0001498548234960068,1.4996991835042206e-05,0.0002851028576706604,1.0023973129151543e-08,0.000299990807490134,0.0,0.0,1.0,4.994396977362787
ceiling,0.5,1,0.001,arrival_first,0.000499910976875611,0.000499910976875611,0.0004996447012369269,5.0145824191834744e-05,0.0009501196869678096,1.9890891659694413e-08,0.0009999820609057982,0.0,0.0,1.0,24.99554884378055,0.000500837389779716,0.000500837389779716,0.0005012321794696919,5.006681366469805e-05,0.0009501760314627785,3.49526060683623e-08,0.0009999761429239629,0.0,0.0,1.0,16.676722888705054
ceiling,0.5,1,0.001,departure_first,0.000499910976875611,0.000499910976875611,0.0004996447012369269,5.0145824191834744e-05,0.0009501196869678096,1.9890891659694413e-08,0.0009999820609057982,0.0,0.0,1.0,24.99554884378055,0.0005008305705407097,0.0005008305705407097,0.0005012261066935411,5.0061217362578986e-05,0.0009501773001016722,3.49526060683623e-08,0.0009999761429239629,0.0,0.0,1.0,16.681889740407204
ceiling,0.5,1,0.001,insertion_order,0.000499910976875611,0.000499910976875611,0.0004996447012369269,5.0145824191834744e-05,0.0009501196869678096,1.9890891659694413e-08,0.0009999820609057982,0.0,0.0,1.0,24.99554884378055,0.000500837389779716,0.000500837389779716,0.0005012321794696919,5.006681366469805e-05,0.0009501760314627785,3.49526060683623e-08,0.0009999761429239629,0.0,0.0,1.0,16.676722888705054
ceiling,0.5,1,0.003,arrival_first,0.0015013983102004531,0.0015013983102004531,0.0015005510319194097,0.00015086407544610364,0.0028509398205460454,4.8822463819912326e-08,0.0029999330239661504,0.0,0.0,1.0,75.06991551002265,0.001502420847661289,0.001502420847661289,0.0015042523850883087,0.00015081916341108982,0.002850624241506893,6.974233843169234e-08,0.0029998963638189196,0.0,0.0,1.0,49.99335501644271
ceiling,0.5,1,0.003,departure_first,0.0015013983102004531,0.0015013983102004531,0.0015005510319194097,0.00015086407544610364,0.0028509398205460454,4.8822463819912326e-08,0.0029999330239661504,0.0,0.0,1.0,75.06991551002265,0.001502408778146637,0.001502408778146637,0.0015042837702022537,0.00015086091982931664,0.0028506048110511534,6.974233843169234e-08,0.0029998963638189196,0.0,0.0,1.0,50.043547513650125
ceiling,0.5,1,0.003,insertion_order,0.0015013983102004531,0.0015013983102004531,0.0015005510319194097,0.00015086407544610364,0.0028509398205460454,4.8822463819912326e-08,0.0029999330239661504,0.0,0.0,1.0,75.06991551002265,0.001502420847661289,0.001502420847661289,0.0015042523850883087,0.00015081916341108982,0.002850624241506893,6.974233843169234e-08,0.0029998963638189196,0.0,0.0,1.0,49.99335501644271
ceiling,0.5,1,0.01,arrival_first,0.005002092976881806,0.005002092976881806,0.004997260541949799,0.0005028784424636494,0.009503340484031165,2.213558521665012e-07,0.009999840219218943,0.0,0.0,1.0,250.1046488440903,0.0050073123731433486,0.0050073123731433486,0.005008121371996765,0.0005058704849166569,0.009503917555097064,3.7251196775093625e-07,0.009999696381389733,0.0,0.0,1.0,166.2219563408813
ceiling,0.5,1,0.01,departure_first,0.005002092976881806,0.005002092976881806,0.004997260541949799,0.0005028784424636494,0.009503340484031165,2.213558521665012e-07,0.009999840219218943,0.0,0.0,1.0,250.1046488440903,0.005007329801475161,0.005007329801475161,0.0050083556105145755,0.0005058135056274459,0.009504067452768399,3.7251196775093625e-07,0.00999970571722681,0.0,0.0,1.0,166.7857360117462
ceiling,0.5,1,0.01,insertion_order,0.005002092976881806,0.005002092976881806,0.004997260541949799,0.0005028784424636494,0.009503340484031165,2.213558521665012e-07,0.009999840219218943,0.0,0.0,1.0,250.1046488440903,0.0050073123731433486,0.0050073123731433486,0.005008121371996765,0.0005058704849166569,0.009503917555097064,3.7251196775093625e-07,0.009999696381389733,0.0,0.0,1.0,166.2219563408813
ceiling,0.5,1,0.03,arrival_first,0.014988826306747511,0.014988826306747511,0.01498034115268941,0.0015034657603791859,0.02849955620186847,6.276048831447649e-07,0.02999942584180341,0.0,0.0,1.0,749.4413153373755,0.015072100320693116,0.015072100320693116,0.01510394733581197,0.0015320203378513951,0.028523072998049365,7.649195010750222e-07,0.02999877976892073,0.0,0.0,1.0,496.9714769670205
ceiling,0.5,1,0.03,departure_first,0.014988826306747511,0.014988826306747511,0.01498034115268941,0.0015034657603791859,0.02849955620186847,6.276048831447649e-07,0.02999942584180341,0.0,0.0,1.0,749.4413153373755,0.015071285213954237,0.015071285213954237,0.01510347966519718,0.001531475239158995,0.028522191826953158,7.372132667163995e-07,0.02999877976892073,0.0,0.0,1.0,502.0149470870898
ceiling,0.5,1,0.03,insertion_order,0.014988826306747511,0.014988826306747511,0.01498034115268941,0.0015034657603791859,0.02849955620186847,6.276048831447649e-07,0.02999942584180341,0.0,0.0,1.0,749.4413153373755,0.015072100320693116,0.015072100320693116,0.01510394733581197,0.0015320203378513951,0.028523072998049365,7.649195010750222e-07,0.02999877976892073,0.0,0.0,1.0,496.9714769670205
ceiling,0.5,1,0.1,arrival_first,0.05003349297895146,0.05003349297895146,0.050095015801889534,0.004971197201026978,0.09498686555285227,3.1512684169380615e-06,0.09999758973444842,0.0,0.0,1.0,2501.674648947573,0.0507934929873584,0.0507934929873584,0.05121831189571705,0.005248765570772062,0.09521812243176071,4.068079188012756e-06,0.09999705300404403,0.0,0.0,1.0,1636.6013770405477
ceiling,0.5,1,0.1,departure_first,0.05003349297895146,0.05003349297895146,0.050095015801889534,0.004971197201026978,0.09498686555285227,3.1512684169380615e-06,0.09999758973444842,0.0,0.0,1.0,2501.674648947573,0.050795593659106755,0.050795593659106755,0.05122277495696527,0.0052405655367340435,0.09522680426808981,4.068079188012756e-06,0.09999716155428748,0.0,0.0,1.0,1691.022497823201
ceiling,0.5,1,0.1,insertion_order,0.05003349297895146,0.05003349297895146,0.050095015801889534,0.004971197201026978,0.09498686555285227,3.1512684169380615e-06,0.09999758973444842,0.0,0.0,1.0,2501.674648947573,0.0507934929873584,0.0507934929873584,0.05121831189571705,0.005248765570772062,0.09521812243176071,4.068079188012756e-06,0.09999705300404403,0.0,0.0,1.0,1636.6013770405477
ceiling,0.5,4,1e-05,arrival_first,5.000119120764187e-06,5.000119120764187e-06,4.999973983406865e-06,5.007771960663377e-07,9.499809226933091e-06,2.2246240405365824e-10,9.999867628115073e-06,6.666666666666667e-07,0.0,0.9999993333333334,0.25000595603820935,4.997640927242366e-06,4.997640927242366e-06,4.998736068510147e-06,4.978540063796085e-07,9.498292287758019e-06,2.0343388594061078e-10,9.999785355309636e-06,0.0,0.0,1.0,0.2417950864824628
ceiling,0.5,4,1e-05,departure_first,5.000119120764187e-06,5.000119120764187e-06,4.999973983406865e-06,5.007771960663377e-07,9.499809226933091e-06,2.2246240405365824e-10,9.999867628115073e-06,6.666666666666667e-07,0.0,0.9999993333333334,0.25000595603820935,4.997640927242366e-06,4.997640927242366e-06,4.998736068510147e-06,4.978540063796085e-07,9.498292287758019e-06,2.0343388594061078e-10,9.999785355309636e-06,0.0,0.0,1.0,0.2417950864824628
ceiling,0.5,4,1e-05,insertion_order,5.000119120764187e-06,5.000119120764187e-06,4.999973983406865e-06,5.007771960663377e-07,9.499809226933091e-06,2.2246240405365824e-10,9.999867628115073e-06,6.666666666666667e-07,0.0,0.9999993333333334,0.25000595603820935,4.997640927242366e-06,4.997640927242366e-06,4.998736068510147e-06,4.978540063796085e-07,9.498292287758019e-06,2.0343388594061078e-10,9.999785355309636e-06,0.0,0.0,1.0,0.2417950864824628
ceiling,0.5,4,3e-05,arrival_first,1.5000462390910493e-05,1.5000462390910493e-05,1.5005041313997936e-05,1.5073584624284804e-06,2.8502890275679718e-05,7.42632740487655e-10,2.9999520787290142e-05,0.0,0.0,1.0,0.7500231195455247,1.4996566129856703e-05,1.4996566129856703e-05,1.5004248678221245e-05,1.4995076527780697e-06,2.849294418024964e-05,6.535063675390991e-10,2.9999020941635895e-05,0.0,0.0,1.0,0.7255614201913322
ceiling,0.5,4,3e-05,departure_first,1.5000462390910493e-05,1.5000462390910493e-05,1.5005041313997936e-05,1.5073584624284804e-06,2.8502890275679718e-05,7.42632740487655e-10,2.9999520787290142e-05,0.0,0.0,1.0,0.7500231195455247,1.4996566129856703e-05,1.4996566129856703e-05,1.5004248678221245e-05,1.4995076527780697e-06,2.849294418024964e-05,6.535063675390991e-10,2.9999020941635895e-05,0.0,0.0,1.0,0.7255614201913322
ceiling,0.5,4,3e-05,insertion_order,1.5000462390910493e-05,1.5000462390910493e-05,1.5005041313997936e-05,1.5073584624284804e-06,2.8502890275679718e-05,7.42632740487655e-10,2.9999520787290142e-05,0.0,0.0,1.0,0.7500231195455247,1.4996566129856703e-05,1.4996566129856703e-05,1.5004248678221245e-05,1.4995076527780697e-06,2.849294418024964e-05,6.535063675390991e-10,2.9999020941635895e-05,0.0,0.0,1.0,0.7255614201913322
ceiling,0.5,4,0.0001,arrival_first,5.0030010412540534e-05,5.0030010412540534e-05,5.0037685681066554e-05,4.9795184319615755e-06,9.50216357038395e-05,2.607339411042631e-09,9.999785931237662e-05,0.0,0.0,1.0,2.5015005206270264,5.0003149360588874e-05,5.0003149360588874e-05,4.998762695191208e-05,5.018153886414308e-06,9.498477141477799e-05,1.857235093956818e-09,9.99973821569507e-05,0.0,0.0,1.0,2.4192288659527805
ceiling,0.5,4,0.0001,departure_first,5.0030010412540534e-05,5.0030010412540534e-05,5.0037685681066554e-05,4.9795184319615755e-06,9.50216357038395e-05,2.607339411042631e-09,9.999785931237662e-05,0.0,0.0,1.0,2.5015005206270264,5.0003055838668896e-05,5.0003055838668896e-05,4.998731561400402e-05,5.018159774599916e-06,9.498475729358923e-05,1.857235093956818e-09,9.99973821569507e-05,0.0,0.0,1.0,2.419234320503533
ceiling,0.5,4,0.0001,insertion_order,5.0030010412540534e-05,5.0030010412540534e-05,5.0037685681066554e-05,4.9795184319615755e-06,9.50216357038395e-05,2.607339411042631e-09,9.999785931237662e-05,0.0,0.0,1.0,2.5015005206270264,5.0003149360588874e-05,5.0003149360588874e-05,4.998762695191208e-05,5.018153886414308e-06,9.498477141477799e-05,1.857235093956818e-09,9.99973821569507e-05,0.0,0.0,1.0,2.4192288659527805
ceiling,0.5,4,0.0003,arrival_first,0.0001500975356147598,0.0001500975356147598,0.00015025736144404315,1.5105689384048069e-05,0.0002850058677449851,6.214395398274064e-09,0.0002999931847928868,0.0,0.0,1.0,7.504876780737989,0.00014988612641444817,0.00014988612641444817,0.00014972290607316284,1.4991094233168168e-05,0.00028495786025687877,6.43085125706655e-09,0.00029999392079414197,0.0,0.0,1.0,7.251647674030084
ceiling,0.5,4,0.0003,departure_first,0.0001500975356147598,0.0001500975356147598,0.00015025736144404315,1.5105689384048069e-05,0.0002850058677449851,6.214395398274064e-09,0.0002999931847928868,0.0,0.0,1.0,7.504876780737989,0.00014988615938321104,0.00014988615938321104,0.0001497230231365525,1.4991190627234874e-05,0.0002849579230026952,6.43085125706655e-09,0.00029999392079414197,0.0,0.0,1.0,7.251709119994813
ceiling,0.5,4,0.0003,insertion_order,0.0001500975356147598,0.0001500975356147598,0.00015025736144404315,1.5105689384048069e-05,0.0002850058677449851,6.214395398274064e-09,0.0002999931847928868,0.0,0.0,1.0,7.504876780737989,0.00014988612641444817,0.00014988612641444817,0.00014972290607316284,1.4991094233168168e-05,0.00028495786025687877,6.43085125706655e-09,0.00029999392079414197,0.0,0.0,1.0,7.251647674030084
ceiling,0.5,4,0.001,arrival_first,0.0004998840754583568,0.0004998840754583568,0.00049995686361702,4.9982737039802796e-05,0.0009496107812628907,1.6045426794638238e-08,0.0009999780289338862,0.0,0.0,1.0,24.99420377291784,0.0005004052603277181,0.0005004052603277181,0.0005008811070850386,5.005187526802862e-05,0.0009501042655275186,1.9776058270195665e-08,0.0009999807154867728,0.0,0.0,1.0,24.20958127048961
ceiling,0.5,4,0.001,departure_first,0.0004998840754583568,0.0004998840754583568,0.00049995686361702,4.9982737039802796e-05,0.0009496107812628907,1.6045426794638238e-08,0.0009999780289338862,0.0,0.0,1.0,24.99420377291784,0.0005004033456121681,0.0005004033456121681,0.0005008805116006201,5.00520098809844e-05,0.0009501029529994682,1.9776058270195665e-08,0.0009999807154867728,0.0,0.0,1.0,24.20983937825137
ceiling,0.5,4,0.001,insertion_order,0.0004998840754583568,0.0004998840754583568,0.00049995686361702,4.9982737039802796e-05,0.0009496107812628907,1.6045426794638238e-08,0.0009999780289338862,0.0,0.0,1.0,24.99420377291784,0.0005004052603277181,0.0005004052603277181,0.0005008811070850386,5.005187526802862e-05,0.0009501042655275186,1.9776058270195665e-08,0.0009999807154867728,0.0,0.0,1.0,24.20958127048961
ceiling,0.5,4,0.003,arrival_first,0.0014994267421217337,0.0014994267421217337,0.0014996436245382939,0.00015129800538791948,0.002850144666848185,5.973064010807624e-08,0.0029999536119551824,0.0,0.0,1.0,74.97133710608668,0.0015014244638910433,0.0015014244638910433,0.001502854380427822,0.00015000324742277647,0.0028506447571060257,7.197723663020008e-08,0.002999933027231173,0.0,0.0,1.0,72.63372786654095
ceiling,0.5,4,0.003,departure_first,0.0014994267421217337,0.0014994267421217337,0.0014996436245382939,0.00015129800538791948,0.002850144666848185,5.973064010807624e-08,0.0029999536119551824,0.0,0.0,1.0,74.97133710608668,0.0015014144963189464,0.0015014144963189464,0.0015028472455079595,0.00014999432034468638,0.0028506367352827094,7.197723663020008e-08,0.002999933027231173,0.0,0.0,1.0,72.63724764545398
ceiling,0.5,4,0.003,insertion_order,0.0014994267421217337,0.0014994267421217337,0.0014996436245382939,0.00015129800538791948,0.002850144666848185,5.973064010807624e-08,0.0029999536119551824,0.0,0.0,1.0,74.97133710608668,0.0015014244638910433,0.0015014244638910433,0.001502854380427822,0.00015000324742277647,0.0028506447571060257,7.197723663020008e-08,0.002999933027231173,0.0,0.0,1.0,72.63372786654095
ceiling,0.5,4,0.01,arrival_first,0.004993334075468555,0.004993334075468555,0.004989320402940697,0.0004953173055097674,0.00950063688275198,1.7724238811448839e-07,0.009999748942755104,0.0,0.0,1.0,249.6667037734278,0.005007692554147863,0.005007692554147863,0.005009296102499657,0.0005063443375571732,0.009504492539399622,2.1654244643486604e-07,0.009999840211456628,0.0,0.0,1.0,242.19872092163612
ceiling,0.5,4,0.01,departure_first,0.004993334075468555,0.004993334075468555,0.004989320402940697,0.0004953173055097674,0.00950063688275198,1.7724238811448839e-07,0.009999748942755104,0.0,0.0,1.0,249.6667037734278,0.005007810906700845,0.005007810906700845,0.0050093638776180765,0.0005064494384194735,0.009504586735745588,2.1654244643486604e-07,0.009999840211456628,0.0,0.0,1.0,242.24398976852896
ceiling,0.5,4,0.01,insertion_order,0.004993334075468555,0.004993334075468555,0.004989320402940697,0.0004953173055097674,0.00950063688275198,1.7724238811448839e-07,0.009999748942755104,0.0,0.0,1.0,249.6667037734278,0.005007692554147863,0.005007692554147863,0.005009296102499657,0.0005063443375571732,0.009504492539399622,2.1654244643486604e-07,0.009999840211456628,0.0,0.0,1.0,242.19872092163612
ceiling,0.5,4,0.03,arrival_first,0.014991820738655797,0.014991820738655797,0.014991884112684298,0.0014925615370520973,0.02849422825965424,8.20396356478644e-07,0.02999924127949877,0.0,0.0,1.0,749.5910369327898,0.015075985695682543,0.015075985695682543,0.01511305355829872,0.0015243210021220904,0.028529781421477333,5.602691856001115e-07,0.029999443523599838,0.0,0.0,1.0,728.6351470540124
ceiling,0.5,4,0.03,departure_first,0.014991820738655797,0.014991820738655797,0.014991884112684298,0.0014925615370520973,0.02849422825965424,8.20396356478644e-07,0.02999924127949877,0.0,0.0,1.0,749.5910369327898,0.015076659477798682,0.015076659477798682,0.0151137442430466,0.0015248512266310729,0.028529929196293054,5.602691856001115e-07,0.029999443523599838,0.0,0.0,1.0,729.0516491384187
ceiling,0.5,4,0.03,insertion_order,0.014991820738655797,0.014991820738655797,0.014991884112684298,0.0014925615370520973,0.02849422825965424,8.20396356478644e-07,0.02999924127949877,0.0,0.0,1.0,749.5910369327898,0.015075985695682543,0.015075985695682543,0.01511305355829872,0.0015243210021220904,0.028529781421477333,5.602691856001115e-07,0.029999443523599838,0.0,0.0,1.0,728.6351470540124
ceiling,0.5,4,0.1,arrival_first,0.05003656074420337,0.05003656074420337,0.05007057537277433,0.004998538282155399,0.09500506145527045,1.8709262803895399e-06,0.099998042808996,0.0,0.0,1.0,2501.8280372101685,0.050901810734892965,0.050901810734892965,0.05136771372647443,0.005271360765148278,0.0952649824832036,1.8525360541019054e-06,0.09999828815304182,0.0,0.0,1.0,2453.795691265782
ceiling,0.5,4,0.1,departure_first,0.05003656074420337,0.05003656074420337,0.05007057537277433,0.004998538282155399,0.09500506145527045,1.8709262803895399e-06,0.099998042808996,0.0,0.0,1.0,2501.8280372101685,0.05090478653116253,0.05090478653116253,0.05136980815594115,0.005274608619768061,0.0952666548364874,1.8525360541019054e-06,0.09999828815304182,0.0,0.0,1.0,2458.082023129019
ceiling,0.5,4,0.1,insertion_order,0.05003656074420337,0.05003656074420337,0.05007057537277433,0.004998538282155399,0.09500506145527045,1.8709262803895399e-06,0.099998042808996,0.0,0.0,1.0,2501.8280372101685,0.050901810734892965,0.050901810734892965,0.05136771372647443,0.005271360765148278,0.0952649824832036,1.8525360541019054e-06,0.09999828815304182,0.0,0.0,1.0,2453.795691265782
ceiling,0.5,8,1e-05,arrival_first,5.002038180261783e-06,5.002038180261783e-06,5.0019965783576484e-06,5.027151504085245e-07,9.498711006017401e-06,2.139131538569927e-10,9.999811967039325e-06,0.0,0.0,1.0,0.2501019090130891,5.001443477838705e-06,5.001443477841682e-06,5.003948936451909e-06,4.9870073576381e-07,9.502645742338224e-06,1.994918082867207e-10,9.999828506727463e-06,0.0,6.675745680792544e-07,0.9999993324254319,0.24958617376126602
ceiling,0.5,8,1e-05,departure_first,5.002038180261783e-06,5.002038180261783e-06,5.0019965783576484e-06,5.027151504085245e-07,9.498711006017401e-06,2.139131538569927e-10,9.999811967039325e-06,0.0,0.0,1.0,0.2501019090130891,5.001443477838705e-06,5.001443477841682e-06,5.003948936451909e-06,4.9870073576381e-07,9.502645742338224e-06,1.994918082867207e-10,9.999828506727463e-06,0.0,6.675745680792544e-07,0.9999993324254319,0.24958617376126602
ceiling,0.5,8,1e-05,insertion_order,5.002038180261783e-06,5.002038180261783e-06,5.0019965783576484e-06,5.027151504085245e-07,9.498711006017401e-06,2.139131538569927e-10,9.999811967039325e-06,0.0,0.0,1.0,0.2501019090130891,5.001443477838705e-06,5.001443477841682e-06,5.003948936451909e-06,4.9870073576381e-07,9.502645742338224e-06,1.994918082867207e-10,9.999828506727463e-06,0.0,6.675745680792544e-07,0.9999993324254319,0.24958617376126602
ceiling,0.5,8,3e-05,arrival_first,1.5017048131334983e-05,1.5017048131334983e-05,1.502527023452179e-05,1.500720782132703e-06,2.849441325452062e-05,6.706613930873573e-10,2.999925685192769e-05,0.0,0.0,1.0,0.7508524065667491,1.4997087798090339e-05,1.4997087798093313e-05,1.4992963408302484e-05,1.5010026430197582e-06,2.8491763544511284e-05,4.671523916542168e-10,2.9999474854536824e-05,0.0,6.675745680792544e-07,0.9999993324254319,0.7483971738063396
ceiling,0.5,8,3e-05,departure_first,1.5017048131334983e-05,1.5017048131334983e-05,1.502527023452179e-05,1.500720782132703e-06,2.849441325452062e-05,6.706613930873573e-10,2.999925685192769e-05,0.0,0.0,1.0,0.7508524065667491,1.4997087798090339e-05,1.4997087798093313e-05,1.4992963408302484e-05,1.5010026430197582e-06,2.8491763544511284e-05,4.671523916542168e-10,2.9999474854536824e-05,0.0,6.675745680792544e-07,0.9999993324254319,0.7483971738063396
ceiling,0.5,8,3e-05,insertion_order,1.5017048131334983e-05,1.5017048131334983e-05,1.502527023452179e-05,1.500720782132703e-06,2.849441325452062e-05,6.706613930873573e-10,2.999925685192769e-05,0.0,0.0,1.0,0.7508524065667491,1.4997087798090339e-05,1.4997087798093313e-05,1.4992963408302484e-05,1.5010026430197582e-06,2.8491763544511284e-05,4.671523916542168e-10,2.9999474854536824e-05,0.0,6.675745680792544e-07,0.9999993324254319,0.7483971738063396
ceiling,0.5,8,0.0001,arrival_first,4.9982976148721117e-05,4.9982976148721117e-05,4.9979449916766803e-05,5.007238693603237e-06,9.49664870070895e-05,2.601276113030811e-09,9.999768002065442e-05,0.0,0.0,1.0,2.4991488074360557,4.998625237933911e-05,4.998625237933911e-05,4.9974837953137054e-05,4.978122132250988e-06,9.500446921898996e-05,1.1693463165355726e-09,9.999769743955038e-05,0.0,0.0,1.0,2.4944553920458703
ceiling,0.5,8,0.0001,departure_first,4.9982976148721117e-05,4.9982976148721117e-05,4.9979449916766803e-05,5.007238693603237e-06,9.49664870070895e-05,2.601276113030811e-09,9.999768002065442e-05,0.0,0.0,1.0,2.4991488074360557,4.998625237933911e-05,4.998625237933911e-05,4.9974837953137054e-05,4.978122132250988e-06,9.500446921898996e-05,1.1693463165355726e-09,9.999769743955038e-05,0.0,0.0,1.0,2.4944553920458703
ceiling,0.5,8,0.0001,insertion_order,4.9982976148721117e-05,4.9982976148721117e-05,4.9979449916766803e-05,5.007238693603237e-06,9.49664870070895e-05,2.601276113030811e-09,9.999768002065442e-05,0.0,0.0,1.0,2.4991488074360557,4.998625237933911e-05,4.998625237933911e-05,4.9974837953137054e-05,4.978122132250988e-06,9.500446921898996e-05,1.1693463165355726e-09,9.999769743955038e-05,0.0,0.0,1.0,2.4944553920458703
ceiling,0.5,8,0.0003,arrival_first,0.00015004830135064185,0.00015004830135064185,0.00015011386928260134,1.5034403889634028e-05,0.0002849640358605635,8.599636203143745e-09,0.00029999222133483274,0.0,0.0,1.0,7.502415067532093,0.00015002226414386995,0.00015002226414386995,0.00014999956091156635,1.4978464395026646e-05,0.0002850596794478604,5.642181211592175e-09,0.00029999246619301736,0.0,0.0,1.0,7.4865322672219925
ceiling,0.5,8,0.0003,departure_first,0.00015004830135064185,0.00015004830135064185,0.00015011386928260134,1.5034403889634028e-05,0.0002849640358605635,8.599636203143745e-09,0.00029999222133483274,0.0,0.0,1.0,7.502415067532093,0.00015002226414386995,0.00015002226414386995,0.00014999956091156635,1.4978464395026646e-05,0.0002850596794478604,5.642181211592175e-09,0.00029999246619301736,0.0,0.0,1.0,7.4865322672219925
ceiling,0.5,8,0.0003,insertion_order,0.00015004830135064185,0.00015004830135064185,0.00015011386928260134,1.5034403889634028e-05,0.0002849640358605635,8.599636203143745e-09,0.00029999222133483274,0.0,0.0,1.0,7.502415067532093,0.00015002226414386995,0.00015002226414386995,0.00014999956091156635,1.4978464395026646e-05,0.0002850596794478604,5.642181211592175e-09,0.00029999246619301736,0.0,0.0,1.0,7.4865322672219925
ceiling,0.5,8,0.001,arrival_first,0.0004998531078542024,0.0004998531078542024,0.000499992233987238,4.985187125991313e-05,0.0009499309445285081,1.729076757328585e-08,0.0009999768507744497,0.0,0.0,1.0,24.992655392710123,0.0005002331112236759,0.0005002331112236759,0.0005001569487539263,5.035434627885616e-05,0.0009501995923839139,1.9916474756330922e-08,0.0009999860374747718,0.0,0.0,1.0,24.962946296308473
ceiling,0.5,8,0.001,departure_first,0.0004998531078542024,0.0004998531078542024,0.000499992233987238,4.985187125991313e-05,0.0009499309445285081,1.729076757328585e-08,0.0009999768507744497,0.0,0.0,1.0,24.992655392710123,0.0005002331629870067,0.0005002331629870067,0.0005001566158945641,5.035434627885616e-05,0.0009501995923839139,1.9916474756330922e-08,0.0009999860374747718,0.0,0.0,1.0,24.9629488746224
ceiling,0.5,8,0.001,insertion_order,0.0004998531078542024,0.0004998531078542024,0.000499992233987238,4.985187125991313e-05,0.0009499309445285081,1.729076757328585e-08,0.0009999768507744497,0.0,0.0,1.0,24.992655392710123,0.0005002331112236759,0.0005002331112236759,0.0005001569487539263,5.035434627885616e-05,0.0009501995923839139,1.9916474756330922e-08,0.0009999860374747718,0.0,0.0,1.0,24.962946296308473
ceiling,0.5,8,0.003,arrival_first,0.0014995811078549292,0.0014995811078549292,0.0014995091020561329,0.00014957213465701598,0.002849913556437968,4.5108390622772274e-08,0.002999940411791613,0.0,0.0,1.0,74.97905539274646,0.001500440452871097,0.001500440452871097,0.00150072813653201,0.0001493307357921152,0.0028503018979048867,6.606221200691302e-08,0.0029999457952759228,0.0,0.0,1.0,74.87548278045071
ceiling,0.5,8,0.003,departure_first,0.0014995811078549292,0.0014995811078549292,0.0014995091020561329,0.00014957213465701598,0.002849913556437968,4.5108390622772274e-08,0.002999940411791613,0.0,0.0,1.0,74.97905539274646,0.0015004372259644666,0.0015004372259644666,0.0015007236334863955,0.000149326408990647,0.002850301529629758,6.606221200691302e-08,0.0029999457952759228,0.0,0.0,1.0,74.8754721388291
ceiling,0.5,8,0.003,insertion_order,0.0014995811078549292,0.0014995811078549292,0.0014995091020561329,0.00014957213465701598,0.002849913556437968,4.5108390622772274e-08,0.002999940411791613,0.0,0.0,1.0,74.97905539274646,0.001500440452871097,0.001500440452871097,0.00150072813653201,0.0001493307357921152,0.0028503018979048867,6.606221200691302e-08,0.0029999457952759228,0.0,0.0,1.0,74.87548278045071
ceiling,0.5,8,0.01,arrival_first,0.005003399774531211,0.005003399774531211,0.005004126939547859,0.0005011660406156201,0.009503088493202085,1.678488843026571e-07,0.009999818106249829,0.0,0.0,1.0,250.16998872656058,0.005005186671522588,0.005005186671522588,0.005007297489228124,0.0005013165120019682,0.009500401065043395,2.5569133376655375e-07,0.009999812627816566,0.0,0.0,1.0,249.76343743747697
ceiling,0.5,8,0.01,departure_first,0.005003399774531211,0.005003399774531211,0.005004126939547859,0.0005011660406156201,0.009503088493202085,1.678488843026571e-07,0.009999818106249829,0.0,0.0,1.0,250.16998872656058,0.005005220899430392,0.005005220899430392,0.005007320404112431,0.000501340913320775,0.00950042628195232,2.5569133376655375e-07,0.009999812627816566,0.0,0.0,1.0,249.76747939421566
ceiling,0.5,8,0.01,insertion_order,0.005003399774531211,0.005003399774531211,0.005004126939547859,0.0005011660406156201,0.009503088493202085,1.678488843026571e-07,0.009999818106249829,0.0,0.0,1.0,250.16998872656058,0.005005186671522588,0.005005186671522588,0.005007297489228124,0.0005013165120019682,0.009500401065043395,2.5569133376655375e-07,0.009999812627816566,0.0,0.0,1.0,249.76343743747697
ceiling,0.5,8,0.03,arrival_first,0.0149847531043869,0.0149847531043869,0.01498522606922658,0.0014934755511876575,0.02849733794429691,4.107114364160225e-07,0.029999457639981606,0.0,0.0,1.0,749.237655219345,0.015077992938507404,0.015077992938507404,0.015101930162174027,0.0015248399323167321,0.028515772529970434,5.402516323132813e-07,0.029999461217937715,0.0,0.0,1.0,752.347057828599
ceiling,0.5,8,0.03,departure_first,0.0149847531043869,0.0149847531043869,0.01498522606922658,0.0014934755511876575,0.02849733794429691,4.107114364160225e-07,0.029999457639981606,0.0,0.0,1.0,749.237655219345,0.015077927149935682,0.015077927149935682,0.015101840565782102,0.0015247804544193993,0.028515737046840715,5.402516323132813e-07,0.029999461217937715,0.0,0.0,1.0,752.3653734116008
ceiling,0.5,8,0.03,insertion_order,0.0149847531043869,0.0149847531043869,0.01498522606922658,0.0014934755511876575,0.02849733794429691,4.107114364160225e-07,0.029999457639981606,0.0,0.0,1.0,749.237655219345,0.015077992938507404,0.015077992938507404,0.015101930162174027,0.0015248399323167321,0.028515772529970434,5.402516323132813e-07,0.029999461217937715,0.0,0.0,1.0,752.347057828599
ceiling,0.5,8,0.1,arrival_first,0.05001113977659991,0.05001113977659991,0.05003588448716982,0.005009135066178109,0.09500282724942129,2.204196122571981e-06,0.0999977142704059,0.0,0.0,1.0,2500.5569888299956,0.05082269571385153,0.05082269571385153,0.05127211961654713,0.005229033233834783,0.09520259916936716,2.719118493300458e-06,0.09999780549328735,0.0,0.0,1.0,2535.114269507568
ceiling,0.5,8,0.1,departure_first,0.05001113977659991,0.05001113977659991,0.05003588448716982,0.005009135066178109,0.09500282724942129,2.204196122571981e-06,0.0999977142704059,0.0,0.0,1.0,2500.5569888299956,0.05082264379118793,0.05082264379118793,0.05127207194943583,0.005229210437309988,0.09520274709764122,2.719118493300458e-06,0.09999780549328735,0.0,0.0,1.0,2535.3843736877825
ceiling,0.5,8,0.1,insertion_order,0.05001113977659991,0.05001113977659991,0.05003588448716982,0.005009135066178109,0.09500282724942129,2.204196122571981e-06,0.0999977142704059,0.0,0.0,1.0,2500.5569888299956,0.05082269571385153,0.05082269571385153,0.05127211961654713,0.005229033233834783,0.09520259916936716,2.719118493300458e-06,0.09999780549328735,0.0,0.0,1.0,2535.114269507568
ceiling,0.5,16,1e-05,arrival_first,4.995989288671505e-06,4.995989288671505e-06,4.994123567788241e-06,5.012063411413693e-07,9.499937171616087e-06,2.141556857774655e-10,9.999818757933099e-06,6.666666666666667e-07,0.0,0.9999993333333334,0.24979946443357523,4.998643810839865e-06,4.9986438108403475e-06,4.999983062055838e-06,4.999599223855812e-07,9.500946053218948e-06,2.2475771648914714e-10,9.999824347899494e-06,6.666666666666667e-07,0.0,0.9999993333333334,0.24993085606876705
ceiling,0.5,16,1e-05,departure_first,4.995989288671505e-06,4.995989288671505e-06,4.994123567788241e-06,5.012063411413693e-07,9.499937171616087e-06,2.141556857774655e-10,9.999818757933099e-06,6.666666666666667e-07,0.0,0.9999993333333334,0.24979946443357523,4.998643810839865e-06,4.9986438108403475e-06,4.999983062055838e-06,4.999599223855812e-07,9.500946053218948e-06,2.2475771648914714e-10,9.999824347899494e-06,6.666666666666667e-07,0.0,0.9999993333333334,0.24993085606876705
ceiling,0.5,16,1e-05,insertion_order,4.995989288671505e-06,4.995989288671505e-06,4.994123567788241e-06,5.012063411413693e-07,9.499937171616087e-06,2.141556857774655e-10,9.999818757933099e-06,6.666666666666667e-07,0.0,0.9999993333333334,0.24979946443357523,4.998643810839865e-06,4.9986438108403475e-06,4.999983062055838e-06,4.999599223855812e-07,9.500946053218948e-06,2.2475771648914714e-10,9.999824347899494e-06,6.666666666666667e-07,0.0,0.9999993333333334,0.24993085606876705
ceiling,0.5,16,3e-05,arrival_first,1.499280590140673e-05,1.499280590140673e-05,1.4989264248773301e-05,1.4965336413297338e-06,2.8505324589787048e-05,5.416950443759561e-10,2.9999290321332715e-05,6.666666666666667e-07,0.0,0.9999993333333334,0.7496402950703366,1.498673699319459e-05,1.498673699319459e-05,1.4967770794517583e-05,1.4979854520887246e-06,2.850518340300715e-05,5.593213752685029e-10,2.999958588539104e-05,0.0,0.0,1.0,0.7493328561401412
ceiling,0.5,16,3e-05,departure_first,1.499280590140673e-05,1.499280590140673e-05,1.4989264248773301e-05,1.4965336413297338e-06,2.8505324589787048e-05,5.416950443759561e-10,2.9999290321332715e-05,6.666666666666667e-07,0.0,0.9999993333333334,0.7496402950703366,1.498673699319459e-05,1.498673699319459e-05,1.4967770794517583e-05,1.4979854520887246e-06,2.850518340300715e-05,5.593213752685029e-10,2.999958588539104e-05,0.0,0.0,1.0,0.7493328561401412
ceiling,0.5,16,3e-05,insertion_order,1.499280590140673e-05,1.499280590140673e-05,1.4989264248773301e-05,1.4965336413297338e-06,2.8505324589787048e-05,5.416950443759561e-10,2.9999290321332715e-05,6.666666666666667e-07,0.0,0.9999993333333334,0.7496402950703366,1.498673699319459e-05,1.498673699319459e-05,1.4967770794517583e-05,1.4979854520887246e-06,2.850518340300715e-05,5.593213752685029e-10,2.999958588539104e-05,0.0,0.0,1.0,0.7493328561401412
ceiling,0.5,16,0.0001,arrival_first,5.000052725082787e-05,5.000052725082787e-05,4.9990451922591696e-05,4.994946642303451e-06,9.497906725603872e-05,1.9356472572932643e-09,9.999801398710892e-05,0.0,0.0,1.0,2.5000263625413934,5.002078422294101e-05,5.002078422294101e-05,5.004406131964122e-05,5.00731451971416e-06,9.500010886865605e-05,1.772292959380713e-09,9.99980154174083e-05,0.0,0.0,1.0,2.501025856266417
ceiling,0.5,16,0.0001,departure_first,5.000052725082787e-05,5.000052725082787e-05,4.9990451922591696e-05,4.994946642303451e-06,9.497906725603872e-05,1.9356472572932643e-09,9.999801398710892e-05,0.0,0.0,1.0,2.5000263625413934,5.002078422294101e-05,5.002078422294101e-05,5.004406131964122e-05,5.00731451971416e-06,9.500010886865605e-05,1.772292959380713e-09,9.99980154174083e-05,0.0,0.0,1.0,2.501025856266417
ceiling,0.5,16,0.0001,insertion_order,5.000052725082787e-05,5.000052725082787e-05,4.9990451922591696e-05,4.994946642303451e-06,9.497906725603872e-05,1.9356472572932643e-09,9.999801398710892e-05,0.0,0.0,1.0,2.5000263625413934,5.002078422294101e-05,5.002078422294101e-05,5.004406131964122e-05,5.00731451971416e-06,9.500010886865605e-05,1.772292959380713e-09,9.99980154174083e-05,0.0,0.0,1.0,2.501025856266417
ceiling,0.5,16,0.0003,arrival_first,0.00015000131912227882,0.00015000131912227882,0.00014998448174689352,1.5059903547201733e-05,0.00028489008568006584,6.226461361317585e-09,0.00029999395374034064,0.0,0.0,1.0,7.50006595611394,0.00014990711707440384,0.00014990711707440384,0.0001498339580786389,1.5021465679920597e-05,0.0002848970232696198,5.8296448463696086e-09,0.0002999947638272875,0.0,0.0,1.0,7.4953158564400715
ceiling,0.5,16,0.0003,departure_first,0.00015000131912227882,0.00015000131912227882,0.00014998448174689352,1.5059903547201733e-05,0.00028489008568006584,6.226461361317585e-09,0.00029999395374034064,0.0,0.0,1.0,7.50006595611394,0.00014990711707440384,0.00014990711707440384,0.0001498339580786389,1.5021465679920597e-05,0.0002848970232696198,5.8296448463696086e-09,0.0002999947638272875,0.0,0.0,1.0,7.4953158564400715
ceiling,0.5,16,0.0003,insertion_order,0.00015000131912227882,0.00015000131912227882,0.00014998448174689352,1.5059903547201733e-05,0.00028489008568006584,6.226461361317585e-09,0.00029999395374034064,0.0,0.0,1.0,7.50006595611394,0.00014990711707440384,0.00014990711707440384,0.0001498339580786389,1.5021465679920597e-05,0.0002848970232696198,5.8296448463696086e-09,0.0002999947638272875,0.0,0.0,1.0,7.4953158564400715
ceiling,0.5,16,0.001,arrival_first,0.0004999231922962767,0.0004999231922962767,0.0004998668867604769,4.994518653499351e-05,0.0009499853434347945,1.6692805123360208e-08,0.0009999859334129725,0.0,0.0,1.0,24.99615961481383,0.0005001944567526714,0.0005001944567526714,0.0005002568811662299,5.032585373640464e-05,0.0009497888977903466,2.472420072783162e-08,0.0009999829313147987,0.0,0.0,1.0,25.009589189473584
ceiling,0.5,16,0.001,departure_first,0.0004999231922962767,0.0004999231922962767,0.0004998668867604769,4.994518653499351e-05,0.0009499853434347945,1.6692805123360208e-08,0.0009999859334129725,0.0,0.0,1.0,24.99615961481383,0.0005001944567526714,0.0005001944567526714,0.0005002568811662299,5.032585373640464e-05,0.0009497888977903466,2.472420072783162e-08,0.0009999829313147987,0.0,0.0,1.0,25.009589189473584
ceiling,0.5,16,0.001,insertion_order,0.0004999231922962767,0.0004999231922962767,0.0004998668867604769,4.994518653499351e-05,0.0009499853434347945,1.6692805123360208e-08,0.0009999859334129725,0.0,0.0,1.0,24.99615961481383,0.0005001944567526714,0.0005001944567526714,0.0005002568811662299,5.032585373640464e-05,0.0009497888977903466,2.472420072783162e-08,0.0009999829313147987,0.0,0.0,1.0,25.009589189473584
ceiling,0.5,16,0.003,arrival_first,0.0015000105256269018,0.0015000105256269018,0.00149990352729219,0.00015070401280051253,0.0028501890198610147,7.030903361737729e-08,0.0029999476588879284,0.0,0.0,1.0,75.00052628134509,0.001501073118954904,0.001501073118954904,0.001501926703660996,0.00015062299001992454,0.002848850507813537,6.201201333960737e-08,0.0029999521458041623,0.0,0.0,1.0,75.05325585626193
ceiling,0.5,16,0.003,departure_first,0.0015000105256269018,0.0015000105256269018,0.00149990352729219,0.00015070401280051253,0.0028501890198610147,7.030903361737729e-08,0.0029999476588879284,0.0,0.0,1.0,75.00052628134509,0.001501073118954904,0.001501073118954904,0.001501926703660996,0.00015062299001992454,0.002848850507813537,6.201201333960737e-08,0.0029999521458041623,0.0,0.0,1.0,75.05325585626193
ceiling,0.5,16,0.003,insertion_order,0.0015000105256269018,0.0015000105256269018,0.00149990352729219,0.00015070401280051253,0.0028501890198610147,7.030903361737729e-08,0.0029999476588879284,0.0,0.0,1.0,75.00052628134509,0.001501073118954904,0.001501073118954904,0.001501926703660996,0.00015062299001992454,0.002848850507813537,6.201201333960737e-08,0.0029999521458041623,0.0,0.0,1.0,75.05325585626193
ceiling,0.5,16,0.01,arrival_first,0.004996251192304455,0.004996251192304455,0.004995939944243825,0.0004981106824531405,0.0094972085880363,2.1008072508266197e-07,0.009999780394233918,0.0,0.0,1.0,249.81255961522274,0.005009131824711599,0.005009131824711599,0.005014539512849347,0.0005011548055246295,0.009503462661268787,1.7519385095427175e-07,0.009999853914069831,0.0,0.0,1.0,250.455255856034
ceiling,0.5,16,0.01,departure_first,0.004996251192304455,0.004996251192304455,0.004995939944243825,0.0004981106824531405,0.0094972085880363,2.1008072508266197e-07,0.009999780394233918,0.0,0.0,1.0,249.81255961522274,0.005009131824711599,0.005009131824711599,0.005014539512849347,0.0005011548055246295,0.009503462661268787,1.7519385095427175e-07,0.009999853914069831,0.0,0.0,1.0,250.455255856034
ceiling,0.5,16,0.01,insertion_order,0.004996251192304455,0.004996251192304455,0.004995939944243825,0.0004981106824531405,0.0094972085880363,2.1008072508266197e-07,0.009999780394233918,0.0,0.0,1.0,249.81255961522274,0.005009131824711599,0.005009131824711599,0.005014539512849347,0.0005011548055246295,0.009503462661268787,1.7519385095427175e-07,0.009999853914069831,0.0,0.0,1.0,250.455255856034
ceiling,0.5,16,0.03,arrival_first,0.014995164522154976,0.014995164522154976,0.015002985993184363,0.0014990022819953688,0.028490806869625275,9.176639044502129e-07,0.02999942091179643,0.0,0.0,1.0,749.7582261077489,0.01508257652610932,0.01508257652610932,0.015120409040696923,0.0015204704296734718,0.028525302461252258,5.941879643422965e-07,0.029999478775057768,0.0,0.0,1.0,754.1243099279534
ceiling,0.5,16,0.03,departure_first,0.014995164522154976,0.014995164522154976,0.015002985993184363,0.0014990022819953688,0.028490806869625275,9.176639044502129e-07,0.02999942091179643,0.0,0.0,1.0,749.7582261077489,0.015082583077195429,0.015082583077195429,0.015120413184296409,0.0015204713805654533,0.028525302141277895,5.941879643422965e-07,0.029999478775057768,0.0,0.0,1.0,754.1251402844697
ceiling,0.5,16,0.03,insertion_order,0.014995164522154976,0.014995164522154976,0.015002985993184363,0.0014990022819953688,0.028490806869625275,9.176639044502129e-07,0.02999942091179643,0.0,0.0,1.0,749.7582261077489,0.01508257652610932,0.01508257652610932,0.015120409040696923,0.0015204704296734718,0.028525302461252258,5.941879643422965e-07,0.029999478775057768,0.0,0.0,1.0,754.1243099279534
ceiling,0.5,16,0.1,arrival_first,0.04999406452770268,0.04999406452770268,0.050008186025813,0.004985656959530995,0.09499261661821644,1.580854041094426e-06,0.09999801408879042,0.0,0.0,1.0,2499.703226385134,0.050857665192983494,0.050857665192983494,0.05127446664019974,0.005239557157988734,0.09525858685323287,2.4706234980081027e-06,0.09999823287950614,0.0,0.0,1.0,2542.8595175789956
ceiling,0.5,16,0.1,departure_first,0.04999406452770268,0.04999406452770268,0.050008186025813,0.004985656959530995,0.09499261661821644,1.580854041094426e-06,0.09999801408879042,0.0,0.0,1.0,2499.703226385134,0.050857635431334175,0.050857635431334175,0.051274433451187,0.005239557157988734,0.09525858685323287,2.4706234980081027e-06,0.09999823287950614,0.0,0.0,1.0,2542.8580295858146
ceiling,0.5,16,0.1,insertion_order,0.04999406452770268,0.04999406452770268,0.050008186025813,0.004985656959530995,0.09499261661821644,1.580854041094426e-06,0.09999801408879042,0.0,0.0,1.0,2499.703226385134,0.050857665192983494,0.050857665192983494,0.05127446664019974,0.005239557157988734,0.09525858685323287,2.4706234980081027e-06,0.09999823287950614,0.0,0.0,1.0,2542.8595175789956
ceiling,0.8,1,1e-05,arrival_first,4.996706042097988e-06,4.996706042097988e-06,4.999208264659197e-06,4.957190594723215e-07,9.498151046803589e-06,1.7889760783873497e-10,9.999862171146863e-06,0.0,0.0,1.0,0.2498353021048994,4.999747900385718e-06,4.999747900405634e-06,4.9992888467670825e-06,4.986312012687094e-07,9.499525621320942e-06,4.5147050715954593e-10,9.999685248548533e-06,0.0,1.1970600205894324e-06,0.9999988029399794,0.13883407716204116
ceiling,0.8,1,1e-05,departure_first,4.996706042097988e-06,4.996706042097988e-06,4.999208264659197e-06,4.957190594723215e-07,9.498151046803589e-06,1.7889760783873497e-10,9.999862171146863e-06,0.0,0.0,1.0,0.2498353021048994,4.999742418636404e-06,4.99974241865632e-06,4.9992868764912876e-06,4.986343239672444e-07,9.499523719079197e-06,4.5147050715954593e-10,9.999685248548533e-06,0.0,1.1970600205894324e-06,0.9999988029399794,0.13883425876135433
ceiling,0.8,1,1e-05,insertion_order,4.996706042097988e-06,4.996706042097988e-06,4.999208264659197e-06,4.957190594723215e-07,9.498151046803589e-06,1.7889760783873497e-10,9.999862171146863e-06,0.0,0.0,1.0,0.2498353021048994,4.999747900385718e-06,4.999747900405634e-06,4.9992888467670825e-06,4.986312012687094e-07,9.499525621320942e-06,4.5147050715954593e-10,9.999685248548533e-06,0.0,1.1970600205894324e-06,0.9999988029399794,0.13883407716204116
ceiling,0.8,1,3e-05,arrival_first,1.50100239280758e-05,1.50100239280758e-05,1.5016823651118709e-05,1.4926945823390272e-06,2.8503748518839225e-05,5.153803310046593e-10,2.9999518180071997e-05,0.0,0.0,1.0,0.7505011964037901,1.4985590350514524e-05,1.4985590350514524e-05,1.4976240785960725e-05,1.4970821321377142e-06,2.84869685215843e-05,1.4727607377853132e-09,2.9998800932339148e-05,0.0,0.0,1.0,0.416120548713396
ceiling,0.8,1,3e-05,departure_first,1.50100239280758e-05,1.50100239280758e-05,1.5016823651118709e-05,1.4926945823390272e-06,2.8503748518839225e-05,5.153803310046593e-10,2.9999518180071997e-05,0.0,0.0,1.0,0.7505011964037901,1.4985622016969698e-05,1.4985622016969698e-05,1.4976299518044793e-05,1.4971126523976447e-06,2.8486960365643263e-05,1.4727607377853132e-09,2.9998800932339148e-05,0.0,0.0,1.0,0.416124420918263
ceiling,0.8,1,3e-05,insertion_order,1.50100239280758e-05,1.50100239280758e-05,1.5016823651118709e-05,1.4926945823390272e-06,2.8503748518839225e-05,5.153803310046593e-10,2.9999518180071997e-05,0.0,0.0,1.0,0.7505011964037901,1.4985590350514524e-05,1.4985590350514524e-05,1.4976240785960725e-05,1.4970821321377142e-06,2.84869685215843e-05,1.4727607377853132e-09,2.9998800932339148e-05,0.0,0.0,1.0,0.416120548713396
ceiling,0.8,1,0.0001,arrival_first,4.998751810976318e-05,4.998751810976318e-05,4.9978313685035875e-05,4.988440393087027e-06,9.500161142871851e-05,1.97072343629164e-09,9.99975437783481e-05,0.0,0.0,1.0,2.4993759054881592,4.995293236570952e-05,4.995293236570952e-05,4.9926517906924455e-05,5.023900671467262e-06,9.496324844651722e-05,4.392003964450349e-09,9.999658360897087e-05,0.0,0.0,1.0,1.3870494229603816
ceiling,0.8,1,0.0001,departure_first,4.998751810976318e-05,4.998751810976318e-05,4.9978313685035875e-05,4.988440393087027e-06,9.500161142871851e-05,1.97072343629164e-09,9.99975437783481e-05,0.0,0.0,1.0,2.4993759054881592,4.995336314911007e-05,4.995336314911007e-05,4.99273819228981e-05,5.024531665985169e-06,9.496284101873382e-05,4.392003964450349e-09,9.999658360897087e-05,0.0,0.0,1.0,1.3871230117482043
ceiling,0.8,1,0.0001,insertion_order,4.998751810976318e-05,4.998751810976318e-05,4.9978313685035875e-05,4.988440393087027e-06,9.500161142871851e-05,1.97072343629164e-09,9.99975437783481e-05,0.0,0.0,1.0,2.4993759054881592,4.995293236570952e-05,4.995293236570952e-05,4.9926517906924455e-05,5.023900671467262e-06,9.496324844651722e-05,4.392003964450349e-09,9.999658360897087e-05,0.0,0.0,1.0,1.3870494229603816
ceiling,0.8,1,0.0003,arrival_first,0.000149999379688484,0.000149999379688484,0.00015004538286120806,1.5056750401830265e-05,0.0002849231931259055,5.425924124817054e-09,0.0002999947108340469,0.0,0.0,1.0,7.499968984424201,0.00014990201019376875,0.00014990201019376875,0.00014982633075477,1.5024109796737776e-05,0.0002849558328286323,1.3008185287960438e-08,0.0002999907548414525,0.0,0.0,1.0,4.162001397963641
ceiling,0.8,1,0.0003,departure_first,0.000149999379688484,0.000149999379688484,0.00015004538286120806,1.5056750401830265e-05,0.0002849231931259055,5.425924124817054e-09,0.0002999947108340469,0.0,0.0,1.0,7.499968984424201,0.00014990180372809412,0.00014990180372809412,0.00014982312849068445,1.5025894761373239e-05,0.0002849555708465467,1.3008185287960438e-08,0.0002999907548414525,0.0,0.0,1.0,4.162515258655733
ceiling,0.8,1,0.0003,insertion_order,0.000149999379688484,0.000149999379688484,0.00015004538286120806,1.5056750401830265e-05,0.0002849231931259055,5.425924124817054e-09,0.0002999947108340469,0.0,0.0,1.0,7.499968984424201,0.00014990201019376875,0.00014990201019376875,0.00014982633075477,1.5024109796737776e-05,0.0002849558328286323,1.3008185287960438e-08,0.0002999907548414525,0.0,0.0,1.0,4.162001397963641
ceiling,0.8,1,0.001,arrival_first,0.0005000596504215882,0.0005000596504215882,0.000500272697672699,4.9839546092395427e-05,0.0009500497653410396,2.1974998768807078e-08,0.0009999841769664879,0.0,0.0,1.0,25.00298252107941,0.0004995721192816511,0.0004995721192816511,0.0004997078448206767,4.982882808276539e-05,0.0009500456191927853,4.2523011579238475e-08,0.000999978683772236,0.0,0.0,1.0,13.866206512210857
ceiling,0.8,1,0.001,departure_first,0.0005000596504215882,0.0005000596504215882,0.000500272697672699,4.9839546092395427e-05,0.0009500497653410396,2.1974998768807078e-08,0.0009999841769664879,0.0,0.0,1.0,25.00298252107941,0.0004995845843818915,0.0004995845843818915,0.0004997006222268474,4.983050391084597e-05,0.000950071192494019,4.2523011579238475e-08,0.000999978683772236,0.0,0.0,1.0,13.87251268806652
ceiling,0.8,1,0.001,insertion_order,0.0005000596504215882,0.0005000596504215882,0.000500272697672699,4.9839546092395427e-05,0.0009500497653410396,2.1974998768807078e-08,0.0009999841769664879,0.0,0.0,1.0,25.00298252107941,0.0004995721192816511,0.0004995721192816511,0.0004997078448206767,4.982882808276539e-05,0.0009500456191927853,4.2523011579238475e-08,0.000999978683772236,0.0,0.0,1.0,13.866206512210857
ceiling,0.8,1,0.003,arrival_first,0.0015002029837539424,0.0015002029837539424,0.0015019200400274713,0.00014965507646593325,0.0028495301017270928,4.963876563124359e-08,0.0029999484138594807,0.0,0.0,1.0,75.01014918769712,0.0014991706012440615,0.0014991706012440615,0.0014993856590193731,0.0001497719190786456,0.0028499639158159986,1.3899230479447246e-07,0.0029998645029276514,0.0,0.0,1.0,41.572220417711314
ceiling,0.8,1,0.003,departure_first,0.0015002029837539424,0.0015002029837539424,0.0015019200400274713,0.00014965507646593325,0.0028495301017270928,4.963876563124359e-08,0.0029999484138594807,0.0,0.0,1.0,75.01014918769712,0.001499199912733353,0.001499199912733353,0.0014994841008645692,0.00014969861705827083,0.002849962396858744,1.3899230479447246e-07,0.0029998645029276514,0.0,0.0,1.0,41.63109414914647
ceiling,0.8,1,0.003,insertion_order,0.0015002029837539424,0.0015002029837539424,0.0015019200400274713,0.00014965507646593325,0.0028495301017270928,4.963876563124359e-08,0.0029999484138594807,0.0,0.0,1.0,75.01014918769712,0.0014991706012440615,0.0014991706012440615,0.0014993856590193731,0.0001497719190786456,0.0028499639158159986,1.3899230479447246e-07,0.0029998645029276514,0.0,0.0,1.0,41.572220417711314
ceiling,0.8,1,0.01,arrival_first,0.0049980516504083295,0.0049980516504083295,0.004994484762331316,0.0004999089133843882,0.009499879840207844,1.615535741924153e-07,0.009999807176700414,0.0,0.0,1.0,249.90258252041647,0.005009317801437399,0.005009317801437399,0.0050171974982099075,0.0004968266862321152,0.009501922382390506,3.543322045101762e-07,0.009999653589218024,0.0,0.0,1.0,138.48876108063993
ceiling,0.8,1,0.01,departure_first,0.0049980516504083295,0.0049980516504083295,0.004994484762331316,0.0004999089133843882,0.009499879840207844,1.615535741924153e-07,0.009999807176700414,0.0,0.0,1.0,249.90258252041647,0.005009234791889029,0.005009234791889029,0.005016260669010847,0.0004966317290901054,0.009501508270995326,3.594247060843131e-07,0.00999965158161843,0.0,0.0,1.0,139.08655132524441
ceiling,0.8,1,0.01,insertion_order,0.0049980516504083295,0.0049980516504083295,0.004994484762331316,0.0004999089133843882,0.009499879840207844,1.615535741924153e-07,0.009999807176700414,0.0,0.0,1.0,249.90258252041647,0.005009317801437399,0.005009317801437399,0.0050171974982099075,0.0004968266862321152,0.009501922382390506,3.543322045101762e-07,0.009999653589218024,0.0,0.0,1.0,138.48876108063993
ceiling,0.8,1,0.03,arrival_first,0.01499794498159609,0.01499794498159609,0.014990227689728878,0.0015050552024088878,0.02849764835572993,4.948269330877035e-07,0.029999241365506652,0.0,0.0,1.0,749.8972490798044,0.015078207274779246,0.015078207274779246,0.015114264833786395,0.001514063512872875,0.02853638089975783,1.3265798238063185e-06,0.029998720530372624,0.0,0.0,1.0,413.1194127263827
ceiling,0.8,1,0.03,departure_first,0.01499794498159609,0.01499794498159609,0.014990227689728878,0.0015050552024088878,0.02849764835572993,4.948269330877035e-07,0.029999241365506652,0.0,0.0,1.0,749.8972490798044,0.015074952421416021,0.015074952421416021,0.015107874925053331,0.001513522457077106,0.02853438846168446,1.3645912454425304e-06,0.029998707706501468,0.0,0.0,1.0,418.54441557841324
ceiling,0.8,1,0.03,insertion_order,0.01499794498159609,0.01499794498159609,0.014990227689728878,0.0015050552024088878,0.02849764835572993,4.948269330877035e-07,0.029999241365506652,0.0,0.0,1.0,749.8972490798044,0.015078207274779246,0.015078207274779246,0.015114264833786395,0.001514063512872875,0.02853638089975783,1.3265798238063185e-06,0.029998720530372624,0.0,0.0,1.0,413.1194127263827
ceiling,0.8,1,0.1,arrival_first,0.049967451651606876,0.049967451651606876,0.0499573529867727,0.005010075042873723,0.09497017008254412,1.7739199392963202e-06,0.09999839979645912,0.0,0.0,1.0,2498.3725825803435,0.05080509171654969,0.05080509171654969,0.051203023941264116,0.005243398327604266,0.09524063583998732,3.28725318591618e-06,0.09999703135319835,0.0,0.0,1.0,1349.5753588258228
ceiling,0.8,1,0.1,departure_first,0.049967451651606876,0.049967451651606876,0.0499573529867727,0.005010075042873723,0.09497017008254412,1.7739199392963202e-06,0.09999839979645912,0.0,0.0,1.0,2498.3725825803435,0.050785080288818826,0.050785080288818826,0.05118085772798046,0.005229426931021604,0.09523716171313935,3.160402772958241e-06,0.09999702776692662,0.0,0.0,1.0,1409.227649622396
ceiling,0.8,1,0.1,insertion_order,0.049967451651606876,0.049967451651606876,0.0499573529867727,0.005010075042873723,0.09497017008254412,1.7739199392963202e-06,0.09999839979645912,0.0,0.0,1.0,2498.3725825803435,0.05080509171654969,0.05080509171654969,0.051203023941264116,0.005243398327604266,0.09524063583998732,3.28725318591618e-06,0.09999703135319835,0.0,0.0,1.0,1349.5753588258228
ceiling,0.8,4,1e-05,arrival_first,4.998452862981746e-06,4.998452862981746e-06,4.998908358781288e-06,4.973502442832493e-07,9.50055731361014e-06,1.87598440485696e-10,9.999750727729406e-06,0.0,0.0,1.0,0.24992264314908727,4.995603486766499e-06,4.995603486766499e-06,4.991516721383412e-06,4.978459886984874e-07,9.499225529868579e-06,2.3234919035071873e-10,9.99967507870408e-06,0.0,0.0,1.0,0.21938147128449081
ceiling,0.8,4,1e-05,departure_first,4.998452862981746e-06,4.998452862981746e-06,4.998908358781288e-06,4.973502442832493e-07,9.50055731361014e-06,1.87598440485696e-10,9.999750727729406e-06,0.0,0.0,1.0,0.24992264314908727,4.995603486766499e-06,4.995603486766499e-06,4.991516721383412e-06,4.978459886984874e-07,9.499225529868579e-06,2.3234919035071873e-10,9.99967507870408e-06,0.0,0.0,1.0,0.21938147128449081
ceiling,0.8,4,1e-05,insertion_order,4.998452862981746e-06,4.998452862981746e-06,4.998908358781288e-06,4.973502442832493e-07,9.50055731361014e-06,1.87598440485696e-10,9.999750727729406e-06,0.0,0.0,1.0,0.24992264314908727,4.995603486766499e-06,4.995603486766499e-06,4.991516721383412e-06,4.978459886984874e-07,9.499225529868579e-06,2.3234919035071873e-10,9.99967507870408e-06,0.0,0.0,1.0,0.21938147128449081
ceiling,0.8,4,3e-05,arrival_first,1.5005530744388427e-05,1.5005530744388427e-05,1.5007053298177197e-05,1.497687392960264e-06,2.8496057472390626e-05,4.776363008810828e-10,2.999930514609635e-05,0.0,0.0,1.0,0.7502765372194214,1.4994515168406194e-05,1.4994515168406194e-05,1.4985511601169065e-05,1.4972121795486216e-06,2.8503666275089196e-05,6.92112037126158e-10,2.9999281646828688e-05,0.0,0.0,1.0,0.6584807191348548
ceiling,0.8,4,3e-05,departure_first,1.5005530744388427e-05,1.5005530744388427e-05,1.5007053298177197e-05,1.497687392960264e-06,2.8496057472390626e-05,4.776363008810828e-10,2.999930514609635e-05,0.0,0.0,1.0,0.7502765372194214,1.4994558247999035e-05,1.4994558247999035e-05,1.4985552974038548e-05,1.4972103424839314e-06,2.8503666993742848e-05,6.92112037126158e-10,2.9999281646828688e-05,0.0,0.0,1.0,0.658482608848192
ceiling,0.8,4,3e-05,insertion_order,1.5005530744388427e-05,1.5005530744388427e-05,1.5007053298177197e-05,1.497687392960264e-06,2.8496057472390626e-05,4.776363008810828e-10,2.999930514609635e-05,0.0,0.0,1.0,0.7502765372194214,1.4994515168406194e-05,1.4994515168406194e-05,1.4985511601169065e-05,1.4972121795486216e-06,2.8503666275089196e-05,6.92112037126158e-10,2.9999281646828688e-05,0.0,0.0,1.0,0.6584807191348548
ceiling,0.8,4,0.0001,arrival_first,4.998905159485184e-05,4.998905159485184e-05,5.001019523357778e-05,5.01303589771851e-06,9.4970460309014e-05,1.7332240531686694e-09,9.999775065807625e-05,0.0,0.0,1.0,2.4994525797425924,4.9998183264201427e-05,4.9998183264201427e-05,5.0014692148171953e-05,4.99872781472383e-06,9.499275466291248e-05,1.9538502717362608e-09,9.999754831371393e-05,0.0,0.0,1.0,2.1956401165973145
ceiling,0.8,4,0.0001,departure_first,4.998905159485184e-05,4.998905159485184e-05,5.001019523357778e-05,5.01303589771851e-06,9.4970460309014e-05,1.7332240531686694e-09,9.999775065807625e-05,0.0,0.0,1.0,2.4994525797425924,4.9998254435399065e-05,4.9998254435399065e-05,5.001482609290273e-05,4.9987363875198445e-06,9.499275141579706e-05,1.9538502717362608e-09,9.999754831371393e-05,0.0,0.0,1.0,2.19564991081068
ceiling,0.8,4,0.0001,insertion_order,4.998905159485184e-05,4.998905159485184e-05,5.001019523357778e-05,5.01303589771851e-06,9.4970460309014e-05,1.7332240531686694e-09,9.999775065807625e-05,0.0,0.0,1.0,2.4994525797425924,4.9998183264201427e-05,4.9998183264201427e-05,5.0014692148171953e-05,4.99872781472383e-06,9.499275466291248e-05,1.9538502717362608e-09,9.999754831371393e-05,0.0,0.0,1.0,2.1956401165973145
ceiling,0.8,4,0.0003,arrival_first,0.0001498900465097619,0.0001498900465097619,0.0001498050264520619,1.5029027825524585e-05,0.0002849214592212472,5.16535389275911e-09,0.00029999279270972085,0.0,0.0,1.0,7.494502325488096,0.0001500008034996398,0.0001500008034996398,0.0001500057415149296,1.4965833745038896e-05,0.00028498217006539447,5.475147851647747e-09,0.0002999941406108153,0.0,0.0,1.0,6.5870239296799955
ceiling,0.8,4,0.0003,departure_first,0.0001498900465097619,0.0001498900465097619,0.0001498050264520619,1.5029027825524585e-05,0.0002849214592212472,5.16535389275911e-09,0.00029999279270972085,0.0,0.0,1.0,7.494502325488096,0.0001500009979307198,0.0001500009979307198,0.00015000361762905224,1.4965576109915199e-05,0.00028498181174700226,5.475147851647747e-09,0.0002999941406108153,0.0,0.0,1.0,6.587127455241434
ceiling,0.8,4,0.0003,insertion_order,0.0001498900465097619,0.0001498900465097619,0.0001498050264520619,1.5029027825524585e-05,0.0002849214592212472,5.16535389275911e-09,0.00029999279270972085,0.0,0.0,1.0,7.494502325488096,0.0001500008034996398,0.0001500008034996398,0.0001500057415149296,1.4965833745038895e-05,0.00028498217006539447,5.475147851647747e-09,0.0002999941406108153,0.0,0.0,1.0,6.5870239296799955
ceiling,0.8,4,0.001,arrival_first,0.0005005897839061254,0.0005005897839061254,0.0005010844593925867,5.032471790552033e-05,0.0009500889599742853,2.188965784929072e-08,0.0009999808407883393,0.0,0.0,1.0,25.02948919530627,0.0004998630004513057,0.0004998630004513057,0.0004996730968170646,5.034383954218252e-05,0.0009495440104044459,1.945987833749709e-08,0.000999973462597337,0.0,0.0,1.0,21.948050934133295
ceiling,0.8,4,0.001,departure_first,0.0005005897839061254,0.0005005897839061254,0.0005010844593925867,5.032471790552033e-05,0.0009500889599742853,2.188965784929072e-08,0.0009999808407883393,0.0,0.0,1.0,25.02948919530627,0.0004998603943672188,0.0004998603943672188,0.0004996605156083074,5.034390969350013e-05,0.0009495377787910368,1.945987833749709e-08,0.000999973462597337,0.0,0.0,1.0,21.94910330281267
ceiling,0.8,4,0.001,insertion_order,0.0005005897839061254,0.0005005897839061254,0.0005010844593925867,5.032471790552033e-05,0.0009500889599742853,2.188965784929072e-08,0.0009999808407883393,0.0,0.0,1.0,25.02948919530627,0.0004998630004513057,0.0004998630004513057,0.0004996730968170646,5.034383954218252e-05,0.0009495440104044459,1.945987833749709e-08,0.000999973462597337,0.0,0.0,1.0,21.948050934133295
ceiling,0.8,4,0.003,arrival_first,0.0014999424505736836,0.0014999424505736836,0.0015003372800189633,0.00015046418512307963,0.002849453600036516,6.609364694062e-08,0.0029999358650456996,0.0,0.0,1.0,74.99712252868419,0.0015008670316700242,0.0015008670316700242,0.0015016057425865385,0.00015059308436626034,0.002849380466098733,5.6154518441227834e-08,0.0029999323261029024,0.0,0.0,1.0,65.88364890387105
ceiling,0.8,4,0.003,departure_first,0.0014999424505736836,0.0014999424505736836,0.0015003372800189633,0.00015046418512307963,0.002849453600036516,6.609364694062e-08,0.0029999358650456996,0.0,0.0,1.0,74.99712252868419,0.001500886712904792,0.001500886712904792,0.001501679607483285,0.00015057050094714077,0.00284938796427846,5.6154518441227834e-08,0.0029999323261029024,0.0,0.0,1.0,65.89307411018879
ceiling,0.8,4,0.003,insertion_order,0.0014999424505736836,0.0014999424505736836,0.0015003372800189633,0.00015046418512307963,0.002849453600036516,6.609364694062e-08,0.0029999358650456996,0.0,0.0,1.0,74.99712252868419,0.0015008670316700242,0.0015008670316700242,0.0015016057425865385,0.00015059308436626034,0.002849380466098733,5.6154518441227834e-08,0.0029999323261029024,0.0,0.0,1.0,65.88364890387105
ceiling,0.8,4,0.01,arrival_first,0.005000181783898743,0.005000181783898743,0.005000466465920302,0.0005016261493074126,0.009502525715512697,1.6402533825991364e-07,0.009999838365729374,0.0,0.0,1.0,250.00908919493713,0.005009798170957092,0.005009798170957092,0.00501520838119549,0.0005025040295314429,0.00950189937868556,2.5831515477938577e-07,0.009999687249351135,0.0,0.0,1.0,219.71372925935705
ceiling,0.8,4,0.01,departure_first,0.005000181783898743,0.005000181783898743,0.005000466465920302,0.0005016261493074126,0.009502525715512697,1.6402533825991364e-07,0.009999838365729374,0.0,0.0,1.0,250.00908919493713,0.005009657746476476,0.005009657746476476,0.005014982289896584,0.0005023642558431682,0.00950184155478966,2.5831515477938577e-07,0.009999687249351135,0.0,0.0,1.0,219.81428973189625
ceiling,0.8,4,0.01,insertion_order,0.005000181783898743,0.005000181783898743,0.005000466465920302,0.0005016261493074126,0.009502525715512697,1.6402533825991364e-07,0.009999838365729374,0.0,0.0,1.0,250.00908919493713,0.005009798170957092,0.005009798170957092,0.00501520838119549,0.0005025040295314429,0.00950189937868556,2.5831515477938577e-07,0.009999687249351135,0.0,0.0,1.0,219.71372925935705
ceiling,0.8,4,0.03,arrival_first,0.015006068448418172,0.015006068448418172,0.015018879325255814,0.0015110715594437352,0.0284981977647097,6.760551817327117e-07,0.02999955981122184,0.0,0.0,1.0,750.3034224209085,0.01507395252039692,0.01507395252039692,0.015119752432033525,0.0015239842552535316,0.02852527514084126,5.227857915746555e-07,0.02999924791450082,0.0,0.0,1.0,659.3678499375544
ceiling,0.8,4,0.03,departure_first,0.015006068448418172,0.015006068448418172,0.015018879325255814,0.0015110715594437352,0.0284981977647097,6.760551817327117e-07,0.02999955981122184,0.0,0.0,1.0,750.3034224209085,0.015073508017186587,0.015073508017186587,0.01511942004452724,0.0015241144373722957,0.02852508953931027,5.337769741646514e-07,0.02999924791450082,0.0,0.0,1.0,660.1399991257547
ceiling,0.8,4,0.03,insertion_order,0.015006068448418172,0.015006068448418172,0.015018879325255814,0.0015110715594437352,0.0284981977647097,6.760551817327117e-07,0.02999955981122184,0.0,0.0,1.0,750.3034224209085,0.01507395252039692,0.01507395252039692,0.015119752432033525,0.0015239842552535316,0.02852527514084126,5.227857915746555e-07,0.02999924791450082,0.0,0.0,1.0,659.3678499375544
ceiling,0.8,4,0.1,arrival_first,0.050034701785090945,0.050034701785090945,0.050049753297950396,0.0049953955255402135,0.09503645395081547,1.9685752704390324e-06,0.09999764767150433,0.0,0.0,1.0,2501.735089254547,0.050835851587329506,0.050835851587329506,0.05125679459820116,0.00524127531733972,0.09522031387991671,2.8266277681876505e-06,0.09999782233128623,0.0,0.0,1.0,2202.7537239063663
ceiling,0.8,4,0.1,departure_first,0.050034701785090945,0.050034701785090945,0.050049753297950396,0.0049953955255402135,0.09503645395081547,1.9685752704390324e-06,0.09999764767150433,0.0,0.0,1.0,2501.735089254547,0.05083551453266093,0.05083551453266093,0.051259611839651,0.0052365031885059825,0.09522448678347131,2.767137964141316e-06,0.09999804262105368,0.0,0.0,1.0,2211.776582730195
ceiling,0.8,4,0.1,insertion_order,0.050034701785090945,0.050034701785090945,0.050049753297950396,0.0049953955255402135,0.09503645395081547,1.9685752704390324e-06,0.09999764767150433,0.0,0.0,1.0,2501.735089254547,0.050835851587329506,0.050835851587329506,0.05125679459820116,0.00524127531733972,0.09522031387991671,2.8266277681876505e-06,0.09999782233128623,0.0,0.0,1.0,2202.7537239063663
ceiling,0.8,8,1e-05,arrival_first,5.000913088360296e-06,5.000913088360296e-06,5.002651748024315e-06,4.990328670828604e-07,9.50011169152276e-06,1.6649816340456406e-10,9.999781256434897e-06,1.3333333333333334e-06,0.0,0.9999986666666667,0.25004565441801485,4.997620699236833e-06,4.997620699236833e-06,4.997597421176131e-06,4.999857116959906e-07,9.49916984391587e-06,1.7189110811804964e-10,9.999738017688053e-06,6.941263032221342e-07,0.0,0.9999993058736968,0.2401850243786767
ceiling,0.8,8,1e-05,departure_first,5.000913088360296e-06,5.000913088360296e-06,5.002651748024315e-06,4.990328670828604e-07,9.50011169152276e-06,1.6649816340456406e-10,9.999781256434897e-06,1.3333333333333334e-06,0.0,0.9999986666666667,0.25004565441801485,4.997620699236833e-06,4.997620699236833e-06,4.997597421176131e-06,4.999857116959906e-07,9.49916984391587e-06,1.7189110811804964e-10,9.999738017688053e-06,6.941263032221342e-07,0.0,0.9999993058736968,0.2401850243786767
ceiling,0.8,8,1e-05,insertion_order,5.000913088360296e-06,5.000913088360296e-06,5.002651748024315e-06,4.990328670828604e-07,9.50011169152276e-06,1.6649816340456406e-10,9.999781256434897e-06,1.3333333333333334e-06,0.0,0.9999986666666667,0.25004565441801485,4.997620699236833e-06,4.997620699236833e-06,4.997597421176131e-06,4.999857116959906e-07,9.49916984391587e-06,1.7189110811804964e-10,9.999738017688053e-06,6.941263032221342e-07,0.0,0.9999993058736968,0.2401850243786767
ceiling,0.8,8,3e-05,arrival_first,1.4999557637405209e-05,1.4999557637405209e-05,1.4989892042649444e-05,1.500197760530379e-06,2.849977865328886e-05,7.231695538697143e-10,2.9999281105119734e-05,0.0,0.0,1.0,0.7499778818702604,1.5001929125390021e-05,1.5001929125390021e-05,1.5019915243003621e-05,1.4941534512920875e-06,2.8489578954141702e-05,6.415508388424307e-10,2.9999080761904338e-05,6.941263032221342e-07,0.0,0.9999993058736968,0.7209885710839743
ceiling,0.8,8,3e-05,departure_first,1.4999557637405209e-05,1.4999557637405209e-05,1.4989892042649444e-05,1.500197760530379e-06,2.849977865328886e-05,7.231695538697143e-10,2.9999281105119734e-05,0.0,0.0,1.0,0.7499778818702604,1.5001935491610494e-05,1.5001935491610494e-05,1.501991790718731e-05,1.4941543474464418e-06,2.848957818807366e-05,6.415508388424307e-10,2.9999080761904338e-05,6.941263032221342e-07,0.0,0.9999993058736968,0.7209893775469536
ceiling,0.8,8,3e-05,insertion_order,1.4999557637405209e-05,1.4999557637405209e-05,1.4989892042649444e-05,1.500197760530379e-06,2.849977865328886e-05,7.231695538697143e-10,2.9999281105119734e-05,0.0,0.0,1.0,0.7499778818702604,1.5001929125390021e-05,1.5001929125390021e-05,1.5019915243003621e-05,1.4941534512920875e-06,2.8489578954141702e-05,6.415508388424307e-10,2.9999080761904338e-05,6.941263032221342e-07,0.0,0.9999993058736968,0.7209885710839743
ceiling,0.8,8,0.0001,arrival_first,5.0005145150513875e-05,5.0005145150513875e-05,5.00024889637037e-05,5.02635543246773e-06,9.499435753392996e-05,1.8091062277865908e-09,9.999845096899662e-05,0.0,0.0,1.0,2.500257257525694,4.999365448883432e-05,4.999365448883432e-05,5.000176105954933e-05,5.0157238915829455e-06,9.498931573099415e-05,1.9761723586234995e-09,9.999810491239611e-05,0.0,0.0,1.0,2.4026494561964338
ceiling,0.8,8,0.0001,departure_first,5.0005145150513875e-05,5.0005145150513875e-05,5.00024889637037e-05,5.02635543246773e-06,9.499435753392996e-05,1.8091062277865908e-09,9.999845096899662e-05,0.0,0.0,1.0,2.500257257525694,4.9993746161649544e-05,4.9993746161649544e-05,5.0001961311896905e-05,5.015800246591558e-06,9.498916577002292e-05,1.9761723586234995e-09,9.999810491239611e-05,0.0,0.0,1.0,2.4026638838747725
ceiling,0.8,8,0.0001,insertion_order,5.0005145150513875e-05,5.0005145150513875e-05,5.00024889637037e-05,5.02635543246773e-06,9.499435753392996e-05,1.8091062277865908e-09,9.999845096899662e-05,0.0,0.0,1.0,2.500257257525694,4.999365448883432e-05,4.999365448883432e-05,5.000176105954933e-05,5.0157238915829455e-06,9.498931573099415e-05,1.9761723586234995e-09,9.999810491239611e-05,0.0,0.0,1.0,2.4026494561964338
ceiling,0.8,8,0.0003,arrival_first,0.00015002967340582897,0.00015002967340582897,0.0001500450560039705,1.5012691784856241e-05,0.00028496375376562354,7.451702307056015e-09,0.0002999950331286527,0.0,0.0,1.0,7.5014836702914485,0.00015011708220210072,0.00015011708220210072,0.00015018321711724215,1.505047135700343e-05,0.00028503700694948935,5.507311504291771e-09,0.0002999955476056433,0.0,0.0,1.0,7.214443449955277
ceiling,0.8,8,0.0003,departure_first,0.00015002967340582897,0.00015002967340582897,0.0001500450560039705,1.5012691784856241e-05,0.00028496375376562354,7.451702307056015e-09,0.0002999950331286527,0.0,0.0,1.0,7.5014836702914485,0.00015011725122718997,0.00015011725122718997,0.00015018363319679352,1.505053904780516e-05,0.0002850373257848674,5.507311504291771e-09,0.0002999955476056433,0.0,0.0,1.0,7.214451496441374
ceiling,0.8,8,0.0003,insertion_order,0.00015002967340582897,0.00015002967340582897,0.0001500450560039705,1.5012691784856241e-05,0.00028496375376562354,7.451702307056015e-09,0.0002999950331286527,0.0,0.0,1.0,7.5014836702914485,0.00015011708220210072,0.00015011708220210072,0.00015018321711724215,1.505047135700343e-05,0.00028503700694948935,5.507311504291771e-09,0.0002999955476056433,0.0,0.0,1.0,7.214443449955277
ceiling,0.8,8,0.001,arrival_first,0.0005002893441331338,0.0005002893441331338,0.0005004227664206458,5.043249352487086e-05,0.0009501092066754305,2.011741647341599e-08,0.0009999852671474703,0.0,0.0,1.0,25.014467206656686,0.0005001364541031211,0.0005001364541031211,0.0005002328806124898,5.022899215771744e-05,0.0009497676234792763,2.644625036804284e-08,0.0009999802310207793,0.0,0.0,1.0,24.034830019187698
ceiling,0.8,8,0.001,departure_first,0.0005002893441331338,0.0005002893441331338,0.0005004227664206458,5.043249352487086e-05,0.0009501092066754305,2.011741647341599e-08,0.0009999852671474703,0.0,0.0,1.0,25.014467206656686,0.0005001395011745578,0.0005001395011745578,0.0005002369829661706,5.023101012719688e-05,0.0009497665821821392,2.644625036804284e-08,0.0009999802310207793,0.0,0.0,1.0,24.035143014225362
ceiling,0.8,8,0.001,insertion_order,0.0005002893441331338,0.0005002893441331338,0.0005004227664206458,5.043249352487086e-05,0.0009501092066754305,2.011741647341599e-08,0.0009999852671474703,0.0,0.0,1.0,25.014467206656686,0.0005001364541031211,0.0005001364541031211,0.0005002328806124898,5.022899215771744e-05,0.0009497676234792763,2.644625036804284e-08,0.0009999802310207793,0.0,0.0,1.0,24.034830019187698
ceiling,0.8,8,0.003,arrival_first,0.001500376677467312,0.001500376677467312,0.0014993193629228093,0.00015058417121963433,0.0028501475445167064,5.755852422832201e-08,0.002999957928356404,0.0,0.0,1.0,75.0188338733656,0.001501618350950476,0.001501618350950476,0.0015017576564473815,0.0001512823837944216,0.0028511136748916436,6.150221196366684e-08,0.00299992765924008,0.0,0.0,1.0,72.15200921201357
ceiling,0.8,8,0.003,departure_first,0.001500376677467312,0.001500376677467312,0.0014993193629228093,0.00015058417121963433,0.0028501475445167064,5.755852422832201e-08,0.002999957928356404,0.0,0.0,1.0,75.0188338733656,0.0015016038750012,0.0015016038750012,0.0015017208578925563,0.00015127696007202432,0.002851113146439808,6.150221196366684e-08,0.00299992765924008,0.0,0.0,1.0,72.15331709456377
ceiling,0.8,8,0.003,insertion_order,0.001500376677467312,0.001500376677467312,0.0014993193629228093,0.00015058417121963433,0.0028501475445167064,5.755852422832201e-08,0.002999957928356404,0.0,0.0,1.0,75.0188338733656,0.001501618350950476,0.001501618350950476,0.0015017576564473815,0.0001512823837944216,0.0028511136748916436,6.150221196366684e-08,0.00299992765924008,0.0,0.0,1.0,72.15200921201357
ceiling,0.8,8,0.01,arrival_first,0.005003679344125832,0.005003679344125832,0.005009276338114432,0.0004996501375277755,0.009500719632468037,1.3787872982599462e-07,0.009999792642217169,0.0,0.0,1.0,250.18396720629156,0.005007826056056661,0.005007826056056661,0.005014770961675099,0.000500563453473496,0.009499997400142002,1.4318753205396634e-07,0.009999807201990679,0.0,0.0,1.0,240.50019830133883
ceiling,0.8,8,0.01,departure_first,0.005003679344125832,0.005003679344125832,0.005009276338114432,0.0004996501375277755,0.009500719632468037,1.3787872982599462e-07,0.009999792642217169,0.0,0.0,1.0,250.18396720629156,0.005007924903322894,0.005007924903322894,0.00501479480146478,0.0005006033974729199,0.009500059579861499,1.4318753205396634e-07,0.009999807201990679,0.0,0.0,1.0,240.52713623333986
ceiling,0.8,8,0.01,insertion_order,0.005003679344125832,0.005003679344125832,0.005009276338114432,0.0004996501375277755,0.009500719632468037,1.3787872982599462e-07,0.009999792642217169,0.0,0.0,1.0,250.18396720629156,0.005007826056056661,0.005007826056056661,0.005014770961675099,0.000500563453473496,0.009499997400142002,1.4318753205396634e-07,0.009999807201990679,0.0,0.0,1.0,240.50019830133883
ceiling,0.8,8,0.03,arrival_first,0.015014392675313327,0.015014392675313327,0.015027226008381451,0.0015002888111196931,0.028505863206113036,7.918796958013748e-07,0.029999467960199883,0.0,0.0,1.0,750.7196337656663,0.015066244423579397,0.015066244423579397,0.015098744479887296,0.0015211274747915346,0.028519176908577235,4.7240203734887074e-07,0.02999926308850483,0.0,0.0,1.0,722.4146335129556
ceiling,0.8,8,0.03,departure_first,0.015014392675313327,0.015014392675313327,0.015027226008381451,0.0015002888111196931,0.028505863206113036,7.918796958013748e-07,0.029999467960199883,0.0,0.0,1.0,750.7196337656663,0.015065710125772347,0.015065710125772347,0.01509784996842249,0.0015205100006361139,0.028519105921797065,4.7240179481695027e-07,0.02999926308850483,0.0,0.0,1.0,722.5577186776524
ceiling,0.8,8,0.03,insertion_order,0.015014392675313327,0.015014392675313327,0.015027226008381451,0.0015002888111196931,0.028505863206113036,7.918796958013748e-07,0.029999467960199883,0.0,0.0,1.0,750.7196337656663,0.015066244423579397,0.015066244423579397,0.015098744479887296,0.0015211274747915346,0.028519176908577235,4.7240203734887074e-07,0.02999926308850483,0.0,0.0,1.0,722.4146335129556
ceiling,0.8,8,0.1,arrival_first,0.050032752678650115,0.050032752678650115,0.05002377679838901,0.005040606463480799,0.09503876750378518,2.4315851987921635e-06,0.09999743758374582,0.0,0.0,1.0,2501.6376339325057,0.050827764609089734,0.050827764609089734,0.051232077902547545,0.005268243150041537,0.09522298158438221,2.2818742032614433e-06,0.09999814965065454,0.0,0.0,1.0,2421.2101119519452
ceiling,0.8,8,0.1,departure_first,0.050032752678650115,0.050032752678650115,0.05002377679838901,0.005040606463480799,0.09503876750378518,2.4315851987921635e-06,0.09999743758374582,0.0,0.0,1.0,2501.6376339325057,0.05082619182097892,0.05082619182097892,0.051229682591718874,0.005268844416002514,0.09522048952367042,2.164969748628028e-06,0.09999814965065454,0.0,0.0,1.0,2423.630407502121
ceiling,0.8,8,0.1,insertion_order,0.050032752678650115,0.050032752678650115,0.05002377679838901,0.005040606463480799,0.09503876750378518,2.4315851987921635e-06,0.09999743758374582,0.0,0.0,1.0,2501.6376339325057,0.050827764609089734,0.050827764609089734,0.051232077902547545,0.005268243150041537,0.09522298158438221,2.2818742032614433e-06,0.09999814965065454,0.0,0.0,1.0,2421.2101119519452
ceiling,0.8,16,1e-05,arrival_first,5.002070862530066e-06,5.002070862530066e-06,5.000529881726834e-06,5.014060964943686e-07,9.49930946414194e-06,2.406826145791759e-10,9.99971677326054e-06,0.0,0.0,1.0,0.2501035431265033,4.998898050638908e-06,4.998898050643654e-06,4.996800362899994e-06,5.03057685305279e-07,9.499585291205875e-06,1.800303135734982e-10,9.999829034680491e-06,0.0,1.3413681296444094e-06,0.9999986586318703,0.248453449658225
ceiling,0.8,16,1e-05,departure_first,5.002070862530066e-06,5.002070862530066e-06,5.000529881726834e-06,5.014060964943686e-07,9.49930946414194e-06,2.406826145791759e-10,9.99971677326054e-06,0.0,0.0,1.0,0.2501035431265033,4.998898050638908e-06,4.998898050643654e-06,4.996800362899994e-06,5.03057685305279e-07,9.499585291205875e-06,1.800303135734982e-10,9.999829034680491e-06,0.0,1.3413681296444094e-06,0.9999986586318703,0.248453449658225
ceiling,0.8,16,1e-05,insertion_order,5.002070862530066e-06,5.002070862530066e-06,5.000529881726834e-06,5.014060964943686e-07,9.49930946414194e-06,2.406826145791759e-10,9.99971677326054e-06,0.0,0.0,1.0,0.2501035431265033,4.998898050638908e-06,4.998898050643654e-06,4.996800362899994e-06,5.03057685305279e-07,9.499585291205875e-06,1.800303135734982e-10,9.999829034680491e-06,0.0,1.3413681296444094e-06,0.9999986586318703,0.248453449658225
ceiling,0.8,16,3e-05,arrival_first,1.5012822073542338e-05,1.5012822073542338e-05,1.501030683357385e-05,1.5004530526615175e-06,2.8508001047763776e-05,6.994014256633818e-10,2.9999193945210815e-05,0.0,0.0,1.0,0.7506411036771169,1.5012320869300698e-05,1.5012320869305443e-05,1.5013240108910046e-05,1.5024528554947147e-06,2.8502031674278603e-05,4.5302439970658824e-10,2.999947611744003e-05,0.0,1.3413681296444094e-06,0.9999986586318703,0.7461372871541009
ceiling,0.8,16,3e-05,departure_first,1.5012822073542338e-05,1.5012822073542338e-05,1.501030683357385e-05,1.5004530526615175e-06,2.8508001047763776e-05,6.994014256633818e-10,2.9999193945210815e-05,0.0,0.0,1.0,0.7506411036771169,1.5012320869300698e-05,1.5012320869305443e-05,1.5013240108910046e-05,1.5024528554947147e-06,2.8502031674278603e-05,4.5302439970658824e-10,2.999947611744003e-05,0.0,1.3413681296444094e-06,0.9999986586318703,0.7461372871541009
ceiling,0.8,16,3e-05,insertion_order,1.5012822073542338e-05,1.5012822073542338e-05,1.501030683357385e-05,1.5004530526615175e-06,2.8508001047763776e-05,6.994014256633818e-10,2.9999193945210815e-05,0.0,0.0,1.0,0.7506411036771169,1.5012320869300698e-05,1.5012320869305443e-05,1.5013240108910046e-05,1.5024528554947147e-06,2.8502031674278603e-05,4.5302439970658824e-10,2.999947611744003e-05,0.0,1.3413681296444094e-06,0.9999986586318703,0.7461372871541009
ceiling,0.8,16,0.0001,arrival_first,4.9985716253686404e-05,4.9985716253686404e-05,4.998446145994725e-05,4.9838766411388254e-06,9.49973260048864e-05,2.014833929327627e-09,9.999676470518655e-05,0.0,0.0,1.0,2.4992858126843203,5.003450095557878e-05,5.003450095557878e-05,5.005046950025243e-05,4.983179855548321e-06,9.499699698699598e-05,1.8106630802344758e-09,9.999793591605188e-05,0.0,0.0,1.0,2.486787973273357
ceiling,0.8,16,0.0001,departure_first,4.9985716253686404e-05,4.9985716253686404e-05,4.998446145994725e-05,4.9838766411388254e-06,9.49973260048864e-05,2.014833929327627e-09,9.999676470518655e-05,0.0,0.0,1.0,2.4992858126843203,5.0034410040612124e-05,5.0034410040612124e-05,5.005034248696666e-05,4.982969227265774e-06,9.499699540731968e-05,1.8106630802344758e-09,9.999793591605188e-05,0.0,0.0,1.0,2.486786787138117
ceiling,0.8,16,0.0001,insertion_order,4.9985716253686404e-05,4.9985716253686404e-05,4.998446145994725e-05,4.9838766411388254e-06,9.49973260048864e-05,2.014833929327627e-09,9.999676470518655e-05,0.0,0.0,1.0,2.4992858126843203,5.003450095557878e-05,5.003450095557878e-05,5.005046950025243e-05,4.983179855548321e-06,9.499699698699598e-05,1.8106630802344758e-09,9.999793591605188e-05,0.0,0.0,1.0,2.486787973273357
ceiling,0.8,16,0.0003,arrival_first,0.00014999617783774798,0.00014999617783774798,0.00014999782956692798,1.5024322851786567e-05,0.0002849510967886696,4.895415865272904e-09,0.0002999918481388401,0.0,0.0,1.0,7.499808891887399,0.00015005088827039188,0.00015005088827039188,0.000150084989523534,1.5026428710474608e-05,0.00028499881756118586,7.382847999615194e-09,0.0002999948122540652,0.0,0.0,1.0,7.4576979379435215
ceiling,0.8,16,0.0003,departure_first,0.00014999617783774798,0.00014999617783774798,0.00014999782956692798,1.5024322851786567e-05,0.0002849510967886696,4.895415865272904e-09,0.0002999918481388401,0.0,0.0,1.0,7.499808891887399,0.00015005100743963908,0.00015005100743963908,0.00015008521063819503,1.5026441867370365e-05,0.00028499880930108113,7.382847999615194e-09,0.0002999948122540652,0.0,0.0,1.0,7.45771385642675
ceiling,0.8,16,0.0003,insertion_order,0.00014999617783774798,0.00014999617783774798,0.00014999782956692798,1.5024322851786567e-05,0.0002849510967886696,4.895415865272904e-09,0.0002999918481388401,0.0,0.0,1.0,7.499808891887399,0.00015005088827039188,0.00015005088827039188,0.000150084989523534,1.5026428710474608e-05,0.00028499881756118586,7.382847999615194e-09,0.0002999948122540652,0.0,0.0,1.0,7.4576979379435215
ceiling,0.8,16,0.001,arrival_first,0.0005002617819034464,0.0005002617819034464,0.0005003526346323876,5.032913261099263e-05,0.0009500229895153703,2.0466601805916677e-08,0.0009999801277748095,0.0,0.0,1.0,25.013089095172322,0.0004999047783963147,0.0004999047783963147,0.0004997373532529148,5.002695156835854e-05,0.0009498165559768342,1.5437818492077445e-08,0.000999978487607686,0.0,0.0,1.0,24.84523702129796
ceiling,0.8,16,0.001,departure_first,0.0005002617819034464,0.0005002617819034464,0.0005003526346323876,5.032913261099263e-05,0.0009500229895153703,2.0466601805916677e-08,0.0009999801277748095,0.0,0.0,1.0,25.013089095172322,0.0004999033352056145,0.0004999033352056145,0.0004997340781783374,5.0026684914030295e-05,0.0009498165421483976,1.5437818492077445e-08,0.000999978487607686,0.0,0.0,1.0,24.84518210237062
ceiling,0.8,16,0.001,insertion_order,0.0005002617819034464,0.0005002617819034464,0.0005003526346323876,5.032913261099263e-05,0.0009500229895153703,2.0466601805916677e-08,0.0009999801277748095,0.0,0.0,1.0,25.013089095172322,0.0004999047783963147,0.0004999047783963147,0.0004997373532529148,5.002695156835854e-05,0.0009498165559768342,1.5437818492077445e-08,0.000999978487607686,0.0,0.0,1.0,24.84523702129796
ceiling,0.8,16,0.003,arrival_first,0.0015008797819049324,0.0015008797819049324,0.001500612121329444,0.00015089950028141175,0.002849540645546161,6.723045468485604e-08,0.0029999452686145863,0.0,0.0,1.0,75.04398909524662,0.0015005241064913702,0.0015005241064913702,0.001500573723085703,0.0001491246292351699,0.002850110764520999,5.543374469828046e-08,0.002999941142182492,0.0,0.0,1.0,74.57242321176118
ceiling,0.8,16,0.003,departure_first,0.0015008797819049324,0.0015008797819049324,0.001500612121329444,0.00015089950028141175,0.002849540645546161,6.723045468485604e-08,0.0029999452686145863,0.0,0.0,1.0,75.04398909524662,0.0015005258294098602,0.0015005258294098602,0.001500572298423568,0.00014911985212307668,0.0028501125062427766,5.543374469828046e-08,0.002999941142182492,0.0,0.0,1.0,74.57260852863162
ceiling,0.8,16,0.003,insertion_order,0.0015008797819049324,0.0015008797819049324,0.001500612121329444,0.00015089950028141175,0.002849540645546161,6.723045468485604e-08,0.0029999452686145863,0.0,0.0,1.0,75.04398909524662,0.0015005241064913702,0.0015005241064913702,0.001500573723085703,0.0001491246292351699,0.002850110764520999,5.543374469828046e-08,0.002999941142182492,0.0,0.0,1.0,74.57242321176118
ceiling,0.8,16,0.01,arrival_first,0.005002031781893008,0.005002031781893008,0.005002576966186704,0.0005028767700893393,0.00950026165995041,2.1593438456572282e-07,0.00999979036402389,0.0,0.0,1.0,250.1015890946504,0.0050057528061982,0.0050057528061982,0.005007765220475641,0.0005008450158635519,0.0094993874818253,1.7285450367050352e-07,0.009999827826951397,0.0,0.0,1.0,248.7284153658744
ceiling,0.8,16,0.01,departure_first,0.005002031781893008,0.005002031781893008,0.005002576966186704,0.0005028767700893393,0.00950026165995041,2.1593438456572282e-07,0.00999979036402389,0.0,0.0,1.0,250.1015890946504,0.005005756887061783,0.005005756887061783,0.005007738428407127,0.0005008299602945713,0.00949925634920589,1.7285450367050352e-07,0.009999827826951397,0.0,0.0,1.0,248.73079131823835
ceiling,0.8,16,0.01,insertion_order,0.005002031781893008,0.005002031781893008,0.005002576966186704,0.0005028767700893393,0.00950026165995041,2.1593438456572282e-07,0.00999979036402389,0.0,0.0,1.0,250.1015890946504,0.0050057528061982,0.0050057528061982,0.005007765220475641,0.0005008450158635519,0.0094993874818253,1.7285450367050352e-07,0.009999827826951397,0.0,0.0,1.0,248.7284153658744
ceiling,0.8,16,0.03,arrival_first,0.014991891779744288,0.014991891779744288,0.014986699080767114,0.0014995698788106894,0.02849120277936284,6.096320551781294e-07,0.029999173320599464,0.0,0.0,1.0,749.5945889872145,0.015066997447381159,0.015066997447381159,0.015094584832440255,0.0015231714936620644,0.02851423099098484,7.35015553704708e-07,0.029999382731660626,0.0,0.0,1.0,748.1983647770261
ceiling,0.8,16,0.03,departure_first,0.014991891779744288,0.014991891779744288,0.014986699080767114,0.0014995698788106894,0.02849120277936284,6.096320551781294e-07,0.029999173320599464,0.0,0.0,1.0,749.5945889872145,0.015066820726683448,0.015066820726683448,0.015094487051175772,0.001523087770168878,0.028514027410698643,7.35015553704708e-07,0.029999382731660626,0.0,0.0,1.0,748.2187057719023
ceiling,0.8,16,0.03,insertion_order,0.014991891779744288,0.014991891779744288,0.014986699080767114,0.0014995698788106894,0.02849120277936284,6.096320551781294e-07,0.029999173320599464,0.0,0.0,1.0,749.5945889872145,0.015066997447381159,0.015066997447381159,0.015094584832440255,0.0015231714936620644,0.02851423099098484,7.35015553704708e-07,0.029999382731660626,0.0,0.0,1.0,748.1983647770261
ceiling,0.8,16,0.1,arrival_first,0.04999685844975396,0.04999685844975396,0.05001042188276491,0.00501085895598711,0.0950044635258458,2.715704067668412e-06,0.09999754915603869,0.0,0.0,1.0,2499.842922487698,0.05084759790935736,0.05084759790935736,0.05126579564485074,0.005261216980078977,0.09520877433099147,1.6067582580788406e-06,0.09999755938550149,0.0,0.0,1.0,2518.292745268468
ceiling,0.8,16,0.1,departure_first,0.04999685844975396,0.04999685844975396,0.05001042188276491,0.00501085895598711,0.0950044635258458,2.715704067668412e-06,0.09999754915603869,0.0,0.0,1.0,2499.842922487698,0.05084761205903855,0.05084761205903855,0.05126613230683671,0.005260731541558992,0.09520877753215778,1.6067582580788406e-06,0.09999755938550149,0.0,0.0,1.0,2518.6343464739534
ceiling,0.8,16,0.1,insertion_order,0.04999685844975396,0.04999685844975396,0.05001042188276491,0.00501085895598711,0.0950044635258458,2.715704067668412e-06,0.09999754915603869,0.0,0.0,1.0,2499.842922487698,0.05084759790935736,0.05084759790935736,0.05126579564485074,0.005261216980078977,0.09520877433099147,1.6067582580788406e-06,0.09999755938550149,0.0,0.0,1.0,2518.292745268468
ceiling,0.95,1,1e-05,arrival_first,5.002548921947285e-06,5.002548921947285e-06,5.002971920475829e-06,5.02617397917978e-07,9.501260140799179e-06,1.7792748015684385e-10,9.999817181475617e-06,0.0,0.0,1.0,0.25012744609736426,4.996780628788404e-06,4.996780628788404e-06,4.99548924706994e-06,5.013253812337591e-07,9.500710317160455e-06,3.680048127341351e-10,9.999560311499111e-06,0.0,0.0,1.0,0.12817389426773534
ceiling,0.95,1,1e-05,departure_first,5.002548921947285e-06,5.002548921947285e-06,5.002971920475829e-06,5.02617397917978e-07,9.501260140799179e-06,1.7792748015684385e-10,9.999817181475617e-06,0.0,0.0,1.0,0.25012744609736426,4.996796369502719e-06,4.996796369502719e-06,4.995511041607411e-06,5.013239002417634e-07,9.50071212540882e-06,3.680048127341351e-10,9.999560311499111e-06,0.0,0.0,1.0,0.12817563400445495
ceiling,0.95,1,1e-05,insertion_order,5.002548921947285e-06,5.002548921947285e-06,5.002971920475829e-06,5.02617397917978e-07,9.501260140799179e-06,1.7792748015684385e-10,9.999817181475617e-06,0.0,0.0,1.0,0.25012744609736426,4.996780628788404e-06,4.996780628788404e-06,4.99548924706994e-06,5.013253812337591e-07,9.500710317160455e-06,3.680048127341351e-10,9.999560311499111e-06,0.0,0.0,1.0,0.12817389426773534
ceiling,0.95,1,3e-05,arrival_first,1.4998913807408826e-05,1.4998913807408826e-05,1.499677681143415e-05,1.5034446217517448e-06,2.849949715103624e-05,5.856539549616475e-10,2.9999429443705594e-05,0.0,0.0,1.0,0.7499456903704413,1.499450367664542e-05,1.499450367664542e-05,1.4992803154527852e-05,1.4977938048060514e-06,2.849136794202814e-05,1.197857006640657e-09,2.9998584735727028e-05,0.0,0.0,1.0,0.3846256613372693
ceiling,0.95,1,3e-05,departure_first,1.4998913807408826e-05,1.4998913807408826e-05,1.499677681143415e-05,1.5034446217517448e-06,2.849949715103624e-05,5.856539549616475e-10,2.9999429443705594e-05,0.0,0.0,1.0,0.7499456903704413,1.4994536375421952e-05,1.4994536375421952e-05,1.4992960547458948e-05,1.4978362522696162e-06,2.849121206484121e-05,1.197857006640657e-09,2.9998584735727028e-05,0.0,0.0,1.0,0.3846339893562215
ceiling,0.95,1,3e-05,insertion_order,1.4998913807408826e-05,1.4998913807408826e-05,1.499677681143415e-05,1.5034446217517448e-06,2.849949715103624e-05,5.856539549616475e-10,2.9999429443705594e-05,0.0,0.0,1.0,0.7499456903704413,1.499450367664542e-05,1.499450367664542e-05,1.4992803154527852e-05,1.4977938048060514e-06,2.849136794202814e-05,1.197857006640657e-09,2.9998584735727028e-05,0.0,0.0,1.0,0.3846256613372693
ceiling,0.95,1,0.0001,arrival_first,4.999480785489807e-05,4.999480785489807e-05,5.001590038773429e-05,4.997054164353662e-06,9.498418858735627e-05,2.472279447829351e-09,9.999842459365026e-05,0.0,0.0,1.0,2.499740392744904,5.004171996437642e-05,5.004171996437642e-05,5.005833813360033e-05,5.007602470500247e-06,9.502865098947001e-05,4.800390373168225e-09,9.999596754915654e-05,0.0,0.0,1.0,1.2835857459699294
ceiling,0.95,1,0.0001,departure_first,4.999480785489807e-05,4.999480785489807e-05,5.001590038773429e-05,4.997054164353662e-06,9.498418858735627e-05,2.472279447829351e-09,9.999842459365026e-05,0.0,0.0,1.0,2.499740392744904,5.0041926182274596e-05,5.0041926182274596e-05,5.005814299829456e-05,5.007799794104219e-06,9.502897473996267e-05,4.800390373168225e-09,9.999596754915654e-05,0.0,0.0,1.0,1.2836577633450292
ceiling,0.95,1,0.0001,insertion_order,4.999480785489807e-05,4.999480785489807e-05,5.001590038773429e-05,4.997054164353662e-06,9.498418858735627e-05,2.472279447829351e-09,9.999842459365026e-05,0.0,0.0,1.0,2.499740392744904,5.004171996437642e-05,5.004171996437642e-05,5.005833813360033e-05,5.007602470500247e-06,9.502865098947001e-05,4.800390373168225e-09,9.999596754915654e-05,0.0,0.0,1.0,1.2835857459699294
ceiling,0.95,1,0.0003,arrival_first,0.00015012847024189793,0.00015012847024189793,0.00015027834651846206,1.4978395247453593e-05,0.0002849756402990048,5.770440717848639e-09,0.00029999505659361603,0.0,0.0,1.0,7.506423512094898,0.00014995236345954262,0.00014995236345954262,0.00014994550431044517,1.4980214985834765e-05,0.0002850766206477705,1.317495176509272e-08,0.0002999894052557286,0.0,0.0,1.0,3.8459915902869914
ceiling,0.95,1,0.0003,departure_first,0.00015012847024189793,0.00015012847024189793,0.00015027834651846206,1.4978395247453593e-05,0.0002849756402990048,5.770440717848639e-09,0.00029999505659361603,0.0,0.0,1.0,7.506423512094898,0.00014995083789709138,0.00014995083789709138,0.00014993994050453683,1.4986006864372738e-05,0.00028507401673866543,1.317495176509272e-08,0.0002999894052557286,0.0,0.0,1.0,3.846462293509164
ceiling,0.95,1,0.0003,insertion_order,0.00015012847024189793,0.00015012847024189793,0.00015027834651846206,1.4978395247453593e-05,0.0002849756402990048,5.770440717848639e-09,0.00029999505659361603,0.0,0.0,1.0,7.506423512094898,0.00014995236345954262,0.00014995236345954262,0.00014994550431044517,1.4980214985834765e-05,0.0002850766206477705,1.317495176509272e-08,0.0002999894052557286,0.0,0.0,1.0,3.8459915902869914
ceiling,0.95,1,0.001,arrival_first,0.0004995451403326642,0.0004995451403326642,0.0004993261362869816,5.009315389088443e-05,0.0009497290473397394,2.180055768500703e-08,0.0009999896904749523,0.0,0.0,1.0,24.97725701663321,0.0005000502444712223,0.0005000502444712223,0.0005004604258443419,4.987084093930865e-05,0.0009503132579922869,3.820289842879308e-08,0.0009999557266887839,0.0,0.0,1.0,12.8213694653015
ceiling,0.95,1,0.001,departure_first,0.0004995451403326642,0.0004995451403326642,0.0004993261362869816,5.009315389088443e-05,0.0009497290473397394,2.180055768500703e-08,0.0009999896904749523,0.0,0.0,1.0,24.97725701663321,0.0005000545353261789,0.0005000545353261789,0.0005004532724316499,4.987372516424025e-05,0.000950318060299284,3.820289842879308e-08,0.0009999557266887839,0.0,0.0,1.0,12.827331061838997
ceiling,0.95,1,0.001,insertion_order,0.0004995451403326642,0.0004995451403326642,0.0004993261362869816,5.009315389088443e-05,0.0009497290473397394,2.180055768500703e-08,0.0009999896904749523,0.0,0.0,1.0,24.97725701663321,0.0005000502444712223,0.0005000502444712223,0.0005004604258443419,4.987084093930865e-05,0.0009503132579922869,3.820289842879308e-08,0.0009999557266887839,0.0,0.0,1.0,12.8213694653015
ceiling,0.95,1,0.003,arrival_first,0.0014986364736667656,0.0014986364736667656,0.0014970164265074952,0.0001491199952867343,0.002849171224599255,5.864561292886113e-08,0.0029999499376269037,0.0,0.0,1.0,74.93182368333828,0.0015000238763046025,0.0015000238763046025,0.0015014722174752726,0.00015081201374692122,0.0028489317185982316,1.0797975179237021e-07,0.0029998826690931014,0.0,0.0,1.0,38.42662166580728
ceiling,0.95,1,0.003,departure_first,0.0014986364736667656,0.0014986364736667656,0.0014970164265074952,0.0001491199952867343,0.002849171224599255,5.864561292886113e-08,0.0029999499376269037,0.0,0.0,1.0,74.93182368333828,0.001499984648757724,0.001499984648757724,0.0015014196336219359,0.00015074432734789355,0.002849001944329898,1.0797975179237021e-07,0.0029998826690931014,0.0,0.0,1.0,38.477923555354586
ceiling,0.95,1,0.003,insertion_order,0.0014986364736667656,0.0014986364736667656,0.0014970164265074952,0.0001491199952867343,0.002849171224599255,5.864561292886113e-08,0.0029999499376269037,0.0,0.0,1.0,74.93182368333828,0.0015000238763046025,0.0015000238763046025,0.0015014722174752726,0.00015081201374692122,0.0028489317185982316,1.0797975179237021e-07,0.0029998826690931014,0.0,0.0,1.0,38.42662166580728
ceiling,0.95,1,0.01,arrival_first,0.0050003204736697535,0.0050003204736697535,0.005001880764060236,0.0004983221502031181,0.009499699588286604,1.9738084423200537e-07,0.009999785027290879,0.0,0.0,1.0,250.01602368348767,0.005006914951859464,0.005006914951859464,0.00500463996893773,0.0005019039613018613,0.009508824356637953,3.6215560295788096e-07,0.00999968008472395,0.0,0.0,1.0,127.8092957294728
ceiling,0.95,1,0.01,departure_first,0.0050003204736697535,0.0050003204736697535,0.005001880764060236,0.0004983221502031181,0.009499699588286604,1.9738084423200537e-07,0.009999785027290879,0.0,0.0,1.0,250.01602368348767,0.005006931768213989,0.005006931768213989,0.005004413955464165,0.0005023959729003627,0.009508760174458265,3.464215656108031e-07,0.009999680061672012,0.0,0.0,1.0,128.4356012493562
ceiling,0.95,1,0.01,insertion_order,0.0050003204736697535,0.0050003204736697535,0.005001880764060236,0.0004983221502031181,0.009499699588286604,1.9738084423200537e-07,0.009999785027290879,0.0,0.0,1.0,250.01602368348767,0.005006914951859464,0.005006914951859464,0.00500463996893773,0.0005019039613018613,0.009508824356637953,3.6215560295788096e-07,0.00999968008472395,0.0,0.0,1.0,127.8092957294728
ceiling,0.95,1,0.03,arrival_first,0.015004880471843222,0.015004880471843222,0.015013031436122521,0.0014954352857951866,0.028495890971847373,4.1820045832234124e-07,0.029999387184974087,0.0,0.0,1.0,750.244023592161,0.015065479798297253,0.015065479798297253,0.015075765439744019,0.001516878675518406,0.028522573780914846,7.687339133782834e-07,0.02999896591346757,0.0,0.0,1.0,380.8149412019236
ceiling,0.95,1,0.03,departure_first,0.015004880471843222,0.015004880471843222,0.015013031436122521,0.0014954352857951866,0.028495890971847373,4.1820045832234124e-07,0.029999387184974087,0.0,0.0,1.0,750.244023592161,0.015067920331437305,0.015067920331437305,0.015083567871966639,0.0015155861204595082,0.02852410411826892,7.687339133782834e-07,0.02999900374696128,0.0,0.0,1.0,386.4979134482044
ceiling,0.95,1,0.03,insertion_order,0.015004880471843222,0.015004880471843222,0.015013031436122521,0.0014954352857951866,0.028495890971847373,4.1820045832234124e-07,0.029999387184974087,0.0,0.0,1.0,750.244023592161,0.015065479798297253,0.015065479798297253,0.015075765439744019,0.001516878675518406,0.028522573780914846,7.687339133782834e-07,0.02999896591346757,0.0,0.0,1.0,380.8149412019236
ceiling,0.95,1,0.1,arrival_first,0.04997376047474819,0.04997376047474819,0.049950391477568704,0.005026987889561194,0.09499559130134304,2.3941340865955377e-06,0.09999831352788532,0.0,0.0,1.0,2498.6880237374094,0.05083287527016696,0.05083287527016696,0.05125921605898385,0.005233559004211479,0.09524101990666348,3.300770999534186e-06,0.09999605039828835,0.0,0.0,1.0,1242.4363080403027
ceiling,0.95,1,0.1,departure_first,0.04997376047474819,0.04997376047474819,0.049950391477568704,0.005026987889561194,0.09499559130134304,2.3941340865955377e-06,0.09999831352788532,0.0,0.0,1.0,2498.6880237374094,0.050851779931916,0.050851779931916,0.051277111345231614,0.005227380047538185,0.09523229609458489,2.9827392635193664e-06,0.09999629267017911,0.0,0.0,1.0,1303.5489397807798
ceiling,0.95,1,0.1,insertion_order,0.04997376047474819,0.04997376047474819,0.049950391477568704,0.005026987889561194,0.09499559130134304,2.3941340865955377e-06,0.09999831352788532,0.0,0.0,1.0,2498.6880237374094,0.05083287527016696,0.05083287527016696,0.05125921605898385,0.005233559004211479,0.09524101990666348,3.300770999534186e-06,0.09999605039828835,0.0,0.0,1.0,1242.4363080403027
ceiling,0.95,4,1e-05,arrival_first,4.997484795130731e-06,4.997484795130731e-06,4.998011733429545e-06,5.021489626718298e-07,9.497276256903811e-06,1.95056297040234e-10,9.999851590691832e-06,0.0,0.0,1.0,0.24987423975653655,5.0000065190350375e-06,5.000006519037015e-06,4.999016279009077e-06,5.009419813845871e-07,9.498271256481506e-06,3.199331309137558e-10,9.999820056921417e-06,0.0,8.112471302132769e-07,0.9999991887528699,0.20499810077877934
ceiling,0.95,4,1e-05,departure_first,4.997484795130731e-06,4.997484795130731e-06,4.998011733429545e-06,5.021489626718298e-07,9.497276256903811e-06,1.95056297040234e-10,9.999851590691832e-06,0.0,0.0,1.0,0.24987423975653655,5.000007523835287e-06,5.000007523837264e-06,4.99900148902595e-06,5.009356115623249e-07,9.498268622073757e-06,3.199331309137558e-10,9.999820056921417e-06,0.0,8.112471302132769e-07,0.9999991887528699,0.2049989752611822
ceiling,0.95,4,1e-05,insertion_order,4.997484795130731e-06,4.997484795130731e-06,4.998011733429545e-06,5.021489626718298e-07,9.497276256903811e-06,1.95056297040234e-10,9.999851590691832e-06,0.0,0.0,1.0,0.24987423975653655,5.0000065190350375e-06,5.000006519037015e-06,4.999016279009077e-06,5.009419813845871e-07,9.498271256481506e-06,3.199331309137558e-10,9.999820056921417e-06,0.0,8.112471302132769e-07,0.9999991887528699,0.20499810077877934
ceiling,0.95,4,3e-05,arrival_first,1.4999769682834086e-05,1.4999769682834086e-05,1.4987595977800084e-05,1.5035247558140935e-06,2.8492857043905433e-05,5.425439060976108e-10,2.9999442085681947e-05,0.0,0.0,1.0,0.7499884841417043,1.5001942396960696e-05,1.5001942396960867e-05,1.499885782976398e-05,1.497125447170068e-06,2.849565441030169e-05,7.976597323627876e-10,2.999927667541831e-05,8.145378719383557e-07,0.0,0.9999991854621281,0.6150741518603009
ceiling,0.95,4,3e-05,departure_first,1.4999769682834086e-05,1.4999769682834086e-05,1.4987595977800084e-05,1.5035247558140935e-06,2.8492857043905433e-05,5.425439060976108e-10,2.9999442085681947e-05,0.0,0.0,1.0,0.7499884841417043,1.5001965455138715e-05,1.5001965455138886e-05,1.4998814262150827e-05,1.4971079374625589e-06,2.8495753214356904e-05,7.976597323627876e-10,2.999927667541831e-05,8.145378719383557e-07,0.0,0.9999991854621281,0.615076593169632
ceiling,0.95,4,3e-05,insertion_order,1.4999769682834086e-05,1.4999769682834086e-05,1.4987595977800084e-05,1.5035247558140935e-06,2.8492857043905433e-05,5.425439060976108e-10,2.9999442085681947e-05,0.0,0.0,1.0,0.7499884841417043,1.5001942396960696e-05,1.5001942396960867e-05,1.499885782976398e-05,1.497125447170068e-06,2.849565441030169e-05,7.976597323627876e-10,2.999927667541831e-05,8.145378719383557e-07,0.0,0.9999991854621281,0.6150741518603009
ceiling,0.95,4,0.0001,arrival_first,5.000362372944074e-05,5.000362372944074e-05,4.9983926889278037e-05,5.005260444098289e-06,9.500675803489381e-05,2.3803295334801076e-09,9.999838797133027e-05,0.0,0.0,1.0,2.5001811864720365,4.9964803978525035e-05,4.9964803978525035e-05,4.996818515872656e-05,5.012308452370153e-06,9.498297497113236e-05,3.402019748896534e-09,9.999734288314669e-05,0.0,0.0,1.0,2.0485220649457143
ceiling,0.95,4,0.0001,departure_first,5.000362372944074e-05,5.000362372944074e-05,4.9983926889278037e-05,5.005260444098289e-06,9.500675803489381e-05,2.3803295334801076e-09,9.999838797133027e-05,0.0,0.0,1.0,2.5001811864720365,4.996484917888204e-05,4.996484917888204e-05,4.996915660519484e-05,5.0123000392233195e-06,9.498309727901855e-05,3.402019748896534e-09,9.999734288314669e-05,0.0,0.0,1.0,2.0485322897643266
ceiling,0.95,4,0.0001,insertion_order,5.000362372944074e-05,5.000362372944074e-05,4.9983926889278037e-05,5.005260444098289e-06,9.500675803489381e-05,2.3803295334801076e-09,9.999838797133027e-05,0.0,0.0,1.0,2.5001811864720365,4.9964803978525035e-05,4.9964803978525035e-05,4.996818515872656e-05,5.012308452370153e-06,9.498297497113236e-05,3.402019748896534e-09,9.999734288314669e-05,0.0,0.0,1.0,2.0485220649457143
ceiling,0.95,4,0.0003,arrival_first,0.00015004508611726728,0.00015004508611726728,0.0001499685874326436,1.5013887761294126e-05,0.0002850219226820627,6.596474122488871e-09,0.0002999952294279259,0.0,0.0,1.0,7.502254305863365,0.00014999761289013092,0.00014999761289013092,0.0001500721844356874,1.5042847146479543e-05,0.00028495263231329156,9.923934581393402e-09,0.0002999927276515169,0.0,0.0,1.0,6.149448522156949
ceiling,0.95,4,0.0003,departure_first,0.00015004508611726728,0.00015004508611726728,0.0001499685874326436,1.5013887761294126e-05,0.0002850219226820627,6.596474122488871e-09,0.0002999952294279259,0.0,0.0,1.0,7.502254305863365,0.00014999960424024464,0.00014999960424024464,0.0001500733130288152,1.5043661846412807e-05,0.00028495323897769316,9.923934581393402e-09,0.0002999927276515169,0.0,0.0,1.0,6.149790350713165
ceiling,0.95,4,0.0003,insertion_order,0.00015004508611726728,0.00015004508611726728,0.0001499685874326436,1.5013887761294126e-05,0.0002850219226820627,6.596474122488871e-09,0.0002999952294279259,0.0,0.0,1.0,7.502254305863365,0.00014999761289013092,0.00014999761289013092,0.0001500721844356874,1.5042847146479543e-05,0.00028495263231329156,9.923934581393402e-09,0.0002999927276515169,0.0,0.0,1.0,6.149448522156949
ceiling,0.95,4,0.001,arrival_first,0.0004998493562040118,0.0004998493562040118,0.00049977330851713,5.0034699625030045e-05,0.0009499263122870615,1.4992716993826132e-08,0.0009999828396757948,0.0,0.0,1.0,24.99246781020059,0.0005002126143254237,0.0005002126143254237,0.0005009235859980164,4.9743477134805286e-05,0.0009501231341357926,2.208972184359707e-08,0.000999972034538806,0.0,0.0,1.0,20.50472388341166
ceiling,0.95,4,0.001,departure_first,0.0004998493562040118,0.0004998493562040118,0.00049977330851713,5.0034699625030045e-05,0.0009499263122870615,1.4992716993826132e-08,0.0009999828396757948,0.0,0.0,1.0,24.99246781020059,0.0005002150442900967,0.0005002150442900967,0.0005009160645821208,4.9749010001438657e-05,0.0009501219168024029,2.208972184359707e-08,0.000999972034538806,0.0,0.0,1.0,20.50627322181743
ceiling,0.95,4,0.001,insertion_order,0.0004998493562040118,0.0004998493562040118,0.00049977330851713,5.0034699625030045e-05,0.0009499263122870615,1.4992716993826132e-08,0.0009999828396757948,0.0,0.0,1.0,24.99246781020059,0.0005002126143254237,0.0005002126143254237,0.0005009235859980164,4.9743477134805286e-05,0.0009501231341357926,2.208972184359707e-08,0.000999972034538806,0.0,0.0,1.0,20.50472388341166
ceiling,0.95,4,0.003,arrival_first,0.001500416689540496,0.001500416689540496,0.0015003494812693438,0.00015007998562850845,0.0028494344311260035,6.521556012254829e-08,0.0029999522424077442,0.0,0.0,1.0,75.0208344770248,0.001501186233081731,0.001501186233081731,0.0015025326439172186,0.0001495708120956126,0.002850496289293599,4.6885447600036875e-08,0.0029999274151055726,0.0,0.0,1.0,61.5165013643147
ceiling,0.95,4,0.003,departure_first,0.001500416689540496,0.001500416689540496,0.0015003494812693438,0.00015007998562850845,0.0028494344311260035,6.521556012254829e-08,0.0029999522424077442,0.0,0.0,1.0,75.0208344770248,0.0015011513451580786,0.0015011513451580786,0.0015025234944338146,0.00014951062939079217,0.002850528738029065,4.6885447600036875e-08,0.0029999274151055726,0.0,0.0,1.0,61.521784646914895
ceiling,0.95,4,0.003,insertion_order,0.001500416689540496,0.001500416689540496,0.0015003494812693438,0.00015007998562850845,0.0028494344311260035,6.521556012254829e-08,0.0029999522424077442,0.0,0.0,1.0,75.0208344770248,0.001501186233081731,0.001501186233081731,0.0015025326439172186,0.0001495708120956126,0.002850496289293599,4.6885447600036875e-08,0.0029999274151055726,0.0,0.0,1.0,61.5165013643147
ceiling,0.95,4,0.01,arrival_first,0.005000124022876599,0.005000124022876599,0.005002174705077777,0.0005008499026416757,0.0095007866570207,1.8160453691962174e-07,0.009999844640272688,0.0,0.0,1.0,250.00620114382997,0.005008591554531756,0.005008591554531756,0.00501260301097845,0.0005036198820615001,0.00949831193103187,2.015389750182825e-07,0.009999734413780992,0.0,0.0,1.0,204.96799247658788
ceiling,0.95,4,0.01,departure_first,0.005000124022876599,0.005000124022876599,0.005002174705077777,0.0005008499026416757,0.0095007866570207,1.8160453691962174e-07,0.009999844640272688,0.0,0.0,1.0,250.00620114382997,0.005008583617509082,0.005008583617509082,0.005012470117445906,0.0005036236509830872,0.009497789771597128,2.0086071098075522e-07,0.009999734413780992,0.0,0.0,1.0,205.07981247673044
ceiling,0.95,4,0.01,insertion_order,0.005000124022876599,0.005000124022876599,0.005002174705077777,0.0005008499026416757,0.0095007866570207,1.8160453691962174e-07,0.009999844640272688,0.0,0.0,1.0,250.00620114382997,0.005008591554531756,0.005008591554531756,0.00501260301097845,0.0005036198820615001,0.00949831193103187,2.015389750182825e-07,0.009999734413780992,0.0,0.0,1.0,204.96799247658788
ceiling,0.95,4,0.03,arrival_first,0.014992050687719045,0.014992050687719045,0.014981417890188217,0.0015033930638340585,0.02848596233527132,7.88102109557561e-07,0.029999374730959972,0.0,0.0,1.0,749.6025343859523,0.015079332307203618,0.015079332307203618,0.01511785283631951,0.0015213527636509306,0.0285268697516717,4.842415648211724e-07,0.029999278420410714,0.0,0.0,1.0,614.5793174303851
ceiling,0.95,4,0.03,departure_first,0.014992050687719045,0.014992050687719045,0.014981417890188217,0.0015033930638340585,0.02848596233527132,7.88102109557561e-07,0.029999374730959972,0.0,0.0,1.0,749.6025343859523,0.015077905000712408,0.015077905000712408,0.015113791956521667,0.001522077579881553,0.02852544256577655,5.282217189545255e-07,0.029999278420410714,0.0,0.0,1.0,615.4773938556715
ceiling,0.95,4,0.03,insertion_order,0.014992050687719045,0.014992050687719045,0.014981417890188217,0.0015033930638340585,0.02848596233527132,7.88102109557561e-07,0.029999374730959972,0.0,0.0,1.0,749.6025343859523,0.015079332307203618,0.015079332307203618,0.01511785283631951,0.0015213527636509306,0.0285268697516717,4.842415648211724e-07,0.029999278420410714,0.0,0.0,1.0,614.5793174303851
ceiling,0.95,4,0.1,arrival_first,0.050040444023951934,0.050040444023951934,0.05003340305944827,0.005027364054614433,0.09502610993654645,2.0721838457878524e-06,0.09999838431983031,0.0,0.0,1.0,2502.022201197597,0.05082812965994083,0.05082812965994083,0.051252710005209944,0.005277767627922603,0.09520052471649515,2.6488798133337637e-06,0.09999683634378272,0.0,0.0,1.0,2044.4597411569314
ceiling,0.95,4,0.1,departure_first,0.050040444023951934,0.050040444023951934,0.05003340305944827,0.005027364054614433,0.09502610993654645,2.0721838457878524e-06,0.09999838431983031,0.0,0.0,1.0,2502.022201197597,0.050826758394094215,0.050826758394094215,0.05125234456283193,0.005287801744730541,0.09519434456192738,2.5540055806451875e-06,0.0999969250694727,0.0,0.0,1.0,2053.7165462446355
ceiling,0.95,4,0.1,insertion_order,0.050040444023951934,0.050040444023951934,0.05003340305944827,0.005027364054614433,0.09502610993654645,2.0721838457878524e-06,0.09999838431983031,0.0,0.0,1.0,2502.022201197597,0.05082812965994083,0.05082812965994083,0.051252710005209944,0.005277767627922603,0.09520052471649515,2.6488798133337637e-06,0.09999683634378272,0.0,0.0,1.0,2044.4597411569314
ceiling,0.95,8,1e-05,arrival_first,4.9981161714052485e-06,4.9981161714052485e-06,4.995714486237072e-06,4.995840815051149e-07,9.498242034169378e-06,2.3304285908428333e-10,9.999836796244685e-06,6.666666666666667e-07,0.0,0.9999993333333334,0.2499058085702624,4.996437055536717e-06,4.996437055536717e-06,4.992793570388702e-06,5.007310091504949e-07,9.499122351803592e-06,2.33931173506304e-10,9.999823850581161e-06,0.0,0.0,1.0,0.22747355358468674
ceiling,0.95,8,1e-05,departure_first,4.9981161714052485e-06,4.9981161714052485e-06,4.995714486237072e-06,4.995840815051149e-07,9.498242034169378e-06,2.3304285908428333e-10,9.999836796244685e-06,6.666666666666667e-07,0.0,0.9999993333333334,0.2499058085702624,4.996435327889612e-06,4.996435327889612e-06,4.992797842062457e-06,5.007315868396875e-07,9.499121326595916e-06,2.33931173506304e-10,9.999823850581161e-06,0.0,0.0,1.0,0.22747380796720668
ceiling,0.95,8,1e-05,insertion_order,4.9981161714052485e-06,4.9981161714052485e-06,4.995714486237072e-06,4.995840815051149e-07,9.498242034169378e-06,2.3304285908428333e-10,9.999836796244685e-06,6.666666666666667e-07,0.0,0.9999993333333334,0.2499058085702624,4.996437055536717e-06,4.996437055536717e-06,4.992793570388702e-06,5.007310091504949e-07,9.499122351803592e-06,2.33931173506304e-10,9.999823850581161e-06,0.0,0.0,1.0,0.22747355358468674
ceiling,0.95,8,3e-05,arrival_first,1.5005554385899207e-05,1.5005554385899207e-05,1.5001358891216417e-05,1.4972068720453535e-06,2.84996769839078e-05,5.534881590089451e-10,2.999946809723042e-05,1.3333333333333334e-06,0.0,0.9999986666666667,0.7502777192949603,1.49975368554693e-05,1.49975368554693e-05,1.4990520797092457e-05,1.5024038951927502e-06,2.850363455400427e-05,5.399917346604611e-10,2.999928025305421e-05,0.0,0.0,1.0,0.6827940495445949
ceiling,0.95,8,3e-05,departure_first,1.5005554385899207e-05,1.5005554385899207e-05,1.5001358891216417e-05,1.4972068720453535e-06,2.84996769839078e-05,5.534881590089451e-10,2.999946809723042e-05,1.3333333333333334e-06,0.0,0.9999986666666667,0.7502777192949603,1.4997522725187609e-05,1.4997522725187609e-05,1.4990541476574426e-05,1.5024046552219426e-06,2.8503621747639604e-05,5.399917346604611e-10,2.999928025305421e-05,0.0,0.0,1.0,0.6827934049554604
ceiling,0.95,8,3e-05,insertion_order,1.5005554385899207e-05,1.5005554385899207e-05,1.5001358891216417e-05,1.4972068720453535e-06,2.84996769839078e-05,5.534881590089451e-10,2.999946809723042e-05,1.3333333333333334e-06,0.0,0.9999986666666667,0.7502777192949603,1.49975368554693e-05,1.49975368554693e-05,1.4990520797092457e-05,1.5024038951927502e-06,2.850363455400427e-05,5.399917346604611e-10,2.999928025305421e-05,0.0,0.0,1.0,0.6827940495445949
ceiling,0.95,8,0.0001,arrival_first,5.004928843145414e-05,5.004928843145414e-05,5.007898242486893e-05,5.028962420207488e-06,9.502785084199179e-05,1.5381677561284353e-09,9.999783460443724e-05,0.0,0.0,1.0,2.5024644215727068,4.998794848058264e-05,4.998794848058264e-05,4.996836235479259e-05,4.984503487052582e-06,9.498598079584287e-05,3.323042227036203e-09,9.999757662056153e-05,0.0,0.0,1.0,2.2757733980820416
ceiling,0.95,8,0.0001,departure_first,5.004928843145414e-05,5.004928843145414e-05,5.007898242486893e-05,5.028962420207488e-06,9.502785084199179e-05,1.5381677561284353e-09,9.999783460443724e-05,0.0,0.0,1.0,2.5024644215727068,4.998804421237546e-05,4.998804421237546e-05,4.9968456034414285e-05,4.984716061536986e-06,9.498605812552504e-05,3.323042227036203e-09,9.999757662056153e-05,0.0,0.0,1.0,2.275779424029904
ceiling,0.95,8,0.0001,insertion_order,5.004928843145414e-05,5.004928843145414e-05,5.007898242486893e-05,5.028962420207488e-06,9.502785084199179e-05,1.5381677561284353e-09,9.999783460443724e-05,0.0,0.0,1.0,2.5024644215727068,4.998794848058264e-05,4.998794848058264e-05,4.996836235479259e-05,4.984503487052582e-06,9.498598079584287e-05,3.323042227036203e-09,9.999757662056153e-05,0.0,0.0,1.0,2.2757733980820416
ceiling,0.95,8,0.0003,arrival_first,0.00015014055081704402,0.00015014055081704402,0.00015019943543848058,1.5131356056675337e-05,0.00028506414532330376,5.143131905545791e-09,0.00029999385884972677,0.0,0.0,1.0,7.507027540852202,0.00015009964352479446,0.00015009964352479446,0.00015002059733319149,1.5018028859550955e-05,0.0002849903841868968,8.20679664873906e-09,0.00029999174789111053,0.0,0.0,1.0,6.833410258870425
ceiling,0.95,8,0.0003,departure_first,0.00015014055081704402,0.00015014055081704402,0.00015019943543848058,1.5131356056675337e-05,0.00028506414532330376,5.143131905545791e-09,0.00029999385884972677,0.0,0.0,1.0,7.507027540852202,0.0001501002116531972,0.0001501002116531972,0.00015002228099858007,1.5017109386788866e-05,0.00028499136714345736,8.20679664873906e-09,0.00029999174789111053,0.0,0.0,1.0,6.833496171373153
ceiling,0.95,8,0.0003,insertion_order,0.00015014055081704402,0.00015014055081704402,0.00015019943543848058,1.5131356056675337e-05,0.00028506414532330376,5.143131905545791e-09,0.00029999385884972677,0.0,0.0,1.0,7.507027540852202,0.00015009964352479446,0.00015009964352479446,0.00015002059733319149,1.5018028859550955e-05,0.0002849903841868968,8.20679664873906e-09,0.00029999174789111053,0.0,0.0,1.0,6.833410258870425
ceiling,0.95,8,0.001,arrival_first,0.0005002186875756797,0.0005002186875756797,0.0005005317710280603,4.997499131756437e-05,0.0009500454750347368,2.5399155371511977e-08,0.000999978366993067,0.0,0.0,1.0,25.010934378783986,0.0004998653509188516,0.0004998653509188516,0.000499731521525038,4.9812814980586126e-05,0.0009498830801073857,2.2479860834184045e-08,0.000999972573124665,0.0,0.0,1.0,22.753520383323732
ceiling,0.95,8,0.001,departure_first,0.0005002186875756797,0.0005002186875756797,0.0005005317710280603,4.997499131756437e-05,0.0009500454750347368,2.5399155371511977e-08,0.000999978366993067,0.0,0.0,1.0,25.010934378783986,0.0004998673671074311,0.0004998673671074311,0.0004997245063692029,4.982394356685852e-05,0.0009498751761615742,2.2479860834184045e-08,0.000999972573124665,0.0,0.0,1.0,22.754193089879845
ceiling,0.95,8,0.001,insertion_order,0.0005002186875756797,0.0005002186875756797,0.0005005317710280603,4.997499131756437e-05,0.0009500454750347368,2.5399155371511977e-08,0.000999978366993067,0.0,0.0,1.0,25.010934378783986,0.0004998653509188516,0.0004998653509188516,0.000499731521525038,4.9812814980586126e-05,0.0009498830801073857,2.2479860834184045e-08,0.000999972573124665,0.0,0.0,1.0,22.753520383323732
ceiling,0.95,8,0.003,arrival_first,0.0015002293542443555,0.0015002293542443555,0.001500358981941948,0.00015051674487343312,0.0028501038006652378,7.592455707102393e-08,0.0029999346329532273,0.0,0.0,1.0,75.01146771221778,0.0015011865111719898,0.0015011865111719898,0.0015012425422897097,0.00014949667293189908,0.002850174695830176,5.857831184312087e-08,0.0029999356415524145,0.0,0.0,1.0,68.31407408044348
ceiling,0.95,8,0.003,departure_first,0.0015002293542443555,0.0015002293542443555,0.001500358981941948,0.00015051674487343312,0.0028501038006652378,7.592455707102393e-08,0.0029999346329532273,0.0,0.0,1.0,75.01146771221778,0.0015011628680730489,0.0015011628680730489,0.0015011905938754138,0.00014950523930665815,0.002850120284095836,5.857831184312087e-08,0.0029999356415524145,0.0,0.0,1.0,68.31415549939543
ceiling,0.95,8,0.003,insertion_order,0.0015002293542443555,0.0015002293542443555,0.001500358981941948,0.00015051674487343312,0.0028501038006652378,7.592455707102393e-08,0.0029999346329532273,0.0,0.0,1.0,75.01146771221778,0.0015011865111719898,0.0015011865111719898,0.0015012425422897097,0.00014949667293189908,0.002850174695830176,5.857831184312087e-08,0.0029999356415524145,0.0,0.0,1.0,68.31407408044348
ceiling,0.95,8,0.01,arrival_first,0.005003880687580237,0.005003880687580237,0.005003547342433497,0.000502207690051364,0.009501394238115305,1.2705189268065926e-07,0.009999703347299752,0.0,0.0,1.0,250.1940343790119,0.0050096932079772855,0.0050096932079772855,0.00501319095763165,0.0005020028893545246,0.009502447079039291,1.8101518634236942e-07,0.009999784107913468,0.0,0.0,1.0,227.65425849630188
ceiling,0.95,8,0.01,departure_first,0.005003880687580237,0.005003880687580237,0.005003547342433497,0.000502207690051364,0.009501394238115305,1.2705189268065926e-07,0.009999703347299752,0.0,0.0,1.0,250.1940343790119,0.005009999310971602,0.005009999310971602,0.005013606875214928,0.0005023100327995135,0.009502425330823188,1.8101518634236942e-07,0.009999784107913468,0.0,0.0,1.0,227.7117481870758
ceiling,0.95,8,0.01,insertion_order,0.005003880687580237,0.005003880687580237,0.005003547342433497,0.000502207690051364,0.009501394238115305,1.2705189268065926e-07,0.009999703347299752,0.0,0.0,1.0,250.1940343790119,0.0050096932079772855,0.0050096932079772855,0.00501319095763165,0.0005020028893545246,0.009502447079039291,1.8101518634236942e-07,0.009999784107913468,0.0,0.0,1.0,227.65425849630188
ceiling,0.95,8,0.03,arrival_first,0.01500418735241864,0.01500418735241864,0.01500416038614579,0.0015092883022437796,0.028498073133400793,5.31472627092929e-07,0.02999931658208273,0.0,0.0,1.0,750.209367620932,0.015080461129682454,0.015080461129682454,0.015119040209381323,0.001527236651986694,0.028519620378273883,7.284676617589266e-07,0.029999532548888746,0.0,0.0,1.0,682.9521264795575
ceiling,0.95,8,0.03,departure_first,0.01500418735241864,0.01500418735241864,0.01500416038614579,0.0015092883022437796,0.028498073133400793,5.31472627092929e-07,0.02999931658208273,0.0,0.0,1.0,750.209367620932,0.015081287233601878,0.015081287233601878,0.015120532572039469,0.0015272267499460328,0.028519550301190594,7.284675404929664e-07,0.029999532548888746,0.0,0.0,1.0,683.3004852415676
ceiling,0.95,8,0.03,insertion_order,0.01500418735241864,0.01500418735241864,0.01500416038614579,0.0015092883022437796,0.028498073133400793,5.31472627092929e-07,0.02999931658208273,0.0,0.0,1.0,750.209367620932,0.015080461129682454,0.015080461129682454,0.015119040209381323,0.001527236651986694,0.028519620378273883,7.284676617589266e-07,0.029999532548888746,0.0,0.0,1.0,682.9521264795575
ceiling,0.95,8,0.1,arrival_first,0.04996632068865759,0.04996632068865759,0.04993554675870655,0.004985168779327675,0.09499656810108413,1.994080836690652e-06,0.09999769001663784,0.0,0.0,1.0,2498.3160344328794,0.05081850019694573,0.05081850019694573,0.05119382780585403,0.00525447539307523,0.0952458596611389,2.02589483800919e-06,0.099997545149622,0.0,0.0,1.0,2270.8110086695524
ceiling,0.95,8,0.1,departure_first,0.04996632068865759,0.04996632068865759,0.04993554675870655,0.004985168779327675,0.09499656810108413,1.994080836690652e-06,0.09999769001663784,0.0,0.0,1.0,2498.3160344328794,0.050816145593173344,0.050816145593173344,0.051193201092598,0.005251518353565907,0.09524733022291783,2.0989970889062627e-06,0.09999754514901567,0.0,0.0,1.0,2273.567157042843
ceiling,0.95,8,0.1,insertion_order,0.04996632068865759,0.04996632068865759,0.04993554675870655,0.004985168779327675,0.09499656810108413,1.994080836690652e-06,0.09999769001663784,0.0,0.0,1.0,2498.3160344328794,0.05081850019694573,0.05081850019694573,0.05119382780585403,0.00525447539307523,0.0952458596611389,2.02589483800919e-06,0.099997545149622,0.0,0.0,1.0,2270.8110086695524
ceiling,0.95,16,1e-05,arrival_first,5.002327499926348e-06,5.002327499926348e-06,5.003460819352767e-06,4.995420825556115e-07,9.497916389591408e-06,1.840210946587225e-10,9.999809723619061e-06,2e-06,0.0,0.9999979999999999,0.2501163749963174,5.0013060249237205e-06,5.0013060249237205e-06,5.002639079317491e-06,5.016094284722208e-07,9.49978111015792e-06,2.5801692900284667e-10,9.999728420642557e-06,0.0,0.0,1.0,0.24068855324159913
ceiling,0.95,16,1e-05,departure_first,5.002327499926348e-06,5.002327499926348e-06,5.003460819352767e-06,4.995420825556115e-07,9.497916389591408e-06,1.840210946587225e-10,9.999809723619061e-06,2e-06,0.0,0.9999979999999999,0.2501163749963174,5.0013060249237205e-06,5.0013060249237205e-06,5.002639079317491e-06,5.016094284722208e-07,9.49978111015792e-06,2.5801692900284667e-10,9.999728420642557e-06,0.0,0.0,1.0,0.24068855324159913
ceiling,0.95,16,1e-05,insertion_order,5.002327499926348e-06,5.002327499926348e-06,5.003460819352767e-06,4.995420825556115e-07,9.497916389591408e-06,1.840210946587225e-10,9.999809723619061e-06,2e-06,0.0,0.9999979999999999,0.2501163749963174,5.0013060249237205e-06,5.0013060249237205e-06,5.002639079317491e-06,5.016094284722208e-07,9.49978111015792e-06,2.5801692900284667e-10,9.999728420642557e-06,0.0,0.0,1.0,0.24068855324159913
ceiling,0.95,16,3e-05,arrival_first,1.4996639047374022e-05,1.4996639047374022e-05,1.4990127389561773e-05,1.5027006732755886e-06,2.8497259516673994e-05,6.122415167434762e-10,2.9999595093007277e-05,6.666666666666667e-07,0.0,0.9999993333333334,0.7498319523687011,1.5003975535616106e-05,1.5003975535616106e-05,1.5001066132981055e-05,1.5012839390100088e-06,2.8500035126743397e-05,7.719850649938002e-10,2.9999454122235532e-05,0.0,0.0,1.0,0.7220600489201697
ceiling,0.95,16,3e-05,departure_first,1.4996639047374022e-05,1.4996639047374022e-05,1.4990127389561773e-05,1.5027006732755886e-06,2.8497259516673994e-05,6.122415167434762e-10,2.9999595093007277e-05,6.666666666666667e-07,0.0,0.9999993333333334,0.7498319523687011,1.5003948249069606e-05,1.5003948249069606e-05,1.5001033273758883e-05,1.5012600435333006e-06,2.8499980684044527e-05,7.719850649938002e-10,2.9999454122235532e-05,0.0,0.0,1.0,0.7220587372224629
ceiling,0.95,16,3e-05,insertion_order,1.4996639047374022e-05,1.4996639047374022e-05,1.4990127389561773e-05,1.5027006732755886e-06,2.8497259516673994e-05,6.122415167434762e-10,2.9999595093007277e-05,6.666666666666667e-07,0.0,0.9999993333333334,0.7498319523687011,1.5003975535616106e-05,1.5003975535616106e-05,1.5001066132981055e-05,1.5012839390100088e-06,2.8500035126743397e-05,7.719850649938002e-10,2.9999454122235532e-05,0.0,0.0,1.0,0.7220600489201697
ceiling,0.95,16,0.0001,arrival_first,5.0003353093107455e-05,5.0003353093107455e-05,5.0036478054001536e-05,4.969836528895636e-06,9.501330834458106e-05,2.0221098869418106e-09,9.999828310659116e-05,0.0,0.0,1.0,2.500167654655373,4.9999798418347496e-05,4.9999798418347496e-05,5.000384543472841e-05,5.021097224179709e-06,9.500017841392314e-05,2.07977807429686e-09,9.999856626648368e-05,0.0,0.0,1.0,2.4062759395614797
ceiling,0.95,16,0.0001,departure_first,5.0003353093107455e-05,5.0003353093107455e-05,5.0036478054001536e-05,4.969836528895636e-06,9.501330834458106e-05,2.0221098869418106e-09,9.999828310659116e-05,0.0,0.0,1.0,2.500167654655373,4.999986043487257e-05,4.999986043487257e-05,5.000404769001226e-05,5.02107231479446e-06,9.500021474999182e-05,2.07977807429686e-09,9.999856626648368e-05,0.0,0.0,1.0,2.4062672717085074
ceiling,0.95,16,0.0001,insertion_order,5.0003353093107455e-05,5.0003353093107455e-05,5.0036478054001536e-05,4.969836528895636e-06,9.501330834458106e-05,2.0221098869418106e-09,9.999828310659116e-05,0.0,0.0,1.0,2.500167654655373,4.9999798418347496e-05,4.9999798418347496e-05,5.000384543472841e-05,5.021097224179709e-06,9.500017841392314e-05,2.07977807429686e-09,9.999856626648368e-05,0.0,0.0,1.0,2.4062759395614797
ceiling,0.95,16,0.0003,arrival_first,0.00014994601548290728,0.00014994601548290728,0.00015000073581177275,1.4917967826780418e-05,0.0002849676300108209,6.2816676897152014e-09,0.0002999952493155433,0.0,0.0,1.0,7.497300774145363,0.00014994009041959197,0.00014994009041959197,0.00014997810376857882,1.4966738407442486e-05,0.000284933669356331,7.377564271530505e-09,0.0002999957408184642,0.0,0.0,1.0,7.21587524150189
ceiling,0.95,16,0.0003,departure_first,0.00014994601548290728,0.00014994601548290728,0.00015000073581177275,1.4917967826780418e-05,0.0002849676300108209,6.2816676897152014e-09,0.0002999952493155433,0.0,0.0,1.0,7.497300774145363,0.00014994039038223797,0.00014994039038223797,0.00014997852075860133,1.4966213264132765e-05,0.000284933016549541,7.377564271530505e-09,0.0002999957408184642,0.0,0.0,1.0,7.215869841748819
ceiling,0.95,16,0.0003,insertion_order,0.00014994601548290728,0.00014994601548290728,0.00015000073581177275,1.4917967826780418e-05,0.0002849676300108209,6.2816676897152014e-09,0.0002999952493155433,0.0,0.0,1.0,7.497300774145363,0.00014994009041959197,0.00014994009041959197,0.00014997810376857882,1.4966738407442486e-05,0.000284933669356331,7.377564271530505e-09,0.0002999957408184642,0.0,0.0,1.0,7.21587524150189
ceiling,0.95,16,0.001,arrival_first,0.0005002088189047494,0.0005002088189047494,0.0005003667853998195,5.02880872439467e-05,0.0009497931367938386,2.405549821560271e-08,0.000999978893014486,0.0,0.0,1.0,25.010440945237466,0.000500024488299005,0.000500024488299005,0.0004999884477938195,5.0093500890211005e-05,0.0009498438826244701,2.1551606807212555e-08,0.0009999784908643692,0.0,0.0,1.0,24.059437538442648
ceiling,0.95,16,0.001,departure_first,0.0005002088189047494,0.0005002088189047494,0.0005003667853998195,5.02880872439467e-05,0.0009497931367938386,2.405549821560271e-08,0.000999978893014486,0.0,0.0,1.0,25.010440945237466,0.0005000247188346383,0.0005000247188346383,0.0004999833974086719,5.008853404230119e-05,0.0009498418287986636,2.1551606807212555e-08,0.0009999784354352932,0.0,0.0,1.0,24.06006377122349
ceiling,0.95,16,0.001,insertion_order,0.0005002088189047494,0.0005002088189047494,0.0005003667853998195,5.02880872439467e-05,0.0009497931367938386,2.405549821560271e-08,0.000999978893014486,0.0,0.0,1.0,25.010440945237466,0.000500024488299005,0.000500024488299005,0.0004999884477938195,5.0093500890211005e-05,0.0009498438826244701,2.1551606807212555e-08,0.0009999784908643692,0.0,0.0,1.0,24.059437538442648
ceiling,0.95,16,0.003,arrival_first,0.0014995428189050679,0.0014995428189050679,0.0014989455798513518,0.00015045055683306905,0.002850371282859972,7.15813560721775e-08,0.0029999320647827216,0.0,0.0,1.0,74.9771409452534,0.0015011626368717243,0.0015011626368717243,0.0015018845404063822,0.00015080667367501044,0.0028505600688152628,8.284477768088587e-08,0.002999936706769368,0.0,0.0,1.0,72.21205479143609
ceiling,0.95,16,0.003,departure_first,0.0014995428189050679,0.0014995428189050679,0.0014989455798513518,0.00015045055683306905,0.002850371282859972,7.15813560721775e-08,0.0029999320647827216,0.0,0.0,1.0,74.9771409452534,0.0015011669123804444,0.0015011669123804444,0.0015018520604698695,0.0001507932031768304,0.002850528399006071,8.284477768088587e-08,0.002999936706769368,0.0,0.0,1.0,72.21296079491677
ceiling,0.95,16,0.003,insertion_order,0.0014995428189050679,0.0014995428189050679,0.0014989455798513518,0.00015045055683306905,0.002850371282859972,7.15813560721775e-08,0.0029999320647827216,0.0,0.0,1.0,74.9771409452534,0.0015011626368717243,0.0015011626368717243,0.0015018845404063822,0.00015080667367501044,0.0028505600688152628,8.284477768088587e-08,0.002999936706769368,0.0,0.0,1.0,72.21205479143609
ceiling,0.95,16,0.01,arrival_first,0.00500009015224039,0.00500009015224039,0.0049986893104081295,0.0005014559930805263,0.00950017817867471,1.9585971434329015e-07,0.009999768858021223,0.0,0.0,1.0,250.00450761201952,0.005007481742005344,0.005007481742005344,0.005011415249735986,0.0005007900342851201,0.00950351152544812,1.8508720409012951e-07,0.00999974570020421,0.0,0.0,1.0,240.55969306792176
ceiling,0.95,16,0.01,departure_first,0.00500009015224039,0.00500009015224039,0.0049986893104081295,0.0005014559930805263,0.00950017817867471,1.9585971434329015e-07,0.009999768858021223,0.0,0.0,1.0,250.00450761201952,0.005007307114098903,0.005007307114098903,0.005011114398014309,0.0005007230833276673,0.009503409213214289,1.8508708282416925e-07,0.00999973622500034,0.0,0.0,1.0,240.56866449421577
ceiling,0.95,16,0.01,insertion_order,0.00500009015224039,0.00500009015224039,0.0049986893104081295,0.0005014559930805263,0.00950017817867471,1.9585971434329015e-07,0.009999768858021223,0.0,0.0,1.0,250.00450761201952,0.005007481742005344,0.005007481742005344,0.005011415249735986,0.0005007900342851201,0.00950351152544812,1.8508720409012951e-07,0.00999974570020421,0.0,0.0,1.0,240.55969306792176
ceiling,0.95,16,0.03,arrival_first,0.014998176817080383,0.014998176817080383,0.01500819047165957,0.0014987377985774706,0.02848723117867545,7.027240523408788e-07,0.029999275300815496,0.0,0.0,1.0,749.9088408540191,0.015073811838160015,0.015073811838160015,0.015117164405912303,0.001521000825434606,0.028521095480053334,6.590196540734681e-07,0.02999917630338793,0.0,0.0,1.0,721.7816488002239
ceiling,0.95,16,0.03,departure_first,0.014998176817080383,0.014998176817080383,0.01500819047165957,0.0014987377985774706,0.02848723117867545,7.027240523408788e-07,0.029999275300815496,0.0,0.0,1.0,749.9088408540191,0.015072941988191368,0.015072941988191368,0.015114660310757994,0.001521520346435991,0.028521230476490377,6.590196540734681e-07,0.02999917630338793,0.0,0.0,1.0,721.8278652685128
ceiling,0.95,16,0.03,insertion_order,0.014998176817080383,0.014998176817080383,0.01500819047165957,0.0014987377985774706,0.02848723117867545,7.027240523408788e-07,0.029999275300815496,0.0,0.0,1.0,749.9088408540191,0.015073811838160015,0.015073811838160015,0.015117164405912303,0.001521000825434606,0.028521095480053334,6.590196540734681e-07,0.02999917630338793,0.0,0.0,1.0,721.7816488002239
ceiling,0.95,16,0.1,arrival_first,0.0499826168199829,0.0499826168199829,0.050017776184995456,0.0049760810509360456,0.09501707989113735,2.2546569804641575e-06,0.09999813219695473,0.0,0.0,1.0,2499.130840999145,0.05081976802013355,0.05081976802013355,0.05122091864476662,0.0052646161373855315,0.09519631498277839,1.5597647719902316e-06,0.09999684865386352,0.0,0.0,1.0,2400.0863641738133
ceiling,0.95,16,0.1,departure_first,0.0499826168199829,0.0499826168199829,0.050017776184995456,0.0049760810509360456,0.09501707989113735,2.2546569804641575e-06,0.09999813219695473,0.0,0.0,1.0,2499.130840999145,0.05081902770448297,0.05081902770448297,0.051216378173803576,0.005262318718854733,0.09519810094192963,1.5569707380859906e-06,0.09999684865362098,0.0,0.0,1.0,2400.7560987389447
ceiling,0.95,16,0.1,insertion_order,0.0499826168199829,0.0499826168199829,0.050017776184995456,0.0049760810509360456,0.09501707989113735,2.2546569804641575e-06,0.09999813219695473,0.0,0.0,1.0,2499.130840999145,0.05081976802013355,0.05081976802013355,0.05122091864476662,0.0052646161373855315,0.09519631498277839,1.5597647719902316e-06,0.09999684865386352,0.0,0.0,1.0,2400.0863641738133
ceiling,1.0,1,1e-05,arrival_first,4.997932627528523e-06,4.997932627528523e-06,4.9945824230235305e-06,4.988947390908532e-07,9.49804834514604e-06,2.4422964391609035e-10,9.999849104739648e-06,6.666666666666667e-07,0.0,0.9999993333333334,0.24989663137642612,5.003346961223484e-06,5.003346961223484e-06,5.000952706790959e-06,4.996251757792559e-07,9.50680729162994e-06,4.576299357979726e-10,9.999503909306067e-06,0.0,0.0,1.0,0.12506636358894616
ceiling,1.0,1,1e-05,departure_first,4.997932627528523e-06,4.997932627528523e-06,4.9945824230235305e-06,4.988947390908532e-07,9.49804834514604e-06,2.4422964391609035e-10,9.999849104739648e-06,6.666666666666667e-07,0.0,0.9999993333333334,0.24989663137642612,5.003338491164069e-06,5.003338491164069e-06,5.000951532878834e-06,4.996200234582323e-07,9.50680658668837e-06,4.576299357979726e-10,9.999503909306067e-06,0.0,0.0,1.0,0.12506665242441498
ceiling,1.0,1,1e-05,insertion_order,4.997932627528523e-06,4.997932627528523e-06,4.9945824230235305e-06,4.988947390908532e-07,9.49804834514604e-06,2.4422964391609035e-10,9.999849104739648e-06,6.666666666666667e-07,0.0,0.9999993333333334,0.24989663137642612,5.003346961223484e-06,5.003346961223484e-06,5.000952706790959e-06,4.996251757792559e-07,9.50680729162994e-06,4.576299357979726e-10,9.999503909306067e-06,0.0,0.0,1.0,0.12506636358894616
ceiling,1.0,1,3e-05,arrival_first,1.4998724270112993e-05,1.4998724270112993e-05,1.498939453388933e-05,1.4989764531492256e-06,2.849432211557238e-05,6.58170999183009e-10,2.9999510904114383e-05,0.0,0.0,1.0,0.7499362135056497,1.5006849486453724e-05,1.5006849486453724e-05,1.4991534001653739e-05,1.4981979370870652e-06,2.8517171537036852e-05,1.2695493087355736e-09,2.999896501027534e-05,0.0,0.0,1.0,0.3751168358418965
ceiling,1.0,1,3e-05,departure_first,1.4998724270112993e-05,1.4998724270112993e-05,1.498939453388933e-05,1.4989764531492256e-06,2.849432211557238e-05,6.58170999183009e-10,2.9999510904114383e-05,0.0,0.0,1.0,0.7499362135056497,1.5006832574432594e-05,1.5006832574432594e-05,1.499133549080917e-05,1.4982861377750685e-06,2.8517298175375143e-05,1.2695493087355736e-09,2.999896501027534e-05,0.0,0.0,1.0,0.37512042061357603
ceiling,1.0,1,3e-05,insertion_order,1.4998724270112993e-05,1.4998724270112993e-05,1.498939453388933e-05,1.4989764531492256e-06,2.849432211557238e-05,6.58170999183009e-10,2.9999510904114383e-05,0.0,0.0,1.0,0.7499362135056497,1.5006849486453724e-05,1.5006849486453724e-05,1.4991534001653739e-05,1.4981979370870652e-06,2.8517171537036852e-05,1.2695493087355736e-09,2.999896501027534e-05,0.0,0.0,1.0,0.3751168358418965
ceiling,1.0,1,0.0001,arrival_first,4.998561827868192e-05,4.998561827868192e-05,4.998611730115954e-05,5.0037090401626e-06,9.49844072010819e-05,1.6942673634427288e-09,9.99982765885458e-05,0.0,0.0,1.0,2.4992809139340957,4.9986325468522005e-05,4.9986325468522005e-05,5.0012570735505875e-05,5.001948055614799e-06,9.49598680532674e-05,4.4652166163635286e-09,9.99970281410333e-05,0.0,0.0,1.0,1.2494373345091063
ceiling,1.0,1,0.0001,departure_first,4.998561827868192e-05,4.998561827868192e-05,4.998611730115954e-05,5.0037090401626e-06,9.49844072010819e-05,1.6942673634427288e-09,9.99982765885458e-05,0.0,0.0,1.0,2.4992809139340957,4.998637817304674e-05,4.998637817304674e-05,5.0012465150577054e-05,5.001545463481432e-06,9.496064425125744e-05,4.4652166163635286e-09,9.99970281410333e-05,0.0,0.0,1.0,1.2494919670899236
ceiling,1.0,1,0.0001,insertion_order,4.998561827868192e-05,4.998561827868192e-05,4.998611730115954e-05,5.0037090401626e-06,9.49844072010819e-05,1.6942673634427288e-09,9.99982765885458e-05,0.0,0.0,1.0,2.4992809139340957,4.9986325468522005e-05,4.9986325468522005e-05,5.0012570735505875e-05,5.001948055614799e-06,9.49598680532674e-05,4.4652166163635286e-09,9.99970281410333e-05,0.0,0.0,1.0,1.2494373345091063
ceiling,1.0,1,0.0003,arrival_first,0.00015008328087983742,0.00015008328087983742,0.00015008397611685116,1.5006470560668581e-05,0.0002850472039290253,7.216052229826649e-09,0.0002999949569433132,0.0,0.0,1.0,7.504164043991872,0.00014988094243911863,0.00014988094243911863,0.00014993976712026572,1.5048138472427605e-05,0.00028486782792339803,9.020518910099704e-09,0.00029998628331123306,0.0,0.0,1.0,3.7460120423083563
ceiling,1.0,1,0.0003,departure_first,0.00015008328087983742,0.00015008328087983742,0.00015008397611685116,1.5006470560668581e-05,0.0002850472039290253,7.216052229826649e-09,0.0002999949569433132,0.0,0.0,1.0,7.504164043991872,0.00014988214929254293,0.00014988214929254293,0.00014993940753027616,1.5047061176426414e-05,0.00028486666526303985,9.020518910099704e-09,0.00029998628331123306,0.0,0.0,1.0,3.746651958060728
ceiling,1.0,1,0.0003,insertion_order,0.00015008328087983742,0.00015008328087983742,0.00015008397611685116,1.5006470560668581e-05,0.0002850472039290253,7.216052229826649e-09,0.0002999949569433132,0.0,0.0,1.0,7.504164043991872,0.00014988094243911863,0.00014988094243911863,0.00014993976712026572,1.5048138472427605e-05,0.00028486782792339803,9.020518910099704e-09,0.00029998628331123306,0.0,0.0,1.0,3.7460120423083563
ceiling,1.0,1,0.001,arrival_first,0.0004997016841314356,0.0004997016841314356,0.0004996409507081504,4.991079110368446e-05,0.0009498075544721966,2.1828024425000574e-08,0.0009999810685258127,0.0,0.0,1.0,24.98508420657178,0.0004997279436385578,0.0004997279436385578,0.0004995343035773976,5.0214516185148e-05,0.0009497554642218758,4.7316676467408505e-08,0.0009999657376784505,0.0,0.0,1.0,12.485811816676947
ceiling,1.0,1,0.001,departure_first,0.0004997016841314356,0.0004997016841314356,0.0004996409507081504,4.991079110368446e-05,0.0009498075544721966,2.1828024425000574e-08,0.0009999810685258127,0.0,0.0,1.0,24.98508420657178,0.0004997014726119288,0.0004997014726119288,0.0004994739359825909,5.021803095577409e-05,0.0009497240117107283,4.7316676467408505e-08,0.0009999657376784505,0.0,0.0,1.0,12.49119732060157
ceiling,1.0,1,0.001,insertion_order,0.0004997016841314356,0.0004997016841314356,0.0004996409507081504,4.991079110368446e-05,0.0009498075544721966,2.1828024425000574e-08,0.0009999810685258127,0.0,0.0,1.0,24.98508420657178,0.0004997279436385578,0.0004997279436385578,0.0004995343035773976,5.0214516185148e-05,0.0009497554642218758,4.7316676467408505e-08,0.0009999657376784505,0.0,0.0,1.0,12.485811816676947
ceiling,1.0,1,0.003,arrival_first,0.001500293684132984,0.001500293684132984,0.001500038089413162,0.00015092138313624068,0.00284984911680264,6.457436635779837e-08,0.0029999239620944235,0.0,0.0,1.0,75.0146842066492,0.0015000455271072975,0.0015000455271072975,0.0015003155590643431,0.0001503220747973748,0.002849196271889255,1.3388038091275098e-07,0.0029998742349431878,0.0,0.0,1.0,37.439042395440616
ceiling,1.0,1,0.003,departure_first,0.001500293684132984,0.001500293684132984,0.001500038089413162,0.00015092138313624068,0.00284984911680264,6.457436635779837e-08,0.0029999239620944235,0.0,0.0,1.0,75.0146842066492,0.0015000398587977442,0.0015000398587977442,0.0015003757047313301,0.00015033602932712617,0.00284926873753547,1.3388038091275098e-07,0.002999876375765703,0.0,0.0,1.0,37.49684132438007
ceiling,1.0,1,0.003,insertion_order,0.001500293684132984,0.001500293684132984,0.001500038089413162,0.00015092138313624068,0.00284984911680264,6.457436635779837e-08,0.0029999239620944235,0.0,0.0,1.0,75.0146842066492,0.0015000455271072975,0.0015000455271072975,0.0015003155590643431,0.0001503220747973748,0.002849196271889255,1.3388038091275098e-07,0.0029998742349431878,0.0,0.0,1.0,37.439042395440616
ceiling,1.0,1,0.01,arrival_first,0.004999399017470654,0.004999399017470654,0.004996113299512217,0.0005005436407266947,0.009498585226140978,1.779638599449148e-07,0.009999714818059146,0.0,0.0,1.0,249.9699508735327,0.005010200198807058,0.005010200198807058,0.005014514816134269,0.0005069885896374174,0.009500545207330633,4.1614413670010284e-07,0.009999540048923582,0.0,0.0,1.0,124.62983450791987
ceiling,1.0,1,0.01,departure_first,0.004999399017470654,0.004999399017470654,0.004996113299512217,0.0005005436407266947,0.009498585226140978,1.779638599449148e-07,0.009999714818059146,0.0,0.0,1.0,249.9699508735327,0.005010259398097705,0.005010259398097705,0.005014896105510127,0.0005069485339528057,0.009500945158567389,4.1614413670010284e-07,0.009999540048923582,0.0,0.0,1.0,125.2336863541814
ceiling,1.0,1,0.01,insertion_order,0.004999399017470654,0.004999399017470654,0.004996113299512217,0.0005005436407266947,0.009498585226140978,1.779638599449148e-07,0.009999714818059146,0.0,0.0,1.0,249.9699508735327,0.005010200198807058,0.005010200198807058,0.005014514816134269,0.0005069885896374174,0.009500545207330633,4.1614413670010284e-07,0.009999540048923582,0.0,0.0,1.0,124.62983450791987
ceiling,1.0,1,0.03,arrival_first,0.0150050456824001,0.0150050456824001,0.01500125487288339,0.001500829141493038,0.028507607774666512,5.714237280092978e-07,0.029999283999222824,0.0,0.0,1.0,750.2522841200049,0.015087699052779057,0.015087699052779057,0.015119620966470569,0.0015352381470104032,0.028524514740155663,1.773692449342478e-06,0.02999889178085457,0.0,0.0,1.0,371.54700064901533
ceiling,1.0,1,0.03,departure_first,0.0150050456824001,0.0150050456824001,0.01500125487288339,0.001500829141493038,0.028507607774666512,5.714237280092978e-07,0.029999283999222824,0.0,0.0,1.0,750.2522841200049,0.015088363995808986,0.015088363995808986,0.015121122167054808,0.0015367647717861685,0.028524170953007803,1.83837631203126e-06,0.029998957611516473,0.0,0.0,1.0,377.16066695877663
ceiling,1.0,1,0.03,insertion_order,0.0150050456824001,0.0150050456824001,0.01500125487288339,0.001500829141493038,0.028507607774666512,5.714237280092978e-07,0.029999283999222824,0.0,0.0,1.0,750.2522841200049,0.015087699052779057,0.015087699052779057,0.015119620966470569,0.0015352381470104032,0.028524514740155663,1.773692449342478e-06,0.02999889178085457,0.0,0.0,1.0,371.54700064901533
ceiling,1.0,1,0.1,arrival_first,0.049965599018501984,0.049965599018501984,0.04994966086340658,0.004961904677129496,0.09497579439573352,1.5642999035965962e-06,0.09999800330609408,0.0,0.0,1.0,2498.2799509250995,0.05083708090669206,0.05083708090669206,0.05124702553137656,0.005280204072076127,0.09518627246624711,4.448287075002611e-06,0.0999951838973219,0.0,0.0,1.0,1209.5961410847128
ceiling,1.0,1,0.1,departure_first,0.049965599018501984,0.049965599018501984,0.04994966086340658,0.004961904677129496,0.09497579439573352,1.5642999035965962e-06,0.09999800330609408,0.0,0.0,1.0,2498.2799509250995,0.05083097957724316,0.05083097957724316,0.051242407172962724,0.005277675710645623,0.09518785643128802,4.2685806780619805e-06,0.0999953533318877,0.0,0.0,1.0,1269.9142406762708
ceiling,1.0,1,0.1,insertion_order,0.049965599018501984,0.049965599018501984,0.04994966086340658,0.004961904677129496,0.09497579439573352,1.5642999035965962e-06,0.09999800330609408,0.0,0.0,1.0,2498.2799509250995,0.05083708090669206,0.05083708090669206,0.05124702553137656,0.005280204072076127,0.09518627246624711,4.448287075002611e-06,0.0999951838973219,0.0,0.0,1.0,1209.5961410847128
ceiling,1.0,4,1e-05,arrival_first,4.998752087344958e-06,4.998752087344958e-06,4.996053909659773e-06,5.028762992272581e-07,9.496337997916272e-06,1.9354047253727914e-10,9.999812391470186e-06,1.3333333333333334e-06,0.0,0.9999986666666667,0.24993760436724793,5.001993499798188e-06,5.001993499798188e-06,5.0009659160805965e-06,5.015604086647252e-07,9.498969491789078e-06,2.2802960630841086e-10,9.999737981835483e-06,8.39397983766043e-07,0.0,0.9999991606020162,0.20022046494270493
ceiling,1.0,4,1e-05,departure_first,4.998752087344958e-06,4.998752087344958e-06,4.996053909659773e-06,5.028762992272581e-07,9.496337997916272e-06,1.9354047253727914e-10,9.999812391470186e-06,1.3333333333333334e-06,0.0,0.9999986666666667,0.24993760436724793,5.001987917281078e-06,5.001987917281078e-06,5.000974873668219e-06,5.015608697779099e-07,9.498966272686962e-06,2.2802960630841086e-10,9.999737981835483e-06,8.393768466290625e-07,0.0,0.9999991606231533,0.20022057657134018
ceiling,1.0,4,1e-05,insertion_order,4.998752087344958e-06,4.998752087344958e-06,4.996053909659773e-06,5.028762992272581e-07,9.496337997916272e-06,1.9354047253727914e-10,9.999812391470186e-06,1.3333333333333334e-06,0.0,0.9999986666666667,0.24993760436724793,5.001993499798188e-06,5.001993499798188e-06,5.0009659160805965e-06,5.015604086647252e-07,9.498969491789078e-06,2.2802960630841086e-10,9.999737981835483e-06,8.39397983766043e-07,0.0,0.9999991606020162,0.20022046494270493
ceiling,1.0,4,3e-05,arrival_first,1.499563706227491e-05,1.499563706227491e-05,1.4988772166664906e-05,1.4983343089625126e-06,2.8495116707745177e-05,6.565339087198178e-10,2.9999348559310116e-05,1.3333333333333334e-06,0.0,0.9999986666666667,0.7497818531137455,1.4988510728676893e-05,1.4988510728676893e-05,1.4976471578883259e-05,1.5008229196993482e-06,2.8503443531743056e-05,1.0600510546900551e-09,2.9999246412681057e-05,0.0,0.0,1.0,0.5999565163571697
ceiling,1.0,4,3e-05,departure_first,1.499563706227491e-05,1.499563706227491e-05,1.4988772166664906e-05,1.4983343089625126e-06,2.8495116707745177e-05,6.565339087198178e-10,2.9999348559310116e-05,1.3333333333333334e-06,0.0,0.9999986666666667,0.7497818531137455,1.4988485513267017e-05,1.4988485513267017e-05,1.4976511664631405e-05,1.5008733678451015e-06,2.8503375108905683e-05,1.0600510546900551e-09,2.9999246412681057e-05,0.0,0.0,1.0,0.5999575056231368
ceiling,1.0,4,3e-05,insertion_order,1.499563706227491e-05,1.499563706227491e-05,1.4988772166664906e-05,1.4983343089625126e-06,2.8495116707745177e-05,6.565339087198178e-10,2.9999348559310116e-05,1.3333333333333334e-06,0.0,0.9999986666666667,0.7497818531137455,1.4988510728676893e-05,1.4988510728676893e-05,1.4976471578883259e-05,1.5008229196993482e-06,2.8503443531743056e-05,1.0600510546900551e-09,2.9999246412681057e-05,0.0,0.0,1.0,0.5999565163571697
ceiling,1.0,4,0.0001,arrival_first,4.997445773828319e-05,4.997445773828319e-05,4.992638203778673e-05,5.000092379911319e-06,9.501377450457463e-05,2.0012824582712104e-09,9.999689767331195e-05,6.666666666666667e-07,0.0,0.9999993333333334,2.4987228869141593,4.998106147745859e-05,4.998106147745859e-05,4.997808268878736e-05,5.026807718260903e-06,9.498687946355371e-05,1.6558592735397651e-09,9.999770459247417e-05,0.0,0.0,1.0,2.000641227192622
ceiling,1.0,4,0.0001,departure_first,4.997445773828319e-05,4.997445773828319e-05,4.992638203778673e-05,5.000092379911319e-06,9.501377450457463e-05,2.0012824582712104e-09,9.999689767331195e-05,6.666666666666667e-07,0.0,0.9999993333333334,2.4987228869141593,4.9981096019159564e-05,4.9981096019159564e-05,4.997781711871189e-05,5.026838164308375e-06,9.49869998533882e-05,1.6558592735397651e-09,9.999770459247417e-05,0.0,0.0,1.0,2.000635965038697
ceiling,1.0,4,0.0001,insertion_order,4.997445773828319e-05,4.997445773828319e-05,4.992638203778673e-05,5.000092379911319e-06,9.501377450457463e-05,2.0012824582712104e-09,9.999689767331195e-05,6.666666666666667e-07,0.0,0.9999993333333334,2.4987228869141593,4.998106147745859e-05,4.998106147745859e-05,4.997808268878736e-05,5.026807718260903e-06,9.498687946355371e-05,1.6558592735397651e-09,9.999770459247417e-05,0.0,0.0,1.0,2.000641227192622
ceiling,1.0,4,0.0003,arrival_first,0.0001499098536715416,0.0001499098536715416,0.0001499038712760618,1.501819853122773e-05,0.00028487303249069855,5.180360555338363e-09,0.0002999942284380571,0.0,0.0,1.0,7.49549268357708,0.00014986503719563237,0.00014986503719563237,0.0001497402295937257,1.4928730432110978e-05,0.0002848935617165277,9.132706476483454e-09,0.0002999936150673926,0.0,0.0,1.0,5.998666793506671
ceiling,1.0,4,0.0003,departure_first,0.0001499098536715416,0.0001499098536715416,0.0001499038712760618,1.501819853122773e-05,0.00028487303249069855,5.180360555338363e-09,0.0002999942284380571,0.0,0.0,1.0,7.49549268357708,0.00014986758496820257,0.00014986758496820257,0.0001497425518934374,1.4930845629142555e-05,0.0002848924117750852,9.132706476483454e-09,0.0002999936150673926,0.0,0.0,1.0,5.998828743858851
ceiling,1.0,4,0.0003,insertion_order,0.0001499098536715416,0.0001499098536715416,0.0001499038712760618,1.501819853122773e-05,0.00028487303249069855,5.180360555338363e-09,0.0002999942284380571,0.0,0.0,1.0,7.49549268357708,0.00014986503719563237,0.00014986503719563237,0.0001497402295937257,1.4928730432110978e-05,0.0002848935617165277,9.132706476483454e-09,0.0002999936150673926,0.0,0.0,1.0,5.998666793506671
ceiling,1.0,4,0.001,arrival_first,0.000499562923590609,0.000499562923590609,0.0004992266127677188,4.9832909066935837e-05,0.0009498944990703723,1.4597602178885912e-08,0.000999980950897831,0.0,0.0,1.0,24.978146179530448,0.0005000409462718842,0.0005000409462718842,0.0005001438293370366,5.014782535306494e-05,0.0009499255643778173,1.8853207142099e-08,0.0009999703182790888,0.0,0.0,1.0,20.012118100689005
ceiling,1.0,4,0.001,departure_first,0.000499562923590609,0.000499562923590609,0.0004992266127677188,4.9832909066935837e-05,0.0009498944990703723,1.4597602178885912e-08,0.000999980950897831,0.0,0.0,1.0,24.978146179530448,0.0005000430818381044,0.0005000430818381044,0.0005001415897872174,5.015352518456167e-05,0.0009499290387634036,1.8853207142099e-08,0.0009999703182790888,0.0,0.0,1.0,20.013071051506454
ceiling,1.0,4,0.001,insertion_order,0.000499562923590609,0.000499562923590609,0.0004992266127677188,4.9832909066935837e-05,0.0009498944990703723,1.4597602178885912e-08,0.000999980950897831,0.0,0.0,1.0,24.978146179530448,0.0005000409462718842,0.0005000409462718842,0.0005001438293370366,5.014782535306494e-05,0.0009499255643778173,1.8853207142099e-08,0.0009999703182790888,0.0,0.0,1.0,20.012118100689005
ceiling,1.0,4,0.003,arrival_first,0.0014998242569252433,0.0014998242569252433,0.0014985984529175766,0.00015033148589433648,0.0028495460267216307,5.933810219479104e-08,0.002999936540315199,0.0,0.0,1.0,74.99121284626217,0.0015003340948829375,0.0015003340948829375,0.0014998022513899839,0.00015002612699670494,0.0028499395900910404,8.394638047019842e-08,0.0029999097986758293,0.0,0.0,1.0,60.02239942710555
ceiling,1.0,4,0.003,departure_first,0.0014998242569252433,0.0014998242569252433,0.0014985984529175766,0.00015033148589433648,0.0028495460267216307,5.933810219479104e-08,0.002999936540315199,0.0,0.0,1.0,74.99121284626217,0.0015003561501071908,0.0015003561501071908,0.001499836025315025,0.00015004953353715657,0.0028499098269609406,8.394638047019842e-08,0.0029999097986758293,0.0,0.0,1.0,60.03481975383642
ceiling,1.0,4,0.003,insertion_order,0.0014998242569252433,0.0014998242569252433,0.0014985984529175766,0.00015033148589433648,0.0028495460267216307,5.933810219479104e-08,0.002999936540315199,0.0,0.0,1.0,74.99121284626217,0.0015003340948829375,0.0015003340948829375,0.0014998022513899839,0.00015002612699670494,0.0028499395900910404,8.394638047019842e-08,0.0029999097986758293,0.0,0.0,1.0,60.02239942710555
ceiling,1.0,4,0.01,arrival_first,0.005003178923596132,0.005003178923596132,0.0050040281200229705,0.0005007575478157379,0.009500279557097807,2.1663787871754418e-07,0.00999982288397708,0.0,0.0,1.0,250.15894617980663,0.005016014712430485,0.005016014712430485,0.005024133755283622,0.0005037992474803362,0.009504025259762228,2.127255925896132e-07,0.009999749047726181,0.0,0.0,1.0,200.38863866265552
ceiling,1.0,4,0.01,departure_first,0.005003178923596132,0.005003178923596132,0.0050040281200229705,0.0005007575478157379,0.009500279557097807,2.1663787871754418e-07,0.00999982288397708,0.0,0.0,1.0,250.15894617980663,0.005016179651884601,0.005016179651884601,0.00502434719631566,0.0005037857404450268,0.009504227332013159,2.1663148530096099e-07,0.009999749047726181,0.0,0.0,1.0,200.505995622605
ceiling,1.0,4,0.01,insertion_order,0.005003178923596132,0.005003178923596132,0.0050040281200229705,0.0005007575478157378,0.009500279557097807,2.1663787871754418e-07,0.00999982288397708,0.0,0.0,1.0,250.15894617980663,0.005016014712430485,0.005016014712430485,0.005024133755283622,0.0005037992474803362,0.009504025259762228,2.127255925896132e-07,0.009999749047726181,0.0,0.0,1.0,200.38863866265552
ceiling,1.0,4,0.03,arrival_first,0.015000112255189107,0.015000112255189107,0.014998788952364823,0.0015029652875424898,0.028503472624506684,6.16839376258819e-07,0.029999312407593,0.0,0.0,1.0,750.0056127594554,0.015073489656369381,0.015073489656369381,0.015107623856410712,0.0015352486550150942,0.028523238492619778,6.141368155895832e-07,0.029999231688625064,0.0,0.0,1.0,599.6292856197995
ceiling,1.0,4,0.03,departure_first,0.015000112255189107,0.015000112255189107,0.014998788952364823,0.0015029652875424898,0.028503472624506684,6.16839376258819e-07,0.029999312407593,0.0,0.0,1.0,750.0056127594554,0.01507317035919465,0.01507317035919465,0.015108034865396662,0.0015353672763388762,0.028522600005878064,6.563410692277579e-07,0.029999231688625064,0.0,0.0,1.0,600.5757440355085
ceiling,1.0,4,0.03,insertion_order,0.015000112255189107,0.015000112255189107,0.014998788952364823,0.0015029652875424898,0.028503472624506684,6.16839376258819e-07,0.029999312407593,0.0,0.0,1.0,750.0056127594554,0.015073489656369381,0.015073489656369381,0.015107623856410712,0.0015352486550150942,0.028523238492619778,6.141368155895832e-07,0.029999231688625064,0.0,0.0,1.0,599.6292856197995
ceiling,1.0,4,0.1,arrival_first,0.04995627892463051,0.04995627892463051,0.04992060808018929,0.00497751720984373,0.09499967476082019,1.8206874301540665e-06,0.0999974167078714,0.0,0.0,1.0,2497.8139462315253,0.05080335316307711,0.05080335316307711,0.051207132506836714,0.005233787421882043,0.09521963908194689,3.1620818670507107e-06,0.0999977377009232,0.0,0.0,1.0,1991.1631448534743
ceiling,1.0,4,0.1,departure_first,0.04995627892463051,0.04995627892463051,0.04992060808018929,0.00497751720984373,0.09499967476082019,1.8206874301540665e-06,0.0999974167078714,0.0,0.0,1.0,2497.8139462315253,0.050804497315536816,0.050804497315536816,0.05119810770251335,0.00523705722487386,0.09522559864782362,3.0909004759026767e-06,0.09999765649619882,0.0,0.0,1.0,2001.3585959098739
ceiling,1.0,4,0.1,insertion_order,0.04995627892463051,0.04995627892463051,0.04992060808018929,0.00497751720984373,0.09499967476082019,1.8206874301540665e-06,0.0999974167078714,0.0,0.0,1.0,2497.8139462315253,0.05080335316307711,0.05080335316307711,0.051207132506836714,0.005233787421882043,0.09521963908194689,3.1620818670507107e-06,0.0999977377009232,0.0,0.0,1.0,1991.1631448534743
ceiling,1.0,8,1e-05,arrival_first,5.002009322908027e-06,5.002009322917729e-06,5.004529278570166e-06,5.01419334189753e-07,9.501129857198975e-06,1.938436374378701e-10,9.999797354491117e-06,0.0,6.666666666666667e-07,0.9999993333333334,0.2501004661454014,5.000837776222254e-06,5.000837776222254e-06,4.9975182568934065e-06,5.005303524406938e-07,9.50208978309588e-06,2.466765030665711e-10,9.999742934022032e-06,0.0,0.0,1.0,0.2222081288080082
ceiling,1.0,8,1e-05,departure_first,5.002009322908027e-06,5.002009322917729e-06,5.004529278570166e-06,5.01419334189753e-07,9.501129857198975e-06,1.938436374378701e-10,9.999797354491117e-06,0.0,6.666666666666667e-07,0.9999993333333334,0.2501004661454014,5.000841137734808e-06,5.000841137734808e-06,4.99752100083517e-06,5.005311725598515e-07,9.502089606005062e-06,2.466765030665711e-10,9.999742934022032e-06,0.0,0.0,1.0,0.2222084445613896
ceiling,1.0,8,1e-05,insertion_order,5.002009322908027e-06,5.002009322917729e-06,5.004529278570166e-06,5.01419334189753e-07,9.501129857198975e-06,1.938436374378701e-10,9.999797354491117e-06,0.0,6.666666666666667e-07,0.9999993333333334,0.2501004661454014,5.000837776222254e-06,5.000837776222254e-06,4.9975182568934065e-06,5.005303524406938e-07,9.50208978309588e-06,2.466765030665711e-10,9.999742934022032e-06,0.0,0.0,1.0,0.2222081288080082
ceiling,1.0,8,3e-05,arrival_first,1.4995954295311094e-05,1.4995954295311094e-05,1.4992159246200268e-05,1.5039096918674964e-06,2.85018134203104e-05,4.14335469637687e-10,2.99993949738564e-05,0.0,0.0,1.0,0.7497977147655547,1.5008419223230906e-05,1.5008419223230906e-05,1.5010027310711471e-05,1.493051506290047e-06,2.8498328099035415e-05,7.698090726214005e-10,2.999939194011621e-05,0.0,0.0,1.0,0.666878662664728
ceiling,1.0,8,3e-05,departure_first,1.4995954295311094e-05,1.4995954295311094e-05,1.4992159246200268e-05,1.5039096918674964e-06,2.85018134203104e-05,4.14335469637687e-10,2.99993949738564e-05,0.0,0.0,1.0,0.7497977147655547,1.5008387851102525e-05,1.5008387851102525e-05,1.5010003601559237e-05,1.49307603794747e-06,2.8498337949946057e-05,7.698090726214005e-10,2.999939194011621e-05,0.0,0.0,1.0,0.6668817870614824
ceiling,1.0,8,3e-05,insertion_order,1.4995954295311094e-05,1.4995954295311094e-05,1.4992159246200268e-05,1.5039096918674964e-06,2.85018134203104e-05,4.14335469637687e-10,2.99993949738564e-05,0.0,0.0,1.0,0.7497977147655547,1.5008419223230906e-05,1.5008419223230906e-05,1.5010027310711471e-05,1.493051506290047e-06,2.8498328099035415e-05,7.698090726214005e-10,2.999939194011621e-05,0.0,0.0,1.0,0.666878662664728
ceiling,1.0,8,0.0001,arrival_first,4.99638483076936e-05,4.99638483076936e-05,4.994060256346226e-05,5.012900786217264e-06,9.497507331313196e-05,2.42225723923184e-09,9.999787822986642e-05,0.0,0.0,1.0,2.49819241538468,4.998533092068724e-05,4.998533092068724e-05,4.998077063248877e-05,5.010476977641056e-06,9.500635233860835e-05,2.229551342621446e-09,9.999777625920847e-05,0.0,0.0,1.0,2.2209658626256306
ceiling,1.0,8,0.0001,departure_first,4.99638483076936e-05,4.99638483076936e-05,4.994060256346226e-05,5.012900786217264e-06,9.497507331313196e-05,2.42225723923184e-09,9.999787822986642e-05,0.0,0.0,1.0,2.49819241538468,4.9985372233736256e-05,4.9985372233736256e-05,4.998111182099192e-05,5.0106420667262595e-06,9.500637078428087e-05,2.229551342621446e-09,9.999777625920847e-05,0.0,0.0,1.0,2.220981026073616
ceiling,1.0,8,0.0001,insertion_order,4.99638483076936e-05,4.99638483076936e-05,4.994060256346226e-05,5.012900786217264e-06,9.497507331313196e-05,2.42225723923184e-09,9.999787822986642e-05,0.0,0.0,1.0,2.49819241538468,4.998533092068724e-05,4.998533092068724e-05,4.998077063248877e-05,5.010476977641056e-06,9.500635233860835e-05,2.229551342621446e-09,9.999777625920847e-05,0.0,0.0,1.0,2.2209658626256306
ceiling,1.0,8,0.0003,arrival_first,0.0001501015109145531,0.0001501015109145531,0.00015010307221624924,1.503773976158603e-05,0.00028505216648530525,5.514933339630564e-09,0.00029999428613033767,0.0,0.0,1.0,7.505075545727656,0.00015006044771032501,0.00015006044771032501,0.00015006084619597533,1.5034145823506428e-05,0.0002849667378141668,6.804044357736534e-09,0.000299993382473865,0.0,0.0,1.0,6.66725418131133
ceiling,1.0,8,0.0003,departure_first,0.0001501015109145531,0.0001501015109145531,0.00015010307221624924,1.5037739761586032e-05,0.00028505216648530525,5.514933339630564e-09,0.00029999428613033767,0.0,0.0,1.0,7.505075545727656,0.00015005966451145874,0.00015005966451145874,0.00015005943058745398,1.503323803238812e-05,0.00028496694772310686,6.804044357736534e-09,0.000299993382473865,0.0,0.0,1.0,6.667238934284754
ceiling,1.0,8,0.0003,insertion_order,0.0001501015109145531,0.0001501015109145531,0.00015010307221624924,1.503773976158603e-05,0.00028505216648530525,5.514933339630564e-09,0.00029999428613033767,0.0,0.0,1.0,7.505075545727656,0.00015006044771032501,0.00015006044771032501,0.00015006084619597533,1.5034145823506428e-05,0.0002849667378141668,6.804044357736534e-09,0.000299993382473865,0.0,0.0,1.0,6.66725418131133
ceiling,1.0,8,0.001,arrival_first,0.0005002938474941572,0.0005002938474941572,0.0005005865198199899,4.996440560262273e-05,0.0009500694197822666,2.028070108887429e-08,0.0009999870882590283,0.0,0.0,1.0,25.01469237470786,0.0005001381478529143,0.0005001381478529143,0.0005002467800450789,5.021760333170977e-05,0.0009499520863088545,2.1477339054154036e-08,0.0009999792340395308,0.0,0.0,1.0,22.218785195017418
ceiling,1.0,8,0.001,departure_first,0.0005002938474941572,0.0005002938474941572,0.0005005865198199899,4.996440560262273e-05,0.0009500694197822666,2.028070108887429e-08,0.0009999870882590283,0.0,0.0,1.0,25.01469237470786,0.0005001368027479353,0.0005001368027479353,0.000500251160273496,5.021179627516855e-05,0.0009499602996462358,2.1477339054154036e-08,0.0009999792340395308,0.0,0.0,1.0,22.21892594302685
ceiling,1.0,8,0.001,insertion_order,0.0005002938474941572,0.0005002938474941572,0.0005005865198199899,4.996440560262273e-05,0.0009500694197822666,2.028070108887429e-08,0.0009999870882590283,0.0,0.0,1.0,25.01469237470786,0.0005001381478529143,0.0005001381478529143,0.0005002467800450789,5.021760333170977e-05,0.0009499520863088545,2.1477339054154036e-08,0.0009999792340395308,0.0,0.0,1.0,22.218785195017418
ceiling,1.0,8,0.003,arrival_first,0.0015005445141606088,0.0015005445141606088,0.0015007610052483263,0.00015071936343095637,0.0028501135439804176,6.628773310997834e-08,0.002999959344955035,0.0,0.0,1.0,75.02722570803044,0.0015002959256261083,0.0015002959256261083,0.0015001490116774404,0.00015016733818793966,0.002850357629624657,5.3623562015943374e-08,0.0029999106866997137,0.0,0.0,1.0,66.630623476469
ceiling,1.0,8,0.003,departure_first,0.0015005445141606088,0.0015005445141606088,0.0015007610052483263,0.00015071936343095637,0.0028501135439804176,6.628773310997834e-08,0.002999959344955035,0.0,0.0,1.0,75.02722570803044,0.0015002643060742162,0.0015002643060742162,0.00150008878631425,0.00015018226664096168,0.002850391634225163,5.3623562015943374e-08,0.0029999106866997137,0.0,0.0,1.0,66.6257132543521
ceiling,1.0,8,0.003,insertion_order,0.0015005445141606088,0.0015005445141606088,0.0015007610052483263,0.00015071936343095637,0.0028501135439804176,6.628773310997834e-08,0.002999959344955035,0.0,0.0,1.0,75.02722570803044,0.0015002959256261083,0.0015002959256261083,0.0015001490116774404,0.00015016733818793966,0.002850357629624657,5.3623562015943374e-08,0.0029999106866997137,0.0,0.0,1.0,66.630623476469
ceiling,1.0,8,0.01,arrival_first,0.004997654514167573,0.004997654514167573,0.004997801509762212,0.0004985762773336926,0.009498179940214868,2.4270751358320316e-07,0.00999985298270379,0.0,0.0,1.0,249.88272570837864,0.005005305961749815,0.005005305961749815,0.005006468221184247,0.0005040582006895362,0.009499530207067087,1.7716743347014526e-07,0.009999762853629275,0.0,0.0,1.0,221.95014158002786
ceiling,1.0,8,0.01,departure_first,0.004997654514167573,0.004997654514167573,0.004997801509762212,0.0004985762773336926,0.009498179940214868,2.4270751358320316e-07,0.00999985298270379,0.0,0.0,1.0,249.88272570837864,0.005005547693083404,0.005005547693083404,0.005006934432966769,0.0005040474677352622,0.009499983235263004,1.8032646484737273e-07,0.009999762853750541,0.0,0.0,1.0,222.03206118109924
ceiling,1.0,8,0.01,insertion_order,0.004997654514167573,0.004997654514167573,0.004997801509762212,0.0004985762773336926,0.009498179940214868,2.4270751358320316e-07,0.00999985298270379,0.0,0.0,1.0,249.88272570837864,0.005005305961749815,0.005005305961749815,0.005006468221184247,0.0005040582006895362,0.009499530207067087,1.7716743347014526e-07,0.009999762853629275,0.0,0.0,1.0,221.95014158002786
ceiling,1.0,8,0.03,arrival_first,0.01499971451242851,0.01499971451242851,0.014996171871386348,0.0014996619755538634,0.02849954270889763,5.020305555566059e-07,0.029999496695290874,0.0,0.0,1.0,749.9857256214254,0.015065861375765498,0.015065861375765498,0.015096882471594417,0.0015220063049069534,0.028510641935982666,4.97803521048538e-07,0.029999373482089288,0.0,0.0,1.0,665.2215676131424
ceiling,1.0,8,0.03,departure_first,0.01499971451242851,0.01499971451242851,0.014996171871386348,0.0014996619755538634,0.02849954270889763,5.020305555566059e-07,0.029999496695290874,0.0,0.0,1.0,749.9857256214254,0.015067981058336144,0.015067981058336144,0.01510074678023441,0.0015220663349012917,0.028511723115948566,4.97803521048538e-07,0.029999360098908887,0.0,0.0,1.0,665.5210544832695
ceiling,1.0,8,0.03,insertion_order,0.01499971451242851,0.01499971451242851,0.014996171871386348,0.0014996619755538634,0.02849954270889763,5.020305555566059e-07,0.029999496695290874,0.0,0.0,1.0,749.9857256214254,0.015065861375765498,0.015065861375765498,0.015096882471594417,0.0015220063049069534,0.028510641935982666,4.97803521048538e-07,0.029999373482089288,0.0,0.0,1.0,665.2215676131424
ceiling,1.0,8,0.1,arrival_first,0.049989734515199884,0.049989734515199884,0.04998159834705499,0.00497362465399571,0.09498184332904504,2.029978289404729e-06,0.09999792170240956,0.0,0.0,1.0,2499.486725759995,0.05081389307884814,0.05081389307884814,0.0512525830121003,0.00522581792097985,0.09519997515522481,2.372249201428959e-06,0.09999851618030413,0.0,0.0,1.0,2207.329803947097
ceiling,1.0,8,0.1,departure_first,0.049989734515199884,0.049989734515199884,0.04998159834705499,0.00497362465399571,0.09498184332904504,2.029978289404729e-06,0.09999792170240956,0.0,0.0,1.0,2499.486725759995,0.05080285304708544,0.05080285304708544,0.05123150198454397,0.0052200617642220535,0.0952049399875996,2.5128659501535976e-06,0.09999849080435823,0.0,0.0,1.0,2209.867706397196
ceiling,1.0,8,0.1,insertion_order,0.049989734515199884,0.049989734515199884,0.04998159834705499,0.00497362465399571,0.09498184332904504,2.029978289404729e-06,0.09999792170240956,0.0,0.0,1.0,2499.486725759995,0.05081389307884814,0.05081389307884814,0.0512525830121003,0.00522581792097985,0.09519997515522481,2.372249201428959e-06,0.09999851618030413,0.0,0.0,1.0,2207.329803947097
ceiling,1.0,16,1e-05,arrival_first,4.996294230820543e-06,4.996294230820543e-06,4.995019889975083e-06,4.982292754599864e-07,9.498535822179594e-06,2.2379632961625854e-10,9.999738540500403e-06,0.0,0.0,1.0,0.24981471154102716,4.998347688321249e-06,4.998347688321249e-06,4.995184595147558e-06,4.998909192546983e-07,9.499973462174146e-06,2.1614553110301434e-10,9.999746129669742e-06,0.0,0.0,1.0,0.23499479664279804
ceiling,1.0,16,1e-05,departure_first,4.996294230820543e-06,4.996294230820543e-06,4.995019889975083e-06,4.982292754599864e-07,9.498535822179594e-06,2.2379632961625854e-10,9.999738540500403e-06,0.0,0.0,1.0,0.24981471154102716,4.998347688321249e-06,4.998347688321249e-06,4.995184595147558e-06,4.998909192546983e-07,9.499973462174146e-06,2.1614553110301434e-10,9.999746129669742e-06,0.0,0.0,1.0,0.23499479664279804
ceiling,1.0,16,1e-05,insertion_order,4.996294230820543e-06,4.996294230820543e-06,4.995019889975083e-06,4.982292754599864e-07,9.498535822179594e-06,2.2379632961625854e-10,9.999738540500403e-06,0.0,0.0,1.0,0.24981471154102716,4.998347688321249e-06,4.998347688321249e-06,4.995184595147558e-06,4.998909192546983e-07,9.499973462174146e-06,2.1614553110301434e-10,9.999746129669742e-06,0.0,0.0,1.0,0.23499479664279804
ceiling,1.0,16,3e-05,arrival_first,1.4992385874014871e-05,1.4992385874014871e-05,1.498724323028e-05,1.4954162694872747e-06,2.8501929879591137e-05,5.858661703920612e-10,2.9999438296120692e-05,6.666666666666667e-07,0.0,0.9999993333333334,0.7496192937007435,1.500321840374521e-05,1.500321840374521e-05,1.5009112560745792e-05,1.5047478817402023e-06,2.8495897412758435e-05,5.722095295275972e-10,2.9999137129186477e-05,0.0,0.0,1.0,0.7053598481789315
ceiling,1.0,16,3e-05,departure_first,1.4992385874014871e-05,1.4992385874014871e-05,1.498724323028e-05,1.4954162694872747e-06,2.8501929879591137e-05,5.858661703920612e-10,2.9999438296120692e-05,6.666666666666667e-07,0.0,0.9999993333333334,0.7496192937007435,1.5003291125005166e-05,1.5003291125005166e-05,1.5009154662775063e-05,1.5047391754044287e-06,2.8495929719225754e-05,5.722095295275972e-10,2.9999137129186477e-05,0.0,0.0,1.0,0.705358740216626
ceiling,1.0,16,3e-05,insertion_order,1.4992385874014871e-05,1.4992385874014871e-05,1.498724323028e-05,1.4954162694872747e-06,2.8501929879591137e-05,5.858661703920612e-10,2.9999438296120692e-05,6.666666666666667e-07,0.0,0.9999993333333334,0.7496192937007435,1.500321840374521e-05,1.500321840374521e-05,1.5009112560745792e-05,1.5047478817402023e-06,2.8495897412758435e-05,5.722095295275972e-10,2.9999137129186477e-05,0.0,0.0,1.0,0.7053598481789315
ceiling,1.0,16,0.0001,arrival_first,4.9988359886127e-05,4.9988359886127e-05,5.000189591252517e-05,4.999727560364894e-06,9.499499012539066e-05,2.180968294851482e-09,9.999807486262094e-05,0.0,0.0,1.0,2.49941799430635,5.002842003609412e-05,5.002842003609412e-05,5.001810447133655e-05,4.992256774478861e-06,9.500426378281635e-05,2.4754494110072978e-09,9.999751827832771e-05,0.0,0.0,1.0,2.352051249706407
ceiling,1.0,16,0.0001,departure_first,4.9988359886127e-05,4.9988359886127e-05,5.000189591252517e-05,4.999727560364894e-06,9.499499012539066e-05,2.180968294851482e-09,9.999807486262094e-05,0.0,0.0,1.0,2.49941799430635,5.0028581779270907e-05,5.0028581779270907e-05,5.0018364754578675e-05,4.992113847970201e-06,9.500451880154036e-05,2.4754494110072978e-09,9.999751827832771e-05,0.0,0.0,1.0,2.3520554870224077
ceiling,1.0,16,0.0001,insertion_order,4.9988359886127e-05,4.9988359886127e-05,5.000189591252517e-05,4.999727560364894e-06,9.499499012539066e-05,2.180968294851482e-09,9.999807486262094e-05,0.0,0.0,1.0,2.49941799430635,5.002842003609412e-05,5.002842003609412e-05,5.001810447133655e-05,4.992256774478861e-06,9.500426378281635e-05,2.4754494110072978e-09,9.999751827832771e-05,0.0,0.0,1.0,2.352051249706407
ceiling,1.0,16,0.0003,arrival_first,0.00014980322249590305,0.00014980322249590305,0.00014970274379872233,1.492488039275486e-05,0.0002849534785733946,6.542662352633973e-09,0.00029999503943448265,0.0,0.0,1.0,7.4901611247951525,0.00014996697907367418,0.00014996697907367418,0.00014998778993964584,1.4988998783581826e-05,0.0002850346073323101,7.187682828077002e-09,0.0002999945839927201,0.0,0.0,1.0,7.050641674495117
ceiling,1.0,16,0.0003,departure_first,0.00014980322249590305,0.00014980322249590305,0.00014970274379872233,1.492488039275486e-05,0.0002849534785733946,6.542662352633973e-09,0.00029999503943448265,0.0,0.0,1.0,7.4901611247951525,0.00014996684379192448,0.00014996684379192448,0.0001499878656041347,1.498929656896606e-05,0.00028503367615338737,7.187682828077002e-09,0.0002999945839927201,0.0,0.0,1.0,7.050580299290281
ceiling,1.0,16,0.0003,insertion_order,0.00014980322249590305,0.00014980322249590305,0.00014970274379872233,1.492488039275486e-05,0.0002849534785733946,6.542662352633973e-09,0.00029999503943448265,0.0,0.0,1.0,7.4901611247951525,0.00014996697907367418,0.00014996697907367418,0.00014998778993964584,1.4988998783581826e-05,0.0002850346073323101,7.187682828077002e-09,0.0002999945839927201,0.0,0.0,1.0,7.050641674495117
ceiling,1.0,16,0.001,arrival_first,0.0004999937590730327,0.0004999937590730327,0.0004997233054230795,5.0190887786811804e-05,0.0009500807618890878,2.07151060749311e-08,0.0009999768265818905,0.0,0.0,1.0,24.999687953651634,0.0005001445004370388,0.0005001445004370388,0.0005002093286074598,5.0073452441375875e-05,0.000950011187585626,1.8659435693328213e-08,0.0009999841450197126,0.0,0.0,1.0,23.510718681557435
ceiling,1.0,16,0.001,departure_first,0.0004999937590730327,0.0004999937590730327,0.0004997233054230795,5.0190887786811804e-05,0.0009500807618890878,2.07151060749311e-08,0.0009999768265818905,0.0,0.0,1.0,24.999687953651634,0.0005001426893762204,0.0005001426893762204,0.0005002129225673545,5.0077087650223426e-05,0.0009500108700761871,1.8659435693328213e-08,0.0009999841450197126,0.0,0.0,1.0,23.510449323107213
ceiling,1.0,16,0.001,insertion_order,0.0004999937590730327,0.0004999937590730327,0.0004997233054230795,5.0190887786811804e-05,0.0009500807618890878,2.07151060749311e-08,0.0009999768265818905,0.0,0.0,1.0,24.999687953651634,0.0005001445004370388,0.0005001445004370388,0.0005002093286074598,5.0073452441375875e-05,0.000950011187585626,1.8659435693328213e-08,0.0009999841450197126,0.0,0.0,1.0,23.510718681557435
ceiling,1.0,16,0.003,arrival_first,0.0014991744257409148,0.0014991744257409148,0.0014984091407768574,0.00014970375229495403,0.0028491835677596096,4.885414455202408e-08,0.0029999490853091022,0.0,0.0,1.0,74.95872128704575,0.0015004969529028031,0.0015004969529028031,0.0015002176443997337,0.00015072727536748846,0.002850896070852922,6.519458129507679e-08,0.002999965118896221,0.0,0.0,1.0,70.49861629664187
ceiling,1.0,16,0.003,departure_first,0.0014991744257409148,0.0014991744257409148,0.0014984091407768574,0.00014970375229495403,0.0028491835677596096,4.885414455202408e-08,0.0029999490853091022,0.0,0.0,1.0,74.95872128704575,0.0015004350644608766,0.0015004350644608766,0.0015000778151126578,0.00015070267211842386,0.002850862440651593,6.519458129507679e-08,0.002999965118896221,0.0,0.0,1.0,70.4979138723197
ceiling,1.0,16,0.003,insertion_order,0.0014991744257409148,0.0014991744257409148,0.0014984091407768574,0.00014970375229495403,0.0028491835677596096,4.885414455202408e-08,0.0029999490853091022,0.0,0.0,1.0,74.95872128704575,0.0015004969529028031,0.0015004969529028031,0.0015002176443997337,0.00015072727536748846,0.002850896070852922,6.519458129507679e-08,0.002999965118896221,0.0,0.0,1.0,70.49861629664187
ceiling,1.0,16,0.01,arrival_first,0.004999941092412636,0.004999941092412636,0.005001031023296795,0.0005001259961106068,0.009498388625402183,2.417239860127059e-07,0.009999809187290036,0.0,0.0,1.0,249.9970546206318,0.005009259864340377,0.005009259864340377,0.005009169245216886,0.0005031500472065571,0.009502505467674704,2.0299667602326672e-07,0.00999983819578815,0.0,0.0,1.0,234.9634956921404
ceiling,1.0,16,0.01,departure_first,0.004999941092412636,0.004999941092412636,0.005001031023296795,0.0005001259961106068,0.009498388625402183,2.417239860127059e-07,0.009999809187290036,0.0,0.0,1.0,249.9970546206318,0.0050092605766888865,0.0050092605766888865,0.005009175906368523,0.0005031610116635127,0.009502336891599942,2.0299667602326672e-07,0.009999838195666884,0.0,0.0,1.0,234.97987209585023
ceiling,1.0,16,0.01,insertion_order,0.004999941092412636,0.004999941092412636,0.005001031023296795,0.0005001259961106068,0.009498388625402183,2.417239860127059e-07,0.009999809187290036,0.0,0.0,1.0,249.9970546206318,0.005009259864340377,0.005009259864340377,0.005009169245216886,0.000503150047206557,0.009502505467674704,2.0299667602326672e-07,0.00999983819578815,0.0,0.0,1.0,234.9634956921404
ceiling,1.0,16,0.03,arrival_first,0.015004794424010618,0.015004794424010618,0.015009085917715008,0.0015022556182096502,0.028498629577644954,6.365349690895527e-07,0.029999212010261546,0.0,0.0,1.0,750.2397212005309,0.015073336898718249,0.015073336898718249,0.015109891711421214,0.0015247766150954672,0.02851710624198359,5.383973129338693e-07,0.029999344901640905,0.0,0.0,1.0,703.5952255752303
ceiling,1.0,16,0.03,departure_first,0.015004794424010618,0.015004794424010618,0.015009085917715008,0.0015022556182096502,0.028498629577644954,6.365349690895527e-07,0.029999212010261546,0.0,0.0,1.0,750.2397212005309,0.015073383355355326,0.015073383355355326,0.015108981137806007,0.001524897019691542,0.028515424901823457,5.383972523008892e-07,0.02999934813409535,0.0,0.0,1.0,703.6460915383879
ceiling,1.0,16,0.03,insertion_order,0.015004794424010618,0.015004794424010618,0.015009085917715008,0.0015022556182096502,0.028498629577644954,6.365349690895527e-07,0.029999212010261546,0.0,0.0,1.0,750.2397212005309,0.015073336898718249,0.015073336898718249,0.015109891711421214,0.0015247766150954672,0.02851710624198359,5.383973129338693e-07,0.029999344901640905,0.0,0.0,1.0,703.5952255752303
ceiling,1.0,16,0.1,arrival_first,0.05003514109344539,0.05003514109344539,0.05004858077809331,0.004999948937828171,0.09499111867668639,2.6399453114815214e-06,0.09999766243981867,0.0,0.0,1.0,2501.7570546722695,0.05082819082147053,0.05082819082147053,0.05127802520802305,0.00523734630725529,0.09522484172936117,2.202730375647684e-06,0.09999795978770071,0.0,0.0,1.0,2329.111374876882
ceiling,1.0,16,0.1,departure_first,0.05003514109344539,0.05003514109344539,0.05004858077809331,0.004999948937828171,0.09499111867668639,2.6399453114815214e-06,0.09999766243981867,0.0,0.0,1.0,2501.7570546722695,0.0508295287895754,0.0508295287895754,0.05128116380609378,0.0052348534389263564,0.09522726901209674,2.1573257187023262e-06,0.09999787892811107,0.0,0.0,1.0,2329.84396368271
ceiling,1.0,16,0.1,insertion_order,0.05003514109344539,0.05003514109344539,0.05004858077809331,0.004999948937828171,0.09499111867668639,2.6399453114815214e-06,0.09999766243981867,0.0,0.0,1.0,2501.7570546722695,0.05082819082147053,0.05082819082147053,0.05127802520802305,0.00523734630725529,0.09522484172936117,2.202730375647684e-06,0.09999795978770071,0.0,0.0,1.0,2329.111374876882
ceiling,1.1,1,1e-05,arrival_first,5.001874499583816e-06,5.001874499583816e-06,5.002332151586112e-06,4.998565373171005e-07,9.500591013420489e-06,1.6019233347227175e-10,9.999822790026277e-06,6.666666666666667e-07,0.0,0.9999993333333334,0.2500937249791908,4.998897601814532e-06,4.998897601814532e-06,4.997704156124716e-06,4.982399671316315e-07,9.499073767424494e-06,3.7667852286390097e-10,9.999371242025087e-06,0.0,0.0,1.0,0.11894351776943497
ceiling,1.1,1,1e-05,departure_first,5.001874499583816e-06,5.001874499583816e-06,5.002332151586112e-06,4.998565373171005e-07,9.500591013420489e-06,1.6019233347227175e-10,9.999822790026277e-06,6.666666666666667e-07,0.0,0.9999993333333334,0.2500937249791908,4.998897924941409e-06,4.998897924941409e-06,4.997709190682671e-06,4.982441736016188e-07,9.499070619369808e-06,3.7667852286390097e-10,9.999371242025087e-06,0.0,0.0,1.0,0.1189443590536226
ceiling,1.1,1,1e-05,insertion_order,5.001874499583816e-06,5.001874499583816e-06,5.002332151586112e-06,4.998565373171005e-07,9.500591013420489e-06,1.6019233347227175e-10,9.999822790026277e-06,6.666666666666667e-07,0.0,0.9999993333333334,0.2500937249791908,4.998897601814532e-06,4.998897601814532e-06,4.997704156124716e-06,4.982399671316315e-07,9.499073767424494e-06,3.7667852286390097e-10,9.999371242025087e-06,0.0,0.0,1.0,0.11894351776943497
ceiling,1.1,1,3e-05,arrival_first,1.4991479628751525e-05,1.4991479628751525e-05,1.4979532564514859e-05,1.4966461731091843e-06,2.849959362265508e-05,4.61235079759111e-10,2.9999368446927595e-05,6.666666666666667e-07,0.0,0.9999993333333334,0.7495739814375763,1.500507694904108e-05,1.500507694904108e-05,1.5011763910628348e-05,1.5095664858844457e-06,2.8490015801639853e-05,1.277695132739324e-09,2.9998872868615874e-05,0.0,0.0,1.0,0.3570313705753173
ceiling,1.1,1,3e-05,departure_first,1.4991479628751525e-05,1.4991479628751525e-05,1.4979532564514859e-05,1.4966461731091843e-06,2.849959362265508e-05,4.61235079759111e-10,2.9999368446927595e-05,6.666666666666667e-07,0.0,0.9999993333333334,0.7495739814375763,1.500513663082905e-05,1.500513663082905e-05,1.5011740082770606e-05,1.5095760148691305e-06,2.8490001643387784e-05,1.277695132739324e-09,2.9998872868615874e-05,0.0,0.0,1.0,0.3570363031792304
ceiling,1.1,1,3e-05,insertion_order,1.4991479628751525e-05,1.4991479628751525e-05,1.4979532564514859e-05,1.4966461731091843e-06,2.849959362265508e-05,4.61235079759111e-10,2.9999368446927595e-05,6.666666666666667e-07,0.0,0.9999993333333334,0.7495739814375763,1.500507694904108e-05,1.500507694904108e-05,1.5011763910628348e-05,1.5095664858844457e-06,2.8490015801639853e-05,1.277695132739324e-09,2.9998872868615874e-05,0.0,0.0,1.0,0.3570313705753173
ceiling,1.1,1,0.0001,arrival_first,4.998959357607419e-05,4.998959357607419e-05,4.9970995390443326e-05,4.981848987881677e-06,9.500692927455626e-05,2.3764793392426024e-09,9.999830942130454e-05,0.0,0.0,1.0,2.4994796788037092,5.000091353298988e-05,5.000091353298988e-05,5.0001209099625674e-05,5.0240103584330526e-06,9.498057998153348e-05,4.633454914656129e-09,9.999537417717577e-05,0.0,0.0,1.0,1.1896843992362187
ceiling,1.1,1,0.0001,departure_first,4.998959357607419e-05,4.998959357607419e-05,4.9970995390443326e-05,4.981848987881677e-06,9.500692927455626e-05,2.3764793392426024e-09,9.999830942130454e-05,0.0,0.0,1.0,2.4994796788037092,5.0000656974985985e-05,5.0000656974985985e-05,5.000063869224948e-05,5.023640392790806e-06,9.498057848465912e-05,4.633454914656129e-09,9.999537417717577e-05,0.0,0.0,1.0,1.18971493910132
ceiling,1.1,1,0.0001,insertion_order,4.998959357607419e-05,4.998959357607419e-05,4.9970995390443326e-05,4.981848987881677e-06,9.500692927455626e-05,2.3764793392426024e-09,9.999830942130454e-05,0.0,0.0,1.0,2.4994796788037092,5.000091353298988e-05,5.000091353298988e-05,5.0001209099625674e-05,5.0240103584330526e-06,9.498057998153348e-05,4.633454914656129e-09,9.999537417717577e-05,0.0,0.0,1.0,1.1896843992362187
ceiling,1.1,1,0.0003,arrival_first,0.00014988605654670813,0.00014988605654670813,0.00014989558585511986,1.4937106331368948e-05,0.0002849949485107572,6.824696659653758e-09,0.0002999955569066515,0.0,0.0,1.0,7.4943028273354075,0.00014998461324226662,0.00014998461324226662,0.0001500156493079467,1.5046736588700944e-05,0.0002850565145011612,1.4530475162903105e-08,0.0002999818890143571,0.0,0.0,1.0,3.5682502073934756
ceiling,1.1,1,0.0003,departure_first,0.00014988605654670813,0.00014988605654670813,0.00014989558585511986,1.4937106331368948e-05,0.0002849949485107572,6.824696659653758e-09,0.0002999955569066515,0.0,0.0,1.0,7.4943028273354075,0.000149985233977966,0.000149985233977966,0.0001500177090745819,1.5045840969303629e-05,0.0002850579536174777,1.4530475162903105e-08,0.0002999818890143571,0.0,0.0,1.0,3.5688004123978603
ceiling,1.1,1,0.0003,insertion_order,0.00014988605654670813,0.00014988605654670813,0.00014989558585511986,1.4937106331368948e-05,0.0002849949485107572,6.824696659653758e-09,0.0002999955569066515,0.0,0.0,1.0,7.4943028273354075,0.00014998461324226662,0.00014998461324226662,0.0001500156493079467,1.5046736588700944e-05,0.0002850565145011612,1.4530475162903105e-08,0.0002999818890143571,0.0,0.0,1.0,3.5682502073934756
ceiling,1.1,1,0.001,arrival_first,0.0005002284595036715,0.0005002284595036715,0.0005002609956136439,5.018174775614171e-05,0.0009498512657243433,1.5792102203704415e-08,0.0009999771850743855,0.0,0.0,1.0,25.01142297518357,0.0005002082621172314,0.0005002082621172314,0.000500489811802936,4.9908123719894475e-05,0.0009501440286772741,3.742097844881368e-08,0.000999948549082537,0.0,0.0,1.0,11.895806295206986
ceiling,1.1,1,0.001,departure_first,0.0005002284595036715,0.0005002284595036715,0.0005002609956136439,5.018174775614171e-05,0.0009498512657243433,1.5792102203704415e-08,0.0009999771850743855,0.0,0.0,1.0,25.01142297518357,0.0005001955386872877,0.0005001955386872877,0.0005004667434269229,4.986944430526962e-05,0.0009501566019439897,3.742097844881368e-08,0.000999948549082537,0.0,0.0,1.0,11.901789651700758
ceiling,1.1,1,0.001,insertion_order,0.0005002284595036715,0.0005002284595036715,0.0005002609956136439,5.018174775614171e-05,0.0009498512657243433,1.5792102203704415e-08,0.0009999771850743855,0.0,0.0,1.0,25.01142297518357,0.0005002082621172314,0.0005002082621172314,0.000500489811802936,4.9908123719894475e-05,0.0009501440286772741,3.742097844881368e-08,0.000999948549082537,0.0,0.0,1.0,11.895806295206986
ceiling,1.1,1,0.003,arrival_first,0.0014989664595018908,0.0014989664595018908,0.0014986888145358535,0.0001509434255149245,0.0028492802259961533,6.271675374591723e-08,0.0029999283974272354,0.0,0.0,1.0,74.94832297509453,0.0015024745938639126,0.0015024745938639126,0.001503198376621152,0.00014893554189668312,0.0028523942488146775,1.2543100499177544e-07,0.0029998921103271564,0.0,0.0,1.0,35.69251243366475
ceiling,1.1,1,0.003,departure_first,0.0014989664595018908,0.0014989664595018908,0.0014986888145358535,0.0001509434255149245,0.0028492802259961533,6.271675374591723e-08,0.0029999283974272354,0.0,0.0,1.0,74.94832297509453,0.0015024605539828318,0.0015024605539828318,0.00150318680117282,0.0001489349078607899,0.002852445235277822,1.2543100499177544e-07,0.0029998921103271564,0.0,0.0,1.0,35.749022315173576
ceiling,1.1,1,0.003,insertion_order,0.0014989664595018908,0.0014989664595018908,0.0014986888145358535,0.0001509434255149245,0.0028492802259961533,6.271675374591723e-08,0.0029999283974272354,0.0,0.0,1.0,74.94832297509453,0.0015024745938639126,0.0015024745938639126,0.001503198376621152,0.00014893554189668312,0.0028523942488146775,1.2543100499177544e-07,0.0029998921103271564,0.0,0.0,1.0,35.69251243366475
ceiling,1.1,1,0.01,arrival_first,0.004997109792833585,0.004997109792833585,0.004993901456691674,0.0004994220197825902,0.009499655402334306,1.5897254949474396e-07,0.009999741226480788,0.0,0.0,1.0,249.8554896416792,0.005014908726874962,0.005014908726874962,0.005020660530716775,0.0005051577944346589,0.009503639165103375,3.949527060051472e-07,0.00999960506984671,0.0,0.0,1.0,118.69669104008835
ceiling,1.1,1,0.01,departure_first,0.004997109792833585,0.004997109792833585,0.004993901456691674,0.0004994220197825902,0.009499655402334306,1.5897254949474396e-07,0.009999741226480788,0.0,0.0,1.0,249.8554896416792,0.005015133470291991,0.005015133470291991,0.0050209597074046715,0.0005056506876487975,0.00950352651819949,3.949527060051472e-07,0.009999609456118446,0.0,0.0,1.0,119.33021277512053
ceiling,1.1,1,0.01,insertion_order,0.004997109792833585,0.004997109792833585,0.004993901456691674,0.0004994220197825902,0.009499655402334306,1.5897254949474396e-07,0.009999741226480788,0.0,0.0,1.0,249.8554896416792,0.005014908726874962,0.005014908726874962,0.005020660530716775,0.0005051577944346589,0.009503639165103375,3.949527060051472e-07,0.00999960506984671,0.0,0.0,1.0,118.69669104008835
ceiling,1.1,1,0.03,arrival_first,0.01499449645792996,0.01499449645792996,0.014981103808319554,0.001496746612063665,0.028493416916664193,5.943792833325764e-07,0.02999941270106016,0.0,0.0,1.0,749.724822896498,0.015078507205616485,0.015078507205616485,0.015111563870460512,0.0015320452549517209,0.028524125754318796,1.0021762087259142e-06,0.029998607134512783,0.0,0.0,1.0,353.2497111679115
ceiling,1.1,1,0.03,departure_first,0.01499449645792996,0.01499449645792996,0.014981103808319554,0.001496746612063665,0.028493416916664193,5.943792833325764e-07,0.02999941270106016,0.0,0.0,1.0,749.724822896498,0.015080966141111223,0.015080966141111223,0.015108799977217717,0.0015342174291060702,0.028524621596517023,1.0544823858840008e-06,0.0299986920390249,0.0,0.0,1.0,358.76611024568535
ceiling,1.1,1,0.03,insertion_order,0.01499449645792996,0.01499449645792996,0.014981103808319554,0.001496746612063665,0.028493416916664193,5.943792833325764e-07,0.02999941270106016,0.0,0.0,1.0,749.724822896498,0.015078507205616485,0.015078507205616485,0.015111563870460512,0.0015320452549517209,0.028524125754318796,1.0021762087259142e-06,0.029998607134512783,0.0,0.0,1.0,353.2497111679115
ceiling,1.1,1,0.1,arrival_first,0.04996927646044575,0.04996927646044575,0.04996314906755591,0.004991580329390976,0.09498373104211016,1.5980922398739494e-06,0.09999815074382544,0.0,0.0,1.0,2498.463823022287,0.05079295474450449,0.05079295474450449,0.05121041852069238,0.005193084517750081,0.0952406778732716,3.864355870083121e-06,0.09999461076658696,0.0,0.0,1.0,1147.0066745150782
ceiling,1.1,1,0.1,departure_first,0.04996927646044575,0.04996927646044575,0.04996314906755591,0.004991580329390976,0.09498373104211016,1.5980922398739494e-06,0.09999815074382544,0.0,0.0,1.0,2498.463823022287,0.050798210681814476,0.050798210681814476,0.05122891514158851,0.005207724989506682,0.09523392168681824,2.886809411928315e-06,0.09999493669775814,0.0,0.0,1.0,1207.528672225514
ceiling,1.1,1,0.1,insertion_order,0.04996927646044575,0.04996927646044575,0.04996314906755591,0.004991580329390976,0.09498373104211016,1.5980922398739494e-06,0.09999815074382544,0.0,0.0,1.0,2498.463823022287,0.05079295474450449,0.05079295474450449,0.05121041852069238,0.005193084517750081,0.0952406778732716,3.864355870083121e-06,0.09999461076658696,0.0,0.0,1.0,1147.0066745150782
ceiling,1.1,4,1e-05,arrival_first,4.998713529169739e-06,4.998713529169739e-06,4.996529196432675e-06,5.006242433106915e-07,9.499441231734333e-06,2.4244097100260357e-10,9.99977773972205e-06,6.666666666666667e-07,0.0,0.9999993333333334,0.24993567645848694,5.002227244688042e-06,5.002227244688042e-06,5.003056696650914e-06,5.044317967653419e-07,9.500835389761966e-06,3.059881925962515e-10,9.999719562785054e-06,0.0,0.0,1.0,0.19013877259397963
ceiling,1.1,4,1e-05,departure_first,4.998713529169739e-06,4.998713529169739e-06,4.996529196432675e-06,5.006242433106915e-07,9.499441231734333e-06,2.4244097100260357e-10,9.99977773972205e-06,6.666666666666667e-07,0.0,0.9999993333333334,0.24993567645848694,5.002231558499445e-06,5.002231558499445e-06,5.003068509035318e-06,5.044317967653419e-07,9.500835389761966e-06,3.059881925962515e-10,9.999719562785054e-06,0.0,0.0,1.0,0.19013893640665383
ceiling,1.1,4,1e-05,insertion_order,4.998713529169739e-06,4.998713529169739e-06,4.996529196432675e-06,5.006242433106915e-07,9.499441231734333e-06,2.4244097100260357e-10,9.99977773972205e-06,6.666666666666667e-07,0.0,0.9999993333333334,0.24993567645848694,5.002227244688042e-06,5.002227244688042e-06,5.003056696650914e-06,5.044317967653419e-07,9.500835389761966e-06,3.059881925962515e-10,9.999719562785054e-06,0.0,0.0,1.0,0.19013877259397963
ceiling,1.1,4,3e-05,arrival_first,1.4991691990971958e-05,1.4991691990971958e-05,1.4984724036063805e-05,1.4955518736314846e-06,2.8498545173836946e-05,7.083144737407565e-10,2.99993650817972e-05,0.0,0.0,1.0,0.7495845995485979,1.5015987342688288e-05,1.5015987342688288e-05,1.5023700200040488e-05,1.5088110031990545e-06,2.8498430296583728e-05,9.010877448136408e-10,2.9999351637100814e-05,0.0,0.0,1.0,0.5707772793246985
ceiling,1.1,4,3e-05,departure_first,1.4991691990971958e-05,1.4991691990971958e-05,1.4984724036063805e-05,1.4955518736314846e-06,2.8498545173836946e-05,7.083144737407565e-10,2.99993650817972e-05,0.0,0.0,1.0,0.7495845995485979,1.5015980333866236e-05,1.5015980333866236e-05,1.5023513185925299e-05,1.5087958895496948e-06,2.8498434085271933e-05,9.010877448136408e-10,2.9999351637100814e-05,0.0,0.0,1.0,0.5707769859238094
ceiling,1.1,4,3e-05,insertion_order,1.4991691990971958e-05,1.4991691990971958e-05,1.4984724036063805e-05,1.4955518736314846e-06,2.8498545173836946e-05,7.083144737407565e-10,2.99993650817972e-05,0.0,0.0,1.0,0.7495845995485979,1.5015987342688288e-05,1.5015987342688288e-05,1.5023700200040488e-05,1.5088110031990545e-06,2.8498430296583728e-05,9.010877448136408e-10,2.9999351637100814e-05,0.0,0.0,1.0,0.5707772793246985
ceiling,1.1,4,0.0001,arrival_first,5.0005125940038244e-05,5.0005125940038244e-05,4.999252291781886e-05,5.011886028114532e-06,9.498211902155161e-05,1.8028610308344165e-09,9.999770224264163e-05,0.0,0.0,1.0,2.500256297001912,4.9948922902604996e-05,4.9948922902604996e-05,4.9900498305216595e-05,5.002445988460171e-06,9.498057311918343e-05,1.946440240235825e-09,9.999815173268913e-05,0.0,0.0,1.0,1.8986070397386001
ceiling,1.1,4,0.0001,departure_first,5.0005125940038244e-05,5.0005125940038244e-05,4.999252291781886e-05,5.011886028114532e-06,9.498211902155161e-05,1.8028610308344165e-09,9.999770224264163e-05,0.0,0.0,1.0,2.500256297001912,4.994890037114187e-05,4.994890037114187e-05,4.989989022620468e-05,5.002074730983837e-06,9.498022507610096e-05,1.946440240235825e-09,9.999815173268913e-05,0.0,0.0,1.0,1.8986144986714106
ceiling,1.1,4,0.0001,insertion_order,5.0005125940038244e-05,5.0005125940038244e-05,4.999252291781886e-05,5.011886028114532e-06,9.498211902155161e-05,1.8028610308344165e-09,9.999770224264163e-05,0.0,0.0,1.0,2.500256297001912,4.9948922902604996e-05,4.9948922902604996e-05,4.9900498305216595e-05,5.002445988460171e-06,9.498057311918343e-05,1.946440240235825e-09,9.999815173268913e-05,0.0,0.0,1.0,1.8986070397386001
ceiling,1.1,4,0.0003,arrival_first,0.00015006718890989517,0.00015006718890989517,0.00015004297655044259,1.5102919555829431e-05,0.00028497591843309534,6.580830813618377e-09,0.0002999932762880538,0.0,0.0,1.0,7.503359445494758,0.00014997190531492038,0.00014997190531492038,0.00014995939693596404,1.5039546037780837e-05,0.0002850259103067001,5.18972846155763e-09,0.0002999939003890594,0.0,0.0,1.0,5.700498392965531
ceiling,1.1,4,0.0003,departure_first,0.00015006718890989517,0.00015006718890989517,0.00015004297655044259,1.5102919555829431e-05,0.00028497591843309534,6.580830813618377e-09,0.0002999932762880538,0.0,0.0,1.0,7.503359445494758,0.00014997214922158624,0.00014997214922158624,0.00014995978394564827,1.5039592882223335e-05,0.00028502300346031615,5.18972846155763e-09,0.0002999939003890594,0.0,0.0,1.0,5.7006723034459705
ceiling,1.1,4,0.0003,insertion_order,0.00015006718890989517,0.00015006718890989517,0.00015004297655044259,1.5102919555829431e-05,0.00028497591843309534,6.580830813618377e-09,0.0002999932762880538,0.0,0.0,1.0,7.503359445494758,0.00014997190531492038,0.00014997190531492038,0.00014995939693596404,1.5039546037780837e-05,0.0002850259103067001,5.18972846155763e-09,0.0002999939003890594,0.0,0.0,1.0,5.700498392965531
ceiling,1.1,4,0.001,arrival_first,0.0005000354585348893,0.0005000354585348893,0.0004999676783578858,5.017538832059169e-05,0.0009502326461279152,1.9776931973562266e-08,0.0009999777020614905,0.0,0.0,1.0,25.001772926744465,0.000500601967600632,0.000500601967600632,0.0005012337754952124,4.994505675561968e-05,0.000950018059351095,2.3410696763555745e-08,0.000999980055832976,0.0,0.0,1.0,19.025393171324232
ceiling,1.1,4,0.001,departure_first,0.0005000354585348893,0.0005000354585348893,0.0004999676783578858,5.017538832059169e-05,0.0009502326461279152,1.9776931973562266e-08,0.0009999777020614905,0.0,0.0,1.0,25.001772926744465,0.0005005917080938147,0.0005005917080938147,0.0005012397387621729,4.994155980692838e-05,0.0009500008184742484,2.3410696763555745e-08,0.000999980055832976,0.0,0.0,1.0,19.02500598710927
ceiling,1.1,4,0.001,insertion_order,0.0005000354585348893,0.0005000354585348893,0.0004999676783578858,5.017538832059169e-05,0.0009502326461279152,1.9776931973562266e-08,0.0009999777020614905,0.0,0.0,1.0,25.001772926744465,0.000500601967600632,0.000500601967600632,0.0005012337754952124,4.994505675561968e-05,0.000950018059351095,2.3410696763555745e-08,0.000999980055832976,0.0,0.0,1.0,19.025393171324232
ceiling,1.1,4,0.003,arrival_first,0.0015005647918658784,0.0015005647918658784,0.0015006778039302541,0.00015011601605541123,0.002849985656513733,6.294018627765277e-08,0.002999921817718132,0.0,0.0,1.0,75.02823959329392,0.0015009857837621097,0.0015009857837621097,0.0015021842515862923,0.0001507029211617914,0.002851103144233369,6.444911114800629e-08,0.0029999444593836353,0.0,0.0,1.0,57.01535172335572
ceiling,1.1,4,0.003,departure_first,0.0015005647918658784,0.0015005647918658784,0.0015006778039302541,0.00015011601605541123,0.002849985656513733,6.294018627765277e-08,0.002999921817718132,0.0,0.0,1.0,75.02823959329392,0.0015010036590161241,0.0015010036590161241,0.0015021805585149748,0.0001507341345520718,0.0028510874932057124,6.444911114800629e-08,0.0029999444591411037,0.0,0.0,1.0,57.029294390393154
ceiling,1.1,4,0.003,insertion_order,0.0015005647918658784,0.0015005647918658784,0.0015006778039302541,0.00015011601605541123,0.002849985656513733,6.294018627765277e-08,0.002999921817718132,0.0,0.0,1.0,75.02823959329392,0.0015009857837621097,0.0015009857837621097,0.0015021842515862923,0.0001507029211617914,0.002851103144233369,6.444911114800629e-08,0.0029999444593836353,0.0,0.0,1.0,57.01535172335572
ceiling,1.1,4,0.01,arrival_first,0.005000004125194911,0.005000004125194911,0.005001709623805558,0.0004974521784257983,0.009502025186843639,2.609527958459997e-07,0.009999820012520406,0.0,0.0,1.0,250.0002062597455,0.005015255710457324,0.005015255710457324,0.005021324740865566,0.0005066593153705664,0.009504105380330438,2.904659113061916e-07,0.009999761959767267,0.0,0.0,1.0,190.1602011275043
ceiling,1.1,4,0.01,departure_first,0.005000004125194911,0.005000004125194911,0.005001709623805558,0.0004974521784257983,0.009502025186843639,2.609527958459997e-07,0.009999820012520406,0.0,0.0,1.0,250.0002062597455,0.005015225788193628,0.005015225788193628,0.0050210593071564336,0.0005066329732285056,0.009504332923037689,2.904659113061916e-07,0.0099997700366156,0.0,0.0,1.0,190.26672244738901
ceiling,1.1,4,0.01,insertion_order,0.005000004125194911,0.005000004125194911,0.005001709623805558,0.0004974521784257983,0.009502025186843639,2.609527958459997e-07,0.009999820012520406,0.0,0.0,1.0,250.0002062597455,0.005015255710457324,0.005015255710457324,0.005021324740865566,0.0005066593153705664,0.009504105380330438,2.904659113061916e-07,0.009999761959767267,0.0,0.0,1.0,190.1602011275043
ceiling,1.1,4,0.03,arrival_first,0.015000790790293603,0.015000790790293603,0.01501380200896468,0.0014938674205268398,0.02849493170925143,4.615149615953366e-07,0.029999464551929124,0.0,0.0,1.0,750.0395395146802,0.015075177261993361,0.015075177261993361,0.01510868191085862,0.001525851003564436,0.028530172762731388,8.235775943358133e-07,0.02999931645120673,0.0,0.0,1.0,569.039182795764
ceiling,1.1,4,0.03,departure_first,0.015000790790293603,0.015000790790293603,0.01501380200896468,0.0014938674205268398,0.02849493170925143,4.615149615953366e-07,0.029999464551929124,0.0,0.0,1.0,750.0395395146802,0.0150738445857392,0.0150738445857392,0.015106843604029247,0.0015275012759892786,0.028529606956230295,8.235775943358133e-07,0.029999318010458704,0.0,0.0,1.0,569.8130911769255
ceiling,1.1,4,0.03,insertion_order,0.015000790790293603,0.015000790790293603,0.01501380200896468,0.0014938674205268398,0.02849493170925143,4.615149615953366e-07,0.029999464551929124,0.0,0.0,1.0,750.0395395146802,0.015075177261993361,0.015075177261993361,0.01510868191085862,0.001525851003564436,0.028530172762731388,8.235775943358133e-07,0.02999931645120673,0.0,0.0,1.0,569.039182795764
ceiling,1.1,4,0.1,arrival_first,0.050010830792811385,0.050010830792811385,0.05000361236930075,0.005023905018397274,0.0949951202723211,2.195871699465594e-06,0.09999732683051359,0.0,0.0,1.0,2500.5415396405688,0.05084612279962028,0.05084612279962028,0.051265507984202055,0.005271575576352754,0.0952363494154733,3.07236711703703e-06,0.09999625651778506,0.0,0.0,1.0,1886.6343110924354
ceiling,1.1,4,0.1,departure_first,0.050010830792811385,0.050010830792811385,0.05000361236930075,0.005023905018397274,0.0949951202723211,2.195871699465594e-06,0.09999732683051359,0.0,0.0,1.0,2500.5415396405688,0.050852143174091084,0.050852143174091084,0.05127223650948642,0.005273728027012662,0.09522987589060102,3.127991821244569e-06,0.09999638819713726,0.0,0.0,1.0,1895.5271851787916
ceiling,1.1,4,0.1,insertion_order,0.050010830792811385,0.050010830792811385,0.05000361236930075,0.005023905018397274,0.0949951202723211,2.195871699465594e-06,0.09999732683051359,0.0,0.0,1.0,2500.5415396405688,0.05084612279962028,0.05084612279962028,0.051265507984202055,0.005271575576352754,0.0952363494154733,3.07236711703703e-06,0.09999625651778506,0.0,0.0,1.0,1886.6343110924354
ceiling,1.1,8,1e-05,arrival_first,4.999688031734573e-06,4.999688031734573e-06,5.000205298226016e-06,4.991232526663226e-07,9.496709916068841e-06,1.813532435335219e-10,9.99977395016079e-06,0.0,0.0,1.0,0.2499844015867287,5.0005009149675195e-06,5.0005009149675195e-06,5.000047017495133e-06,5.009820546213716e-07,9.499416322457343e-06,1.909559871338118e-10,9.999826037526231e-06,0.0,0.0,1.0,0.21067876254388518
ceiling,1.1,8,1e-05,departure_first,4.999688031734573e-06,4.999688031734573e-06,5.000205298226016e-06,4.991232526663226e-07,9.496709916068841e-06,1.813532435335219e-10,9.99977395016079e-06,0.0,0.0,1.0,0.2499844015867287,5.000510994849069e-06,5.000510994849069e-06,5.000053927019475e-06,5.009691116794683e-07,9.499415077487152e-06,1.909559871338118e-10,9.999826037526231e-06,0.0,0.0,1.0,0.2106796860675377
ceiling,1.1,8,1e-05,insertion_order,4.999688031734573e-06,4.999688031734573e-06,5.000205298226016e-06,4.991232526663226e-07,9.496709916068841e-06,1.813532435335219e-10,9.99977395016079e-06,0.0,0.0,1.0,0.2499844015867287,5.0005009149675195e-06,5.0005009149675195e-06,5.000047017495133e-06,5.009820546213716e-07,9.499416322457343e-06,1.909559871338118e-10,9.999826037526231e-06,0.0,0.0,1.0,0.21067876254388518
ceiling,1.1,8,3e-05,arrival_first,1.4992239824276111e-05,1.4992239824276111e-05,1.4986870261661049e-05,1.4975101839809214e-06,2.8499170175564357e-05,6.812721646080415e-10,2.9999416437931358e-05,0.0,0.0,1.0,0.7496119912138056,1.4996701825248738e-05,1.4996701825248738e-05,1.498732934396343e-05,1.5081996215492225e-06,2.8494066861952253e-05,7.411935090098804e-10,2.99992482926383e-05,0.0,0.0,1.0,0.6318209306149571
ceiling,1.1,8,3e-05,departure_first,1.4992239824276111e-05,1.4992239824276111e-05,1.4986870261661049e-05,1.4975101839809214e-06,2.8499170175564357e-05,6.812721646080415e-10,2.9999416437931358e-05,0.0,0.0,1.0,0.7496119912138056,1.4996727032748793e-05,1.4996727032748793e-05,1.4987451481964531e-05,1.5081852617151078e-06,2.8494175111616927e-05,7.411935090098804e-10,2.99992482926383e-05,0.0,0.0,1.0,0.6318214926948919
ceiling,1.1,8,3e-05,insertion_order,1.4992239824276111e-05,1.4992239824276111e-05,1.4986870261661049e-05,1.4975101839809214e-06,2.8499170175564357e-05,6.812721646080415e-10,2.9999416437931358e-05,0.0,0.0,1.0,0.7496119912138056,1.4996701825248738e-05,1.4996701825248738e-05,1.498732934396343e-05,1.5081996215492225e-06,2.8494066861952253e-05,7.411935090098804e-10,2.99992482926383e-05,0.0,0.0,1.0,0.6318209306149571
ceiling,1.1,8,0.0001,arrival_first,4.999526044146963e-05,4.999526044146963e-05,4.9974320609180724e-05,4.999066982236401e-06,9.499014166825266e-05,1.9738157182776678e-09,9.999801198622057e-05,0.0,0.0,1.0,2.4997630220734814,5.001523706101675e-05,5.001523706101675e-05,5.002950826463679e-05,4.995096816745373e-06,9.504147844570947e-05,2.178433770062364e-09,9.999806219447039e-05,0.0,0.0,1.0,2.1070792931129954
ceiling,1.1,8,0.0001,departure_first,4.999526044146963e-05,4.999526044146963e-05,4.9974320609180724e-05,4.999066982236401e-06,9.499014166825266e-05,1.9738157182776678e-09,9.999801198622057e-05,0.0,0.0,1.0,2.4997630220734814,5.001533422358872e-05,5.001533422358872e-05,5.002817661487665e-05,4.995085191229984e-06,9.504150593543352e-05,2.178433770062364e-09,9.999806219447039e-05,0.0,0.0,1.0,2.1070784482677323
ceiling,1.1,8,0.0001,insertion_order,4.999526044146963e-05,4.999526044146963e-05,4.9974320609180724e-05,4.999066982236401e-06,9.499014166825266e-05,1.9738157182776678e-09,9.999801198622057e-05,0.0,0.0,1.0,2.4997630220734814,5.001523706101675e-05,5.001523706101675e-05,5.002950826463679e-05,4.995096816745373e-06,9.504147844570947e-05,2.178433770062364e-09,9.999806219447039e-05,0.0,0.0,1.0,2.1070792931129954
ceiling,1.1,8,0.0003,arrival_first,0.00015011865674412366,0.00015011865674412366,0.00015025394131953362,1.4972806043260791e-05,0.00028503528794468974,5.0379033685506634e-09,0.00029999329074901956,0.0,0.0,1.0,7.505932837206183,0.00015006108070101903,0.00015006108070101903,0.00015006558657853453,1.4932730611359002e-05,0.0002851289554613824,4.261148919941967e-09,0.0002999924091654551,0.0,0.0,1.0,6.3217988037168915
ceiling,1.1,8,0.0003,departure_first,0.00015011865674412366,0.00015011865674412366,0.00015025394131953362,1.4972806043260791e-05,0.00028503528794468974,5.0379033685506634e-09,0.00029999329074901956,0.0,0.0,1.0,7.505932837206183,0.00015006158019521652,0.00015006158019521652,0.0001500660898638253,1.4930716279853053e-05,0.00028512894286873626,4.261118603451908e-09,0.0002999924091654551,0.0,0.0,1.0,6.3218798182429765
ceiling,1.1,8,0.0003,insertion_order,0.00015011865674412366,0.00015011865674412366,0.00015025394131953362,1.4972806043260791e-05,0.00028503528794468974,5.0379033685506634e-09,0.00029999329074901956,0.0,0.0,1.0,7.505932837206183,0.00015006108070101903,0.00015006108070101903,0.00015006558657853453,1.4932730611359002e-05,0.0002851289554613824,4.261148919941967e-09,0.0002999924091654551,0.0,0.0,1.0,6.3217988037168915
ceiling,1.1,8,0.001,arrival_first,0.0004999538596992619,0.0004999538596992619,0.000499897409751308,4.993761449895828e-05,0.000950055926779593,1.9026416945659245e-08,0.0009999724879283653,0.0,0.0,1.0,24.99769298496309,0.0004999275326578425,0.0004999275326578425,0.0004993950365961702,5.00242120996185e-05,0.0009500232000974269,1.658942085138356e-08,0.000999973438381288,0.0,0.0,1.0,21.05830135397171
ceiling,1.1,8,0.001,departure_first,0.0004999538596992619,0.0004999538596992619,0.000499897409751308,4.993761449895828e-05,0.000950055926779593,1.9026416945659245e-08,0.0009999724879283653,0.0,0.0,1.0,24.99769298496309,0.0004999378436981968,0.0004999378436981968,0.0004993955548688987,5.002171095223743e-05,0.0009500284942424159,1.658942085138356e-08,0.000999973438381288,0.0,0.0,1.0,21.058796983725262
ceiling,1.1,8,0.001,insertion_order,0.0004999538596992619,0.0004999538596992619,0.000499897409751308,4.993761449895828e-05,0.000950055926779593,1.9026416945659245e-08,0.0009999724879283653,0.0,0.0,1.0,24.99769298496309,0.0004999275326578425,0.0004999275326578425,0.0004993950365961702,5.00242120996185e-05,0.0009500232000974269,1.658942085138356e-08,0.000999973438381288,0.0,0.0,1.0,21.05830135397171
ceiling,1.1,8,0.003,arrival_first,0.0014995718597001185,0.0014995718597001185,0.001498681730890894,0.00015097494906058273,0.0028497668343031054,5.068010674828353e-08,0.0029999189998610137,0.0,0.0,1.0,74.97859298500592,0.001500842487838094,0.001500842487838094,0.001500780548627311,0.0001500386814149214,0.0028502890867104914,7.567634279087577e-08,0.002999920687859308,0.0,0.0,1.0,63.192590338336586
ceiling,1.1,8,0.003,departure_first,0.0014995718597001185,0.0014995718597001185,0.001498681730890894,0.00015097494906058273,0.0028497668343031054,5.068010674828353e-08,0.0029999189998610137,0.0,0.0,1.0,74.97859298500592,0.0015008118122541573,0.0015008118122541573,0.0015007583933201347,0.00015008466127985057,0.002850285429901364,7.567634279087577e-08,0.002999920687859308,0.0,0.0,1.0,63.190547839122814
ceiling,1.1,8,0.003,insertion_order,0.0014995718597001185,0.0014995718597001185,0.001498681730890894,0.00015097494906058273,0.0028497668343031054,5.068010674828353e-08,0.0029999189998610137,0.0,0.0,1.0,74.97859298500592,0.001500842487838094,0.001500842487838094,0.001500780548627311,0.0001500386814149214,0.0028502890867104914,7.567634279087577e-08,0.002999920687859308,0.0,0.0,1.0,63.192590338336586
ceiling,1.1,8,0.01,arrival_first,0.004999005859700586,0.004999005859700586,0.0049994653506473695,0.0005026701313969777,0.009498116649198588,2.2087294079634982e-07,0.009999793233691889,0.0,0.0,1.0,249.95029298502925,0.0050080975582524724,0.0050080975582524724,0.005017895818450837,0.0005004610227766098,0.009500705108614513,2.3308968572569034e-07,0.009999700041090789,0.0,0.0,1.0,210.4766715345869
ceiling,1.1,8,0.01,departure_first,0.004999005859700586,0.004999005859700586,0.0049994653506473695,0.0005026701313969777,0.009498116649198588,2.2087294079634982e-07,0.009999793233691889,0.0,0.0,1.0,249.95029298502925,0.005008381506746853,0.005008381506746853,0.005017593839336668,0.0005004557345230439,0.009500453615436598,2.3263793333278918e-07,0.009999677023990213,0.0,0.0,1.0,210.53117464240447
ceiling,1.1,8,0.01,insertion_order,0.004999005859700586,0.004999005859700586,0.0049994653506473695,0.0005026701313969777,0.009498116649198588,2.2087294079634982e-07,0.009999793233691889,0.0,0.0,1.0,249.95029298502925,0.0050080975582524724,0.0050080975582524724,0.005017895818450837,0.0005004610227766098,0.009500705108614513,2.3308968572569034e-07,0.009999700041090789,0.0,0.0,1.0,210.4766715345869
ceiling,1.1,8,0.03,arrival_first,0.015002425858126339,0.015002425858126339,0.014998745459524798,0.0015008769091643143,0.02849537699833945,4.4770852885752296e-07,0.029999427771417685,0.0,0.0,1.0,750.121292906317,0.015065410961555845,0.015065410961555845,0.01510323660272244,0.0015168031216027335,0.028517033394551892,6.720236207956541e-07,0.02999939999861617,0.0,0.0,1.0,629.3913537936427
ceiling,1.1,8,0.03,departure_first,0.015002425858126339,0.015002425858126339,0.014998745459524798,0.0015008769091643143,0.02849537699833945,4.4770852885752296e-07,0.029999427771417685,0.0,0.0,1.0,750.121292906317,0.015065989465146827,0.015065989465146827,0.015104229170067728,0.001515882133051129,0.028515872455021064,6.861172353887316e-07,0.02999940807822617,0.0,0.0,1.0,629.5762888215153
ceiling,1.1,8,0.03,insertion_order,0.015002425858126339,0.015002425858126339,0.014998745459524798,0.0015008769091643143,0.02849537699833945,4.4770852885752296e-07,0.029999427771417685,0.0,0.0,1.0,750.121292906317,0.015065410961555845,0.015065410961555845,0.01510323660272244,0.0015168031216027335,0.028517033394551892,6.720236207956541e-07,0.02999939999861617,0.0,0.0,1.0,629.3913537936427
ceiling,1.1,8,0.1,arrival_first,0.04997655252731272,0.04997655252731272,0.04995503945178825,0.005008617302790602,0.09498434903921102,1.902785000614434e-06,0.09999679353325822,0.0,0.0,1.0,2498.827626365636,0.050853034442886136,0.050853034442886136,0.051252878839364684,0.005263013736848859,0.09523945220203318,3.205212308345547e-06,0.09999769699804077,0.0,0.0,1.0,2080.8763207071574
ceiling,1.1,8,0.1,departure_first,0.04997655252731272,0.04997655252731272,0.04995503945178825,0.005008617302790602,0.09498434903921102,1.902785000614434e-06,0.09999679353325822,0.0,0.0,1.0,2498.827626365636,0.050858601051165235,0.050858601051165235,0.05126027732531027,0.005271195990464088,0.09524341219528738,3.3301736433385964e-06,0.09999763343779074,0.0,0.0,1.0,2083.186683168166
ceiling,1.1,8,0.1,insertion_order,0.04997655252731272,0.04997655252731272,0.04995503945178825,0.005008617302790602,0.09498434903921102,1.902785000614434e-06,0.09999679353325822,0.0,0.0,1.0,2498.827626365636,0.050853034442886136,0.050853034442886136,0.051252878839364684,0.005263013736848859,0.09523945220203318,3.205212308345547e-06,0.09999769699804077,0.0,0.0,1.0,2080.8763207071574
ceiling,1.1,16,1e-05,arrival_first,4.998900467381948e-06,4.998900467381948e-06,4.998761460228706e-06,4.98683595348363e-07,9.496579526360923e-06,1.98785225317503e-10,9.999802174813037e-06,6.666666666666667e-07,0.0,0.9999993333333334,0.24994502336909744,5.003275689899054e-06,5.003275689899054e-06,5.006056061970567e-06,4.976800706824625e-07,9.500981223652035e-06,2.945605534950454e-10,9.999764957941554e-06,0.0,0.0,1.0,0.2221703698728908
ceiling,1.1,16,1e-05,departure_first,4.998900467381948e-06,4.998900467381948e-06,4.998761460228706e-06,4.98683595348363e-07,9.496579526360923e-06,1.98785225317503e-10,9.999802174813037e-06,6.666666666666667e-07,0.0,0.9999993333333334,0.24994502336909744,5.003268018012201e-06,5.003268018012201e-06,5.006094468987948e-06,4.976614436442145e-07,9.500981216875372e-06,2.945605534950454e-10,9.999764957941554e-06,0.0,0.0,1.0,0.2221701877247318
ceiling,1.1,16,1e-05,insertion_order,4.998900467381948e-06,4.998900467381948e-06,4.998761460228706e-06,4.98683595348363e-07,9.496579526360923e-06,1.98785225317503e-10,9.999802174813037e-06,6.666666666666667e-07,0.0,0.9999993333333334,0.24994502336909744,5.003275689899054e-06,5.003275689899054e-06,5.006056061970567e-06,4.976800706824625e-07,9.500981223652035e-06,2.945605534950454e-10,9.999764957941554e-06,0.0,0.0,1.0,0.2221703698728908
ceiling,1.1,16,3e-05,arrival_first,1.500156559207365e-05,1.500156559207365e-05,1.5010677558772538e-05,1.5010182293432688e-06,2.8495097420394205e-05,6.731473452722033e-10,2.999927404137755e-05,0.0,0.0,1.0,0.7500782796036826,1.5000740320725464e-05,1.5000740320725464e-05,1.5010538196611663e-05,1.4988527708753962e-06,2.8504793051785327e-05,7.999964525319999e-10,2.9999429819059276e-05,0.0,0.0,1.0,0.6659905885380696
ceiling,1.1,16,3e-05,departure_first,1.500156559207365e-05,1.500156559207365e-05,1.5010677558772538e-05,1.5010182293432688e-06,2.8495097420394205e-05,6.731473452722033e-10,2.999927404137755e-05,0.0,0.0,1.0,0.7500782796036826,1.5000960201884682e-05,1.5000960201884682e-05,1.501087626699585e-05,1.4988640585368497e-06,2.850488618045896e-05,7.999964525319999e-10,2.9999429819059276e-05,0.0,0.0,1.0,0.6660017614312796
ceiling,1.1,16,3e-05,insertion_order,1.500156559207365e-05,1.500156559207365e-05,1.5010677558772538e-05,1.5010182293432688e-06,2.8495097420394205e-05,6.731473452722033e-10,2.999927404137755e-05,0.0,0.0,1.0,0.7500782796036826,1.5000740320725464e-05,1.5000740320725464e-05,1.5010538196611663e-05,1.4988527708753962e-06,2.8504793051785327e-05,7.999964525319999e-10,2.9999429819059276e-05,0.0,0.0,1.0,0.6659905885380696
ceiling,1.1,16,0.0001,arrival_first,4.9995459541338276e-05,4.9995459541338276e-05,4.9978560400631975e-05,5.009907442096544e-06,9.503042587311938e-05,2.182150637963787e-09,9.999797002819832e-05,0.0,0.0,1.0,2.4997729770669137,4.99937816939393e-05,4.99937816939393e-05,4.998201183615559e-05,4.991151249864433e-06,9.496687675190206e-05,2.4019903435470077e-09,9.999744561599114e-05,0.0,0.0,1.0,2.21945331986809
ceiling,1.1,16,0.0001,departure_first,4.9995459541338276e-05,4.9995459541338276e-05,4.9978560400631975e-05,5.009907442096544e-06,9.503042587311938e-05,2.182150637963787e-09,9.999797002819832e-05,0.0,0.0,1.0,2.4997729770669137,4.9993948451883675e-05,4.9993948451883675e-05,4.998199486659754e-05,4.991033997871902e-06,9.496680411965113e-05,2.4019903435470077e-09,9.999744561599114e-05,0.0,0.0,1.0,2.219453785956447
ceiling,1.1,16,0.0001,insertion_order,4.9995459541338276e-05,4.9995459541338276e-05,4.9978560400631975e-05,5.009907442096544e-06,9.503042587311938e-05,2.182150637963787e-09,9.999797002819832e-05,0.0,0.0,1.0,2.4997729770669137,4.99937816939393e-05,4.99937816939393e-05,4.998201183615559e-05,4.991151249864433e-06,9.496687675190206e-05,2.4019903435470077e-09,9.999744561599114e-05,0.0,0.0,1.0,2.21945331986809
ceiling,1.1,16,0.0003,arrival_first,0.00014992952250943747,0.00014992952250943747,0.00014994292943507995,1.5043538525484717e-05,0.0002849077110507399,7.013356177291522e-09,0.00029999471438107625,0.0,0.0,1.0,7.496476125471872,0.00015001093510136088,0.00015001093510136088,0.0001500372648131353,1.4959343567763149e-05,0.0002850783718603771,7.733823368868963e-09,0.0002999931305403082,0.0,0.0,1.0,6.659520986884448
ceiling,1.1,16,0.0003,departure_first,0.00014992952250943747,0.00014992952250943747,0.00014994292943507995,1.5043538525484717e-05,0.0002849077110507399,7.013356177291522e-09,0.00029999471438107625,0.0,0.0,1.0,7.496476125471872,0.0001500101194162887,0.0001500101194162887,0.00015003347700117615,1.4958723061075191e-05,0.00028507945733257186,7.733793052378905e-09,0.0002999931305403082,0.0,0.0,1.0,6.659275215072384
ceiling,1.1,16,0.0003,insertion_order,0.00014992952250943747,0.00014992952250943747,0.00014994292943507995,1.5043538525484717e-05,0.0002849077110507399,7.013356177291522e-09,0.00029999471438107625,0.0,0.0,1.0,7.496476125471872,0.00015001093510136088,0.00015001093510136088,0.0001500372648131353,1.4959343567763149e-05,0.0002850783718603771,7.733823368868963e-09,0.0002999931305403082,0.0,0.0,1.0,6.659520986884448
ceiling,1.1,16,0.001,arrival_first,0.0004999131254690456,0.0004999131254690456,0.0004996805925202352,5.019027253032013e-05,0.0009500968185542053,2.4907058104872702e-08,0.0009999802564379934,0.0,0.0,1.0,24.995656273452276,0.0004999773068193518,0.0004999773068193518,0.0005000098871263566,5.0028836490350385e-05,0.0009500701683065706,2.3392544563442346e-08,0.000999978580895279,0.0,0.0,1.0,22.19169914017927
ceiling,1.1,16,0.001,departure_first,0.0004999131254690456,0.0004999131254690456,0.0004996805925202352,5.019027253032013e-05,0.0009500968185542053,2.4907058104872702e-08,0.0009999802564379934,0.0,0.0,1.0,24.995656273452276,0.0004999516515083037,0.0004999516515083037,0.0004999701538994044,5.004426613847845e-05,0.0009500553635410988,2.3392544563442346e-08,0.000999978580895279,0.0,0.0,1.0,22.190297128942895
ceiling,1.1,16,0.001,insertion_order,0.0004999131254690456,0.0004999131254690456,0.0004996805925202352,5.019027253032013e-05,0.0009500968185542053,2.4907058104872702e-08,0.0009999802564379934,0.0,0.0,1.0,24.995656273452276,0.0004999773068193518,0.0004999773068193518,0.0005000098871263566,5.0028836490350385e-05,0.0009500701683065706,2.3392544563442346e-08,0.000999978580895279,0.0,0.0,1.0,22.19169914017927
ceiling,1.1,16,0.003,arrival_first,0.0015003411254694535,0.0015003411254694535,0.0015006037112925696,0.0001503358479309706,0.0028499489449723115,9.34463362985601e-08,0.002999924850670747,0.0,0.0,1.0,75.01705627347268,0.0014994859970489632,0.0014994859970489632,0.0014998261951070775,0.00014998179971825832,0.0028492620091679793,6.728960789646742e-08,0.002999915318286382,0.0,0.0,1.0,66.52611385806064
ceiling,1.1,16,0.003,departure_first,0.0015003411254694535,0.0015003411254694535,0.0015006037112925696,0.0001503358479309706,0.0028499489449723115,9.34463362985601e-08,0.002999924850670747,0.0,0.0,1.0,75.01705627347268,0.001499490737912442,0.001499490737912442,0.0014999410348445002,0.00015002498708515074,0.002849253193198162,6.728942599752707e-08,0.0029999153182257493,0.0,0.0,1.0,66.52898450729535
ceiling,1.1,16,0.003,insertion_order,0.0015003411254694535,0.0015003411254694535,0.0015006037112925696,0.0001503358479309706,0.0028499489449723115,9.34463362985601e-08,0.002999924850670747,0.0,0.0,1.0,75.01705627347268,0.0014994859970489632,0.0014994859970489632,0.0014998261951070775,0.00014998179971825832,0.0028492620091679793,6.728960789646742e-08,0.002999915318286382,0.0,0.0,1.0,66.52611385806064
ceiling,1.1,16,0.01,arrival_first,0.004998523792133385,0.004998523792133385,0.004994346456078347,0.0004999564794131099,0.009499766626536257,2.72811727578907e-07,0.009999785159106978,0.0,0.0,1.0,249.92618960666923,0.005005925691066806,0.005005925691066806,0.00500884582550363,0.0004994983794608731,0.009502776923938612,2.15053757384361e-07,0.009999710255307501,0.0,0.0,1.0,221.48882575685425
ceiling,1.1,16,0.01,departure_first,0.004998523792133385,0.004998523792133385,0.004994346456078347,0.0004999564794131099,0.009499766626536257,2.72811727578907e-07,0.009999785159106978,0.0,0.0,1.0,249.92618960666923,0.005005556023878065,0.005005556023878065,0.0050080269108072955,0.0004991271380859216,0.009502895760066453,2.1505387865032127e-07,0.00999971005206498,0.0,0.0,1.0,221.48626149972552
ceiling,1.1,16,0.01,insertion_order,0.004998523792133385,0.004998523792133385,0.004994346456078347,0.0004999564794131099,0.009499766626536257,2.72811727578907e-07,0.009999785159106978,0.0,0.0,1.0,249.92618960666923,0.005005925691066806,0.005005925691066806,0.00500884582550363,0.0004994983794608731,0.009502776923938612,2.15053757384361e-07,0.009999710255307501,0.0,0.0,1.0,221.48882575685425
ceiling,1.1,16,0.03,arrival_first,0.014988817123891994,0.014988817123891994,0.01498485648141165,0.0014977746742943056,0.028498218808981617,7.764148297913683e-07,0.029999445108872654,0.0,0.0,1.0,749.4408561945997,0.01507085423569665,0.01507085423569665,0.015106013272865553,0.001521596414932645,0.02851402488408437,6.245095788615096e-07,0.02999935034503359,0.0,0.0,1.0,662.0866130724877
ceiling,1.1,16,0.03,departure_first,0.014988817123891994,0.014988817123891994,0.01498485648141165,0.0014977746742943056,0.028498218808981617,7.764148297913683e-07,0.029999445108872654,0.0,0.0,1.0,749.4408561945997,0.015073312603048313,0.015073312603048313,0.015109213519510927,0.001520596558220295,0.02851299722398547,6.543757817611962e-07,0.029999330995322506,0.0,0.0,1.0,662.3434271909871
ceiling,1.1,16,0.03,insertion_order,0.014988817123891994,0.014988817123891994,0.01498485648141165,0.0014977746742943056,0.028498218808981617,7.764148297913683e-07,0.029999445108872654,0.0,0.0,1.0,749.4408561945997,0.01507085423569665,0.01507085423569665,0.015106013272865553,0.001521596414932645,0.02851402488408437,6.245095788615096e-07,0.02999935034503359,0.0,0.0,1.0,662.0866130724877
ceiling,1.1,16,0.1,arrival_first,0.050025243793079426,0.050025243793079426,0.05003275519123539,0.005011380423490362,0.09499175045337625,2.0876230337307787e-06,0.09999814675463009,0.0,0.0,1.0,2501.2621896539717,0.05082449928422026,0.05082449928422026,0.05124880389964373,0.005244566861305534,0.09519937855358346,2.0332544566153966e-06,0.09999807144106569,0.0,0.0,1.0,2174.0754370791287
ceiling,1.1,16,0.1,departure_first,0.050025243793079426,0.050025243793079426,0.05003275519123539,0.005011380423490362,0.09499175045337625,2.0876230337307787e-06,0.09999814675463009,0.0,0.0,1.0,2501.2621896539717,0.05083208018686977,0.05083208018686977,0.05126750264900203,0.005243261689235515,0.09520805784555303,2.033254092817516e-06,0.09999800231642296,0.0,0.0,1.0,2175.0699680664325
ceiling,1.1,16,0.1,insertion_order,0.050025243793079426,0.050025243793079426,0.05003275519123539,0.005011380423490362,0.09499175045337625,2.0876230337307787e-06,0.09999814675463009,0.0,0.0,1.0,2501.2621896539717,0.05082449928422026,0.05082449928422026,0.05124880389964373,0.005244566861305534,0.09519937855358346,2.0332544566153966e-06,0.09999807144106569,0.0,0.0,1.0,2174.0754370791287
ceiling,1.25,1,1e-05,arrival_first,5.00321048546842e-06,5.00321048546842e-06,5.004518379791989e-06,4.986104636373057e-07,9.502845788726214e-06,1.9314635816651087e-10,9.999792534169197e-06,0.0,0.0,1.0,0.250160524273421,4.996516531301502e-06,4.996516531301502e-06,4.993100300271803e-06,4.995127238123741e-07,9.501447166312926e-06,4.4985617499622894e-10,9.999677638795774e-06,0.0,0.0,1.0,0.11104551012556957
ceiling,1.25,1,1e-05,departure_first,5.00321048546842e-06,5.00321048546842e-06,5.004518379791989e-06,4.986104636373057e-07,9.502845788726214e-06,1.9314635816651087e-10,9.999792534169197e-06,0.0,0.0,1.0,0.250160524273421,4.9965220944526225e-06,4.9965220944526225e-06,4.993138046020922e-06,4.995175904833755e-07,9.501459358709185e-06,4.4985617499622894e-10,9.999677638795774e-06,0.0,0.0,1.0,0.11104613267181622
ceiling,1.25,1,1e-05,insertion_order,5.00321048546842e-06,5.00321048546842e-06,5.004518379791989e-06,4.986104636373057e-07,9.502845788726214e-06,1.9314635816651087e-10,9.999792534169197e-06,0.0,0.0,1.0,0.250160524273421,4.996516531301502e-06,4.996516531301502e-06,4.993100300271803e-06,4.995127238123741e-07,9.501447166312926e-06,4.4985617499622894e-10,9.999677638795774e-06,0.0,0.0,1.0,0.11104551012556957
ceiling,1.25,1,3e-05,arrival_first,1.5002435799331275e-05,1.5002435799331275e-05,1.5007072511252772e-05,1.4986022324592344e-06,2.849959588123359e-05,7.240487320814282e-10,2.9999337524107735e-05,0.0,0.0,1.0,0.7501217899665638,1.4994741669087144e-05,1.4994741669087144e-05,1.4991732885240059e-05,1.4892538734821599e-06,2.848707442427889e-05,1.7925186950503344e-09,2.999873564100327e-05,0.0,0.0,1.0,0.3332442067346094
ceiling,1.25,1,3e-05,departure_first,1.5002435799331275e-05,1.5002435799331275e-05,1.5007072511252772e-05,1.4986022324592344e-06,2.849959588123359e-05,7.240487320814282e-10,2.9999337524107735e-05,0.0,0.0,1.0,0.7501217899665638,1.4994799226697955e-05,1.4994799226697955e-05,1.4992013860586478e-05,1.489595506697624e-06,2.848701622247786e-05,1.7925186950503344e-09,2.999873564100327e-05,0.0,0.0,1.0,0.33325547454497767
ceiling,1.25,1,3e-05,insertion_order,1.5002435799331275e-05,1.5002435799331275e-05,1.5007072511252772e-05,1.4986022324592344e-06,2.849959588123359e-05,7.240487320814282e-10,2.9999337524107735e-05,0.0,0.0,1.0,0.7501217899665638,1.4994741669087144e-05,1.4994741669087144e-05,1.4991732885240059e-05,1.4892538734821599e-06,2.848707442427889e-05,1.7925186950503344e-09,2.999873564100327e-05,0.0,0.0,1.0,0.3332442067346094
ceiling,1.25,1,0.0001,arrival_first,5.0009596337650086e-05,5.0009596337650086e-05,4.999852473398884e-05,5.00192815555541e-06,9.501438317632466e-05,1.883139096510907e-09,9.999811524418571e-05,0.0,0.0,1.0,2.500479816882504,5.007573450794553e-05,5.007573450794553e-05,5.0101367151413906e-05,5.014400359307798e-06,9.502277040004995e-05,4.0204953919049935e-09,9.99966523205234e-05,0.0,0.0,1.0,1.1128569674162916
ceiling,1.25,1,0.0001,departure_first,5.0009596337650086e-05,5.0009596337650086e-05,4.999852473398884e-05,5.00192815555541e-06,9.501438317632466e-05,1.883139096510907e-09,9.999811524418571e-05,0.0,0.0,1.0,2.500479816882504,5.007547489689589e-05,5.007547489689589e-05,5.010099407863738e-05,5.0142767199201695e-06,9.502275264189659e-05,4.0204953919049935e-09,9.99966523205234e-05,0.0,0.0,1.0,1.112916332097284
ceiling,1.25,1,0.0001,insertion_order,5.0009596337650086e-05,5.0009596337650086e-05,4.999852473398884e-05,5.00192815555541e-06,9.501438317632466e-05,1.883139096510907e-09,9.999811524418571e-05,0.0,0.0,1.0,2.500479816882504,5.007573450794553e-05,5.007573450794553e-05,5.0101367151413906e-05,5.014400359307798e-06,9.502277040004995e-05,4.0204953919049935e-09,9.99966523205234e-05,0.0,0.0,1.0,1.1128569674162916
ceiling,1.25,1,0.0003,arrival_first,0.00014991939308662647,0.00014991939308662647,0.00014987634100786332,1.4975527349179176e-05,0.0002849361599752834,5.922962979335959e-09,0.0002999921525164003,0.0,0.0,1.0,7.495969654331323,0.00015017157602233668,0.00015017157602233668,0.00015018520432670576,1.5069913201538012e-05,0.00028508953457208563,1.323123758834611e-08,0.00029998695489823874,0.0,0.0,1.0,3.336962197273058
ceiling,1.25,1,0.0003,departure_first,0.00014991939308662647,0.00014991939308662647,0.00014987634100786332,1.4975527349179176e-05,0.0002849361599752834,5.922962979335959e-09,0.0002999921525164003,0.0,0.0,1.0,7.495969654331323,0.00015017458240968042,0.00015017458240968042,0.00015018842852696095,1.5071082264029012e-05,0.000285087766984068,1.323123758834611e-08,0.00029998695489823874,0.0,0.0,1.0,3.3376004334419496
ceiling,1.25,1,0.0003,insertion_order,0.00014991939308662647,0.00014991939308662647,0.00014987634100786332,1.4975527349179176e-05,0.0002849361599752834,5.922962979335959e-09,0.0002999921525164003,0.0,0.0,1.0,7.495969654331323,0.00015017157602233668,0.00015017157602233668,0.00015018520432670576,1.5069913201538012e-05,0.00028508953457208563,1.323123758834611e-08,0.00029998695489823874,0.0,0.0,1.0,3.336962197273058
ceiling,1.25,1,0.001,arrival_first,0.0005002699956876762,0.0005002699956876762,0.000499990947370558,4.993565058005819e-05,0.0009502392673463569,2.281813067384064e-08,0.000999981132523923,0.0,0.0,1.0,25.013499784383807,0.0005001135645631659,0.0005001135645631659,0.00050036877210898,5.0443044168376684e-05,0.0009501098855437059,4.11280477114843e-08,0.0009999355652112946,0.0,0.0,1.0,11.108312615275645
ceiling,1.25,1,0.001,departure_first,0.0005002699956876762,0.0005002699956876762,0.000499990947370558,4.993565058005819e-05,0.0009502392673463569,2.281813067384064e-08,0.000999981132523923,0.0,0.0,1.0,25.013499784383807,0.0005001292258829526,0.0005001292258829526,0.0005004103554242266,5.03995616186241e-05,0.000950112473321688,4.11280477114843e-08,0.0009999355652112946,0.0,0.0,1.0,11.11491213217813
ceiling,1.25,1,0.001,insertion_order,0.0005002699956876762,0.0005002699956876762,0.000499990947370558,4.993565058005819e-05,0.0009502392673463569,2.281813067384064e-08,0.000999981132523923,0.0,0.0,1.0,25.013499784383807,0.0005001135645631659,0.0005001135645631659,0.00050036877210898,5.0443044168376684e-05,0.0009501098855437059,4.11280477114843e-08,0.0009999355652112946,0.0,0.0,1.0,11.108312615275645
ceiling,1.25,1,0.003,arrival_first,0.001500809995687937,0.001500809995687937,0.0015011506897508297,0.00015072514420504986,0.002850129000033424,8.73804310685955e-08,0.002999903244441763,0.0,0.0,1.0,75.04049978439684,0.0015000871777228267,0.0015000871777228267,0.001500138561665218,0.00014936931068788912,0.0028503658614897624,1.7634149713415443e-07,0.002999838529507537,0.0,0.0,1.0,33.283920516324386
ceiling,1.25,1,0.003,departure_first,0.001500809995687937,0.001500809995687937,0.0015011506897508297,0.00015072514420504986,0.002850129000033424,8.73804310685955e-08,0.002999903244441763,0.0,0.0,1.0,75.04049978439684,0.0015000107853938129,0.0015000107853938129,0.0015001448106042605,0.0001492850957768087,0.0028502712411520225,1.7634149713415443e-07,0.002999838529507537,0.0,0.0,1.0,33.336991414180794
ceiling,1.25,1,0.003,insertion_order,0.001500809995687937,0.001500809995687937,0.0015011506897508297,0.00015072514420504986,0.002850129000033424,8.73804310685955e-08,0.002999903244441763,0.0,0.0,1.0,75.04049978439684,0.0015000871777228267,0.0015000871777228267,0.001500138561665218,0.00014936931068788912,0.0028503658614897624,1.7634149713415443e-07,0.002999838529507537,0.0,0.0,1.0,33.283920516324386
ceiling,1.25,1,0.01,arrival_first,0.005003093329024621,0.005003093329024621,0.0050045591715237,0.0005007580382516609,0.009501649543520518,2.4475896983252216e-07,0.009999800535691368,0.0,0.0,1.0,250.15466645123104,0.005009556693750523,0.005009556693750523,0.005015205385223738,0.0005033831116675412,0.009500613523445656,4.466277718213433e-07,0.009999577798678322,0.0,0.0,1.0,110.7197219547141
ceiling,1.25,1,0.01,departure_first,0.005003093329024621,0.005003093329024621,0.0050045591715237,0.0005007580382516609,0.009501649543520518,2.4475896983252216e-07,0.009999800535691368,0.0,0.0,1.0,250.15466645123104,0.005009112119490392,0.005009112119490392,0.0050147810493860745,0.0005032036673171352,0.009500044466093501,4.466277718213433e-07,0.00999957862914534,0.0,0.0,1.0,111.32850202682845
ceiling,1.25,1,0.01,insertion_order,0.005003093329024621,0.005003093329024621,0.0050045591715237,0.0005007580382516609,0.009501649543520518,2.4475896983252216e-07,0.009999800535691368,0.0,0.0,1.0,250.15466645123104,0.005009556693750523,0.005009556693750523,0.005015205385223738,0.0005033831116675412,0.009500613523445656,4.466277718213433e-07,0.009999577798678322,0.0,0.0,1.0,110.7197219547141
ceiling,1.25,1,0.03,arrival_first,0.014994359994306523,0.014994359994306523,0.014987504441705823,0.001501976750813204,0.028502479234008806,5.536997226348224e-07,0.029999379909198372,0.0,0.0,1.0,749.7179997153263,0.01507042375112679,0.01507042375112679,0.015102064861225757,0.0015321991142967768,0.028510490323482737,1.8246377484200845e-06,0.029998466045205587,0.0,0.0,1.0,329.4598061447557
ceiling,1.25,1,0.03,departure_first,0.014994359994306523,0.014994359994306523,0.014987504441705823,0.001501976750813204,0.028502479234008806,5.536997226348224e-07,0.029999379909198372,0.0,0.0,1.0,749.7179997153263,0.015064236939344878,0.015064236939344878,0.015093063254405813,0.0015283163422128837,0.028510296266483808,1.6738437408646278e-06,0.029998421696530348,0.0,0.0,1.0,334.77796032350096
ceiling,1.25,1,0.03,insertion_order,0.014994359994306523,0.014994359994306523,0.014987504441705823,0.001501976750813204,0.028502479234008806,5.536997226348224e-07,0.029999379909198372,0.0,0.0,1.0,749.7179997153263,0.01507042375112679,0.01507042375112679,0.015102064861225757,0.0015321991142967768,0.028510490323482737,1.8246377484200845e-06,0.029998466045205587,0.0,0.0,1.0,329.4598061447557
ceiling,1.25,1,0.1,arrival_first,0.05001257332980529,0.05001257332980529,0.050008367931044025,0.005015991365612536,0.09501796899267977,2.5990498822163016e-06,0.0999982264672326,0.0,0.0,1.0,2500.628666490265,0.05079364752220871,0.05079364752220871,0.05117937538503733,0.005272567598930242,0.09521195998705236,4.750878432441264e-06,0.09999374472282499,0.0,0.0,1.0,1069.292093863453
ceiling,1.25,1,0.1,departure_first,0.05001257332980529,0.05001257332980529,0.050008367931044025,0.005015991365612536,0.09501796899267977,2.5990498822163016e-06,0.0999982264672326,0.0,0.0,1.0,2500.628666490265,0.050816512595205414,0.050816512595205414,0.05121994735636559,0.0052712128427281155,0.09520433066558942,4.291319664314249e-06,0.09999399882768338,0.0,0.0,1.0,1128.4632745820754
ceiling,1.25,1,0.1,insertion_order,0.05001257332980529,0.05001257332980529,0.050008367931044025,0.005015991365612536,0.09501796899267977,2.5990498822163016e-06,0.0999982264672326,0.0,0.0,1.0,2500.628666490265,0.05079364752220871,0.05079364752220871,0.05117937538503733,0.005272567598930242,0.09521195998705236,4.750878432441264e-06,0.09999374472282499,0.0,0.0,1.0,1069.292093863453
ceiling,1.25,4,1e-05,arrival_first,4.997452820765526e-06,4.997452820765526e-06,4.997304995413288e-06,4.971749823804809e-07,9.49888000983871e-06,1.8426362657919526e-10,9.999760186474304e-06,6.666666666666667e-07,0.0,0.9999993333333334,0.2498726410382763,4.9995534148726575e-06,4.9995534148726575e-06,4.997183871492151e-06,4.992188002301302e-07,9.49948425466981e-06,2.950468784510459e-10,9.999681175734225e-06,0.0,0.0,1.0,0.17559228597241666
ceiling,1.25,4,1e-05,departure_first,4.997452820765526e-06,4.997452820765526e-06,4.997304995413288e-06,4.971749823804809e-07,9.49888000983871e-06,1.8426362657919526e-10,9.999760186474304e-06,6.666666666666667e-07,0.0,0.9999993333333334,0.2498726410382763,4.999570833264728e-06,4.999570833264728e-06,4.997213393369687e-06,4.992211454649236e-07,9.499481293834292e-06,2.950468784510459e-10,9.999681175734225e-06,0.0,0.0,1.0,0.1755930642153786
ceiling,1.25,4,1e-05,insertion_order,4.997452820765526e-06,4.997452820765526e-06,4.997304995413288e-06,4.971749823804809e-07,9.49888000983871e-06,1.8426362657919526e-10,9.999760186474304e-06,6.666666666666667e-07,0.0,0.9999993333333334,0.2498726410382763,4.9995534148726575e-06,4.9995534148726575e-06,4.997183871492151e-06,4.992188002301302e-07,9.49948425466981e-06,2.950468784510459e-10,9.999681175734225e-06,0.0,0.0,1.0,0.17559228597241666
ceiling,1.25,4,3e-05,arrival_first,1.5003804796718515e-05,1.5003804796718515e-05,1.5000562325440114e-05,1.495814362139451e-06,2.8503179808012644e-05,5.80803316552192e-10,2.9999365051480708e-05,0.0,0.0,1.0,0.7501902398359258,1.4986630193614473e-05,1.4986630193614473e-05,1.4967970041344577e-05,1.505544156947496e-06,2.8491574363110152e-05,7.290099245336561e-10,2.9999310362347552e-05,0.0,0.0,1.0,0.5263504290047547
ceiling,1.25,4,3e-05,departure_first,1.5003804796718515e-05,1.5003804796718515e-05,1.5000562325440114e-05,1.495814362139451e-06,2.8503179808012644e-05,5.80803316552192e-10,2.9999365051480708e-05,0.0,0.0,1.0,0.7501902398359258,1.4986702720119763e-05,1.4986702720119763e-05,1.496815505875752e-05,1.505570210101835e-06,2.8491531788620415e-05,7.290099245336561e-10,2.9999310362347552e-05,0.0,0.0,1.0,0.5263489746371205
ceiling,1.25,4,3e-05,insertion_order,1.5003804796718515e-05,1.5003804796718515e-05,1.5000562325440114e-05,1.495814362139451e-06,2.8503179808012644e-05,5.80803316552192e-10,2.9999365051480708e-05,0.0,0.0,1.0,0.7501902398359258,1.4986630193614473e-05,1.4986630193614473e-05,1.4967970041344577e-05,1.505544156947496e-06,2.8491574363110152e-05,7.290099245336561e-10,2.9999310362347552e-05,0.0,0.0,1.0,0.5263504290047547
ceiling,1.25,4,0.0001,arrival_first,4.997053867350072e-05,4.997053867350072e-05,4.995483588269659e-05,4.990323614038062e-06,9.50137559433036e-05,1.8053469830192626e-09,9.999816987450079e-05,0.0,0.0,1.0,2.498526933675036,5.000031470641055e-05,5.000031470641055e-05,4.999104305197302e-05,5.002385358607384e-06,9.49811606800257e-05,2.914496848461373e-09,9.999743206712588e-05,0.0,0.0,1.0,1.756083572627672
ceiling,1.25,4,0.0001,departure_first,4.997053867350072e-05,4.997053867350072e-05,4.995483588269659e-05,4.990323614038062e-06,9.50137559433036e-05,1.8053469830192626e-09,9.999816987450079e-05,0.0,0.0,1.0,2.498526933675036,5.000029013454298e-05,5.000029013454298e-05,4.999045174553981e-05,5.002125464940085e-06,9.498193484906863e-05,2.914496848461373e-09,9.999743206712588e-05,0.0,0.0,1.0,1.7560692744658524
ceiling,1.25,4,0.0001,insertion_order,4.997053867350072e-05,4.997053867350072e-05,4.995483588269659e-05,4.990323614038062e-06,9.50137559433036e-05,1.8053469830192626e-09,9.999816987450079e-05,0.0,0.0,1.0,2.498526933675036,5.000031470641055e-05,5.000031470641055e-05,4.999104305197302e-05,5.002385358607384e-06,9.49811606800257e-05,2.914496848461373e-09,9.999743206712588e-05,0.0,0.0,1.0,1.756083572627672
ceiling,1.25,4,0.0003,arrival_first,0.00014999360208534776,0.00014999360208534776,0.00014997605430835392,1.5049139982086977e-05,0.0002849767472707753,4.571271953561033e-09,0.0002999943591324457,0.0,0.0,1.0,7.499680104267387,0.0001500682541487812,0.0001500682541487812,0.0001500916044636967,1.4985635139087365e-05,0.0002850224251968933,8.475871290936077e-09,0.0002999858844289461,0.0,0.0,1.0,5.270222399982738
ceiling,1.25,4,0.0003,departure_first,0.00014999360208534776,0.00014999360208534776,0.00014997605430835392,1.5049139982086977e-05,0.0002849767472707753,4.571271953561033e-09,0.0002999943591324457,0.0,0.0,1.0,7.499680104267387,0.00015007028657842435,0.00015007028657842435,0.00015009291470091551,1.498463712381229e-05,0.00028502266823918817,8.475871290936077e-09,0.0002999858844289461,0.0,0.0,1.0,5.270388451094468
ceiling,1.25,4,0.0003,insertion_order,0.00014999360208534776,0.00014999360208534776,0.00014997605430835392,1.5049139982086977e-05,0.0002849767472707753,4.571271953561033e-09,0.0002999943591324457,0.0,0.0,1.0,7.499680104267387,0.0001500682541487812,0.0001500682541487812,0.0001500916044636967,1.4985635139087365e-05,0.0002850224251968933,8.475871290936077e-09,0.0002999858844289461,0.0,0.0,1.0,5.270222399982738
ceiling,1.25,4,0.001,arrival_first,0.0005001952046871065,0.0005001952046871065,0.0005000127697409577,5.016397508370574e-05,0.0009502947161460421,2.3549061249165486e-08,0.0009999783447407632,0.0,0.0,1.0,25.009760234355326,0.0005001599142923224,0.0005001599142923224,0.0005004252157074201,5.006680373095679e-05,0.0009498335802992318,1.9593180292445944e-08,0.0009999668314052692,0.0,0.0,1.0,17.562235507970644
ceiling,1.25,4,0.001,departure_first,0.0005001952046871065,0.0005001952046871065,0.0005000127697409577,5.016397508370574e-05,0.0009502947161460421,2.3549061249165486e-08,0.0009999783447407632,0.0,0.0,1.0,25.009760234355326,0.0005001741835273964,0.0005001741835273964,0.0005004168428679252,5.006440669611018e-05,0.0009498455800892581,2.174874963953762e-08,0.0009999668314052692,0.0,0.0,1.0,17.56310587197378
ceiling,1.25,4,0.001,insertion_order,0.0005001952046871065,0.0005001952046871065,0.0005000127697409577,5.016397508370574e-05,0.0009502947161460421,2.3549061249165486e-08,0.0009999783447407632,0.0,0.0,1.0,25.009760234355326,0.0005001599142923224,0.0005001599142923224,0.0005004252157074201,5.006680373095679e-05,0.0009498335802992318,1.9593180292445944e-08,0.0009999668314052692,0.0,0.0,1.0,17.562235507970644
ceiling,1.25,4,0.003,arrival_first,0.0015011372046879706,0.0015011372046879706,0.0015019041987216041,0.00015005590203979107,0.002850597858794875,5.933206921326928e-08,0.0029999400992286,0.0,0.0,1.0,75.05686023439853,0.0015000761808081071,0.0015000761808081071,0.001500166544830419,0.00015024344193291425,0.002849983924896813,8.329216302632262e-08,0.0029999302978521154,0.0,0.0,1.0,52.64486054495232
ceiling,1.25,4,0.003,departure_first,0.0015011372046879706,0.0015011372046879706,0.0015019041987216041,0.00015005590203979107,0.002850597858794875,5.933206921326928e-08,0.0029999400992286,0.0,0.0,1.0,75.05686023439853,0.0015001606374849701,0.0015001606374849701,0.0015002256667259587,0.00015037859048784263,0.0028499790833189102,7.501777912974813e-08,0.0029999387225436943,0.0,0.0,1.0,52.65668827651757
ceiling,1.25,4,0.003,insertion_order,0.0015011372046879706,0.0015011372046879706,0.0015019041987216041,0.00015005590203979107,0.002850597858794875,5.933206921326928e-08,0.0029999400992286,0.0,0.0,1.0,75.05686023439853,0.0015000761808081071,0.0015000761808081071,0.001500166544830419,0.00015024344193291425,0.002849983924896813,8.329216302632262e-08,0.0029999302978521154,0.0,0.0,1.0,52.64486054495232
ceiling,1.25,4,0.01,arrival_first,0.004998655204692611,0.004998655204692611,0.00499801295331963,0.0005008301292756793,0.00949955820935808,1.8315164804031762e-07,0.009999755197319852,0.0,0.0,1.0,249.93276023463056,0.005010549207062026,0.005010549207062026,0.005020675834950692,0.0005033035741370401,0.009500224060975398,3.023337608280598e-07,0.009999772691221136,0.0,0.0,1.0,175.5035484478115
ceiling,1.25,4,0.01,departure_first,0.004998655204692611,0.004998655204692611,0.00499801295331963,0.0005008301292756793,0.00949955820935808,1.8315164804031762e-07,0.009999755197319852,0.0,0.0,1.0,249.93276023463056,0.005010531405804859,0.005010531405804859,0.005020932069904117,0.0005031744655602269,0.009500385046923765,3.0233379114454985e-07,0.009999785769605335,0.0,0.0,1.0,175.57522528524305
ceiling,1.25,4,0.01,insertion_order,0.004998655204692611,0.004998655204692611,0.00499801295331963,0.0005008301292756793,0.00949955820935808,1.8315164804031762e-07,0.009999755197319852,0.0,0.0,1.0,249.93276023463056,0.005010549207062026,0.005010549207062026,0.005020675834950692,0.0005033035741370401,0.009500224060975398,3.023337608280598e-07,0.009999772691221136,0.0,0.0,1.0,175.5035484478115
ceiling,1.25,4,0.03,arrival_first,0.01499875520330307,0.01499875520330307,0.015005691463920811,0.001494045351047741,0.028495552901461753,6.962143440129391e-07,0.02999920450644519,0.0,0.0,1.0,749.9377601651535,0.01508028552943937,0.01508028552943937,0.015126299895496563,0.0015302978304279442,0.02851940083466572,8.341035039925495e-07,0.029999290518081485,0.0,0.0,1.0,525.1683061906466
ceiling,1.25,4,0.03,departure_first,0.01499875520330307,0.01499875520330307,0.015005691463920811,0.001494045351047741,0.028495552901461753,6.962143440129391e-07,0.02999920450644519,0.0,0.0,1.0,749.9377601651535,0.01508148689976132,0.01508148689976132,0.01513016684149474,0.0015266648444131334,0.02852043152308338,8.181780660533368e-07,0.029999452542479113,0.0,0.0,1.0,526.0168639232389
ceiling,1.25,4,0.03,insertion_order,0.01499875520330307,0.01499875520330307,0.015005691463920811,0.001494045351047741,0.028495552901461753,6.962143440129391e-07,0.02999920450644519,0.0,0.0,1.0,749.9377601651535,0.01508028552943937,0.01508028552943937,0.015126299895496563,0.0015302978304279442,0.02851940083466572,8.341035039925495e-07,0.029999290518081485,0.0,0.0,1.0,525.1683061906466
ceiling,1.25,4,0.1,arrival_first,0.050022335205470496,0.050022335205470496,0.050051320086004124,0.005010875639230411,0.09499753373688234,2.316599390420985e-06,0.09999761757450566,0.0,0.0,1.0,2501.1167602735245,0.05088272871629495,0.05088272871629495,0.05130557399600123,0.00527004008660965,0.09526531907267823,3.088585362842622e-06,0.09999768200358437,0.0,0.0,1.0,1737.6126793369745
ceiling,1.25,4,0.1,departure_first,0.050022335205470496,0.050022335205470496,0.050051320086004124,0.005010875639230411,0.09499753373688234,2.316599390420985e-06,0.09999761757450566,0.0,0.0,1.0,2501.1167602735245,0.050874949536006416,0.050874949536006416,0.05129273641661524,0.005270962918157823,0.0952612834191138,3.000659264691674e-06,0.09999762173295662,0.0,0.0,1.0,1745.299832375482
ceiling,1.25,4,0.1,insertion_order,0.050022335205470496,0.050022335205470496,0.050051320086004124,0.005010875639230411,0.09499753373688234,2.316599390420985e-06,0.09999761757450566,0.0,0.0,1.0,2501.1167602735245,0.05088272871629495,0.05088272871629495,0.05130557399600123,0.00527004008660965,0.09526531907267823,3.088585362842622e-06,0.09999768200358437,0.0,0.0,1.0,1737.6126793369745
ceiling,1.25,8,1e-05,arrival_first,5.001935308236776e-06,5.001935308236776e-06,5.002896781055218e-06,5.004131268530424e-07,9.501625600023544e-06,1.8571881810203194e-10,9.999808965706809e-06,6.666666666666667e-07,0.0,0.9999993333333334,0.25009676541183884,5.001642887388756e-06,5.001642887393343e-06,5.002490169947919e-06,4.986394247387162e-07,9.499787176698387e-06,2.060660962178995e-10,9.999830672018384e-06,0.0,8.665886736860349e-07,0.9999991334113264,0.19206915376240316
ceiling,1.25,8,1e-05,departure_first,5.001935308236776e-06,5.001935308236776e-06,5.002896781055218e-06,5.004131268530424e-07,9.501625600023544e-06,1.8571881810203194e-10,9.999808965706809e-06,6.666666666666667e-07,0.0,0.9999993333333334,0.25009676541183884,5.001640572884886e-06,5.001640572889474e-06,5.002477467468111e-06,4.986438687899543e-07,9.499769615171016e-06,2.060660962178995e-10,9.999830672018384e-06,0.0,8.665886736860349e-07,0.9999991334113264,0.1920685640926346
ceiling,1.25,8,1e-05,insertion_order,5.001935308236776e-06,5.001935308236776e-06,5.002896781055218e-06,5.004131268530424e-07,9.501625600023544e-06,1.8571881810203194e-10,9.999808965706809e-06,6.666666666666667e-07,0.0,0.9999993333333334,0.25009676541183884,5.001642887388756e-06,5.001642887393343e-06,5.002490169947919e-06,4.986394247387162e-07,9.499787176698387e-06,2.060660962178995e-10,9.999830672018384e-06,0.0,8.665886736860349e-07,0.9999991334113264,0.19206915376240316
ceiling,1.25,8,3e-05,arrival_first,1.5001873951990394e-05,1.5001873951990394e-05,1.4993807083859185e-05,1.50054548157641e-06,2.8503393036771736e-05,5.093170329928398e-10,2.9999500808723192e-05,0.0,0.0,1.0,0.7500936975995197,1.5006985548882279e-05,1.5006985548882279e-05,1.5016870500436811e-05,1.505491568153976e-06,2.849908778183214e-05,7.471756606943399e-10,2.9999106910438024e-05,8.734692451478784e-07,0.0,0.9999991265307548,0.5762991922316636
ceiling,1.25,8,3e-05,departure_first,1.5001873951990394e-05,1.5001873951990394e-05,1.4993807083859185e-05,1.50054548157641e-06,2.8503393036771736e-05,5.093170329928398e-10,2.9999500808723192e-05,0.0,0.0,1.0,0.7500936975995197,1.5006955303435585e-05,1.5006955303435585e-05,1.5016684158856451e-05,1.5055783577939068e-06,2.8499075775178608e-05,7.471756606943399e-10,2.9999106910438024e-05,8.734692451478784e-07,0.0,0.9999991265307548,0.5762999956269516
ceiling,1.25,8,3e-05,insertion_order,1.5001873951990394e-05,1.5001873951990394e-05,1.4993807083859185e-05,1.50054548157641e-06,2.8503393036771736e-05,5.093170329928398e-10,2.9999500808723192e-05,0.0,0.0,1.0,0.7500936975995197,1.5006985548882279e-05,1.5006985548882279e-05,1.5016870500436811e-05,1.505491568153976e-06,2.849908778183214e-05,7.471756606943399e-10,2.9999106910438024e-05,8.734692451478784e-07,0.0,0.9999991265307548,0.5762991922316636
ceiling,1.25,8,0.0001,arrival_first,4.9998467829320664e-05,4.9998467829320664e-05,5.004166755497863e-05,4.967817828855914e-06,9.50006100235138e-05,1.7366801330354065e-09,9.999832245739526e-05,6.666666666666667e-07,0.0,0.9999993333333334,2.4999233914660333,5.003253582012667e-05,5.003253582012667e-05,5.001991009200642e-05,4.992866765091871e-06,9.501838301736765e-05,2.2928422889767947e-09,9.999694701513222e-05,0.0,0.0,1.0,1.9211646034727825
ceiling,1.25,8,0.0001,departure_first,4.9998467829320664e-05,4.9998467829320664e-05,5.004166755497863e-05,4.967817828855914e-06,9.50006100235138e-05,1.7366801330354065e-09,9.999832245739526e-05,6.666666666666667e-07,0.0,0.9999993333333334,2.4999233914660333,5.0032326262001016e-05,5.0032326262001016e-05,5.001991251080233e-05,4.993411550030907e-06,9.501855236646789e-05,2.2928422889767947e-09,9.999694701513222e-05,0.0,0.0,1.0,1.9211782876763306
ceiling,1.25,8,0.0001,insertion_order,4.9998467829320664e-05,4.9998467829320664e-05,5.004166755497863e-05,4.967817828855914e-06,9.50006100235138e-05,1.7366801330354065e-09,9.999832245739526e-05,6.666666666666667e-07,0.0,0.9999993333333334,2.4999233914660333,5.003253582012667e-05,5.003253582012667e-05,5.001991009200642e-05,4.992866765091871e-06,9.501838301736765e-05,2.2928422889767947e-09,9.999694701513222e-05,0.0,0.0,1.0,1.9211646034727825
ceiling,1.25,8,0.0003,arrival_first,0.0001500259312474694,0.0001500259312474694,0.00015006572099688734,1.501773989123952e-05,0.0002849398080343235,6.17119439993985e-09,0.0002999951699166559,6.666666666666667e-07,0.0,0.9999993333333334,7.5012965623734695,0.00015023938659338183,0.00015023938659338183,0.00015035282917922558,1.5116041095364258e-05,0.0002850508473459832,8.430067273065833e-09,0.0002999938036663046,0.0,0.0,1.0,5.769076371548597
ceiling,1.25,8,0.0003,departure_first,0.0001500259312474694,0.0001500259312474694,0.00015006572099688734,1.501773989123952e-05,0.0002849398080343235,6.17119439993985e-09,0.0002999951699166559,6.666666666666667e-07,0.0,0.9999993333333334,7.5012965623734695,0.00015024471537893839,0.00015024471537893839,0.0001503575247234757,1.5123717143332925e-05,0.00028505509513033854,8.430067273065833e-09,0.0002999938036663046,0.0,0.0,1.0,5.769381567921064
ceiling,1.25,8,0.0003,insertion_order,0.0001500259312474694,0.0001500259312474694,0.00015006572099688734,1.501773989123952e-05,0.0002849398080343235,6.17119439993985e-09,0.0002999951699166559,6.666666666666667e-07,0.0,0.9999993333333334,7.5012965623734695,0.00015023938659338183,0.00015023938659338183,0.00015035282917922558,1.5116041095364258e-05,0.0002850508473459832,8.430067273065833e-09,0.0002999938036663046,0.0,0.0,1.0,5.769076371548597
ceiling,1.25,8,0.001,arrival_first,0.0004998086671777424,0.0004998086671777424,0.0004996854858745792,4.993281041606679e-05,0.0009498141077407732,1.624324189227385e-08,0.000999978167798569,0.0,0.0,1.0,24.990433358887124,0.0004997386617487529,0.0004997386617487529,0.0004995695956653598,5.032229689019397e-05,0.0009493105693358762,2.743392462769533e-08,0.0009999773391542281,0.0,0.0,1.0,19.18462408998289
ceiling,1.25,8,0.001,departure_first,0.0004998086671777424,0.0004998086671777424,0.0004996854858745792,4.993281041606679e-05,0.0009498141077407732,1.624324189227385e-08,0.000999978167798569,0.0,0.0,1.0,24.990433358887124,0.0004997295356258399,0.0004997295356258399,0.0004995443310894431,5.031428783878072e-05,0.0009493008828159861,2.743392462769533e-08,0.0009999773391542281,0.0,0.0,1.0,19.183885594560067
ceiling,1.25,8,0.001,insertion_order,0.0004998086671777424,0.0004998086671777424,0.0004996854858745792,4.993281041606679e-05,0.0009498141077407732,1.624324189227385e-08,0.000999978167798569,0.0,0.0,1.0,24.990433358887124,0.0004997386617487529,0.0004997386617487529,0.0004995695956653598,5.032229689019397e-05,0.0009493105693358762,2.743392462769533e-08,0.0009999773391542281,0.0,0.0,1.0,19.18462408998289
ceiling,1.25,8,0.003,arrival_first,0.0014993353338455518,0.0014993353338455518,0.0014991629100980692,0.0001498601911680453,0.002849022735105488,4.153168144209e-08,0.002999954611671759,0.0,0.0,1.0,74.96676669227759,0.0014997061986019434,0.0014997061986019434,0.0014996966348776114,0.00014992686383893716,0.0028496755314847194,5.3314335530206534e-08,0.0029999366854822082,0.0,0.0,1.0,57.52932673648006
ceiling,1.25,8,0.003,departure_first,0.0014993353338455518,0.0014993353338455518,0.0014991629100980692,0.0001498601911680453,0.002849022735105488,4.153168144209e-08,0.002999954611671759,0.0,0.0,1.0,74.96676669227759,0.0014995913496395005,0.0014995913496395005,0.0014994985158646138,0.00014990220820346184,0.002849612519760129,5.331457806212701e-08,0.0029999366854822082,0.0,0.0,1.0,57.53001645221337
ceiling,1.25,8,0.003,insertion_order,0.0014993353338455518,0.0014993353338455518,0.0014991629100980692,0.0001498601911680453,0.002849022735105488,4.153168144209e-08,0.002999954611671759,0.0,0.0,1.0,74.96676669227759,0.0014997061986019434,0.0014997061986019434,0.0014996966348776114,0.00014992686383893716,0.0028496755314847194,5.3314335530206534e-08,0.0029999366854822082,0.0,0.0,1.0,57.52932673648006
ceiling,1.25,8,0.01,arrival_first,0.004999662000515183,0.004999662000515183,0.005001385456822997,0.0004966530345457917,0.009501262280880381,2.2901043242503268e-07,0.009999762542065582,0.0,0.0,1.0,249.98310002575911,0.005012032914083185,0.005012032914083185,0.005016991243579225,0.0005014880093191412,0.009504779737671597,2.889175141129741e-07,0.00999974605457179,0.0,0.0,1.0,191.8446283759644
ceiling,1.25,8,0.01,departure_first,0.004999662000515183,0.004999662000515183,0.005001385456822997,0.0004966530345457917,0.009501262280880381,2.2901043242503268e-07,0.009999762542065582,0.0,0.0,1.0,249.98310002575911,0.005012775382857223,0.005012775382857223,0.005017513839917739,0.000501643040324956,0.009504971464627317,2.829702043664432e-07,0.009999771379305519,0.0,0.0,1.0,191.8921870068788
ceiling,1.25,8,0.01,insertion_order,0.004999662000515183,0.004999662000515183,0.005001385456822997,0.0004966530345457917,0.009501262280880381,2.2901043242503268e-07,0.009999762542065582,0.0,0.0,1.0,249.98310002575911,0.005012032914083185,0.005012032914083185,0.005016991243579225,0.0005014880093191412,0.009504779737671597,2.889175141129741e-07,0.00999974605457179,0.0,0.0,1.0,191.8446283759644
ceiling,1.25,8,0.03,arrival_first,0.014998475332463838,0.014998475332463838,0.014992497429178304,0.0015013960361466162,0.028499550037980343,5.947729429559938e-07,0.02999935378969288,0.0,0.0,1.0,749.9237666231919,0.015090167455112964,0.015090167455112964,0.015136950745280058,0.0015287840419016658,0.028524099047831895,9.330107240181537e-07,0.029999170457842308,0.0,0.0,1.0,573.4777575039276
ceiling,1.25,8,0.03,departure_first,0.014998475332463838,0.014998475332463838,0.014992497429178304,0.0015013960361466162,0.028499550037980343,5.947729429559938e-07,0.02999935378969288,0.0,0.0,1.0,749.9237666231919,0.015086235482853224,0.015086235482853224,0.0151319767559919,0.0015255709395503687,0.028522756636124566,8.714949877438224e-07,0.02999911200213871,0.0,0.0,1.0,573.636616187408
ceiling,1.25,8,0.03,insertion_order,0.014998475332463838,0.014998475332463838,0.014992497429178304,0.0015013960361466162,0.028499550037980343,5.947729429559938e-07,0.02999935378969288,0.0,0.0,1.0,749.9237666231919,0.015090167455112964,0.015090167455112964,0.015136950745280058,0.0015287840419016658,0.028524099047831895,9.330107240181537e-07,0.029999170457842308,0.0,0.0,1.0,573.4777575039276
ceiling,1.25,8,0.1,arrival_first,0.04999300866796104,0.04999300866796104,0.0499564338017232,0.005036208010393845,0.09500828084290787,1.875651438846641e-06,0.09999766573030987,0.0,0.0,1.0,2499.6504333980515,0.05080712120910532,0.05080712120910532,0.05121496931895826,0.005272418849113466,0.09519507742334661,3.351058180290726e-06,0.09999783273678496,0.0,0.0,1.0,1881.1559919414653
ceiling,1.25,8,0.1,departure_first,0.04999300866796104,0.04999300866796104,0.0499564338017232,0.005036208010393845,0.09500828084290787,1.875651438846641e-06,0.09999766573030987,0.0,0.0,1.0,2499.6504333980515,0.05080227651101187,0.05080227651101187,0.05122758295330353,0.005263157039303064,0.09520544968164077,2.8443047564099173e-06,0.09999767661610375,0.0,0.0,1.0,1882.5098423210738
ceiling,1.25,8,0.1,insertion_order,0.04999300866796104,0.04999300866796104,0.0499564338017232,0.005036208010393845,0.09500828084290787,1.875651438846641e-06,0.09999766573030987,0.0,0.0,1.0,2499.6504333980515,0.05080712120910532,0.05080712120910532,0.05121496931895826,0.005272418849113466,0.09519507742334661,3.351058180290726e-06,0.09999783273678496,0.0,0.0,1.0,1881.1559919414653
ceiling,1.25,16,1e-05,arrival_first,5.003642140621802e-06,5.0036421406315035e-06,5.004274362363503e-06,5.037102710048203e-07,9.501097047177609e-06,1.734406396280974e-10,9.999784409349861e-06,6.666666666666667e-07,6.666666666666667e-07,0.9999986666666667,0.2501821070310901,5.002919001007829e-06,5.002919001007829e-06,5.008588088714396e-06,4.99200595768419e-07,9.497163187603434e-06,2.458742907190947e-10,9.999749436464395e-06,0.0,0.0,1.0,0.1989723595473767
ceiling,1.25,16,1e-05,departure_first,5.003642140621802e-06,5.0036421406315035e-06,5.004274362363503e-06,5.037102710048203e-07,9.501097047177609e-06,1.734406396280974e-10,9.999784409349861e-06,6.666666666666667e-07,6.666666666666667e-07,0.9999986666666667,0.2501821070310901,5.0029789554863504e-06,5.0029789554863504e-06,5.008661915519778e-06,4.992358116265189e-07,9.497125322086878e-06,2.458742907190947e-10,9.999749436464395e-06,0.0,0.0,1.0,0.198974563560899
ceiling,1.25,16,1e-05,insertion_order,5.003642140621802e-06,5.0036421406315035e-06,5.004274362363503e-06,5.037102710048203e-07,9.501097047177609e-06,1.734406396280974e-10,9.999784409349861e-06,6.666666666666667e-07,6.666666666666667e-07,0.9999986666666667,0.2501821070310901,5.002919001007829e-06,5.002919001007829e-06,5.008588088714396e-06,4.99200595768419e-07,9.497163187603434e-06,2.458742907190947e-10,9.999749436464395e-06,0.0,0.0,1.0,0.1989723595473767
ceiling,1.25,16,3e-05,arrival_first,1.4995920785732476e-05,1.4995920785732476e-05,1.499020483303563e-05,1.4976718527274597e-06,2.851315312758136e-05,5.721631168853492e-10,2.9999495412387964e-05,0.0,0.0,1.0,0.7497960392866238,1.499565149681368e-05,1.499565149681368e-05,1.5006070729094026e-05,1.505515721030408e-06,2.850208061096946e-05,6.563697907529161e-10,2.9999025342873167e-05,0.0,0.0,1.0,0.5963261343922823
ceiling,1.25,16,3e-05,departure_first,1.4995920785732476e-05,1.4995920785732476e-05,1.499020483303563e-05,1.4976718527274597e-06,2.851315312758136e-05,5.721631168853492e-10,2.9999495412387964e-05,0.0,0.0,1.0,0.7497960392866238,1.4995912351014937e-05,1.4995912351014937e-05,1.5006779830668707e-05,1.5054486964697554e-06,2.8502090652667118e-05,6.563697907529161e-10,2.9999025342873167e-05,0.0,0.0,1.0,0.5963378383642273
ceiling,1.25,16,3e-05,insertion_order,1.4995920785732476e-05,1.4995920785732476e-05,1.499020483303563e-05,1.4976718527274597e-06,2.851315312758136e-05,5.721631168853492e-10,2.9999495412387964e-05,0.0,0.0,1.0,0.7497960392866238,1.499565149681368e-05,1.499565149681368e-05,1.5006070729094026e-05,1.505515721030408e-06,2.850208061096946e-05,6.563697907529161e-10,2.9999025342873167e-05,0.0,0.0,1.0,0.5963261343922823
ceiling,1.25,16,0.0001,arrival_first,4.9986807995013804e-05,4.9986807995013804e-05,4.994587384317128e-05,4.982748594860217e-06,9.501730707749325e-05,2.0854107181852063e-09,9.999859915600003e-05,0.0,0.0,1.0,2.4993403997506904,5.000482991408073e-05,5.000482991408073e-05,5.001106313148762e-05,4.973220630896762e-06,9.499802697569192e-05,1.7577621315087445e-09,9.999622269155859e-05,0.0,0.0,1.0,1.988455484357064
ceiling,1.25,16,0.0001,departure_first,4.9986807995013804e-05,4.9986807995013804e-05,4.994587384317128e-05,4.982748594860217e-06,9.501730707749325e-05,2.0854107181852063e-09,9.999859915600003e-05,0.0,0.0,1.0,2.4993403997506904,5.000599525641202e-05,5.000599525641202e-05,5.001341320275502e-05,4.972690731450575e-06,9.499881599001583e-05,1.7577318150186852e-09,9.999622269155859e-05,0.0,0.0,1.0,1.988414673757773
ceiling,1.25,16,0.0001,insertion_order,4.9986807995013804e-05,4.9986807995013804e-05,4.994587384317128e-05,4.982748594860217e-06,9.501730707749325e-05,2.0854107181852063e-09,9.999859915600003e-05,0.0,0.0,1.0,2.4993403997506904,5.000482991408073e-05,5.000482991408073e-05,5.001106313148762e-05,4.973220630896762e-06,9.499802697569192e-05,1.7577621315087445e-09,9.999622269155859e-05,0.0,0.0,1.0,1.988455484357064
ceiling,1.25,16,0.0003,arrival_first,0.00015003233807621836,0.00015003233807621836,0.00014998170504441078,1.4960318341460759e-05,0.00028509943025710526,7.4130487822306655e-09,0.000299995149695557,6.666666666666667e-07,0.0,0.9999993333333334,7.501616903810918,0.00015002587433923624,0.00015002587433923624,0.0001501259978916467,1.4984564555078175e-05,0.0002850617689211413,5.605590995607738e-09,0.0002999871735823704,0.0,0.0,1.0,5.962721426328926
ceiling,1.25,16,0.0003,departure_first,0.00015003233807621836,0.00015003233807621836,0.00014998170504441078,1.4960318341460759e-05,0.00028509943025710526,7.4130487822306655e-09,0.000299995149695557,6.666666666666667e-07,0.0,0.9999993333333334,7.501616903810918,0.0001500230077445722,0.0001500230077445722,0.00015010795584378584,1.4989687841983195e-05,0.0002850648182933666,5.2095566222566205e-09,0.00029998717370363637,0.0,0.0,1.0,5.963610608535846
ceiling,1.25,16,0.0003,insertion_order,0.00015003233807621836,0.00015003233807621836,0.00014998170504441078,1.4960318341460759e-05,0.00028509943025710526,7.4130487822306655e-09,0.000299995149695557,6.666666666666667e-07,0.0,0.9999993333333334,7.501616903810918,0.00015002587433923624,0.00015002587433923624,0.0001501259978916467,1.4984564555078175e-05,0.0002850617689211413,5.605590995607738e-09,0.0002999871735823704,0.0,0.0,1.0,5.962721426328926
ceiling,1.25,16,0.001,arrival_first,0.0005001573406780954,0.0005001573406780954,0.0005002962590727596,5.0029326162833366e-05,0.0009498780825636761,1.896669346024282e-08,0.0009999746165400816,0.0,0.0,1.0,25.007867033904766,0.0005000826994262461,0.0005000826994262461,0.0005000086711798877,4.9723007813226904e-05,0.0009504734673540791,2.5549141996021134e-08,0.0009999634325821211,0.0,0.0,1.0,19.887780899207087
ceiling,1.25,16,0.001,departure_first,0.0005001573406780954,0.0005001573406780954,0.0005002962590727596,5.0029326162833366e-05,0.0009498780825636761,1.896669346024282e-08,0.0009999746165400816,0.0,0.0,1.0,25.007867033904766,0.000500131646688882,0.000500131646688882,0.0005001135586853242,4.9770340265308625e-05,0.0009504665692121935,2.5917298013729734e-08,0.0009999627706712819,0.0,0.0,1.0,19.89246808858185
ceiling,1.25,16,0.001,insertion_order,0.0005001573406780954,0.0005001573406780954,0.0005002962590727596,5.0029326162833366e-05,0.0009498780825636761,1.896669346024282e-08,0.0009999746165400816,0.0,0.0,1.0,25.007867033904766,0.0005000826994262461,0.0005000826994262461,0.0005000086711798877,4.9723007813226904e-05,0.0009504734673540791,2.5549141996021134e-08,0.0009999634325821211,0.0,0.0,1.0,19.887780899207087
ceiling,1.25,16,0.003,arrival_first,0.0014994653406778568,0.0014994653406778568,0.00149923635738863,0.00014987064169721032,0.0028502714863270734,5.96713713700107e-08,0.0029999394162587125,0.0,0.0,1.0,74.97326703389284,0.0015010903016409213,0.0015010903016409213,0.0015009130662868282,0.00015084639372297493,0.002850654967406387,5.470285278003951e-08,0.0029998994326209416,0.0,0.0,1.0,59.65044535717118
ceiling,1.25,16,0.003,departure_first,0.0014994653406778568,0.0014994653406778568,0.00149923635738863,0.00014987064169721032,0.0028502714863270734,5.96713713700107e-08,0.0029999394162587125,0.0,0.0,1.0,74.97326703389284,0.0015012204717244613,0.0015012204717244613,0.0015013317732356021,0.0001510094350197583,0.0028506717136854414,5.890685650434581e-08,0.0029999024763233077,0.0,0.0,1.0,59.650555753050746
ceiling,1.25,16,0.003,insertion_order,0.0014994653406778568,0.0014994653406778568,0.00149923635738863,0.00014987064169721032,0.0028502714863270734,5.96713713700107e-08,0.0029999394162587125,0.0,0.0,1.0,74.97326703389284,0.0015010903016409213,0.0015010903016409213,0.0015009130662868282,0.00015084639372297493,0.002850654967406387,5.470285278003951e-08,0.0029998994326209416,0.0,0.0,1.0,59.65044535717118
ceiling,1.25,16,0.01,arrival_first,0.005000372007349133,0.005000372007349133,0.005000989662873204,0.0004990407108759125,0.009501361549344741,2.2683143470203503e-07,0.00999980369530628,0.0,0.0,1.0,250.01860036745663,0.00501105706107359,0.00501105706107359,0.005018034838008089,0.0005037403918572727,0.009504973543301083,2.5738426546092114e-07,0.00999974302565625,0.0,0.0,1.0,198.3216010942293
ceiling,1.25,16,0.01,departure_first,0.005000372007349133,0.005000372007349133,0.005000989662873204,0.0004990407108759125,0.009501361549344741,2.2683143470203503e-07,0.00999980369530628,0.0,0.0,1.0,250.01860036745663,0.005009464893263962,0.005009464893263962,0.005015733530623864,0.0005036494674060339,0.00950289212766659,2.5738390166304046e-07,0.009999733789838715,0.0,0.0,1.0,198.34654184723453
ceiling,1.25,16,0.01,insertion_order,0.005000372007349133,0.005000372007349133,0.005000989662873204,0.0004990407108759125,0.009501361549344741,2.2683143470203503e-07,0.00999980369530628,0.0,0.0,1.0,250.01860036745663,0.00501105706107359,0.00501105706107359,0.005018034838008089,0.0005037403918572727,0.009504973543301083,2.5738426546092114e-07,0.00999974302565625,0.0,0.0,1.0,198.3216010942293
ceiling,1.25,16,0.03,arrival_first,0.015006845339295548,0.015006845339295548,0.0150056770628377,0.001501884470996326,0.02849757968147363,5.558408095870012e-07,0.029999483176197828,0.0,0.0,1.0,750.3422669647773,0.015075004492755693,0.015075004492755693,0.015120740624971962,0.001520968789602735,0.02852077367821104,7.333865907334832e-07,0.029999436025554722,0.0,0.0,1.0,591.2252546926904
ceiling,1.25,16,0.03,departure_first,0.015006845339295548,0.015006845339295548,0.0150056770628377,0.001501884470996326,0.02849757968147363,5.558408095870012e-07,0.029999483176197828,0.0,0.0,1.0,750.3422669647773,0.015070168949941797,0.015070168949941797,0.015111650517633766,0.0015230672878614264,0.028517472268417023,7.448770420544667e-07,0.029999439496602567,0.0,0.0,1.0,591.1893216629462
ceiling,1.25,16,0.03,insertion_order,0.015006845339295548,0.015006845339295548,0.0150056770628377,0.001501884470996326,0.02849757968147363,5.558408095870012e-07,0.029999483176197828,0.0,0.0,1.0,750.3422669647773,0.015075004492755693,0.015075004492755693,0.015120740624971962,0.001520968789602735,0.02852077367821104,7.333865907334832e-07,0.029999436025554722,0.0,0.0,1.0,591.2252546926904
ceiling,1.25,16,0.1,arrival_first,0.04996956534146451,0.04996956534146451,0.049965355207996255,0.005025714003674391,0.09498284908617732,1.576288347375036e-06,0.0999972170484701,0.0,0.0,1.0,2498.4782670732257,0.050804209737695505,0.050804209737695505,0.05120630253374015,0.005255733485631401,0.09519430620730406,2.691459358135362e-06,0.09999713447992807,0.0,0.0,1.0,1929.4622778809496
ceiling,1.25,16,0.1,departure_first,0.04996956534146451,0.04996956534146451,0.049965355207996255,0.005025714003674391,0.09498284908617732,1.576288347375036e-06,0.0999972170484701,0.0,0.0,1.0,2498.4782670732257,0.05080865567414956,0.05080865567414956,0.05121405696056916,0.005262392984656011,0.09518768715826821,2.2986509725172095e-06,0.09999689111372569,0.0,0.0,1.0,1929.886827005625
ceiling,1.25,16,0.1,insertion_order,0.04996956534146451,0.04996956534146451,0.049965355207996255,0.005025714003674391,0.09498284908617732,1.576288347375036e-06,0.0999972170484701,0.0,0.0,1.0,2498.4782670732257,0.050804209737695505,0.050804209737695505,0.05120630253374015,0.005255733485631401,0.09519430620730406,2.691459358135362e-06,0.09999713447992807,0.0,0.0,1.0,1929.4622778809496
floor,0.5,1,1e-05,arrival_first,-4.998406138924717e-06,4.998406138924717e-06,-4.999281221292525e-06,-9.49895007276306e-06,-5.000455803383381e-07,-9.999761884197748e-06,-2.1900632418692113e-10,0.0,1.0,0.0,-0.24992030694623585,-4.997802475287941e-06,4.997802475290928e-06,-4.995073625638846e-06,-9.499463401730125e-06,-4.989455030744026e-07,-9.999651388693798e-06,-3.060344450078745e-10,0.0,0.9999989991192249,1.0008807750820723e-06,-0.1664671364102686
floor,0.5,1,1e-05,departure_first,-4.998406138924717e-06,4.998406138924717e-06,-4.999281221292525e-06,-9.49895007276306e-06,-5.000455803383381e-07,-9.999761884197748e-06,-2.1900632418692113e-10,0.0,1.0,0.0,-0.24992030694623585,-4.997803237791612e-06,4.997803237794601e-06,-4.995078784086589e-06,-9.499462888097286e-06,-4.989399003044186e-07,-9.999651388693798e-06,-3.060344450078745e-10,0.0,0.9999989991192249,1.0008807750820723e-06,-0.16646732732789926
floor,0.5,1,1e-05,insertion_order,-4.998406138924717e-06,4.998406138924717e-06,-4.999281221292525e-06,-9.49895007276306e-06,-5.000455803383381e-07,-9.999761884197748e-06,-2.1900632418692113e-10,0.0,1.0,0.0,-0.24992030694623585,-4.997802475287941e-06,4.997802475290928e-06,-4.995073625638846e-06,-9.499463401730125e-06,-4.989455030744026e-07,-9.999651388693798e-06,-3.060344450078745e-10,0.0,0.9999989991192249,1.0008807750820723e-06,-0.1664671364102686
floor,0.5,1,3e-05,arrival_first,-1.5002409522766053e-05,1.5002409522766053e-05,-1.500485859651235e-05,-2.8500007162316857e-05,-1.4982076572778192e-06,-2.9999478526102998e-05,-5.476977094076574e-10,6.666666666666667e-07,0.9999993333333334,0.0,-0.7501204761383027,-1.4991418002541429e-05,1.4991418002541429e-05,-1.4982299121074686e-05,-2.8503690263614867e-05,-1.4975307200438118e-06,-2.9999194868841893e-05,-9.222562209291555e-10,0.0,1.0,0.0,-0.4993351155831466
floor,0.5,1,3e-05,departure_first,-1.5002409522766053e-05,1.5002409522766053e-05,-1.500485859651235e-05,-2.8500007162316857e-05,-1.4982076572778192e-06,-2.9999478526102998e-05,-5.476977094076574e-10,6.666666666666667e-07,0.9999993333333334,0.0,-0.7501204761383027,-1.4991412876022607e-05,1.4991412876022607e-05,-1.4982238726526641e-05,-2.8503693906744274e-05,-1.4975210050910157e-06,-2.9999194868841893e-05,-9.222562209291555e-10,0.0,1.0,0.0,-0.49933794756009836
floor,0.5,1,3e-05,insertion_order,-1.5002409522766053e-05,1.5002409522766053e-05,-1.500485859651235e-05,-2.8500007162316857e-05,-1.4982076572778192e-06,-2.9999478526102998e-05,-5.476977094076574e-10,6.666666666666667e-07,0.9999993333333334,0.0,-0.7501204761383027,-1.4991418002541429e-05,1.4991418002541429e-05,-1.4982299121074686e-05,-2.8503690263614867e-05,-1.4975307200438118e-06,-2.9999194868841893e-05,-9.222562209291555e-10,0.0,1.0,0.0,-0.4993351155831466
floor,0.5,1,0.0001,arrival_first,-4.9975488169950646e-05,4.9975488169950646e-05,-4.995268221440104e-05,-9.498539984936845e-05,-4.99993612417409e-06,-9.999827816500328e-05,-1.8426968987720708e-09,0.0,1.0,0.0,-2.4987744084975323,-5.0004193887243044e-05,5.0004193887243044e-05,-5.00044526123072e-05,-9.49695347910844e-05,-4.947009560238468e-06,-9.999720674202182e-05,-3.277382636575806e-09,0.0,1.0,0.0,-1.6655487418919235
floor,0.5,1,0.0001,departure_first,-4.9975488169950646e-05,4.9975488169950646e-05,-4.995268221440104e-05,-9.498539984936845e-05,-4.99993612417409e-06,-9.999827816500328e-05,-1.8426968987720708e-09,0.0,1.0,0.0,-2.4987744084975323,-5.0003813789700404e-05,5.0003813789700404e-05,-5.000367429466729e-05,-9.49695129198558e-05,-4.9468395242615956e-06,-9.999720674202182e-05,-3.277382636575806e-09,0.0,1.0,0.0,-1.665577737794232
floor,0.5,1,0.0001,insertion_order,-4.9975488169950646e-05,4.9975488169950646e-05,-4.995268221440104e-05,-9.498539984936845e-05,-4.99993612417409e-06,-9.999827816500328e-05,-1.8426968987720708e-09,0.0,1.0,0.0,-2.4987744084975323,-5.0004193887243044e-05,5.0004193887243044e-05,-5.00044526123072e-05,-9.49695347910844e-05,-4.947009560238468e-06,-9.999720674202182e-05,-3.277382636575806e-09,0.0,1.0,0.0,-1.6655487418919235
floor,0.5,1,0.0003,arrival_first,-0.0001499218962836955,0.0001499218962836955,-0.00014980283252346755,-0.0002849542200056021,-1.5109402438611168e-05,-0.00029999428394755036,-4.966022970620543e-09,0.0,1.0,0.0,-7.496094814184774,-0.00015004384357005546,0.00015004384357005546,-0.00015014778322575416,-0.00028500374124229815,-1.4898207084461758e-05,-0.00029998997529976013,-9.19160085636565e-09,0.0,1.0,0.0,-4.997634131130606
floor,0.5,1,0.0003,departure_first,-0.0001499218962836955,0.0001499218962836955,-0.00014980283252346755,-0.0002849542200056021,-1.5109402438611168e-05,-0.00029999428394755036,-4.966022970620543e-09,0.0,1.0,0.0,-7.496094814184774,-0.00015004408298619447,0.00015004408298619447,-0.0001501494455104548,-0.00028500390036105674,-1.4899315803541152e-05,-0.00029998997529976013,-8.638503253462677e-09,0.0,1.0,0.0,-4.9981172515564705
floor,0.5,1,0.0003,insertion_order,-0.0001499218962836955,0.0001499218962836955,-0.00014980283252346755,-0.0002849542200056021,-1.5109402438611168e-05,-0.00029999428394755036,-4.966022970620543e-09,0.0,1.0,0.0,-7.496094814184774,-0.00015004384357005546,0.00015004384357005546,-0.00015014778322575416,-0.00028500374124229815,-1.4898207084461758e-05,-0.00029998997529976013,-9.19160085636565e-09,0.0,1.0,0.0,-4.997634131130606
floor,0.5,1,0.001,arrival_first,-0.0005000890231227689,0.0005000890231227689,-0.0005003552974509755,-0.0009498541735956678,-4.9880314236361375e-05,-0.0009999801090695352,-1.793978299247101e-08,0.0,1.0,0.0,-25.004451156138444,-0.0004991694294578325,0.0004991694294578325,-0.0004987738932373374,-0.0009499387831473444,-4.982269976857328e-05,-0.0009999650502048765,-2.3856006471414023e-08,0.0,1.0,0.0,-16.626576926211047
floor,0.5,1,0.001,departure_first,-0.0005000890231227689,0.0005000890231227689,-0.0005003552974509755,-0.0009498541735956678,-4.9880314236361375e-05,-0.0009999801090695352,-1.793978299247101e-08,0.0,1.0,0.0,-25.004451156138444,-0.000499162191508713,0.000499162191508713,-0.0004987641431635374,-0.0009499293904863165,-4.982962852633136e-05,-0.0009999650502048765,-2.3856006471414023e-08,0.0,1.0,0.0,-16.63159138800293
floor,0.5,1,0.001,insertion_order,-0.0005000890231227689,0.0005000890231227689,-0.0005003552974509755,-0.0009498541735956678,-4.9880314236361375e-05,-0.0009999801090695352,-1.793978299247101e-08,0.0,1.0,0.0,-25.004451156138444,-0.0004991694294578325,0.0004991694294578325,-0.0004987738932373374,-0.0009499387831473444,-4.982269976857328e-05,-0.0009999650502048765,-2.3856006471414023e-08,0.0,1.0,0.0,-16.626576926211047
floor,0.5,1,0.003,arrival_first,-0.0014986016897915737,0.0014986016897915737,-0.0014994489684795552,-0.0028491359254894633,-0.0001490601801924642,-0.0029999511786324242,-6.697603870028009e-08,0.0,1.0,0.0,-74.93008448957868,-0.001497591221864541,0.001497591221864541,-0.0014957162281958231,-0.002849139077938177,-0.00014939518982074924,-0.0029999302579695837,-1.0363709542596634e-07,0.0,1.0,0.0,-49.88325248672174
floor,0.5,1,0.003,departure_first,-0.0014986016897915737,0.0014986016897915737,-0.0014994489684795552,-0.0028491359254894633,-0.0001490601801924642,-0.0029999511786324242,-6.697603870028009e-08,0.0,1.0,0.0,-74.93008448957868,-0.0014976042227828853,0.0014976042227828853,-0.0014957195640286976,-0.0028491402520732377,-0.00014941223903554686,-0.0029999302579695837,-1.0363709542596634e-07,0.0,1.0,0.0,-49.93334698962941
floor,0.5,1,0.003,insertion_order,-0.0014986016897915737,0.0014986016897915737,-0.0014994489684795552,-0.0028491359254894633,-0.0001490601801924642,-0.0029999511786324242,-6.697603870028009e-08,0.0,1.0,0.0,-74.93008448957868,-0.001497591221864541,0.001497591221864541,-0.0014957162281958231,-0.002849139077938177,-0.00014939518982074924,-0.0029999302579695837,-1.0363709542596634e-07,0.0,1.0,0.0,-49.88325248672174
floor,0.5,1,0.01,arrival_first,-0.004997907023112417,0.004997907023112417,-0.005002739458723227,-0.009497121556432831,-0.0004966595170693238,-0.009999778644972443,-1.5978051427130897e-07,0.0,1.0,0.0,-249.89535115562086,-0.004992670198533267,0.004992670198533267,-0.00499164438903674,-0.009494186494560516,-0.0004959325459370873,-0.009999627488917492,-2.942838403301636e-07,0.0,1.0,0.0,-166.29726398853504
floor,0.5,1,0.01,departure_first,-0.004997907023112417,0.004997907023112417,-0.005002739458723227,-0.009497121556432831,-0.0004966595170693238,-0.009999778644972443,-1.5978051427130897e-07,0.0,1.0,0.0,-249.89535115562086,-0.004992852988435989,0.004992852988435989,-0.004991967660677766,-0.009494084749869272,-0.0004962835046907031,-0.009999627847003277,-2.942838403301636e-07,0.0,1.0,0.0,-166.85587486750413
floor,0.5,1,0.01,insertion_order,-0.004997907023112417,0.004997907023112417,-0.005002739458723227,-0.009497121556432831,-0.0004966595170693238,-0.009999778644972443,-1.5978051427130897e-07,0.0,1.0,0.0,-249.89535115562086,-0.004992670198533267,0.004992670198533267,-0.00499164438903674,-0.009494186494560516,-0.0004959325459370873,-0.009999627488917492,-2.942838403301636e-07,0.0,1.0,0.0,-166.29726398853504
floor,0.5,1,0.03,arrival_first,-0.01501117369325244,0.01501117369325244,-0.015019658847662262,-0.028496534239778458,-0.0015004437980163275,-0.029999372395589793,-5.741579419312378e-07,0.0,1.0,0.0,-750.5586846626221,-0.01492871478605517,0.01492871478605517,-0.014896520336367151,-0.028468524760913765,-0.0014778081731317285,-0.02999926278562976,-1.2202304001806776e-06,0.0,1.0,0.0,-497.2640529132233
floor,0.5,1,0.03,departure_first,-0.01501117369325244,0.01501117369325244,-0.015019658847662262,-0.028496534239778458,-0.0015004437980163275,-0.029999372395589793,-5.741579419312378e-07,0.0,1.0,0.0,-750.5586846626221,-0.014927945361926738,0.014927945361926738,-0.014894022765642115,-0.028468657745552663,-0.0014788726854733207,-0.02999929460862343,-1.1987672772494206e-06,0.0,1.0,0.0,-502.03522048568914
floor,0.5,1,0.03,insertion_order,-0.01501117369325244,0.01501117369325244,-0.015019658847662262,-0.028496534239778458,-0.0015004437980163275,-0.029999372395589793,-5.741579419312378e-07,0.0,1.0,0.0,-750.5586846626221,-0.01492871478605517,0.01492871478605517,-0.014896520336367151,-0.028468524760913765,-0.0014778081731317285,-0.02999926278562976,-1.2202304001806776e-06,0.0,1.0,0.0,-497.2640529132233
floor,0.5,1,0.1,arrival_first,-0.04996650702105317,0.04996650702105317,-0.04990498419814079,-0.09502880279933075,-0.005013134447326601,-0.0999968487307342,-2.410265187791083e-06,0.0,1.0,0.0,-2498.3253510526583,-0.04920440634088516,0.04920440634088516,-0.04877722504318631,-0.09475943446292338,-0.0047731957319829465,-0.09999593192002375,-2.8384451061905906e-06,0.0,1.0,0.0,-1638.054168843196
floor,0.5,1,0.1,departure_first,-0.04996650702105317,0.04996650702105317,-0.04990498419814079,-0.09502880279933075,-0.005013134447326601,-0.0999968487307342,-2.410265187791083e-06,0.0,1.0,0.0,-2498.3253510526583,-0.049209535812506075,0.049209535812506075,-0.048794218504218057,-0.09476536596497954,-0.004770821624679025,-0.0999957708582335,-2.812890436998739e-06,0.0,1.0,0.0,-1691.8161181756502
floor,0.5,1,0.1,insertion_order,-0.04996650702105317,0.04996650702105317,-0.04990498419814079,-0.09502880279933075,-0.005013134447326601,-0.0999968487307342,-2.410265187791083e-06,0.0,1.0,0.0,-2498.3253510526583,-0.04920440634088516,0.04920440634088516,-0.04877722504318631,-0.09475943446292338,-0.0047731957319829465,-0.09999593192002375,-2.8384451061905906e-06,0.0,1.0,0.0,-1638.054168843196
floor,0.5,4,1e-05,arrival_first,-4.999874216206081e-06,4.999874216206081e-06,-5.000020731434537e-06,-9.499223027281308e-06,-5.00189074349086e-07,-9.999775708517214e-06,-1.3151293387636542e-10,6.666666666666667e-07,0.9999993333333334,0.0,-0.24999371081030403,-5.002352699116734e-06,5.002352699116734e-06,-5.001270425584754e-06,-9.502146032281048e-06,-5.017058065708132e-07,-9.999788213287583e-06,-2.1515628280746603e-10,0.0,1.0,0.0,-0.2420234379584488
floor,0.5,4,1e-05,departure_first,-4.999874216206081e-06,4.999874216206081e-06,-5.000020731434537e-06,-9.499223027281308e-06,-5.00189074349086e-07,-9.999775708517214e-06,-1.3151293387636542e-10,6.666666666666667e-07,0.9999993333333334,0.0,-0.24999371081030403,-5.002352699116734e-06,5.002352699116734e-06,-5.001270425584754e-06,-9.502146032281048e-06,-5.017058065708132e-07,-9.999788213287583e-06,-2.1515628280746603e-10,0.0,1.0,0.0,-0.2420234379584488
floor,0.5,4,1e-05,insertion_order,-4.999874216206081e-06,4.999874216206081e-06,-5.000020731434537e-06,-9.499223027281308e-06,-5.00189074349086e-07,-9.999775708517214e-06,-1.3151293387636542e-10,6.666666666666667e-07,0.9999993333333334,0.0,-0.24999371081030403,-5.002352699116734e-06,5.002352699116734e-06,-5.001270425584754e-06,-9.502146032281048e-06,-5.017058065708132e-07,-9.999788213287583e-06,-2.1515628280746603e-10,0.0,1.0,0.0,-0.2420234379584488
floor,0.5,4,3e-05,arrival_first,-1.4999537604088498e-05,1.4999537604088498e-05,-1.4994957928138319e-05,-2.849264210150674e-05,-1.4971101184831572e-06,-2.999925764015643e-05,-4.790611759138604e-10,0.0,1.0,0.0,-0.7499768802044249,-1.5003434344945188e-05,1.5003434344945188e-05,-1.4995752108187127e-05,-2.850049147840527e-05,-1.5070563526137694e-06,-2.9999346645263416e-05,-9.79028096121983e-10,0.0,1.0,0.0,-0.7258951047627347
floor,0.5,4,3e-05,departure_first,-1.4999537604088498e-05,1.4999537604088498e-05,-1.4994957928138319e-05,-2.849264210150674e-05,-1.4971101184831572e-06,-2.999925764015643e-05,-4.790611759138604e-10,0.0,1.0,0.0,-0.7499768802044249,-1.5003434344945188e-05,1.5003434344945188e-05,-1.4995752108187127e-05,-2.850049147840527e-05,-1.5070563526137694e-06,-2.9999346645263416e-05,-9.79028096121983e-10,0.0,1.0,0.0,-0.7258951047627347
floor,0.5,4,3e-05,insertion_order,-1.4999537604088498e-05,1.4999537604088498e-05,-1.4994957928138319e-05,-2.849264210150674e-05,-1.4971101184831572e-06,-2.999925764015643e-05,-4.790611759138604e-10,0.0,1.0,0.0,-0.7499768802044249,-1.5003434344945188e-05,1.5003434344945188e-05,-1.4995752108187127e-05,-2.850049147840527e-05,-1.5070563526137694e-06,-2.9999346645263416e-05,-9.79028096121983e-10,0.0,1.0,0.0,-0.7258951047627347
floor,0.5,4,0.0001,arrival_first,-4.996998958505477e-05,4.996998958505477e-05,-4.9962314066457716e-05,-9.502047925404137e-05,-4.978363807216142e-06,-9.99973921958978e-05,-2.140647363072882e-09,0.0,1.0,0.0,-2.498499479252738,-4.999694719687483e-05,4.999694719687483e-05,-5.0012607539182836e-05,-9.498181726514582e-05,-5.015259895226174e-06,-9.999814205768296e-05,-2.6176815230473844e-09,0.0,1.0,0.0,-2.4189491742001983
floor,0.5,4,0.0001,departure_first,-4.996998958505477e-05,4.996998958505477e-05,-4.9962314066457716e-05,-9.502047925404137e-05,-4.978363807216142e-06,-9.99973921958978e-05,-2.140647363072882e-09,0.0,1.0,0.0,-2.498499479252738,-4.999683081882881e-05,4.999683081882881e-05,-5.001245412178877e-05,-9.498180457556374e-05,-5.0152701949024706e-06,-9.999814205768296e-05,-2.6176815230473844e-09,0.0,1.0,0.0,-2.4189485267013042
floor,0.5,4,0.0001,insertion_order,-4.996998958505477e-05,4.996998958505477e-05,-4.9962314066457716e-05,-9.502047925404137e-05,-4.978363807216142e-06,-9.99973921958978e-05,-2.140647363072882e-09,0.0,1.0,0.0,-2.498499479252738,-4.999694719687483e-05,4.999694719687483e-05,-5.0012607539182836e-05,-9.498181726514582e-05,-5.015259895226174e-06,-9.999814205768296e-05,-2.6176815230473844e-09,0.0,1.0,0.0,-2.4189491742001983
floor,0.5,4,0.0003,arrival_first,-0.00014990246438774073,0.00014990246438774073,-0.0001497426385261254,-0.0002848943103132721,-1.4994132091790897e-05,-0.0002999937853019219,-6.815025699324906e-09,0.0,1.0,0.0,-7.495123219387036,-0.00015011380297138934,0.00015011380297138934,-0.000150276794519481,-0.00028500814066967416,-1.5042128795132902e-05,-0.000299993569149228,-6.077690518566103e-09,0.0,1.0,0.0,-7.262814128834782
floor,0.5,4,0.0003,departure_first,-0.00014990246438774073,0.00014990246438774073,-0.0001497426385261254,-0.0002848943103132721,-1.4994132091790897e-05,-0.0002999937853019219,-6.815025699324906e-09,0.0,1.0,0.0,-7.495123219387036,-0.00015011366025625153,0.00015011366025625153,-0.0001502761426913533,-0.00028500809985803726,-1.5042172638397248e-05,-0.000299993569149228,-6.077690518566103e-09,0.0,1.0,0.0,-7.262832230919857
floor,0.5,4,0.0003,insertion_order,-0.00014990246438774073,0.00014990246438774073,-0.0001497426385261254,-0.0002848943103132721,-1.4994132091790897e-05,-0.0002999937853019219,-6.815025699324906e-09,0.0,1.0,0.0,-7.495123219387036,-0.00015011380297138934,0.00015011380297138934,-0.000150276794519481,-0.00028500814066967416,-1.5042128795132902e-05,-0.000299993569149228,-6.077690518566103e-09,0.0,1.0,0.0,-7.262814128834782
floor,0.5,4,0.001,arrival_first,-0.000500115924544818,0.000500115924544818,-0.0005000431357681615,-0.0009500172643796153,-5.038921787066412e-05,-0.0009999839556257939,-2.197187617033099e-08,0.0,1.0,0.0,-25.0057962272409,-0.0004995996801744196,0.0004995996801744196,-0.0004991247194091349,-0.0009499525984670143,-4.989798249346526e-05,-0.000999980223114696,-1.928386809217179e-08,0.0,1.0,0.0,-24.171822846622362
floor,0.5,4,0.001,departure_first,-0.000500115924544818,0.000500115924544818,-0.0005000431357681615,-0.0009500172643796153,-5.038921787066412e-05,-0.0009999839556257939,-2.197187617033099e-08,0.0,1.0,0.0,-25.0057962272409,-0.0004995967249313867,0.0004995967249313867,-0.0004991202063933401,-0.0009499558434323132,-4.989470190040375e-05,-0.000999980223114696,-1.928386809217179e-08,0.0,1.0,0.0,-24.17216353673894
floor,0.5,4,0.001,insertion_order,-0.000500115924544818,0.000500115924544818,-0.0005000431357681615,-0.0009500172643796153,-5.038921787066412e-05,-0.0009999839556257939,-2.197187617033099e-08,0.0,1.0,0.0,-25.0057962272409,-0.0004995996801744196,0.0004995996801744196,-0.0004991247194091349,-0.0009499525984670143,-4.989798249346526e-05,-0.000999980223114696,-1.928386809217179e-08,0.0,1.0,0.0,-24.171822846622362
floor,0.5,4,0.003,arrival_first,-0.001500573257875704,0.001500573257875704,-0.001500356374981493,-0.0028487019954991414,-0.00014985533250182952,-0.0029999402697891736,-4.638835283306738e-08,0.0,1.0,0.0,-75.0286628937852,-0.001498591390840049,0.001498591390840049,-0.0014971741154137144,-0.002850020128745063,-0.00014935655901909201,-0.0029999280230107524,-6.697174291710646e-08,0.0,1.0,0.0,-72.5086314161962
floor,0.5,4,0.003,departure_first,-0.001500573257875704,0.001500573257875704,-0.001500356374981493,-0.0028487019954991414,-0.00014985533250182952,-0.0029999402697891736,-4.638835283306738e-08,0.0,1.0,0.0,-75.0286628937852,-0.0014985911780398388,0.0014985911780398388,-0.0014971700702129664,-0.002850015689181709,-0.00014937346798968106,-0.0029999280230107524,-6.697174291710646e-08,0.0,1.0,0.0,-72.5131660196468
floor,0.5,4,0.003,insertion_order,-0.001500573257875704,0.001500573257875704,-0.001500356374981493,-0.0028487019954991414,-0.00014985533250182952,-0.0029999402697891736,-4.638835283306738e-08,0.0,1.0,0.0,-75.0286628937852,-0.001498591390840049,0.001498591390840049,-0.0014971741154137144,-0.002850020128745063,-0.00014935655901909201,-0.0029999280230107524,-6.697174291710646e-08,0.0,1.0,0.0,-72.5086314161962
floor,0.5,4,0.01,arrival_first,-0.005006665924538243,0.005006665924538243,-0.005010679596186189,-0.009504682694911632,-0.0004993631175178362,-0.009999822758315229,-2.5105794823806114e-07,0.0,1.0,0.0,-250.33329622691218,-0.004992214206168915,0.004992214206168915,-0.004990746449820898,-0.009493483856898997,-0.0004954765874570029,-0.009999783457893109,-1.5979052000828868e-07,0.0,1.0,0.0,-241.5764170555739
floor,0.5,4,0.01,departure_first,-0.005006665924538243,0.005006665924538243,-0.005010679596186189,-0.009504682694911632,-0.0004993631175178362,-0.009999822758315229,-2.5105794823806114e-07,0.0,1.0,0.0,-250.33329622691218,-0.004992271944201537,0.004992271944201537,-0.004990815564713435,-0.009493534202867138,-0.0004954602327818813,-0.009999783457893109,-1.5979052000828868e-07,0.0,1.0,0.0,-241.62280982836472
floor,0.5,4,0.01,insertion_order,-0.005006665924538243,0.005006665924538243,-0.005010679596186189,-0.009504682694911632,-0.0004993631175178362,-0.009999822758315229,-2.5105794823806114e-07,0.0,1.0,0.0,-250.33329622691218,-0.004992214206168915,0.004992214206168915,-0.004990746449820898,-0.009493483856898997,-0.0004954765874570029,-0.009999783457893109,-1.5979052000828868e-07,0.0,1.0,0.0,-241.5764170555739
floor,0.5,4,0.03,arrival_first,-0.015008179261342689,0.015008179261342689,-0.015008115887273259,-0.028507438463008534,-0.0015057717397091168,-0.029999179603813295,-7.587198221396345e-07,0.0,1.0,0.0,-750.4089630671346,-0.014923817812675124,0.014923817812675124,-0.014886883988080017,-0.028475317961835618,-0.001470393808919396,-0.02999943973013531,-5.564764486672609e-07,0.0,1.0,0.0,-722.41264175495
floor,0.5,4,0.03,departure_first,-0.015008179261342689,0.015008179261342689,-0.015008115887273259,-0.028507438463008534,-0.0015057717397091168,-0.029999179603813295,-7.587198221396345e-07,0.0,1.0,0.0,-750.4089630671346,-0.014924202000009278,0.014924202000009278,-0.014887237619114735,-0.02847548309371143,-0.0014704547711394188,-0.02999943973013531,-5.564764486672609e-07,0.0,1.0,0.0,-722.8014229570673
floor,0.5,4,0.03,insertion_order,-0.015008179261342689,0.015008179261342689,-0.015008115887273259,-0.028507438463008534,-0.0015057717397091168,-0.029999179603813295,-7.587198221396345e-07,0.0,1.0,0.0,-750.4089630671346,-0.014923817812675124,0.014923817812675124,-0.014886883988080017,-0.028475317961835618,-0.001470393808919396,-0.02999943973013531,-5.564764486672609e-07,0.0,1.0,0.0,-722.41264175495
floor,0.5,4,0.1,arrival_first,-0.0499634392558035,0.0499634392558035,-0.04992942462661934,-0.09500146171754749,-0.004994938544108068,-0.09999812907347708,-1.957192762347404e-06,0.0,1.0,0.0,-2498.1719627901753,-0.04909609248233553,0.04909609248233553,-0.04862918554772192,-0.09472549027080983,-0.0047353567366069625,-0.0999981474635821,-1.7118480495728249e-06,0.0,1.0,0.0,-2379.288431728744
floor,0.5,4,0.1,departure_first,-0.0499634392558035,0.0499634392558035,-0.04992942462661934,-0.09500146171754749,-0.004994938544108068,-0.09999812907347708,-1.957192762347404e-06,0.0,1.0,0.0,-2498.1719627901753,-0.049097536193248865,0.049097536193248865,-0.048635168297031156,-0.09472539144020958,-0.0047332242041316615,-0.0999981474635821,-1.7118480495728249e-06,0.0,1.0,0.0,-2383.4088362793377
floor,0.5,4,0.1,insertion_order,-0.0499634392558035,0.0499634392558035,-0.04992942462661934,-0.09500146171754749,-0.004994938544108068,-0.09999812907347708,-1.957192762347404e-06,0.0,1.0,0.0,-2498.1719627901753,-0.04909609248233553,0.04909609248233553,-0.04862918554772192,-0.09472549027080983,-0.0047353567366069625,-0.0999981474635821,-1.7118480495728249e-06,0.0,1.0,0.0,-2379.288431728744
floor,0.5,8,1e-05,arrival_first,-4.997961818469776e-06,4.997961818469776e-06,-4.998003078071633e-06,-9.497284827375551e-06,-5.012880683352713e-07,-9.999785834224895e-06,-1.8784097240616878e-10,0.0,1.0,0.0,-0.24989809092348877,-4.9985365534256675e-06,4.9985365534434866e-06,-4.996030841958928e-06,-9.5012709186342e-06,-4.973340217541835e-07,-9.999792047564546e-06,-1.5634762732160318e-10,0.0,0.9999986641818902,1.3358181097257543e-06,-0.2494413285901617
floor,0.5,8,1e-05,departure_first,-4.997961818469776e-06,4.997961818469776e-06,-4.998003078071633e-06,-9.497284827375551e-06,-5.012880683352713e-07,-9.999785834224895e-06,-1.8784097240616878e-10,0.0,1.0,0.0,-0.24989809092348877,-4.9985365534256675e-06,4.9985365534434866e-06,-4.996030841958928e-06,-9.5012709186342e-06,-4.973340217541835e-07,-9.999792047564546e-06,-1.5634762732160318e-10,0.0,0.9999986641818902,1.3358181097257543e-06,-0.24944132859016171
floor,0.5,8,1e-05,insertion_order,-4.997961818469776e-06,4.997961818469776e-06,-4.998003078071633e-06,-9.497284827375551e-06,-5.012880683352713e-07,-9.999785834224895e-06,-1.8784097240616878e-10,0.0,1.0,0.0,-0.24989809092348877,-4.9985365534256675e-06,4.9985365534434866e-06,-4.996030841958928e-06,-9.5012709186342e-06,-4.973340217541835e-07,-9.999792047564546e-06,-1.5634762732160318e-10,0.0,0.9999986641818902,1.3358181097257543e-06,-0.2494413285901617
floor,0.5,8,3e-05,arrival_first,-1.4982951873246445e-05,1.4982951873246445e-05,-1.4974729341095857e-05,-2.8499278757105153e-05,-1.5055863241286742e-06,-2.9999329187072968e-05,-7.425114745274186e-10,0.0,1.0,0.0,-0.7491475936623222,-1.5002892242806372e-05,1.5002892242806372e-05,-1.500700353656411e-05,-2.84989850433168e-05,-1.5081719782837764e-06,-2.9999459653258278e-05,-5.246190224137784e-10,0.0,1.0,0.0,-0.7486873285850775
floor,0.5,8,3e-05,departure_first,-1.4982951873246445e-05,1.4982951873246445e-05,-1.4974729341095857e-05,-2.8499278757105153e-05,-1.5055863241286742e-06,-2.9999329187072968e-05,-7.425114745274186e-10,0.0,1.0,0.0,-0.7491475936623222,-1.5002892242806372e-05,1.5002892242806372e-05,-1.500700353656411e-05,-2.84989850433168e-05,-1.5081719782837764e-06,-2.9999459653258278e-05,-5.246190224137784e-10,0.0,1.0,0.0,-0.7486873285850775
floor,0.5,8,3e-05,insertion_order,-1.4982951873246445e-05,1.4982951873246445e-05,-1.4974729341095857e-05,-2.8499278757105153e-05,-1.5055863241286742e-06,-2.9999329187072968e-05,-7.425114745274186e-10,0.0,1.0,0.0,-0.7491475936623222,-1.5002892242806372e-05,1.5002892242806372e-05,-1.500700353656411e-05,-2.84989850433168e-05,-1.5081719782837764e-06,-2.9999459653258278e-05,-5.246190224137784e-10,0.0,1.0,0.0,-0.7486873285850775
floor,0.5,8,0.0001,arrival_first,-5.001702384725285e-05,5.001702384725285e-05,-5.002055119499952e-05,-9.499276159961786e-05,-5.03351372875235e-06,-9.999739783476495e-05,-2.321333643825104e-09,0.0,1.0,0.0,-2.500851192362643,-5.0013695330273764e-05,5.0013695330273764e-05,-5.002516781311949e-05,-9.502174915238319e-05,-4.9954823759589565e-06,-9.999881586070109e-05,-2.1389611933505157e-09,0.0,1.0,0.0,-2.4958269952987187
floor,0.5,8,0.0001,departure_first,-5.001702384725285e-05,5.001702384725285e-05,-5.002055119499952e-05,-9.499276159961786e-05,-5.03351372875235e-06,-9.999739783476495e-05,-2.321333643825104e-09,0.0,1.0,0.0,-2.500851192362643,-5.0013735827906273e-05,5.0013735827906273e-05,-5.002524094559318e-05,-9.502174915238319e-05,-4.9954823759589565e-06,-9.999881586070109e-05,-2.1389611933505157e-09,0.0,1.0,0.0,-2.4958290175479974
floor,0.5,8,0.0001,insertion_order,-5.001702384725285e-05,5.001702384725285e-05,-5.002055119499952e-05,-9.499276159961786e-05,-5.03351372875235e-06,-9.999739783476495e-05,-2.321333643825104e-09,0.0,1.0,0.0,-2.500851192362643,-5.0013695330273764e-05,5.0013695330273764e-05,-5.002516781311949e-05,-9.502174915238319e-05,-4.9954823759589565e-06,-9.999881586070109e-05,-2.1389611933505157e-09,0.0,1.0,0.0,-2.4958269952987187
floor,0.5,8,0.0003,arrival_first,-0.00014995169865123656,0.00014995169865123656,-0.00014988613041471883,-0.00028496559629275,-1.5035963848883238e-05,-0.000299991400182383,-7.778605019363264e-09,0.0,1.0,0.0,-7.497584932561828,-0.00014997799805742507,0.00014997799805742507,-0.0001500012823388275,-0.0002850215550922259,-1.4940327238166646e-05,-0.00029999435878940117,-7.533746834709198e-09,0.0,1.0,0.0,-7.484335837320338
floor,0.5,8,0.0003,departure_first,-0.00014995169865123656,0.00014995169865123656,-0.00014988613041471883,-0.00028496559629275,-1.5035963848883238e-05,-0.000299991400182383,-7.778605019363264e-09,0.0,1.0,0.0,-7.497584932561828,-0.0001499779882429943,0.0001499779882429943,-0.00015000125773213905,-0.00028502154505109106,-1.4940331143074456e-05,-0.00029999435878940117,-7.533746834709198e-09,0.0,1.0,0.0,-7.484345351148287
floor,0.5,8,0.0003,insertion_order,-0.00014995169865123656,0.00014995169865123656,-0.00014988613041471883,-0.00028496559629275,-1.5035963848883238e-05,-0.000299991400182383,-7.778605019363264e-09,0.0,1.0,0.0,-7.497584932561828,-0.00014997799805742507,0.00014997799805742507,-0.0001500012823388275,-0.0002850215550922259,-1.4940327238166646e-05,-0.00029999435878940117,-7.533746834709198e-09,0.0,1.0,0.0,-7.484335837320338
floor,0.5,8,0.001,arrival_first,-0.0005001468921415484,0.0005001468921415484,-0.0005000077661558559,-0.0009501481279342746,-5.006905616028242e-05,-0.0009999827088298238,-2.314676142608126e-08,0.0,1.0,0.0,-25.007344607077417,-0.0004997667724940478,0.0004997667724940478,-0.0004998435947163614,-0.0009496454332923117,-4.980022838046942e-05,-0.0009999800827588429,-1.396369908266785e-08,0.0,1.0,0.0,-24.939847745467702
floor,0.5,8,0.001,departure_first,-0.0005001468921415484,0.0005001468921415484,-0.0005000077661558559,-0.0009501481279342746,-5.006905616028242e-05,-0.0009999827088298238,-2.314676142608126e-08,0.0,1.0,0.0,-25.007344607077417,-0.0004997666004637235,0.0004997666004637235,-0.0004998431570029464,-0.0009496454154742235,-4.980026621985623e-05,-0.0009999800827588429,-1.396369908266785e-08,0.0,1.0,0.0,-24.939855817810255
floor,0.5,8,0.001,insertion_order,-0.0005001468921415484,0.0005001468921415484,-0.0005000077661558559,-0.0009501481279342746,-5.006905616028242e-05,-0.0009999827088298238,-2.314676142608126e-08,0.0,1.0,0.0,-25.007344607077417,-0.0004997667724940478,0.0004997667724940478,-0.0004998435947163614,-0.0009496454332923117,-4.980022838046942e-05,-0.0009999800827588429,-1.396369908266785e-08,0.0,1.0,0.0,-24.939847745467702
floor,0.5,8,0.003,arrival_first,-0.0015004188921440363,0.0015004188921440363,-0.0015004908981003002,-0.002850427866596874,-0.00015008644431873132,-0.002999954891735494,-5.9588213237778595e-08,0.0,1.0,0.0,-75.02094460720181,-0.0014995675348897651,0.0014995675348897651,-0.0014992860329458397,-0.002850668000285316,-0.00014970756781351215,-0.002999933937186514,-5.420278867285938e-08,0.0,1.0,0.0,-74.83351255089616
floor,0.5,8,0.003,departure_first,-0.0015004188921440363,0.0015004188921440363,-0.0015004908981003002,-0.002850427866596874,-0.00015008644431873132,-0.002999954891735494,-5.9588213237778595e-08,0.0,1.0,0.0,-75.02094460720181,-0.0014995658571846208,0.0014995658571846208,-0.0014992856353398182,-0.002850666541941155,-0.00014970778114699356,-0.002999933937186514,-5.420278867285938e-08,0.0,1.0,0.0,-74.83352855150065
floor,0.5,8,0.003,insertion_order,-0.0015004188921440363,0.0015004188921440363,-0.0015004908981003002,-0.002850427866596874,-0.00015008644431873132,-0.002999954891735494,-5.9588213237778595e-08,0.0,1.0,0.0,-75.02094460720181,-0.0014995675348897651,0.0014995675348897651,-0.0014992860329458397,-0.002850668000285316,-0.00014970756781351215,-0.002999933937186514,-5.420278867285938e-08,0.0,1.0,0.0,-74.83351255089616
floor,0.5,8,0.01,arrival_first,-0.004996600225467083,0.004996600225467083,-0.004995873060640103,-0.009498833960017994,-0.0004969115049940844,-0.009999832151091443,-1.8189396845021595e-07,0.0,1.0,0.0,-249.83001127335416,-0.00499477238341303,0.00499477238341303,-0.004992709295507646,-0.009498611235019477,-0.0004995560366451323,-0.009999744307065522,-1.8737282614274726e-07,0.0,1.0,0.0,-249.25933098719665
floor,0.5,8,0.01,departure_first,-0.004996600225467083,0.004996600225467083,-0.004995873060640103,-0.009498833960017994,-0.0004969115049940844,-0.009999832151091443,-1.8189396845021595e-07,0.0,1.0,0.0,-249.83001127335416,-0.004994781506865085,0.004994781506865085,-0.004992714424153917,-0.009498617276801876,-0.0004994943843967438,-0.009999744307065522,-1.8737282614274726e-07,0.0,1.0,0.0,-249.26228479965306
floor,0.5,8,0.01,insertion_order,-0.004996600225467083,0.004996600225467083,-0.004995873060640103,-0.009498833960017994,-0.0004969115049940844,-0.009999832151091443,-1.8189396845021595e-07,0.0,1.0,0.0,-249.83001127335416,-0.00499477238341303,0.00499477238341303,-0.004992709295507646,-0.009498611235019477,-0.0004995560366451323,-0.009999744307065522,-1.8737282614274726e-07,0.0,1.0,0.0,-249.25933098719665
floor,0.5,8,0.03,arrival_first,-0.015015246895613015,0.015015246895613015,-0.015014773930943193,-0.028506524448866914,-0.0015026620550997933,-0.029999589288187658,-5.423610370295744e-07,0.0,1.0,0.0,-750.7623447806509,-0.014921960030781225,0.014921960030781225,-0.014898138617524533,-0.028474954836064423,-0.001484224053821156,-0.02999945974817366,-5.38782232058684e-07,0.0,1.0,0.0,-744.7063332278814
floor,0.5,8,0.03,departure_first,-0.015015246895613015,0.015015246895613015,-0.015014773930943193,-0.028506524448866914,-0.0015026620550997933,-0.029999589288187658,-5.423610370295744e-07,0.0,1.0,0.0,-750.7623447806509,-0.014921907838849505,0.014921907838849505,-0.014898107702468653,-0.02847488472765992,-0.0014842234033434012,-0.02999945974817366,-5.38782232058684e-07,0.0,1.0,0.0,-744.7251188471995
floor,0.5,8,0.03,insertion_order,-0.015015246895613015,0.015015246895613015,-0.015014773930943193,-0.028506524448866914,-0.0015026620550997933,-0.029999589288187658,-5.423610370295744e-07,0.0,1.0,0.0,-750.7623447806509,-0.014921960030781225,0.014921960030781225,-0.014898138617524533,-0.028474954836064423,-0.001484224053821156,-0.02999945974817366,-5.38782232058684e-07,0.0,1.0,0.0,-744.7063332278814
floor,0.5,8,0.1,arrival_first,-0.04998886022340357,0.04998886022340357,-0.049964115512769545,-0.09499086493171793,-0.004997172750169441,-0.09999779580502946,-2.2857303216975805e-06,0.0,1.0,0.0,-2499.4430111701786,-0.04917731630898003,0.04917731630898003,-0.04872827194200616,-0.0947717351070448,-0.004796009429051386,-0.09999728088235556,-2.194506288211314e-06,0.0,1.0,0.0,-2454.715181259635
floor,0.5,8,0.1,departure_first,-0.04998886022340357,0.04998886022340357,-0.049964115512769545,-0.09499086493171793,-0.004997172750169441,-0.09999779580502946,-2.2857303216975805e-06,0.0,1.0,0.0,-2499.4430111701786,-0.04917751481378238,0.04917751481378238,-0.04872843498498568,-0.09477193734641623,-0.0047963611842850576,-0.09999728088235556,-2.194506288211314e-06,0.0,1.0,0.0,-2454.933285022727
floor,0.5,8,0.1,insertion_order,-0.04998886022340357,0.04998886022340357,-0.049964115512769545,-0.09499086493171793,-0.004997172750169441,-0.09999779580502946,-2.2857303216975805e-06,0.0,1.0,0.0,-2499.4430111701786,-0.04917731630898003,0.04917731630898003,-0.04872827194200616,-0.0947717351070448,-0.004796009429051386,-0.09999728088235556,-2.194506288211314e-06,0.0,1.0,0.0,-2454.715181259635
floor,0.5,16,1e-05,arrival_first,-5.004004045449013e-06,5.004004045449013e-06,-5.005868418569056e-06,-9.498789938030921e-06,-5.000579555295802e-07,-9.999784500299333e-06,-1.7941298816973966e-10,6.666666666666667e-07,0.9999993333333334,0.0,-0.25020020227245066,-5.001349524509235e-06,5.001349524509235e-06,-5.000014166955917e-06,-9.500038544057166e-06,-4.990489956857183e-07,-9.99977231132323e-06,-1.7086042123961217e-10,0.0,1.0,0.0,-0.2500661440320201
floor,0.5,16,1e-05,departure_first,-5.004004045449013e-06,5.004004045449013e-06,-5.005868418569056e-06,-9.498789938030921e-06,-5.000579555295802e-07,-9.999784500299333e-06,-1.7941298816973966e-10,6.666666666666667e-07,0.9999993333333334,0.0,-0.25020020227245066,-5.001349524509235e-06,5.001349524509235e-06,-5.000014166955917e-06,-9.500038544057166e-06,-4.990489956857183e-07,-9.99977231132323e-06,-1.7086042123961217e-10,0.0,1.0,0.0,-0.2500661440320201
floor,0.5,16,1e-05,insertion_order,-5.004004045449013e-06,5.004004045449013e-06,-5.005868418569056e-06,-9.498789938030921e-06,-5.000579555295802e-07,-9.999784500299333e-06,-1.7941298816973966e-10,6.666666666666667e-07,0.9999993333333334,0.0,-0.25020020227245066,-5.001349524509235e-06,5.001349524509235e-06,-5.000014166955917e-06,-9.500038544057166e-06,-4.990489956857183e-07,-9.99977231132323e-06,-1.7086042123961217e-10,0.0,1.0,0.0,-0.2500661440320201
floor,0.5,16,3e-05,arrival_first,-1.500717410018842e-05,1.500717410018842e-05,-1.5010698037561572e-05,-2.8503464815609428e-05,-1.4946637869191694e-06,-2.9999429655921025e-05,-6.929136967907349e-10,6.666666666666667e-07,0.9999993333333334,0.0,-0.7503587050094211,-1.5013263009839844e-05,1.5013263009839844e-05,-1.5032228902366023e-05,-2.8502014814744892e-05,-1.49481729432063e-06,-2.999944192164933e-05,-4.1444813885770554e-10,6.666666666666667e-07,0.9999993333333334,0.0,-0.7506591440115826
floor,0.5,16,3e-05,departure_first,-1.500717410018842e-05,1.500717410018842e-05,-1.5010698037561572e-05,-2.8503464815609428e-05,-1.4946637869191694e-06,-2.9999429655921025e-05,-6.929136967907349e-10,6.666666666666667e-07,0.9999993333333334,0.0,-0.7503587050094211,-1.5013263009839844e-05,1.5013263009839844e-05,-1.5032228902366023e-05,-2.8502014814744892e-05,-1.49481729432063e-06,-2.999944192164933e-05,-4.1444813885770554e-10,6.666666666666667e-07,0.9999993333333334,0.0,-0.7506591440115826
floor,0.5,16,3e-05,insertion_order,-1.500717410018842e-05,1.500717410018842e-05,-1.5010698037561572e-05,-2.8503464815609428e-05,-1.4946637869191694e-06,-2.9999429655921025e-05,-6.929136967907349e-10,6.666666666666667e-07,0.9999993333333334,0.0,-0.7503587050094211,-1.5013263009839844e-05,1.5013263009839844e-05,-1.5032228902366023e-05,-2.8502014814744892e-05,-1.49481729432063e-06,-2.999944192164933e-05,-4.1444813885770554e-10,6.666666666666667e-07,0.9999993333333334,0.0,-0.7506591440115826
floor,0.5,16,0.0001,arrival_first,-4.9999472745906434e-05,4.9999472745906434e-05,-5.0009548309996414e-05,-9.500505301427135e-05,-5.020933213018006e-06,-9.999806291792387e-05,-1.9864576946323116e-09,0.0,1.0,0.0,-2.4999736372953216,-4.997921578409261e-05,4.997921578409261e-05,-4.995593742743888e-05,-9.499268644046971e-05,-4.9998903422663394e-06,-9.999822584779092e-05,-1.984481698413809e-09,0.0,1.0,0.0,-2.4989474774185942
floor,0.5,16,0.0001,departure_first,-4.9999472745906434e-05,4.9999472745906434e-05,-5.0009548309996414e-05,-9.500505301427135e-05,-5.020933213018006e-06,-9.999806291792387e-05,-1.9864576946323116e-09,0.0,1.0,0.0,-2.4999736372953216,-4.997921578409261e-05,4.997921578409261e-05,-4.995593742743888e-05,-9.499268644046971e-05,-4.9998903422663394e-06,-9.999822584779092e-05,-1.984481698413809e-09,0.0,1.0,0.0,-2.4989474774185942
floor,0.5,16,0.0001,insertion_order,-4.9999472745906434e-05,4.9999472745906434e-05,-5.0009548309996414e-05,-9.500505301427135e-05,-5.020933213018006e-06,-9.999806291792387e-05,-1.9864576946323116e-09,0.0,1.0,0.0,-2.4999736372953216,-4.997921578409261e-05,4.997921578409261e-05,-4.995593742743888e-05,-9.499268644046971e-05,-4.9998903422663394e-06,-9.999822584779092e-05,-1.984481698413809e-09,0.0,1.0,0.0,-2.4989474774185942
floor,0.5,16,0.0003,arrival_first,-0.00014999868087902724,0.00014999868087902724,-0.00015001551846580697,-0.00028494009666853046,-1.5109914478064973e-05,-0.00029999377323595885,-6.046199511426191e-09,0.0,1.0,0.0,-7.499934043951361,-0.0001500928829311057,0.0001500928829311057,-0.00015016604216437808,-0.00028497853480865994,-1.510297670964373e-05,-0.0002999941703556387,-5.236415729498179e-09,0.0,1.0,0.0,-7.504604143835405
floor,0.5,16,0.0003,departure_first,-0.00014999868087902724,0.00014999868087902724,-0.00015001551846580697,-0.00028494009666853046,-1.5109914478064974e-05,-0.00029999377323595885,-6.046199511426191e-09,0.0,1.0,0.0,-7.499934043951361,-0.0001500928829311057,0.0001500928829311057,-0.00015016604216437808,-0.00028497853480865994,-1.510297670964373e-05,-0.0002999941703556387,-5.236415729498179e-09,0.0,1.0,0.0,-7.504604143835405
floor,0.5,16,0.0003,insertion_order,-0.00014999868087902724,0.00014999868087902724,-0.00015001551846580697,-0.00028494009666853046,-1.5109914478064973e-05,-0.00029999377323595885,-6.046199511426191e-09,0.0,1.0,0.0,-7.499934043951361,-0.0001500928829311057,0.0001500928829311057,-0.00015016604216437808,-0.00028497853480865994,-1.510297670964373e-05,-0.0002999941703556387,-5.236415729498179e-09,0.0,1.0,0.0,-7.504604143835405
floor,0.5,16,0.001,arrival_first,-0.0005000768077032675,0.0005000768077032675,-0.0005001331127762872,-0.0009500548121832253,-5.0014655974640295e-05,-0.0009999833080049333,-1.406751835020259e-08,0.0,1.0,0.0,-25.00384038516337,-0.0004998055432522921,0.0004998055432522921,-0.0004997431185221167,-0.0009496741471282217,-5.021110312581768e-05,-0.000999975275699834,-1.7068525130318573e-08,0.0,1.0,0.0,-24.990144144107926
floor,0.5,16,0.001,departure_first,-0.0005000768077032675,0.0005000768077032675,-0.0005001331127762872,-0.0009500548121832253,-5.0014655974640295e-05,-0.0009999833080049333,-1.406751835020259e-08,0.0,1.0,0.0,-25.00384038516337,-0.0004998055432522921,0.0004998055432522921,-0.0004997431185221167,-0.0009496741471282217,-5.021110312581768e-05,-0.000999975275699834,-1.7068525130318573e-08,0.0,1.0,0.0,-24.990144144107926
floor,0.5,16,0.001,insertion_order,-0.0005000768077032675,0.0005000768077032675,-0.0005001331127762872,-0.0009500548121832253,-5.0014655974640295e-05,-0.0009999833080049333,-1.406751835020259e-08,0.0,1.0,0.0,-25.00384038516337,-0.0004998055432522921,0.0004998055432522921,-0.0004997431185221167,-0.0009496741471282217,-5.021110312581768e-05,-0.000999975275699834,-1.7068525130318573e-08,0.0,1.0,0.0,-24.990144144107926
floor,0.5,16,0.003,arrival_first,-0.0014999894743735094,0.0014999894743735094,-0.001500096472742977,-0.002849295986316065,-0.00014981097998619013,-0.002999929692426425,-5.234111692213143e-08,0.0,1.0,0.0,-74.99947371867547,-0.001498925398256259,0.001498925398256259,-0.0014980700945571104,-0.0028493758221799087,-0.00015114949298560562,-0.002999937987082016,-4.785323056063588e-08,0.0,1.0,0.0,-74.94587000726182
floor,0.5,16,0.003,departure_first,-0.0014999894743735094,0.0014999894743735094,-0.001500096472742977,-0.002849295986316065,-0.00014981097998619013,-0.002999929692426425,-5.234111692213143e-08,0.0,1.0,0.0,-74.99947371867547,-0.001498925398256259,0.001498925398256259,-0.0014980700945571104,-0.0028493758221799087,-0.00015114949298560562,-0.002999937987082016,-4.785323056063588e-08,0.0,1.0,0.0,-74.94587000726182
floor,0.5,16,0.003,insertion_order,-0.0014999894743735094,0.0014999894743735094,-0.001500096472742977,-0.002849295986316065,-0.00014981097998619013,-0.002999929692426425,-5.234111692213143e-08,0.0,1.0,0.0,-74.99947371867547,-0.001498925398256259,0.001498925398256259,-0.0014980700945571104,-0.0028493758221799087,-0.00015114949298560562,-0.002999937987082016,-4.785323056063588e-08,0.0,1.0,0.0,-74.94587000726182
floor,0.5,16,0.01,arrival_first,-0.0050037488076951605,0.0050037488076951605,-0.005004060055580339,-0.009501889317595364,-0.0005027914124336052,-0.009999789918523069,-2.1960604499327018e-07,0.0,1.0,0.0,-250.18744038475805,-0.004990866113659688,0.004990866113659688,-0.004985453612504784,-0.009498845031961911,-0.0004965373969645129,-0.009999824804790867,-1.4608657287762856e-07,0.0,1.0,0.0,-249.54214138656252
floor,0.5,16,0.01,departure_first,-0.0050037488076951605,0.0050037488076951605,-0.005004060055580339,-0.009501889317595364,-0.0005027914124336052,-0.009999789918523069,-2.1960604499327018e-07,0.0,1.0,0.0,-250.18744038475805,-0.004990866113659688,0.004990866113659688,-0.004985453612504784,-0.009498845031961911,-0.0004965373969645129,-0.009999824804790867,-1.4608657287762856e-07,0.0,1.0,0.0,-249.54214138656252
floor,0.5,16,0.01,insertion_order,-0.0050037488076951605,0.0050037488076951605,-0.005004060055580339,-0.009501889317595364,-0.0005027914124336052,-0.009999789918523069,-2.1960604499327018e-07,0.0,1.0,0.0,-250.18744038475805,-0.004990866113659688,0.004990866113659688,-0.004985453612504784,-0.009498845031961911,-0.0004965373969645129,-0.009999824804790867,-1.4608657287762856e-07,0.0,1.0,0.0,-249.54214138656252
floor,0.5,16,0.03,arrival_first,-0.01500483547784511,0.01500483547784511,-0.014997014006864144,-0.028500997718410873,-0.001509193131196302,-0.029999082335658993,-5.790884339755091e-07,0.0,1.0,0.0,-750.2417738922555,-0.014917407480493429,0.014917407480493429,-0.014879617690149538,-0.0284794891747096,-0.0014746934575775089,-0.02999940580959821,-5.212243237773947e-07,0.0,1.0,0.0,-745.8653919293735
floor,0.5,16,0.03,departure_first,-0.01500483547784511,0.01500483547784511,-0.014997014006864144,-0.028500997718410873,-0.001509193131196302,-0.029999082335658993,-5.790884339755091e-07,0.0,1.0,0.0,-750.2417738922555,-0.014917407480493429,0.014917407480493429,-0.014879617690149538,-0.0284794891747096,-0.0014746934575775089,-0.02999940580959821,-5.212243237773947e-07,0.0,1.0,0.0,-745.8653919293735
floor,0.5,16,0.03,insertion_order,-0.01500483547784511,0.01500483547784511,-0.014997014006864144,-0.028500997718410873,-0.001509193131196302,-0.029999082335658993,-5.790884339755091e-07,0.0,1.0,0.0,-750.2417738922555,-0.014917407480493429,0.014917407480493429,-0.014879617690149538,-0.0284794891747096,-0.0014746934575775089,-0.02999940580959821,-5.212243237773947e-07,0.0,1.0,0.0,-745.8653919293735
floor,0.5,16,0.1,arrival_first,-0.05000593547228983,0.05000593547228983,-0.04999181397427795,-0.09501434304046294,-0.00500738338081041,-0.09999841914426118,-1.9859113308484667e-06,0.0,1.0,0.0,-2500.2967736144915,-0.04914232994181934,0.04914232994181934,-0.048725528615131956,-0.09476041690821518,-0.004741517953769607,-0.09999752937474364,-1.767119887525428e-06,0.0,1.0,0.0,-2457.1050424686164
floor,0.5,16,0.1,departure_first,-0.05000593547228983,0.05000593547228983,-0.04999181397427795,-0.09501434304046294,-0.00500738338081041,-0.09999841914426118,-1.9859113308484667e-06,0.0,1.0,0.0,-2500.2967736144915,-0.04914232994181934,0.04914232994181934,-0.048725528615131956,-0.09476041690821518,-0.004741517953769607,-0.09999752937474364,-1.767119887525428e-06,0.0,1.0,0.0,-2457.1050424686164
floor,0.5,16,0.1,insertion_order,-0.05000593547228983,0.05000593547228983,-0.04999181397427795,-0.09501434304046294,-0.00500738338081041,-0.09999841914426118,-1.9859113308484667e-06,0.0,1.0,0.0,-2500.2967736144915,-0.04914232994181934,0.04914232994181934,-0.048725528615131956,-0.09476041690821518,-0.004741517953769607,-0.09999752937474364,-1.767119887525428e-06,0.0,1.0,0.0,-2457.1050424686164
floor,0.8,1,1e-05,arrival_first,-5.003293953899022e-06,5.003293953899022e-06,-5.000791482719554e-06,-9.504281732309513e-06,-5.018497101142815e-07,-9.999821577366674e-06,-1.38212878179426e-10,0.0,1.0,0.0,-0.25016469769495114,-5.000245611656195e-06,5.000245611656195e-06,-5.000709171517024e-06,-9.501346558405099e-06,-5.004593377828077e-07,-9.999543239123595e-06,-3.1296263312367383e-10,0.0,1.0,0.0,-0.13884874126348426
floor,0.8,1,1e-05,departure_first,-5.003293953899022e-06,5.003293953899022e-06,-5.000791482719554e-06,-9.504281732309513e-06,-5.018497101142815e-07,-9.999821577366674e-06,-1.38212878179426e-10,0.0,1.0,0.0,-0.25016469769495114,-5.000249424392748e-06,5.000249424392748e-06,-5.000733825121182e-06,-9.501345836498027e-06,-5.004608562823004e-07,-9.999543239123595e-06,-3.1296263312367383e-10,0.0,1.0,0.0,-0.13884918095918272
floor,0.8,1,1e-05,insertion_order,-5.003293953899022e-06,5.003293953899022e-06,-5.000791482719554e-06,-9.504281732309513e-06,-5.018497101142815e-07,-9.999821577366674e-06,-1.38212878179426e-10,0.0,1.0,0.0,-0.25016469769495114,-5.000245611656195e-06,5.000245611656195e-06,-5.000709171517024e-06,-9.501346558405099e-06,-5.004593377828077e-07,-9.999543239123595e-06,-3.1296263312367383e-10,0.0,1.0,0.0,-0.13884874126348426
floor,0.8,1,3e-05,arrival_first,-1.4989976073356956e-05,1.4989976073356956e-05,-1.4983176758202413e-05,-2.8507304829569572e-05,-1.4962523800932128e-06,-2.999948398307121e-05,-4.826688382308931e-10,0.0,1.0,0.0,-0.7494988036678478,-1.5014377984041435e-05,1.5014377984041435e-05,-1.5023701148966494e-05,-2.8502886621570926e-05,-1.5130399587916883e-06,-2.999852778500754e-05,-1.1977944167768096e-09,0.0,1.0,0.0,-0.4169235791096816
floor,0.8,1,3e-05,departure_first,-1.4989976073356956e-05,1.4989976073356956e-05,-1.4983176758202413e-05,-2.8507304829569572e-05,-1.4962523800932128e-06,-2.999948398307121e-05,-4.826688382308931e-10,0.0,1.0,0.0,-0.7494988036678478,-1.501433292862135e-05,1.501433292862135e-05,-1.5023601972649682e-05,-2.8502881865939342e-05,-1.5130512518744307e-06,-2.999852778500754e-05,-1.1977944167768096e-09,0.0,1.0,0.0,-0.41692783564238034
floor,0.8,1,3e-05,insertion_order,-1.4989976073356956e-05,1.4989976073356956e-05,-1.4983176758202413e-05,-2.8507304829569572e-05,-1.4962523800932128e-06,-2.999948398307121e-05,-4.826688382308931e-10,0.0,1.0,0.0,-0.7494988036678478,-1.5014377984041435e-05,1.5014377984041435e-05,-1.5023701148966494e-05,-2.8502886621570926e-05,-1.5130399587916883e-06,-2.999852778500754e-05,-1.1977944167768096e-09,0.0,1.0,0.0,-0.4169235791096816
floor,0.8,1,0.0001,arrival_first,-5.0012481893423685e-05,5.0012481893423685e-05,-5.0021686547552235e-05,-9.50115588815e-05,-4.998388212698054e-06,-9.999802902408798e-05,-2.45551442882667e-09,0.0,1.0,0.0,-2.500624094671184,-5.0046636846516076e-05,5.0046636846516076e-05,-5.0072617430511806e-05,-9.497546836651412e-05,-5.0371582164417724e-06,-9.999560801640822e-05,-3.4155625400905666e-09,0.0,1.0,0.0,-1.3897069881303206
floor,0.8,1,0.0001,departure_first,-5.0012481893423685e-05,5.0012481893423685e-05,-5.0021686547552235e-05,-9.50115588815e-05,-4.998388212698054e-06,-9.999802902408798e-05,-2.45551442882667e-09,0.0,1.0,0.0,-2.500624094671184,-5.004624444011805e-05,5.004624444011805e-05,-5.007252509849869e-05,-9.497459704275345e-05,-5.036540113897539e-06,-9.999560801640822e-05,-3.4155625400905666e-09,0.0,1.0,0.0,-1.389767838150268
floor,0.8,1,0.0001,insertion_order,-5.0012481893423685e-05,5.0012481893423685e-05,-5.0021686547552235e-05,-9.50115588815e-05,-4.998388212698054e-06,-9.999802902408798e-05,-2.45551442882667e-09,0.0,1.0,0.0,-2.500624094671184,-5.0046636846516076e-05,5.0046636846516076e-05,-5.0072617430511806e-05,-9.497546836651412e-05,-5.0371582164417724e-06,-9.999560801640822e-05,-3.4155625400905666e-09,0.0,1.0,0.0,-1.3897069881303206
floor,0.8,1,0.0003,arrival_first,-0.00015000062031106606,0.00015000062031106606,-0.00014995461707864404,-0.00028494324942281916,-1.5076806935212542e-05,-0.00029999457377319534,-5.289348337100819e-09,0.0,1.0,0.0,-7.500031015553304,-0.00015009819627416403,0.00015009819627416403,-0.0001501768715704336,-0.00028497410515119397,-1.5044429484388116e-05,-0.00029998699193646306,-9.245553146917478e-09,0.0,1.0,0.0,-4.167934741407253
floor,0.8,1,0.0003,departure_first,-0.00015000062031106606,0.00015000062031106606,-0.00014995461707864404,-0.00028494324942281916,-1.5076806935212542e-05,-0.00029999457377319534,-5.289348337100819e-09,0.0,1.0,0.0,-7.500031015553304,-0.0001500979778165908,0.0001500979778165908,-0.0001501758860344625,-0.00028497450577647687,-1.5042333867197302e-05,-0.00029998699193646306,-9.245553146917478e-09,0.0,1.0,0.0,-4.168418705736382
floor,0.8,1,0.0003,insertion_order,-0.00015000062031106606,0.00015000062031106606,-0.00014995461707864404,-0.00028494324942281916,-1.5076806935212542e-05,-0.00029999457377319534,-5.289348337100819e-09,0.0,1.0,0.0,-7.500031015553304,-0.00015009819627416403,0.00015009819627416403,-0.0001501768715704336,-0.00028497410515119397,-1.5044429484388116e-05,-0.00029998699193646306,-9.245553146917478e-09,0.0,1.0,0.0,-4.167934741407253
floor,0.8,1,0.001,arrival_first,-0.0004999403495754759,0.0004999403495754759,-0.0004997273015760583,-0.0009501604532321532,-4.9950234435224734e-05,-0.000999978025023059,-1.582250964323369e-08,0.0,1.0,0.0,-24.997017478773795,-0.0005004154156249903,0.0005004154156249903,-0.0005002993776585563,-0.0009501694955167787,-4.9928807806720624e-05,-0.0009999574763129694,-2.131631022482076e-08,0.0,1.0,0.0,-13.895687312124815
floor,0.8,1,0.001,departure_first,-0.0004999403495754759,0.0004999403495754759,-0.0004997273015760583,-0.0009501604532321532,-4.9950234435224734e-05,-0.000999978025023059,-1.582250964323369e-08,0.0,1.0,0.0,-24.997017478773795,-0.0005004062938815826,0.0005004062938815826,-0.0005002541910841214,-0.0009501699829875103,-4.9931036761317684e-05,-0.0009999574763129694,-2.131631022482076e-08,0.0,1.0,0.0,-13.901606179498934
floor,0.8,1,0.001,insertion_order,-0.0004999403495754759,0.0004999403495754759,-0.0004997273015760583,-0.0009501604532321532,-4.9950234435224734e-05,-0.000999978025023059,-1.582250964323369e-08,0.0,1.0,0.0,-24.997017478773795,-0.0005004154156249903,0.0005004154156249903,-0.0005002993776585563,-0.0009501694955167787,-4.9928807806720624e-05,-0.0009999574763129694,-2.131631022482076e-08,0.0,1.0,0.0,-13.895687312124815
floor,0.8,1,0.003,arrival_first,-0.0014997970162414372,0.0014997970162414372,-0.0014980799593710497,-0.0028503449240209495,-0.00015046989854909063,-0.002999950362633778,-5.158672138350084e-08,0.0,1.0,0.0,-74.98985081207186,-0.0015008000872715622,0.0015008000872715622,-0.0015005158983217362,-0.0028503013826616046,-0.00015003760390401916,-0.002999861008124487,-1.3549731973094836e-07,0.0,1.0,0.0,-41.675405850989705
floor,0.8,1,0.003,departure_first,-0.0014997970162414372,0.0014997970162414372,-0.0014980799593710497,-0.0028503449240209495,-0.00015046989854909063,-0.002999950362633778,-5.158672138350084e-08,0.0,1.0,0.0,-74.98985081207186,-0.0015008141716219537,0.0015008141716219537,-0.0015005055333206518,-0.002850278362147294,-0.00015002437711899983,-0.002999861008124487,-1.3549731973094836e-07,0.0,1.0,0.0,-41.72962621409655
floor,0.8,1,0.003,insertion_order,-0.0014997970162414372,0.0014997970162414372,-0.0014980799593710497,-0.0028503449240209495,-0.00015046989854909063,-0.002999950362633778,-5.158672138350084e-08,0.0,1.0,0.0,-74.98985081207186,-0.0015008000872715622,0.0015008000872715622,-0.0015005158983217362,-0.0028503013826616046,-0.00015003760390401916,-0.002999861008124487,-1.3549731973094836e-07,0.0,1.0,0.0,-41.675405850989705
floor,0.8,1,0.01,arrival_first,-0.005001948349586064,0.005001948349586064,-0.00500551523782633,-0.009500091087376556,-0.0005001201598467263,-0.00999983844628029,-1.9282342691440136e-07,0.0,1.0,0.0,-250.0974174793032,-0.004990765208121744,0.004990765208121744,-0.004983739330237303,-0.009503368270937179,-0.0004984917286090455,-0.009999640576118523,-3.484188120631996e-07,0.0,1.0,0.0,-138.57378200838818
floor,0.8,1,0.01,departure_first,-0.005001948349586064,0.005001948349586064,-0.00500551523782633,-0.009500091087376556,-0.0005001201598467263,-0.00999983844628029,-1.9282342691440136e-07,0.0,1.0,0.0,-250.0974174793032,-0.004990118283990797,0.004990118283990797,-0.004982711239839011,-0.0095029150974852,-0.0004984871316598906,-0.009999640576118523,-3.612427135347984e-07,0.0,1.0,0.0,-139.1869450785497
floor,0.8,1,0.01,insertion_order,-0.005001948349586064,0.005001948349586064,-0.00500551523782633,-0.009500091087376556,-0.0005001201598467263,-0.00999983844628029,-1.9282342691440136e-07,0.0,1.0,0.0,-250.0974174793032,-0.004990765208121744,0.004990765208121744,-0.004983739330237303,-0.009503368270937179,-0.0004984917286090455,-0.009999640576118523,-3.484188120631996e-07,0.0,1.0,0.0,-138.57378200838818
floor,0.8,1,0.03,arrival_first,-0.015002055018401187,0.015002055018401187,-0.015009772310168045,-0.02849494479715304,-0.001502351644297356,-0.029999505173418584,-7.586342993211777e-07,0.0,1.0,0.0,-750.1027509200594,-0.01492504757858365,0.01492504757858365,-0.014892125075237708,-0.028486477542928955,-0.0014656115387915087,-0.029998635408196736,-1.292293092290358e-06,0.0,1.0,0.0,-414.382584421578
floor,0.8,1,0.03,departure_first,-0.015002055018401187,0.015002055018401187,-0.015009772310168045,-0.02849494479715304,-0.001502351644297356,-0.029999505173418584,-7.586342993211777e-07,0.0,1.0,0.0,-750.1027509200594,-0.014923403018199595,0.014923403018199595,-0.014888410557046868,-0.028485758255858466,-0.001465133519543647,-0.029998635408196736,-1.292293092290358e-06,0.0,1.0,0.0,-419.96751370122433
floor,0.8,1,0.03,insertion_order,-0.015002055018401187,0.015002055018401187,-0.015009772310168045,-0.02849494479715304,-0.001502351644297356,-0.029999505173418584,-7.586342993211777e-07,0.0,1.0,0.0,-750.1027509200594,-0.01492504757858365,0.01492504757858365,-0.014892125075237708,-0.028486477542928955,-0.0014656115387915087,-0.029998635408196736,-1.292293092290358e-06,0.0,1.0,0.0,-414.382584421578
floor,0.8,1,0.1,arrival_first,-0.050032548348392554,0.050032548348392554,-0.05004264701392458,-0.09498992495768713,-0.005029829918195606,-0.09999822607936343,-1.6002025404304732e-06,0.0,1.0,0.0,-2501.627417419628,-0.049214919711179514,0.049214919711179514,-0.048819142271989226,-0.09477057306963627,-0.004762838286693897,-0.09999683959728767,-2.9722322851586846e-06,0.0,1.0,0.0,-1365.6556837108913
floor,0.8,1,0.1,departure_first,-0.050032548348392554,0.050032548348392554,-0.05004264701392458,-0.09498992495768713,-0.005029829918195606,-0.09999822607936343,-1.6002025404304732e-06,0.0,1.0,0.0,-2501.627417419628,-0.04923480668311857,0.04923480668311857,-0.04885204613201138,-0.0947802667549258,-0.004764918738682814,-0.09999668529621629,-3.221733022738353e-06,0.0,1.0,0.0,-1427.1418402288414
floor,0.8,1,0.1,insertion_order,-0.050032548348392554,0.050032548348392554,-0.05004264701392458,-0.09498992495768713,-0.005029829918195606,-0.09999822607936343,-1.6002025404304732e-06,0.0,1.0,0.0,-2501.627417419628,-0.049214919711179514,0.049214919711179514,-0.048819142271989226,-0.09477057306963627,-0.004762838286693897,-0.09999683959728767,-2.9722322851586846e-06,0.0,1.0,0.0,-1365.6556837108913
floor,0.8,4,1e-05,arrival_first,-5.0015471354387655e-06,5.0015471354387655e-06,-5.001091130907298e-06,-9.502649869925033e-06,-4.994418395654073e-07,-9.99981360412979e-06,-2.4865585146471856e-10,0.0,1.0,0.0,-0.25007735677193826,-5.004406277981041e-06,5.004406277981041e-06,-5.008495479836364e-06,-9.502156708931696e-06,-5.007736722288981e-07,-9.999768125784162e-06,-3.248484068257377e-10,0.0,1.0,0.0,-0.21976812537489224
floor,0.8,4,1e-05,departure_first,-5.0015471354387655e-06,5.0015471354387655e-06,-5.001091130907298e-06,-9.502649869925033e-06,-4.994418395654073e-07,-9.99981360412979e-06,-2.4865585146471856e-10,0.0,1.0,0.0,-0.25007735677193826,-5.004406422718436e-06,5.004406422718436e-06,-5.008495479836364e-06,-9.502156708931696e-06,-5.007736722288981e-07,-9.999768125784162e-06,-3.248484068257377e-10,0.0,1.0,0.0,-0.21976813175706006
floor,0.8,4,1e-05,insertion_order,-5.0015471354387655e-06,5.0015471354387655e-06,-5.001091130907298e-06,-9.502649869925033e-06,-4.994418395654073e-07,-9.99981360412979e-06,-2.4865585146471856e-10,0.0,1.0,0.0,-0.25007735677193826,-5.004406277981041e-06,5.004406277981041e-06,-5.008495479836364e-06,-9.502156708931696e-06,-5.007736722288981e-07,-9.999768125784162e-06,-3.248484068257377e-10,0.0,1.0,0.0,-0.21976812537489224
floor,0.8,4,3e-05,arrival_first,-1.499446925745239e-05,1.499446925745239e-05,-1.4992945671110646e-05,-2.8502311927998865e-05,-1.5039419895401833e-06,-2.9999522727545506e-05,-6.946417367241035e-10,0.0,1.0,0.0,-0.7497234628726195,-1.5005433423254805e-05,1.5005433423254805e-05,-1.5014551244877753e-05,-2.8502766709467795e-05,-1.4964020885866607e-06,-2.999930767579595e-05,-7.176862570380804e-10,0.0,1.0,0.0,-0.6589650282603358
floor,0.8,4,3e-05,departure_first,-1.499446925745239e-05,1.499446925745239e-05,-1.4992945671110646e-05,-2.8502311927998865e-05,-1.5039419895401833e-06,-2.9999522727545506e-05,-6.946417367241035e-10,0.0,1.0,0.0,-0.7497234628726195,-1.5005468709545083e-05,1.5005468709545083e-05,-1.5014580517569662e-05,-2.8502765652374817e-05,-1.4964580648494293e-06,-2.999930767579595e-05,-7.176862570380804e-10,0.0,1.0,0.0,-0.6589675759539595
floor,0.8,4,3e-05,insertion_order,-1.499446925745239e-05,1.499446925745239e-05,-1.4992945671110646e-05,-2.8502311927998865e-05,-1.5039419895401833e-06,-2.9999522727545506e-05,-6.946417367241035e-10,0.0,1.0,0.0,-0.7497234628726195,-1.5005433423254805e-05,1.5005433423254805e-05,-1.5014551244877753e-05,-2.8502766709467795e-05,-1.4964020885866607e-06,-2.999930767579595e-05,-7.176862570380804e-10,0.0,1.0,0.0,-0.6589650282603358
floor,0.8,4,0.0001,arrival_first,-5.001094840849812e-05,5.001094840849812e-05,-4.998980471100367e-05,-9.498696364062198e-05,-5.029539653757344e-06,-9.999826658410408e-05,-2.2491803974844515e-09,0.0,1.0,0.0,-2.5005474204249065,-5.00019968585102e-05,5.00019968585102e-05,-4.998557298803742e-05,-9.500172551441583e-05,-5.007487044967962e-06,-9.999804529092273e-05,-2.4507365310733055e-09,0.0,1.0,0.0,-2.195872837741129
floor,0.8,4,0.0001,departure_first,-5.001094840849812e-05,5.001094840849812e-05,-4.998980471100367e-05,-9.498696364062198e-05,-5.029539653757344e-06,-9.999826658410408e-05,-2.2491803974844515e-09,0.0,1.0,0.0,-2.5005474204249065,-5.000213058441304e-05,5.000213058441304e-05,-4.998549477771069e-05,-9.500156385421131e-05,-5.0074111926431475e-06,-9.999804529092273e-05,-2.4507365310733055e-09,0.0,1.0,0.0,-2.1958770313932883
floor,0.8,4,0.0001,insertion_order,-5.001094840849812e-05,5.001094840849812e-05,-4.998980471100367e-05,-9.498696364062198e-05,-5.029539653757344e-06,-9.999826658410408e-05,-2.2491803974844515e-09,0.0,1.0,0.0,-2.5005474204249065,-5.00019968585102e-05,5.00019968585102e-05,-4.998557298803742e-05,-9.500172551441583e-05,-5.007487044967962e-06,-9.999804529092273e-05,-2.4507365310733055e-09,0.0,1.0,0.0,-2.195872837741129
floor,0.8,4,0.0003,arrival_first,-0.00015010995349047274,0.00015010995349047274,-0.00015019497351810666,-0.0002849709719581976,-1.5078541235501102e-05,-0.00029999483449500987,-7.206987599298979e-09,0.0,1.0,0.0,-7.505497674523637,-0.00014999694086307918,0.00014999694086307918,-0.0001499962730643352,-0.00028503523987815775,-1.5015994786581776e-05,-0.0002999945249435829,-5.8593896697563725e-09,0.0,1.0,0.0,-6.587347389891033
floor,0.8,4,0.0003,departure_first,-0.00015010995349047274,0.00015010995349047274,-0.00015019497351810666,-0.0002849709719581976,-1.5078541235501102e-05,-0.00029999483449500987,-7.206987599298979e-09,0.0,1.0,0.0,-7.505497674523637,-0.0001499968988327426,0.0001499968988327426,-0.00014999646897423648,-0.0002850355540866417,-1.5016100295385073e-05,-0.0002999945249435829,-5.8593896697563725e-09,0.0,1.0,0.0,-6.587410615028012
floor,0.8,4,0.0003,insertion_order,-0.00015010995349047274,0.00015010995349047274,-0.00015019497351810666,-0.0002849709719581976,-1.5078541235501102e-05,-0.00029999483449500987,-7.206987599298979e-09,0.0,1.0,0.0,-7.505497674523637,-0.00014999694086307918,0.00014999694086307918,-0.0001499962730643352,-0.00028503523987815775,-1.5015994786581776e-05,-0.0002999945249435829,-5.8593896697563725e-09,0.0,1.0,0.0,-6.587347389891033
floor,0.8,4,0.001,arrival_first,-0.0004994102160958142,0.0004994102160958142,-0.0004989155405989246,-0.0009496752816251804,-4.9911039498814196e-05,-0.0009999781098789147,-1.9159172855628034e-08,0.0,1.0,0.0,-24.970510804790713,-0.0005001472622898318,0.0005001472622898318,-0.0005003466720337837,-0.0009496519038336729,-5.0471495324967496e-05,-0.0009999805406891874,-2.65390615812137e-08,0.0,1.0,0.0,-21.965869549407152
floor,0.8,4,0.001,departure_first,-0.0004994102160958142,0.0004994102160958142,-0.0004989155405989246,-0.0009496752816251804,-4.9911039498814196e-05,-0.0009999781098789147,-1.9159172855628034e-08,0.0,1.0,0.0,-24.970510804790713,-0.0005001524227507263,0.0005001524227507263,-0.0005003562476999093,-0.0009496560543936502,-5.0462973092079455e-05,-0.0009999805406891874,-2.65390615812137e-08,0.0,1.0,0.0,-21.96716393595697
floor,0.8,4,0.001,insertion_order,-0.0004994102160958142,0.0004994102160958142,-0.0004989155405989246,-0.0009496752816251804,-4.9911039498814196e-05,-0.0009999781098789147,-1.9159172855628034e-08,0.0,1.0,0.0,-24.970510804790713,-0.0005001472622898318,0.0005001472622898318,-0.0005003466720337837,-0.0009496519038336729,-5.0471495324967496e-05,-0.0009999805406891874,-2.65390615812137e-08,0.0,1.0,0.0,-21.965869549407152
floor,0.8,4,0.003,arrival_first,-0.0015000575494291844,0.0015000575494291844,-0.001499662719591773,-0.0028495358147301885,-0.00015054640011536943,-0.002999933906782341,-6.413498946737188e-08,0.0,1.0,0.0,-75.00287747145921,-0.0014990633622892877,0.0014990633622892877,-0.0014982891820345702,-0.0028493483717160787,-0.0001505827538635241,-0.0029999438465778032,-6.767469017722923e-08,0.0,1.0,0.0,-65.84841185728918
floor,0.8,4,0.003,departure_first,-0.0015000575494291844,0.0015000575494291844,-0.001499662719591773,-0.0028495358147301885,-0.00015054640011536943,-0.002999933906782341,-6.413498946737188e-08,0.0,1.0,0.0,-75.00287747145921,-0.0014990819622813978,0.0014990819622813978,-0.0014983443546818837,-0.0028493818617695674,-0.00015056639199642613,-0.0029999438465778032,-6.767469017722923e-08,0.0,1.0,0.0,-65.85947205615098
floor,0.8,4,0.003,insertion_order,-0.0015000575494291844,0.0015000575494291844,-0.001499662719591773,-0.0028495358147301885,-0.00015054640011536943,-0.002999933906782341,-6.413498946737188e-08,0.0,1.0,0.0,-75.00287747145921,-0.0014990633622892877,0.0014990633622892877,-0.0014982891820345702,-0.0028493483717160787,-0.0001505827538635241,-0.0029999438465778032,-6.767469017722923e-08,0.0,1.0,0.0,-65.84841185728918
floor,0.8,4,0.01,arrival_first,-0.004999818216106675,0.004999818216106675,-0.004999533534282818,-0.009498373850829012,-0.000497474285428629,-0.009999835974455588,-1.6163461017034327e-07,0.0,1.0,0.0,-249.99091080533373,-0.00498986152943823,0.00498986152943823,-0.004983801004735038,-0.009497523075839719,-0.000498245354276998,-0.009999741684244954,-3.1275229201857437e-07,0.0,1.0,0.0,-219.32869859763258
floor,0.8,4,0.01,departure_first,-0.004999818216106675,0.004999818216106675,-0.004999533534282818,-0.009498373850829012,-0.000497474285428629,-0.009999835974455588,-1.6163461017034327e-07,0.0,1.0,0.0,-249.99091080533373,-0.004989647006151238,0.004989647006151238,-0.00498340114954866,-0.009497541918654836,-0.0004984207209780076,-0.009999741684244954,-3.1275229201857437e-07,0.0,1.0,0.0,-219.41286254896414
floor,0.8,4,0.01,insertion_order,-0.004999818216106675,0.004999818216106675,-0.004999533534282818,-0.009498373850829012,-0.000497474285428629,-0.009999835974455588,-1.6163461017034327e-07,0.0,1.0,0.0,-249.99091080533373,-0.00498986152943823,0.00498986152943823,-0.004983801004735038,-0.009497523075839719,-0.000498245354276998,-0.009999741684244954,-3.1275229201857437e-07,0.0,1.0,0.0,-219.32869859763258
floor,0.8,4,0.03,arrival_first,-0.014993931551584322,0.014993931551584322,-0.014981120674686583,-0.028488928440627507,-0.001501802234730958,-0.02999932394474551,-4.401887053973041e-07,0.0,1.0,0.0,-749.6965775792161,-0.01492506947942426,0.01492506947942426,-0.01487797405650742,-0.028475557865748853,-0.0014758456224123182,-0.02999947721504516,-7.481377728333139e-07,0.0,1.0,0.0,-657.1249462306346
floor,0.8,4,0.03,departure_first,-0.014993931551584322,0.014993931551584322,-0.014981120674686583,-0.028488928440627507,-0.001501802234730958,-0.02999932394474551,-4.401887053973041e-07,0.0,1.0,0.0,-749.6965775792161,-0.014925346062669272,0.014925346062669272,-0.014877925926552705,-0.028475319476314303,-0.0014762185822144276,-0.029999477214923895,-7.481377728333139e-07,0.0,1.0,0.0,-657.9531685445636
floor,0.8,4,0.03,insertion_order,-0.014993931551584322,0.014993931551584322,-0.014981120674686583,-0.028488928440627507,-0.001501802234730958,-0.02999932394474551,-4.401887053973041e-07,0.0,1.0,0.0,-749.6965775792161,-0.01492506947942426,0.01492506947942426,-0.01487797405650742,-0.028475557865748853,-0.0014758456224123182,-0.02999947721504516,-7.481377728333139e-07,0.0,1.0,0.0,-657.1249462306346
floor,0.8,4,0.1,arrival_first,-0.049965298214905515,0.049965298214905515,-0.04995024670161001,-0.09500460447414752,-0.004963546048616091,-0.09999803142512367,-2.3523283137668236e-06,0.0,1.0,0.0,-2498.2649107452758,-0.04916700232012612,0.04916700232012612,-0.04874425182716408,-0.0947616072233641,-0.00477644496897091,-0.09999712313230615,-1.957378825049805e-06,0.0,1.0,0.0,-2177.0012199488147
floor,0.8,4,0.1,departure_first,-0.049965298214905515,0.049965298214905515,-0.04995024670161001,-0.09500460447414752,-0.004963546048616091,-0.09999803142512367,-2.3523283137668236e-06,0.0,1.0,0.0,-2498.2649107452758,-0.04916153101593309,0.04916153101593309,-0.04873999776007244,-0.094758229153377,-0.00477346850419793,-0.09999719538164883,-1.8360147243625559e-06,0.0,1.0,0.0,-2185.6433341196757
floor,0.8,4,0.1,insertion_order,-0.049965298214905515,0.049965298214905515,-0.04995024670161001,-0.09500460447414752,-0.004963546048616091,-0.09999803142512367,-2.3523283137668236e-06,0.0,1.0,0.0,-2498.2649107452758,-0.04916700232012612,0.04916700232012612,-0.04874425182716408,-0.0947616072233641,-0.00477644496897091,-0.09999712313230615,-1.957378825049805e-06,0.0,1.0,0.0,-2177.0012199488147
floor,0.8,8,1e-05,arrival_first,-4.999073580524055e-06,4.999073580524055e-06,-4.997338298077617e-06,-9.500951588658305e-06,-4.998790700483377e-07,-9.999828762374818e-06,-2.0739510849428673e-10,1.3333333333333334e-06,0.9999986666666667,0.0,-0.24995367902620275,-5.002372358014191e-06,5.002372358014893e-06,-5.002388159452787e-06,-9.500013326325699e-06,-5.00791828581717e-07,-9.999815506926864e-06,-2.60778431256566e-10,6.941263032221342e-07,0.9999993058736968,0.0,-0.2404136422167081
floor,0.8,8,1e-05,departure_first,-4.999073580524055e-06,4.999073580524055e-06,-4.997338298077617e-06,-9.500951588658305e-06,-4.998790700483377e-07,-9.999828762374818e-06,-2.0739510849428673e-10,1.3333333333333334e-06,0.9999986666666667,0.0,-0.24995367902620275,-5.002367899836738e-06,5.002367899837441e-06,-5.00238478087759e-06,-9.500013326325699e-06,-5.00791828581717e-07,-9.999815506926864e-06,-2.60778431256566e-10,6.941263032221342e-07,0.9999993058736968,0.0,-0.24041342814215133
floor,0.8,8,1e-05,insertion_order,-4.999073580524055e-06,4.999073580524055e-06,-4.997338298077617e-06,-9.500951588658305e-06,-4.998790700483377e-07,-9.999828762374818e-06,-2.0739510849428673e-10,1.3333333333333334e-06,0.9999986666666667,0.0,-0.24995367902620275,-5.002372358014191e-06,5.002372358014893e-06,-5.002388159452787e-06,-9.500013326325699e-06,-5.00791828581717e-07,-9.999815506926864e-06,-2.60778431256566e-10,6.941263032221342e-07,0.9999993058736968,0.0,-0.2404136422167081
floor,0.8,8,3e-05,arrival_first,-1.5000442362197646e-05,1.5000442362197646e-05,-1.5010107623917672e-05,-2.8499802541167205e-05,-1.500222138020038e-06,-2.999927713365954e-05,-7.193799926123272e-10,0.0,1.0,0.0,-0.7500221181098823,-1.4998098805392993e-05,1.4998098805393696e-05,-1.4980027584769406e-05,-2.8505801889386377e-05,-1.5104099023279096e-06,-2.99993435685722e-05,-9.190144804882561e-10,6.941263032221342e-07,0.9999993058736968,0.0,-0.7208057644173872
floor,0.8,8,3e-05,departure_first,-1.5000442362197646e-05,1.5000442362197646e-05,-1.5010107623917672e-05,-2.8499802541167205e-05,-1.500222138020038e-06,-2.999927713365954e-05,-7.193799926123272e-10,0.0,1.0,0.0,-0.7500221181098823,-1.4998096907952921e-05,1.4998096907953622e-05,-1.498005609569636e-05,-2.8505812545193306e-05,-1.510406033777707e-06,-2.99993435685722e-05,-9.190144804882561e-10,6.941263032221342e-07,0.9999993058736968,0.0,-0.720806675270783
floor,0.8,8,3e-05,insertion_order,-1.5000442362197646e-05,1.5000442362197646e-05,-1.5010107623917672e-05,-2.8499802541167205e-05,-1.500222138020038e-06,-2.999927713365954e-05,-7.193799926123272e-10,0.0,1.0,0.0,-0.7500221181098823,-1.4998098805392993e-05,1.4998098805393696e-05,-1.4980027584769406e-05,-2.8505801889386377e-05,-1.5104099023279096e-06,-2.99993435685722e-05,-9.190144804882561e-10,6.941263032221342e-07,0.9999993058736968,0.0,-0.7208057644173872
floor,0.8,8,0.0001,arrival_first,-4.999485485034771e-05,4.999485485034771e-05,-4.999751142046686e-05,-9.497364452575614e-05,-5.0056431913011165e-06,-9.999819115667682e-05,-1.5501124532117197e-09,0.0,1.0,0.0,-2.4997427425173857,-5.000664613687672e-05,5.000664613687672e-05,-4.999853449983276e-05,-9.498366524617252e-05,-5.010573542112404e-06,-9.999802366611512e-05,-1.8953808249751643e-09,0.0,1.0,0.0,-2.4033133430257387
floor,0.8,8,0.0001,departure_first,-4.999485485034771e-05,4.999485485034771e-05,-4.999751142046686e-05,-9.497364452575614e-05,-5.0056431913011165e-06,-9.999819115667682e-05,-1.5501124532117197e-09,0.0,1.0,0.0,-2.4997427425173857,-5.000667646234176e-05,5.000667646234176e-05,-4.999880533890569e-05,-9.498356393946176e-05,-5.0105634943914155e-06,-9.999802366611512e-05,-1.8953808249751643e-09,0.0,1.0,0.0,-2.4033131168906623
floor,0.8,8,0.0001,insertion_order,-4.999485485034771e-05,4.999485485034771e-05,-4.999751142046686e-05,-9.497364452575614e-05,-5.0056431913011165e-06,-9.999819115667682e-05,-1.5501124532117197e-09,0.0,1.0,0.0,-2.4997427425173857,-5.000664613687672e-05,5.000664613687672e-05,-4.999853449983276e-05,-9.498366524617252e-05,-5.010573542112404e-06,-9.999802366611512e-05,-1.8953808249751643e-09,0.0,1.0,0.0,-2.4033133430257387
floor,0.8,8,0.0003,arrival_first,-0.00014997032659461,0.00014997032659461,-0.00014995494395103986,-0.0002849873083323473,-1.5036246507709945e-05,-0.00029999254838912747,-4.9669324653223155e-09,0.0,1.0,0.0,-7.498516329730501,-0.00014988257472832328,0.00014988257472832328,-0.0001498156214660135,-0.00028494941215794216,-1.4964207911909685e-05,-0.0002999944940835393,-4.452091676860245e-09,0.0,1.0,0.0,-7.203504824578403
floor,0.8,8,0.0003,departure_first,-0.00014997032659461,0.00014997032659461,-0.00014995494395103986,-0.0002849873083323473,-1.5036246507709945e-05,-0.00029999254838912747,-4.9669324653223155e-09,0.0,1.0,0.0,-7.498516329730501,-0.0001498823674030435,0.0001498823674030435,-0.00014981553062540925,-0.00028494936507260707,-1.496428057690764e-05,-0.0002999944940835393,-4.452091676860245e-09,0.0,1.0,0.0,-7.203529786351597
floor,0.8,8,0.0003,insertion_order,-0.00014997032659461,0.00014997032659461,-0.00014995494395103986,-0.0002849873083323473,-1.5036246507709945e-05,-0.00029999254838912747,-4.9669324653223155e-09,0.0,1.0,0.0,-7.498516329730501,-0.00014988257472832328,0.00014988257472832328,-0.0001498156214660135,-0.00028494941215794216,-1.4964207911909685e-05,-0.0002999944940835393,-4.452091676860245e-09,0.0,1.0,0.0,-7.203504824578403
floor,0.8,8,0.001,arrival_first,-0.0004997106558647107,0.0004997106558647107,-0.0004995772335405491,-0.000949567505789067,-4.989079328273276e-05,-0.0009999798823021897,-1.4732328660708542e-08,0.0,1.0,0.0,-24.98553279323554,-0.0004998590095379539,0.0004998590095379539,-0.000499758156582181,-0.0009497746084186436,-5.02291188720905e-05,-0.0009999735534379783,-1.976881914978144e-08,0.0,1.0,0.0,-24.024599360531145
floor,0.8,8,0.001,departure_first,-0.0004997106558647107,0.0004997106558647107,-0.0004995772335405491,-0.000949567505789067,-4.989079328273276e-05,-0.0009999798823021897,-1.4732328660708542e-08,0.0,1.0,0.0,-24.98553279323554,-0.0004998547701977226,0.0004998547701977226,-0.0004997588369817032,-0.0009497728282724777,-5.022568714456316e-05,-0.0009999735534379783,-1.976881914978144e-08,0.0,1.0,0.0,-24.024729105669635
floor,0.8,8,0.001,insertion_order,-0.0004997106558647107,0.0004997106558647107,-0.0004995772335405491,-0.000949567505789067,-4.989079328273276e-05,-0.0009999798823021897,-1.4732328660708542e-08,0.0,1.0,0.0,-24.98553279323554,-0.0004998590095379539,0.0004998590095379539,-0.000499758156582181,-0.0009497746084186436,-5.02291188720905e-05,-0.0009999735534379783,-1.976881914978144e-08,0.0,1.0,0.0,-24.024599360531145
floor,0.8,8,0.003,arrival_first,-0.0014996233225300086,0.0014996233225300086,-0.001500680636991092,-0.0028494158289989477,-0.00014985245582465752,-0.0029999424412987235,-4.2071042116731404e-08,0.0,1.0,0.0,-74.98116612650044,-0.001498434806893303,0.001498434806893303,-0.0014983059536752311,-0.002848776406681374,-0.00014885385935426915,-0.002999938498399217,-7.23407647707907e-08,0.0,1.0,0.0,-72.03225432697936
floor,0.8,8,0.003,departure_first,-0.0014996233225300086,0.0014996233225300086,-0.001500680636991092,-0.0028494158289989477,-0.00014985245582465752,-0.0029999424412987235,-4.2071042116731404e-08,0.0,1.0,0.0,-74.98116612650044,-0.001498435238806585,0.001498435238806585,-0.001498313442177857,-0.0028487735063742114,-0.00014885716374244968,-0.002999938498399217,-7.23407647707907e-08,0.0,1.0,0.0,-72.03362302115968
floor,0.8,8,0.003,insertion_order,-0.0014996233225300086,0.0014996233225300086,-0.001500680636991092,-0.0028494158289989477,-0.00014985245582465752,-0.0029999424412987235,-4.2071042116731404e-08,0.0,1.0,0.0,-74.98116612650044,-0.001498434806893303,0.001498434806893303,-0.0014983059536752311,-0.002848776406681374,-0.00014885385935426915,-0.002999938498399217,-7.23407647707907e-08,0.0,1.0,0.0,-72.03225432697936
floor,0.8,8,0.01,arrival_first,-0.004996320655873978,0.004996320655873978,-0.004990723662285745,-0.009500349863158893,-0.0004992803680655325,-0.009999862121488453,-2.0735654591893155e-07,0.0,1.0,0.0,-249.8160327936989,-0.004992148723605903,0.004992148723605903,-0.004985862973102413,-0.009499372762356833,-0.0004996445504191584,-0.009999856813019707,-1.927967420918784e-07,0.0,1.0,0.0,-240.10635455699574
floor,0.8,8,0.01,departure_first,-0.004996320655873978,0.004996320655873978,-0.004990723662285745,-0.009500349863158893,-0.0004992803680655325,-0.009999862121488453,-2.0735654591893155e-07,0.0,1.0,0.0,-249.8160327936989,-0.00499215240683221,0.00499215240683221,-0.004985821848578517,-0.009499350150144265,-0.0004997748600563431,-0.009999856813019707,-1.927967420918784e-07,0.0,1.0,0.0,-240.1300088717599
floor,0.8,8,0.01,insertion_order,-0.004996320655873978,0.004996320655873978,-0.004990723662285745,-0.009500349863158893,-0.0004992803680655325,-0.009999862121488453,-2.0735654591893155e-07,0.0,1.0,0.0,-249.8160327936989,-0.004992148723605903,0.004992148723605903,-0.004985862973102413,-0.009499372762356833,-0.0004996445504191583,-0.009999856813019707,-1.927967420918784e-07,0.0,1.0,0.0,-240.10635455699574
floor,0.8,8,0.03,arrival_first,-0.014985607324687613,0.014985607324687613,-0.014972773991545788,-0.02849971118911526,-0.001494136794623655,-0.02999920812041334,-5.320406974836563e-07,0.0,1.0,0.0,-749.2803662343807,-0.014933542251770782,0.014933542251770782,-0.01490346554609309,-0.02847922915910208,-0.0014801257621621905,-0.029999515943399398,-7.369107857619153e-07,0.0,1.0,0.0,-719.2227000940148
floor,0.8,8,0.03,departure_first,-0.014985607324687613,0.014985607324687613,-0.014972773991545788,-0.02849971118911526,-0.001494136794623655,-0.02999920812041334,-5.320406974836563e-07,0.0,1.0,0.0,-749.2803662343807,-0.01493382332439634,0.01493382332439634,-0.014903638529830664,-0.028479255192259016,-0.001480060617019856,-0.029999460786933007,-7.369107857619153e-07,0.0,1.0,0.0,-719.4184593121313
floor,0.8,8,0.03,insertion_order,-0.014985607324687613,0.014985607324687613,-0.014972773991545788,-0.02849971118911526,-0.001494136794623655,-0.02999920812041334,-5.320406974836563e-07,0.0,1.0,0.0,-749.2803662343807,-0.014933542251770782,0.014933542251770782,-0.01490346554609309,-0.02847922915910208,-0.0014801257621621905,-0.029999515943399398,-7.369107857619153e-07,0.0,1.0,0.0,-719.2227000940148
floor,0.8,8,0.1,arrival_first,-0.049967247321344714,0.049967247321344714,-0.049976223201671624,-0.09495939353593105,-0.00496123249707429,-0.09999756841498311,-2.56241655733902e-06,0.0,1.0,0.0,-2498.3623660672356,-0.04917439708156088,0.04917439708156088,-0.04876786220744598,-0.09472881493011233,-0.004776893396805248,-0.09999788474728667,-1.850349254510582e-06,0.0,1.0,0.0,-2379.0811547273097
floor,0.8,8,0.1,departure_first,-0.049967247321344714,0.049967247321344714,-0.049976223201671624,-0.09495939353593105,-0.00496123249707429,-0.09999756841498311,-2.56241655733902e-06,0.0,1.0,0.0,-2498.3623660672356,-0.049176334997914434,0.049176334997914434,-0.04877210113978736,-0.09472905362693432,-0.0047755849534053705,-0.09999788474704414,-1.850349254510582e-06,0.0,1.0,0.0,-2381.1814253144958
floor,0.8,8,0.1,insertion_order,-0.049967247321344714,0.049967247321344714,-0.049976223201671624,-0.09495939353593105,-0.00496123249707429,-0.09999756841498311,-2.56241655733902e-06,0.0,1.0,0.0,-2498.3623660672356,-0.04917439708156088,0.04917439708156088,-0.04876786220744598,-0.09472881493011233,-0.004776893396805248,-0.09999788474728667,-1.850349254510582e-06,0.0,1.0,0.0,-2379.0811547273097
floor,0.8,16,1e-05,arrival_first,-4.9979291421938495e-06,4.9979291421938495e-06,-4.999470229449799e-06,-9.498594718024833e-06,-5.006902438253758e-07,-9.999758700966292e-06,-2.8358044801279903e-10,0.0,1.0,0.0,-0.24989645710969247,-5.001088535720483e-06,5.001088535728052e-06,-5.003188752006576e-06,-9.496931576672221e-06,-5.004108002133981e-07,-9.999798964243032e-06,-1.6862175602575893e-10,6.701514542286556e-07,0.9999986591847227,6.70663823052057e-07,-0.24856221701028447
floor,0.8,16,1e-05,departure_first,-4.9979291421938495e-06,4.9979291421938495e-06,-4.999470229449799e-06,-9.498594718024833e-06,-5.006902438253758e-07,-9.999758700966292e-06,-2.8358044801279903e-10,0.0,1.0,0.0,-0.24989645710969247,-5.001088535720483e-06,5.001088535728052e-06,-5.003188752006576e-06,-9.496931576672221e-06,-5.004108002133981e-07,-9.999798964243032e-06,-1.6862175602575893e-10,6.701514542286556e-07,0.9999986591847227,6.70663823052057e-07,-0.24856221701028447
floor,0.8,16,1e-05,insertion_order,-4.9979291421938495e-06,4.9979291421938495e-06,-4.999470229449799e-06,-9.498594718024833e-06,-5.006902438253758e-07,-9.999758700966292e-06,-2.8358044801279903e-10,0.0,1.0,0.0,-0.24989645710969247,-5.001088535720483e-06,5.001088535728052e-06,-5.003188752006576e-06,-9.496931576672221e-06,-5.004108002133981e-07,-9.999798964243032e-06,-1.6862175602575893e-10,6.701514542286556e-07,0.9999986591847227,6.70663823052057e-07,-0.24856221701028447
floor,0.8,16,3e-05,arrival_first,-1.4987177926461907e-05,1.4987177926461907e-05,-1.4989693924386909e-05,-2.8499547000440846e-05,-1.4919979003025242e-06,-2.9999300356090922e-05,-8.058729387509327e-10,0.0,1.0,0.0,-0.7493588963230953,-1.4987650889144915e-05,1.4987650889144915e-05,-1.4986675343228584e-05,-2.849751803012806e-05,-1.4979568982410717e-06,-2.9999540357002428e-05,-5.049737913700077e-10,0.0,1.0,0.0,-0.7449113075724216
floor,0.8,16,3e-05,departure_first,-1.4987177926461907e-05,1.4987177926461907e-05,-1.4989693924386909e-05,-2.8499547000440846e-05,-1.4919979003025242e-06,-2.9999300356090922e-05,-8.058729387509327e-10,0.0,1.0,0.0,-0.7493588963230953,-1.4987650889144915e-05,1.4987650889144915e-05,-1.4986675343228584e-05,-2.849751803012806e-05,-1.4979568982410717e-06,-2.9999540357002428e-05,-5.049737913700077e-10,0.0,1.0,0.0,-0.7449113075724216
floor,0.8,16,3e-05,insertion_order,-1.4987177926461907e-05,1.4987177926461907e-05,-1.4989693924386909e-05,-2.8499547000440846e-05,-1.4919979003025242e-06,-2.9999300356090922e-05,-8.058729387509327e-10,0.0,1.0,0.0,-0.7493588963230953,-1.4987650889144915e-05,1.4987650889144915e-05,-1.4986675343228584e-05,-2.849751803012806e-05,-1.4979568982410717e-06,-2.9999540357002428e-05,-5.049737913700077e-10,0.0,1.0,0.0,-0.7449113075724216
floor,0.8,16,0.0001,arrival_first,-5.0014283743232834e-05,5.0014283743232834e-05,-5.001553875748262e-05,-9.501612326251536e-05,-5.002673589539587e-06,-9.999798421631568e-05,-3.234284425464769e-09,0.0,1.0,0.0,-2.5007141871616416,-4.9965656885728565e-05,4.9965656885728565e-05,-4.9949901277711316e-05,-9.50165206687967e-05,-5.002848239665591e-06,-9.999818920570999e-05,-2.06295229417582e-09,0.0,1.0,0.0,-2.4833815522136127
floor,0.8,16,0.0001,departure_first,-5.0014283743232834e-05,5.0014283743232834e-05,-5.001553875748262e-05,-9.501612326251536e-05,-5.002673589539587e-06,-9.999798421631568e-05,-3.234284425464769e-09,0.0,1.0,0.0,-2.5007141871616416,-4.9965552757198066e-05,4.9965552757198066e-05,-4.994968496377788e-05,-9.501651523201154e-05,-5.002848411586957e-06,-9.999818920570999e-05,-2.06295229417582e-09,0.0,1.0,0.0,-2.483378048672174
floor,0.8,16,0.0001,insertion_order,-5.0014283743232834e-05,5.0014283743232834e-05,-5.001553875748262e-05,-9.501612326251536e-05,-5.002673589539587e-06,-9.999798421631568e-05,-3.234284425464769e-09,0.0,1.0,0.0,-2.5007141871616416,-4.9965656885728565e-05,4.9965656885728565e-05,-4.9949901277711316e-05,-9.50165206687967e-05,-5.002848239665591e-06,-9.999818920570999e-05,-2.06295229417582e-09,0.0,1.0,0.0,-2.4833815522136127
floor,0.8,16,0.0003,arrival_first,-0.00015000382216155957,0.00015000382216155957,-0.00015000217049419007,-0.00028497567782778785,-1.5048903616540602e-05,-0.0002999951054941145,-8.151801011990756e-09,0.0,1.0,0.0,-7.5001911080779795,-0.00014994810494606462,0.00014994810494606462,-0.00014991510120403897,-0.0002849714076365508,-1.5001543628233032e-05,-0.00029999261678868757,-5.186412494265213e-09,0.0,1.0,0.0,-7.452752060991674
floor,0.8,16,0.0003,departure_first,-0.00015000382216155957,0.00015000382216155957,-0.00015000217049419007,-0.00028497567782778785,-1.5048903616540602e-05,-0.0002999951054941145,-8.151801011990756e-09,0.0,1.0,0.0,-7.5001911080779795,-0.00014994806291718867,0.00014994806291718867,-0.00014991492613037043,-0.0002849714076365508,-1.5001543628233032e-05,-0.00029999261678868757,-5.186412494265213e-09,0.0,1.0,0.0,-7.452749972366684
floor,0.8,16,0.0003,insertion_order,-0.00015000382216155957,0.00015000382216155957,-0.00015000217049419007,-0.00028497567782778785,-1.5048903616540602e-05,-0.0002999951054941145,-8.151801011990756e-09,0.0,1.0,0.0,-7.5001911080779795,-0.00014994810494606462,0.00014994810494606462,-0.00014991510120403897,-0.0002849714076365508,-1.5001543628233032e-05,-0.00029999261678868757,-5.186412494265213e-09,0.0,1.0,0.0,-7.452752060991674
floor,0.8,16,0.001,arrival_first,-0.0004997382180957957,0.0004997382180957957,-0.0004996473646618445,-0.0009496708673608131,-4.997701050039428e-05,-0.0009999795338444528,-1.9873035247049606e-08,0.0,1.0,0.0,-24.986910904789784,-0.0005000988807299389,0.0005000988807299389,-0.0005002824205584272,-0.0009499830296400777,-5.0177835320483794e-05,-0.000999984561657639,-2.151271730656499e-08,0.0,1.0,0.0,-24.856445609528134
floor,0.8,16,0.001,departure_first,-0.0004997382180957957,0.0004997382180957957,-0.0004996473646618445,-0.0009496708673608131,-4.997701050039428e-05,-0.0009999795338444528,-1.9873035247049606e-08,0.0,1.0,0.0,-24.986910904789784,-0.0005000977716319742,0.0005000977716319742,-0.0005002809536461626,-0.0009499813375743182,-5.017769767228211e-05,-0.000999984561657639,-2.151271730656499e-08,0.0,1.0,0.0,-24.856424250944595
floor,0.8,16,0.001,insertion_order,-0.0004997382180957957,0.0004997382180957957,-0.0004996473646618445,-0.0009496708673608131,-4.997701050039428e-05,-0.0009999795338444528,-1.9873035247049606e-08,0.0,1.0,0.0,-24.986910904789784,-0.0005000988807299389,0.0005000988807299389,-0.0005002824205584272,-0.0009499830296400777,-5.0177835320483794e-05,-0.000999984561657639,-2.151271730656499e-08,0.0,1.0,0.0,-24.856445609528134
floor,0.8,16,0.003,arrival_first,-0.0014991202180961287,0.0014991202180961287,-0.0014993878785389825,-0.002849100499126204,-0.00015045935569408687,-0.0029999327689135195,-5.4731572163291276e-08,0.0,1.0,0.0,-74.95601090480643,-0.001499477549387241,0.001499477549387241,-0.00149944862039648,-0.0028508921699324863,-0.00014990371144829807,-0.0029999445654719237,-5.8857761726059665e-08,0.0,1.0,0.0,-74.53291363666405
floor,0.8,16,0.003,departure_first,-0.0014991202180961287,0.0014991202180961287,-0.0014993878785389825,-0.002849100499126204,-0.00015045935569408687,-0.0029999327689135195,-5.4731572163291276e-08,0.0,1.0,0.0,-74.95601090480643,-0.0014994751361337454,0.0014994751361337454,-0.0014994561067399451,-0.0028508853457881863,-0.00014989703011877913,-0.0029999445654719237,-5.8857761726059665e-08,0.0,1.0,0.0,-74.53324309589046
floor,0.8,16,0.003,insertion_order,-0.0014991202180961287,0.0014991202180961287,-0.0014993878785389825,-0.002849100499126204,-0.00015045935569408687,-0.0029999327689135195,-5.4731572163291276e-08,0.0,1.0,0.0,-74.95601090480643,-0.001499477549387241,0.001499477549387241,-0.00149944862039648,-0.0028508921699324863,-0.00014990371144829807,-0.0029999445654719237,-5.8857761726059665e-08,0.0,1.0,0.0,-74.53291363666405
floor,0.8,16,0.01,arrival_first,-0.004997968218107379,0.004997968218107379,-0.004997423034061891,-0.00949712323111574,-0.0004997383406316667,-0.009999784065864029,-2.0963658850329618e-07,0.0,1.0,0.0,-249.8984109053689,-0.004994322096742681,0.004994322096742681,-0.004992420322117571,-0.009499094203448058,-0.0005008034614616199,-0.009999827146381571,-1.6936618536441776e-07,0.0,1.0,0.0,-248.2889984014061
floor,0.8,16,0.01,departure_first,-0.004997968218107379,0.004997968218107379,-0.004997423034061891,-0.00949712323111574,-0.0004997383406316667,-0.009999784065864029,-2.0963658850329618e-07,0.0,1.0,0.0,-249.8984109053689,-0.004994267803994912,0.004994267803994912,-0.00499235636242977,-0.009499059172127474,-0.0005007695843982678,-0.009999827146381571,-1.6936618536441776e-07,0.0,1.0,0.0,-248.28863218372126
floor,0.8,16,0.01,insertion_order,-0.004997968218107379,0.004997968218107379,-0.004997423034061891,-0.00949712323111574,-0.0004997383406316667,-0.009999784065864029,-2.0963658850329618e-07,0.0,1.0,0.0,-249.8984109053689,-0.004994322096742681,0.004994322096742681,-0.004992420322117571,-0.009499094203448058,-0.0005008034614616199,-0.009999827146381571,-1.6936618536441776e-07,0.0,1.0,0.0,-248.2889984014061
floor,0.8,16,0.03,arrival_first,-0.015008108220256038,0.015008108220256038,-0.015013300919387499,-0.028500430121301483,-0.0015087972199216925,-0.029999390368205543,-8.266794490433919e-07,0.0,1.0,0.0,-750.405411012802,-0.014933048478976594,0.014933048478976594,-0.01490579362350312,-0.028477642435259447,-0.0014862226082855278,-0.0299992649846767,-6.037564425457008e-07,0.0,1.0,0.0,-742.7270160344999
floor,0.8,16,0.03,departure_first,-0.015008108220256038,0.015008108220256038,-0.015013300919387499,-0.028500430121301483,-0.0015087972199216925,-0.029999390368205543,-8.266794490433919e-07,0.0,1.0,0.0,-750.405411012802,-0.014933020840834007,0.014933020840834007,-0.014905791730740175,-0.028477751619530804,-0.0014861306156381637,-0.0299992649846767,-6.037564425457008e-07,0.0,1.0,0.0,-742.752506510614
floor,0.8,16,0.03,insertion_order,-0.015008108220256038,0.015008108220256038,-0.015013300919387499,-0.028500430121301483,-0.0015087972199216925,-0.029999390368205543,-8.266794490433919e-07,0.0,1.0,0.0,-750.405411012802,-0.014933048478976594,0.014933048478976594,-0.01490579362350312,-0.028477642435259447,-0.0014862226082855278,-0.0299992649846767,-6.037564425457008e-07,0.0,1.0,0.0,-742.7270160344999
floor,0.8,16,0.1,arrival_first,-0.05000314155024727,0.05000314155024727,-0.04998957811728057,-0.09498914104454191,-0.004995536473834372,-0.09999728429690245,-2.450844385748496e-06,0.0,1.0,0.0,-2500.1570775123632,-0.049151489313661166,0.049151489313661166,-0.04873581843294076,-0.09473860588866813,-0.004791495063966871,-0.09999839324174192,-2.4406133464895447e-06,0.0,1.0,0.0,-2448.0991069898023
floor,0.8,16,0.1,departure_first,-0.05000314155024727,0.05000314155024727,-0.04998957811728057,-0.09498914104454191,-0.004995536473834372,-0.09999728429690245,-2.450844385748496e-06,0.0,1.0,0.0,-2500.1570775123632,-0.049151234467776285,0.049151234467776285,-0.04873650952080262,-0.0947386926644404,-0.004791663686994869,-0.09999839324174192,-2.440613467755505e-06,0.0,1.0,0.0,-2448.3240757375615
floor,0.8,16,0.1,insertion_order,-0.05000314155024727,0.05000314155024727,-0.04998957811728057,-0.09498914104454191,-0.004995536473834372,-0.09999728429690245,-2.450844385748496e-06,0.0,1.0,0.0,-2500.1570775123632,-0.049151489313661166,0.049151489313661166,-0.04873581843294076,-0.09473860588866813,-0.004791495063966871,-0.09999839324174192,-2.4406133464895447e-06,0.0,1.0,0.0,-2448.0991069898023
floor,0.95,1,1e-05,arrival_first,-4.997451075276331e-06,4.997451075276331e-06,-4.997028099751333e-06,-9.497383407506277e-06,-4.987395216934001e-07,-9.999822001797535e-06,-1.8220210525517663e-10,0.0,1.0,0.0,-0.24987255376381654,-5.003177693767651e-06,5.003177693792677e-06,-5.004461961924389e-06,-9.498652267892875e-06,-4.992624156079446e-07,-9.99962324664122e-06,-4.1422001135817585e-10,0.0,0.9999987020235452,1.2979764547071116e-06,-0.12833903282008358
floor,0.95,1,1e-05,departure_first,-4.997451075276331e-06,4.997451075276331e-06,-4.997028099751333e-06,-9.497383407506277e-06,-4.987395216934001e-07,-9.999822001797535e-06,-1.8220210525517663e-10,0.0,1.0,0.0,-0.24987255376381654,-5.003186801378847e-06,5.003186801403872e-06,-5.004488577439967e-06,-9.498628179252303e-06,-4.992818624632224e-07,-9.99962324664122e-06,-4.1422001135817585e-10,0.0,0.9999987020740856,1.2979259143888066e-06,-0.12833976643946848
floor,0.95,1,1e-05,insertion_order,-4.997451075276331e-06,4.997451075276331e-06,-4.997028099751333e-06,-9.497383407506277e-06,-4.987395216934001e-07,-9.999822001797535e-06,-1.8220210525517663e-10,0.0,1.0,0.0,-0.24987255376381654,-5.003177693767651e-06,5.003177693792677e-06,-5.004461961924389e-06,-9.498652267892875e-06,-4.992624156079446e-07,-9.99962324664122e-06,-4.1422001135817585e-10,0.0,0.9999987020235452,1.2979764547071116e-06,-0.12833903282008358
floor,0.95,1,3e-05,arrival_first,-1.5001086192191602e-05,1.5001086192191602e-05,-1.5003223279563826e-05,-2.849655522974596e-05,-1.5005027216830085e-06,-2.9999414194511095e-05,-5.701925450315078e-10,0.0,1.0,0.0,-0.7500543096095801,-1.5005385796684492e-05,1.5005385796690631e-05,-1.5006969228232673e-05,-2.8502005722928325e-05,-1.5086531594967362e-06,-2.9998711444437684e-05,-1.3859307359161595e-09,0.0,0.9999987020740856,1.2979259143888066e-06,-0.384912010623397
floor,0.95,1,3e-05,departure_first,-1.5001086192191602e-05,1.5001086192191602e-05,-1.5003223279563826e-05,-2.849655522974596e-05,-1.5005027216830085e-06,-2.9999414194511095e-05,-5.701925450315078e-10,0.0,1.0,0.0,-0.7500543096095801,-1.5005425944322334e-05,1.5005425944328471e-05,-1.500707187753885e-05,-2.8501991018463554e-05,-1.5088968679761056e-06,-2.9998711444437684e-05,-1.3859307359161595e-09,0.0,0.9999987020740856,1.2979259143888066e-06,-0.38491754918077664
floor,0.95,1,3e-05,insertion_order,-1.5001086192191602e-05,1.5001086192191602e-05,-1.5003223279563826e-05,-2.849655522974596e-05,-1.5005027216830085e-06,-2.9999414194511095e-05,-5.701925450315078e-10,0.0,1.0,0.0,-0.7500543096095801,-1.5005385796684492e-05,1.5005385796690631e-05,-1.5006969228232673e-05,-2.8502005722928325e-05,-1.5086531594967362e-06,-2.9998711444437684e-05,-1.3859307359161595e-09,0.0,0.9999987020740856,1.2979259143888066e-06,-0.384912010623397
floor,0.95,1,0.0001,arrival_first,-5.000519214645465e-05,5.000519214645465e-05,-4.998409966295488e-05,-9.50029461637314e-05,-5.0158113375194635e-06,-9.999752771060836e-05,-1.5754873553911845e-09,0.0,1.0,0.0,-2.5002596073227323,-4.995807381722503e-05,4.995807381722503e-05,-4.99418555668866e-05,-9.499219955627403e-05,-4.971025865518274e-06,-9.99952002666458e-05,-4.031864886342347e-09,0.0,1.0,0.0,-1.2815022366423736
floor,0.95,1,0.0001,departure_first,-5.000519214645465e-05,5.000519214645465e-05,-4.998409966295488e-05,-9.50029461637314e-05,-5.0158113375194635e-06,-9.999752771060836e-05,-1.5754873553911845e-09,0.0,1.0,0.0,-2.5002596073227323,-4.995832704657071e-05,4.995832704657071e-05,-4.994266603679162e-05,-9.49924266742505e-05,-4.9698868877413554e-06,-9.99952002666458e-05,-4.031864886342347e-09,0.0,1.0,0.0,-1.2815619841313923
floor,0.95,1,0.0001,insertion_order,-5.000519214645465e-05,5.000519214645465e-05,-4.998409966295488e-05,-9.50029461637314e-05,-5.0158113375194635e-06,-9.999752771060836e-05,-1.5754873553911845e-09,0.0,1.0,0.0,-2.5002596073227323,-4.995807381722503e-05,4.995807381722503e-05,-4.99418555668866e-05,-9.499219955627403e-05,-4.971025865518274e-06,-9.99952002666458e-05,-4.031864886342347e-09,0.0,1.0,0.0,-1.2815022366423736
floor,0.95,1,0.0003,arrival_first,-0.00014987152975885935,0.00014987152975885935,-0.00014972165323949108,-0.00028502160492431967,-1.5024359571119347e-05,-0.0002999942296204002,-4.943740350427106e-09,0.0,1.0,0.0,-7.493576487942968,-0.0001500491621024418,0.0001500491621024418,-0.00015006005954142296,-0.0002850139933058846,-1.4925983552857936e-05,-0.000299986824927454,-1.0594532541020884e-08,0.0,1.0,0.0,-3.8489977064788334
floor,0.95,1,0.0003,departure_first,-0.00014987152975885935,0.00014987152975885935,-0.00014972165323949108,-0.00028502160492431967,-1.5024359571119347e-05,-0.0002999942296204002,-4.943740350427106e-09,0.0,1.0,0.0,-7.493576487942968,-0.0001500508027051098,0.0001500508027051098,-0.00015006846264869843,-0.0002850111577345876,-1.492760395238796e-05,-0.000299986824927454,-1.0594532541020884e-08,0.0,1.0,0.0,-3.8496199869097936
floor,0.95,1,0.0003,insertion_order,-0.00014987152975885935,0.00014987152975885935,-0.00014972165323949108,-0.00028502160492431967,-1.5024359571119347e-05,-0.0002999942296204002,-4.943740350427106e-09,0.0,1.0,0.0,-7.493576487942968,-0.0001500491621024418,0.0001500491621024418,-0.00015006005954142296,-0.0002850139933058846,-1.4925983552857936e-05,-0.000299986824927454,-1.0594532541020884e-08,0.0,1.0,0.0,-3.8489977064788334
floor,0.95,1,0.001,arrival_first,-0.0005004548596705681,0.0005004548596705681,-0.0005006738630982,-0.000949906846212798,-5.027095221066709e-05,-0.0009999782002826881,-1.031015320525815e-08,0.0,1.0,0.0,-25.022742983528406,-0.0004999454646725368,0.0004999454646725368,-0.0004995467272870131,-0.0009501262750970879,-4.9681939815009026e-05,-0.0009999617965473857,-4.427381810785669e-08,0.0,1.0,0.0,-12.824568938128072
floor,0.95,1,0.001,departure_first,-0.0005004548596705681,0.0005004548596705681,-0.0005006738630982,-0.000949906846212798,-5.027095221066709e-05,-0.0009999782002826881,-1.031015320525815e-08,0.0,1.0,0.0,-25.022742983528406,-0.0004999550169812215,0.0004999550169812215,-0.0004995704237501246,-0.0009501115416534881,-4.968795713638505e-05,-0.0009999617965473857,-4.427381810785669e-08,0.0,1.0,0.0,-12.83127897835035
floor,0.95,1,0.001,insertion_order,-0.0005004548596705681,0.0005004548596705681,-0.0005006738630982,-0.000949906846212798,-5.027095221066709e-05,-0.0009999782002826881,-1.031015320525815e-08,0.0,1.0,0.0,-25.022742983528406,-0.0004999454646725368,0.0004999454646725368,-0.0004995467272870131,-0.0009501262750970879,-4.9681939815009026e-05,-0.0009999617965473857,-4.427381810785669e-08,0.0,1.0,0.0,-12.824568938128072
floor,0.95,1,0.003,arrival_first,-0.0015013635263362976,0.0015013635263362976,-0.00150298357302745,-0.002850880004799971,-0.00015082877534647828,-0.0029999413549376187,-5.0062165731408945e-08,0.0,1.0,0.0,-75.06817631681488,-0.001500015351236177,0.001500015351236177,-0.0014985803655340531,-0.0028492556724341307,-0.0001509980566056685,-0.0029998920200711592,-1.1732963845696664e-07,0.0,1.0,0.0,-38.47897644448866
floor,0.95,1,0.003,departure_first,-0.0015013635263362976,0.0015013635263362976,-0.00150298357302745,-0.002850880004799971,-0.00015082877534647828,-0.0029999413549376187,-5.0062165731408945e-08,0.0,1.0,0.0,-75.06817631681488,-0.0014999252987587706,0.0014999252987587706,-0.0014984357432053438,-0.0028491929328432076,-0.00015099342323920378,-0.0029998920200711592,-1.1732963845696664e-07,0.0,1.0,0.0,-38.532610348402415
floor,0.95,1,0.003,insertion_order,-0.0015013635263362976,0.0015013635263362976,-0.00150298357302745,-0.002850880004799971,-0.00015082877534647828,-0.0029999413549376187,-5.0062165731408945e-08,0.0,1.0,0.0,-75.06817631681488,-0.001500015351236177,0.001500015351236177,-0.0014985803655340531,-0.0028492556724341307,-0.0001509980566056685,-0.0029998920200711592,-1.1732963845696664e-07,0.0,1.0,0.0,-38.47897644448866
floor,0.95,1,0.01,arrival_first,-0.00499967952633045,0.00499967952633045,-0.004998119235278864,-0.009501677850471424,-0.0005003004112328813,-0.009999802619737845,-2.149730789824389e-07,0.0,1.0,0.0,-249.9839763165225,-0.004993068231789214,0.004993068231789214,-0.0049955860446176895,-0.009497604026506951,-0.0004912398254083408,-0.009999653577136842,-3.1993763677331566e-07,0.0,1.0,0.0,-128.07973208405988
floor,0.95,1,0.01,departure_first,-0.00499967952633045,0.00499967952633045,-0.004998119235278864,-0.009501677850471424,-0.0005003004112328813,-0.009999802619737845,-2.149730789824389e-07,0.0,1.0,0.0,-249.9839763165225,-0.004993056508427929,0.004993056508427929,-0.004995736404905964,-0.009497941390932595,-0.000491343770585096,-0.009999669961303375,-3.1993763677331566e-07,0.0,1.0,0.0,-128.72084990127237
floor,0.95,1,0.01,insertion_order,-0.00499967952633045,0.00499967952633045,-0.004998119235278864,-0.009501677850471424,-0.0005003004112328813,-0.009999802619737845,-2.149730789824389e-07,0.0,1.0,0.0,-249.9839763165225,-0.004993068231789214,0.004993068231789214,-0.0049955860446176895,-0.009497604026506951,-0.0004912398254083408,-0.009999653577136842,-3.1993763677331566e-07,0.0,1.0,0.0,-128.07973208405988
floor,0.95,1,0.03,arrival_first,-0.014995119528159628,0.014995119528159628,-0.014986968564547473,-0.028504564714088094,-0.0015041090283511977,-0.029999581798953536,-6.128154079002949e-07,0.0,1.0,0.0,-749.7559764079815,-0.014932079668558185,0.014932079668558185,-0.014916432128294082,-0.02848441387973755,-0.0014758958827739673,-0.029999231265589434,-9.962532084934314e-07,0.0,1.0,0.0,-383.00908655168035
floor,0.95,1,0.03,departure_first,-0.014995119528159628,0.014995119528159628,-0.014986968564547473,-0.028504564714088094,-0.0015041090283511977,-0.029999581798953536,-6.128154079002949e-07,0.0,1.0,0.0,-749.7559764079815,-0.014930257695409692,0.014930257695409692,-0.01491065853730007,-0.028484615756738007,-0.0014760369636870295,-0.02999925089595908,-9.389620957340037e-07,0.0,1.0,0.0,-388.57220185377344
floor,0.95,1,0.03,insertion_order,-0.014995119528159628,0.014995119528159628,-0.014986968564547473,-0.028504564714088094,-0.0015041090283511977,-0.029999581798953536,-6.128154079002949e-07,0.0,1.0,0.0,-749.7559764079815,-0.014932079668558185,0.014932079668558185,-0.014916432128294082,-0.02848441387973755,-0.0014758958827739673,-0.029999231265589434,-9.962532084934314e-07,0.0,1.0,0.0,-383.00908655168035
floor,0.95,1,0.1,arrival_first,-0.05002623952525524,0.05002623952525524,-0.050049608522552566,-0.09497301210998406,-0.005004408698653917,-0.09999760586597403,-1.6864720237208531e-06,0.0,1.0,0.0,-2501.311976262762,-0.049148220068084204,0.049148220068084204,-0.04872288865499576,-0.09477261995261037,-0.004767703905213498,-0.09999701726046363,-3.707329366146755e-06,0.0,1.0,0.0,-1259.8877268858926
floor,0.95,1,0.1,departure_first,-0.05002623952525524,0.05002623952525524,-0.050049608522552566,-0.09497301210998406,-0.005004408698653917,-0.09999760586597403,-1.6864720237208531e-06,0.0,1.0,0.0,-2501.311976262762,-0.04915417671732379,0.04915417671732379,-0.048747305220419264,-0.0947711293765265,-0.004763228923554618,-0.09999694369265294,-3.436055258404859e-06,0.0,1.0,0.0,-1321.1508379315617
floor,0.95,1,0.1,insertion_order,-0.05002623952525524,0.05002623952525524,-0.050049608522552566,-0.09497301210998406,-0.005004408698653917,-0.09999760586597403,-1.6864720237208531e-06,0.0,1.0,0.0,-2501.311976262762,-0.049148220068084204,0.049148220068084204,-0.04872288865499576,-0.09477261995261037,-0.004767703905213498,-0.09999701726046363,-3.707329366146755e-06,0.0,1.0,0.0,-1259.8877268858926
floor,0.95,4,1e-05,arrival_first,-5.002515199100041e-06,5.002515199100041e-06,-5.001987741100796e-06,-9.497851210653608e-06,-5.027243378208377e-07,-9.999805024563102e-06,-1.4770193956792355e-10,0.0,1.0,0.0,-0.250125759955002,-4.99999576348854e-06,4.99999576348854e-06,-5.000986941530322e-06,-9.49906699495477e-06,-5.017265493596778e-07,-9.99967949159991e-06,-1.900756001667799e-10,0.0,1.0,0.0,-0.20499798941684783
floor,0.95,4,1e-05,departure_first,-5.002515199100041e-06,5.002515199100041e-06,-5.001987741100796e-06,-9.497851210653608e-06,-5.027243378208377e-07,-9.999805024563102e-06,-1.4770193956792355e-10,0.0,1.0,0.0,-0.250125759955002,-4.999990410376262e-06,4.999990410376262e-06,-5.0009826047128435e-06,-9.499074014532465e-06,-5.017271252034486e-07,-9.99967949159991e-06,-1.900756001667799e-10,0.0,1.0,0.0,-0.2049979375056669
floor,0.95,4,1e-05,insertion_order,-5.002515199100041e-06,5.002515199100041e-06,-5.001987741100796e-06,-9.497851210653608e-06,-5.027243378208377e-07,-9.999805024563102e-06,-1.4770193956792355e-10,0.0,1.0,0.0,-0.250125759955002,-4.99999576348854e-06,4.99999576348854e-06,-5.000986941530322e-06,-9.49906699495477e-06,-5.017265493596778e-07,-9.99967949159991e-06,-1.900756001667799e-10,0.0,1.0,0.0,-0.20499798941684783
floor,0.95,4,3e-05,arrival_first,-1.5000230315262645e-05,1.5000230315262645e-05,-1.5012403794874747e-05,-2.8496475439775775e-05,-1.5071428939942682e-06,-2.9999457243926978e-05,-5.586116458289326e-10,0.0,1.0,0.0,-0.7500115157631323,-1.4998071838445241e-05,1.4998071838445241e-05,-1.5001114827988478e-05,-2.8502840501503218e-05,-1.504283138749688e-06,-2.9999169299706543e-05,-6.784890653072547e-10,8.145975887911372e-07,0.9999991854024112,0.0,-0.6149189213509174
floor,0.95,4,3e-05,departure_first,-1.5000230315262645e-05,1.5000230315262645e-05,-1.5012403794874747e-05,-2.8496475439775775e-05,-1.5071428939942682e-06,-2.9999457243926978e-05,-5.586116458289326e-10,0.0,1.0,0.0,-0.7500115157631323,-1.4998086164967627e-05,1.4998086164967627e-05,-1.5001179006284489e-05,-2.850283964256548e-05,-1.504283220665042e-06,-2.9999169299706543e-05,-6.784890653072547e-10,8.145975887911372e-07,0.9999991854024112,0.0,-0.6149200096197377
floor,0.95,4,3e-05,insertion_order,-1.5000230315262645e-05,1.5000230315262645e-05,-1.5012403794874747e-05,-2.8496475439775775e-05,-1.5071428939942682e-06,-2.9999457243926978e-05,-5.586116458289326e-10,0.0,1.0,0.0,-0.7500115157631323,-1.4998071838445241e-05,1.4998071838445241e-05,-1.5001114827988478e-05,-2.8502840501503218e-05,-1.504283138749688e-06,-2.9999169299706543e-05,-6.784890653072547e-10,8.145975887911372e-07,0.9999991854024112,0.0,-0.6149189213509174
floor,0.95,4,0.0001,arrival_first,-4.9996376268466214e-05,4.9996376268466214e-05,-5.001607293403746e-05,-9.499473903664086e-05,-4.99324269791639e-06,-9.999761950894027e-05,-1.611715561011806e-09,0.0,1.0,0.0,-2.499818813423311,-5.0035059297361805e-05,5.0035059297361805e-05,-5.00302152613247e-05,-9.498777964539953e-05,-5.017127253935085e-06,-9.999659806125676e-05,-2.6568643775778017e-09,0.0,1.0,0.0,-2.0514507113984086
floor,0.95,4,0.0001,departure_first,-4.9996376268466214e-05,4.9996376268466214e-05,-5.001607293403746e-05,-9.499473903664086e-05,-4.99324269791639e-06,-9.999761950894027e-05,-1.611715561011806e-09,0.0,1.0,0.0,-2.499818813423311,-5.003513108422632e-05,5.003513108422632e-05,-5.003032910964575e-05,-9.498790205862351e-05,-5.017320246409484e-06,-9.999659806125676e-05,-2.6568643775778017e-09,0.0,1.0,0.0,-2.0514902610637353
floor,0.95,4,0.0001,insertion_order,-4.9996376268466214e-05,4.9996376268466214e-05,-5.001607293403746e-05,-9.499473903664086e-05,-4.99324269791639e-06,-9.999761950894027e-05,-1.611715561011806e-09,0.0,1.0,0.0,-2.499818813423311,-5.0035059297361805e-05,5.0035059297361805e-05,-5.00302152613247e-05,-9.498777964539953e-05,-5.017127253935085e-06,-9.999659806125676e-05,-2.6568643775778017e-09,0.0,1.0,0.0,-2.0514507113984086
floor,0.95,4,0.0003,arrival_first,-0.00014995491388254776,0.00014995491388254776,-0.00015003141249205024,-0.00028498611210883,-1.497807708953287e-05,-0.0002999934033747801,-4.770299710799009e-09,0.0,1.0,0.0,-7.497745694127389,-0.00015000012460974138,0.00015000012460974138,-0.00014992826628179972,-0.0002849556967351106,-1.5047958294680903e-05,-0.0002999900766116005,-7.2720154867718845e-09,0.0,1.0,0.0,-6.150273812199469
floor,0.95,4,0.0003,departure_first,-0.00014995491388254776,0.00014995491388254776,-0.00015003141249205024,-0.00028498611210883,-1.497807708953287e-05,-0.0002999934033747801,-4.770299710799009e-09,0.0,1.0,0.0,-7.497745694127389,-0.0001500016180060291,0.0001500016180060291,-0.00014992907969503045,-0.0002849553011591982,-1.5047961748909729e-05,-0.0002999900766116005,-7.2720154867718845e-09,0.0,1.0,0.0,-6.150445279146027
floor,0.95,4,0.0003,insertion_order,-0.00014995491388254776,0.00014995491388254776,-0.00015003141249205024,-0.00028498611210883,-1.497807708953287e-05,-0.0002999934033747801,-4.770299710799009e-09,0.0,1.0,0.0,-7.497745694127389,-0.00015000012460974138,0.00015000012460974138,-0.00014992826628179972,-0.0002849556967351106,-1.5047958294680901e-05,-0.0002999900766116005,-7.2720154867718845e-09,0.0,1.0,0.0,-6.150273812199469
floor,0.95,4,0.001,arrival_first,-0.0005001506437906277,0.0005001506437906277,-0.000500226691883654,-0.0009499653003634497,-5.0073687511940167e-05,-0.0009999850075776825,-1.716104331232297e-08,0.0,1.0,0.0,-25.007532189531382,-0.0004997887700014999,0.0004997887700014999,-0.000499097863116883,-0.0009502604814006458,-4.989022824239166e-05,-0.0009999777350268696,-2.7964785742657974e-08,0.0,1.0,0.0,-20.494045233920374
floor,0.95,4,0.001,departure_first,-0.0005001506437906277,0.0005001506437906277,-0.000500226691883654,-0.0009499653003634497,-5.0073687511940167e-05,-0.0009999850075776825,-1.716104331232297e-08,0.0,1.0,0.0,-25.007532189531382,-0.0004997880963720219,0.0004997880963720219,-0.0004990971290826169,-0.0009502550737216345,-4.988129727760578e-05,-0.0009999777350268696,-2.7964785742657974e-08,0.0,1.0,0.0,-20.495216488202015
floor,0.95,4,0.001,insertion_order,-0.0005001506437906277,0.0005001506437906277,-0.000500226691883654,-0.0009499653003634497,-5.0073687511940167e-05,-0.0009999850075776825,-1.716104331232297e-08,0.0,1.0,0.0,-25.007532189531382,-0.0004997887700014999,0.0004997887700014999,-0.000499097863116883,-0.0009502604814006458,-4.989022824239166e-05,-0.0009999777350268696,-2.7964785742657974e-08,0.0,1.0,0.0,-20.494045233920374
floor,0.95,4,0.003,arrival_first,-0.001499583310461437,0.001499583310461437,-0.0014996505195085774,-0.0028499200133546764,-0.00015056557070238375,-0.0029999347838990313,-4.775735457466605e-08,0.0,1.0,0.0,-74.97916552307184,-0.0014987332133174379,0.0014987332133174379,-0.0014972088853656218,-0.0028504298800458823,-0.0001494526685032105,-0.002999948676437349,-7.25842323153388e-08,0.0,1.0,0.0,-61.47494678485773
floor,0.95,4,0.003,departure_first,-0.001499583310461437,0.001499583310461437,-0.0014996505195085774,-0.0028499200133546764,-0.00015056557070238375,-0.0029999347838990313,-4.775735457466605e-08,0.0,1.0,0.0,-74.97916552307184,-0.0014986674283643557,0.0014986674283643557,-0.001497118166590139,-0.0028504061968949077,-0.00014943932391231024,-0.002999948676437349,-7.25842323153388e-08,0.0,1.0,0.0,-61.480151154887004
floor,0.95,4,0.003,insertion_order,-0.001499583310461437,0.001499583310461437,-0.0014996505195085774,-0.0028499200133546764,-0.00015056557070238375,-0.0029999347838990313,-4.775735457466605e-08,0.0,1.0,0.0,-74.97916552307184,-0.0014987332133174379,0.0014987332133174379,-0.0014972088853656218,-0.0028504298800458823,-0.0001494526685032105,-0.002999948676437349,-7.25842323153388e-08,0.0,1.0,0.0,-61.47494678485773
floor,0.95,4,0.01,arrival_first,-0.004999875977120134,0.004999875977120134,-0.00499782529471607,-0.009499150097227963,-0.0004992133425139409,-0.009999818395984524,-1.5535933926003053e-07,0.0,1.0,0.0,-249.99379885600672,-0.00499169227708448,0.00499169227708448,-0.004988328351639472,-0.009496415363462823,-0.0005018769001683886,-0.009999805597209126,-2.655860734883386e-07,0.0,1.0,0.0,-204.92522693050006
floor,0.95,4,0.01,departure_first,-0.004999875977120134,0.004999875977120134,-0.00499782529471607,-0.009499150097227963,-0.0004992133425139409,-0.009999818395984524,-1.5535933926003053e-07,0.0,1.0,0.0,-249.99379885600672,-0.004991461364677866,0.004991461364677866,-0.004988191600098986,-0.009496264027913436,-0.0005018006458817379,-0.009999805597209126,-2.655860734883386e-07,0.0,1.0,0.0,-205.0056026852857
floor,0.95,4,0.01,insertion_order,-0.004999875977120134,0.004999875977120134,-0.00499782529471607,-0.009499150097227963,-0.0004992133425139409,-0.009999818395984524,-1.5535933926003053e-07,0.0,1.0,0.0,-249.99379885600672,-0.00499169227708448,0.00499169227708448,-0.004988328351639472,-0.009496415363462823,-0.0005018769001683886,-0.009999805597209126,-2.655860734883386e-07,0.0,1.0,0.0,-204.92522693050006
floor,0.95,4,0.03,arrival_first,-0.01500794931228382,0.01500794931228382,-0.015018582109481335,-0.02849660693622506,-0.0015140376642724153,-0.02999921189809053,-6.252691794846517e-07,0.0,1.0,0.0,-750.397465614191,-0.014922694493483447,0.014922694493483447,-0.014888582206875412,-0.02847612797755542,-0.0014734796193084391,-0.029999462522754938,-6.597824379639252e-07,0.0,1.0,0.0,-614.276114438413
floor,0.95,4,0.03,departure_first,-0.01500794931228382,0.01500794931228382,-0.015018582109481335,-0.02849660693622506,-0.0015140376642724153,-0.02999921189809053,-6.252691794846517e-07,0.0,1.0,0.0,-750.397465614191,-0.014921132671339562,0.014921132671339562,-0.01488790278927756,-0.02847514971783213,-0.001473816089205924,-0.029999462522754938,-6.488095655273228e-07,0.0,1.0,0.0,-615.0823926363822
floor,0.95,4,0.03,insertion_order,-0.01500794931228382,0.01500794931228382,-0.015018582109481335,-0.02849660693622506,-0.0015140376642724153,-0.02999921189809053,-6.252691794846517e-07,0.0,1.0,0.0,-750.397465614191,-0.014922694493483447,0.014922694493483447,-0.014888582206875412,-0.02847612797755542,-0.0014734796193084391,-0.029999462522754938,-6.597824379639252e-07,0.0,1.0,0.0,-614.276114438413
floor,0.95,4,0.1,arrival_first,-0.049959555976047745,0.049959555976047745,-0.04996659694056689,-0.09497263594581,-0.0049738900636005735,-0.09999792781615421,-1.6156805941136555e-06,0.0,1.0,0.0,-2497.977798802387,-0.04918225072414008,0.04918225072414008,-0.048752478237627996,-0.09472501213822238,-0.00480409823063254,-0.09999776573078142,-3.03123095664132e-06,0.0,1.0,0.0,-2042.2326894849386
floor,0.95,4,0.1,departure_first,-0.049959555976047745,0.049959555976047745,-0.04996659694056689,-0.09497263594581,-0.0049738900636005735,-0.09999792781615421,-1.6156805941136555e-06,0.0,1.0,0.0,-2497.977798802387,-0.04917795980705634,0.04917795980705634,-0.04875475938738742,-0.09473065309501219,-0.004800398428941603,-0.09999776573041763,-2.8407210112369857e-06,0.0,1.0,0.0,-2052.200757962321
floor,0.95,4,0.1,insertion_order,-0.049959555976047745,0.049959555976047745,-0.04996659694056689,-0.09497263594581,-0.0049738900636005735,-0.09999792781615421,-1.6156805941136555e-06,0.0,1.0,0.0,-2497.977798802387,-0.04918225072414008,0.04918225072414008,-0.048752478237627996,-0.09472501213822238,-0.00480409823063254,-0.09999776573078142,-3.03123095664132e-06,0.0,1.0,0.0,-2042.2326894849386
floor,0.95,8,1e-05,arrival_first,-5.001877160177779e-06,5.001877160178992e-06,-5.004283442152276e-06,-9.500412281037522e-06,-5.017517742089703e-07,-9.99975727609126e-06,-1.5446251685110232e-10,1.3333333333333334e-06,0.9999986666666667,0.0,-0.250093858008889,-5.003574705685885e-06,5.003574705685885e-06,-5.007260755775985e-06,-9.499249351320413e-06,-5.008515335156301e-07,-9.999765967787695e-06,-1.751995183189396e-10,0.0,1.0,0.0,-0.2277996524187267
floor,0.95,8,1e-05,departure_first,-5.001877160177779e-06,5.001877160178992e-06,-5.004283442152276e-06,-9.500412281037522e-06,-5.017517742089703e-07,-9.99975727609126e-06,-1.5446251685110232e-10,1.3333333333333334e-06,0.9999986666666667,0.0,-0.250093858008889,-5.003581407753867e-06,5.003581407753867e-06,-5.007304999666018e-06,-9.499250507334586e-06,-5.008508120467733e-07,-9.999765967787695e-06,-1.751995183189396e-10,0.0,1.0,0.0,-0.22779962454019662
floor,0.95,8,1e-05,insertion_order,-5.001877160177779e-06,5.001877160178992e-06,-5.004283442152276e-06,-9.500412281037522e-06,-5.017517742089703e-07,-9.99975727609126e-06,-1.5446251685110232e-10,1.3333333333333334e-06,0.9999986666666667,0.0,-0.250093858008889,-5.003574705685885e-06,5.003574705685885e-06,-5.007260755775985e-06,-9.499249351320413e-06,-5.008515335156301e-07,-9.999765967787695e-06,-1.751995183189396e-10,0.0,1.0,0.0,-0.2277996524187267
floor,0.95,8,3e-05,arrival_first,-1.499440561241257e-05,1.499440561241257e-05,-1.4998590055862829e-05,-2.8502765288370332e-05,-1.5002756587515885e-06,-2.9999423168192153e-05,-4.5777899989237386e-10,1.3333333333333334e-06,0.9999986666666667,0.0,-0.7497202806206285,-1.5002532065231295e-05,1.5002532065231295e-05,-1.5009591449224406e-05,-2.8497540773041423e-05,-1.496519391175518e-06,-2.9999460675276628e-05,-7.192922469451135e-10,0.0,1.0,0.0,-0.6830265787586697
floor,0.95,8,3e-05,departure_first,-1.499440561241257e-05,1.499440561241257e-05,-1.4998590055862829e-05,-2.8502765288370332e-05,-1.5002756587515885e-06,-2.9999423168192153e-05,-4.5777899989237386e-10,1.3333333333333334e-06,0.9999986666666667,0.0,-0.7497202806206285,-1.5002526231105313e-05,1.5002526231105313e-05,-1.5009580732533908e-05,-2.8497540457764058e-05,-1.4965472536843922e-06,-2.9999460675276628e-05,-7.192922469451135e-10,0.0,1.0,0.0,-0.6830258093337149
floor,0.95,8,3e-05,insertion_order,-1.499440561241257e-05,1.499440561241257e-05,-1.4998590055862829e-05,-2.8502765288370332e-05,-1.5002756587515885e-06,-2.9999423168192153e-05,-4.5777899989237386e-10,1.3333333333333334e-06,0.9999986666666667,0.0,-0.7497202806206285,-1.5002532065231295e-05,1.5002532065231295e-05,-1.5009591449224406e-05,-2.8497540773041423e-05,-1.496519391175518e-06,-2.9999460675276628e-05,-7.192922469451135e-10,0.0,1.0,0.0,-0.6830265787586697
floor,0.95,8,0.0001,arrival_first,-4.9950711563033106e-05,4.9950711563033106e-05,-4.992101756518726e-05,-9.497103782147558e-05,-4.972148788813993e-06,-9.999846254989582e-05,-2.1655675179014603e-09,0.0,1.0,0.0,-2.4975355781516555,-5.0011925431666655e-05,5.0011925431666655e-05,-5.003200768634482e-05,-9.501545166984748e-05,-5.014708051712919e-06,-9.999679768147632e-05,-2.4222174680362435e-09,0.0,1.0,0.0,-2.276954101156805
floor,0.95,8,0.0001,departure_first,-4.9950711563033106e-05,4.9950711563033106e-05,-4.992101756518726e-05,-9.497103782147558e-05,-4.972148788813993e-06,-9.999846254989582e-05,-2.1655675179014603e-09,0.0,1.0,0.0,-2.4975355781516555,-5.001178602556523e-05,5.001178602556523e-05,-5.0031753347567524e-05,-9.501537516366959e-05,-5.01476194148945e-06,-9.999679768147632e-05,-2.4222174680362435e-09,0.0,1.0,0.0,-2.276934433480204
floor,0.95,8,0.0001,insertion_order,-4.9950711563033106e-05,4.9950711563033106e-05,-4.992101756518726e-05,-9.497103782147558e-05,-4.972148788813993e-06,-9.999846254989582e-05,-2.1655675179014603e-09,0.0,1.0,0.0,-2.4975355781516555,-5.0011925431666655e-05,5.0011925431666655e-05,-5.003200768634482e-05,-9.501545166984748e-05,-5.014708051712919e-06,-9.999679768147632e-05,-2.4222174680362435e-09,0.0,1.0,0.0,-2.276954101156805
floor,0.95,8,0.0003,arrival_first,-0.0001498594491832258,0.0001498594491832258,-0.00014980056459232098,-0.000284868644010506,-1.4935854496798154e-05,-0.0002999948568079465,-6.1411810747813435e-09,0.0,1.0,0.0,-7.492972459161289,-0.00014989650981350663,0.00014989650981350663,-0.00014997087186111429,-0.00028498357760538094,-1.5005740245745541e-05,-0.00029999179308257037,-8.25271570433402e-09,0.0,1.0,0.0,-6.824705643928357
floor,0.95,8,0.0003,departure_first,-0.0001498594491832258,0.0001498594491832258,-0.00014980056459232098,-0.000284868644010506,-1.4935854496798154e-05,-0.0002999948568079465,-6.1411810747813435e-09,0.0,1.0,0.0,-7.492972459161289,-0.00014989588908339142,0.00014989588908339142,-0.00014997012755373328,-0.0002849834462732884,-1.500479090228286e-05,-0.00029999179308257037,-8.25271570433402e-09,0.0,1.0,0.0,-6.824762414894906
floor,0.95,8,0.0003,insertion_order,-0.0001498594491832258,0.0001498594491832258,-0.00014980056459232098,-0.000284868644010506,-1.4935854496798154e-05,-0.0002999948568079465,-6.1411810747813435e-09,0.0,1.0,0.0,-7.492972459161289,-0.00014989650981350663,0.00014989650981350663,-0.00014997087186111429,-0.00028498357760538094,-1.5005740245745541e-05,-0.00029999179308257037,-8.25271570433402e-09,0.0,1.0,0.0,-6.824705643928357
floor,0.95,8,0.001,arrival_first,-0.0004997813124226802,0.0004997813124226802,-0.0004994682293424072,-0.0009500250079903102,-4.9954524783970636e-05,-0.000999974600714874,-2.163269527954981e-08,0.0,1.0,0.0,-24.989065621134007,-0.0005001237437218604,0.0005001237437218604,-0.000500240997025485,-0.0009501669167619222,-5.0110580068953374e-05,-0.0009999775200094112,-2.742723064442255e-08,0.0,1.0,0.0,-22.774304337684292
floor,0.95,8,0.001,departure_first,-0.0004997813124226802,0.0004997813124226802,-0.0004994682293424072,-0.0009500250079903102,-4.9954524783970636e-05,-0.000999974600714874,-2.163269527954981e-08,0.0,1.0,0.0,-24.989065621134007,-0.000500125784707646,0.000500125784707646,-0.0005002470172590209,-0.0009501662007435218,-5.010703268267174e-05,-0.0009999775200094112,-2.742723064442255e-08,0.0,1.0,0.0,-22.774864326081406
floor,0.95,8,0.001,insertion_order,-0.0004997813124226802,0.0004997813124226802,-0.0004994682293424072,-0.0009500250079903102,-4.9954524783970636e-05,-0.000999974600714874,-2.163269527954981e-08,0.0,1.0,0.0,-24.989065621134007,-0.0005001237437218604,0.0005001237437218604,-0.000500240997025485,-0.0009501669167619222,-5.0110580068953374e-05,-0.0009999775200094112,-2.742723064442255e-08,0.0,1.0,0.0,-22.774304337684292
floor,0.95,8,0.003,arrival_first,-0.001499770645756523,0.001499770645756523,-0.001499641018320593,-0.0028494832550344045,-0.00014989619892730866,-0.0029999240753568303,-6.536741542125432e-08,0.0,1.0,0.0,-74.98853228782615,-0.0014988887129266577,0.0014988887129266577,-0.0014989264418333978,-0.002850611707808749,-0.0001498170429479632,-0.002999941421905223,-6.435860401861107e-08,0.0,1.0,0.0,-68.28085094150772
floor,0.95,8,0.003,departure_first,-0.001499770645756523,0.001499770645756523,-0.001499641018320593,-0.0028494832550344045,-0.00014989619892730866,-0.0029999240753568303,-6.536741542125432e-08,0.0,1.0,0.0,-74.98853228782615,-0.0014988587231625475,0.0014988587231625475,-0.0014989206730953606,-0.002850596916111762,-0.00014978594169343348,-0.002999941421905223,-6.435860401861107e-08,0.0,1.0,0.0,-68.2824368621414
floor,0.95,8,0.003,insertion_order,-0.001499770645756523,0.001499770645756523,-0.001499641018320593,-0.0028494832550344045,-0.00014989619892730866,-0.0029999240753568303,-6.536741542125432e-08,0.0,1.0,0.0,-74.98853228782615,-0.0014988887129266577,0.0014988887129266577,-0.0014989264418333978,-0.002850611707808749,-0.0001498170429479632,-0.002999941421905223,-6.435860401861107e-08,0.0,1.0,0.0,-68.28085094150772
floor,0.95,8,0.01,arrival_first,-0.004996119312420357,0.004996119312420357,-0.004996452657845415,-0.00949779230927561,-0.0004986057623242843,-0.009999872947749585,-2.9665252441191117e-07,0.0,1.0,0.0,-249.80596562101786,-0.004989557216670091,0.004989557216670091,-0.004985276393143884,-0.009498000006983033,-0.0004971219558292185,-0.00999981898387991,-2.187972627830844e-07,0.0,1.0,0.0,-227.5397805307144
floor,0.95,8,0.01,departure_first,-0.004996119312420357,0.004996119312420357,-0.004996452657845415,-0.00949779230927561,-0.0004986057623242843,-0.009999872947749585,-2.9665252441191117e-07,0.0,1.0,0.0,-249.80596562101786,-0.004989638878843913,0.004989638878843913,-0.004985257709829908,-0.009497910149847083,-0.0004973110067017111,-0.00999981898387991,-2.187972627830844e-07,0.0,1.0,0.0,-227.5839628924024
floor,0.95,8,0.01,insertion_order,-0.004996119312420357,0.004996119312420357,-0.004996452657845415,-0.00949779230927561,-0.0004986057623242843,-0.009999872947749585,-2.9665252441191117e-07,0.0,1.0,0.0,-249.80596562101786,-0.004989557216670091,0.004989557216670091,-0.004985276393143884,-0.009498000006983033,-0.0004971219558292185,-0.00999981898387991,-2.187972627830844e-07,0.0,1.0,0.0,-227.5397805307144
floor,0.95,8,0.03,arrival_first,-0.014995812647583586,0.014995812647583586,-0.014995839613341862,-0.028490711698230677,-0.0015019268670160603,-0.029999468527785213,-6.834179657744244e-07,0.0,1.0,0.0,-749.7906323791793,-0.014917607994231431,0.014917607994231431,-0.014876957287819532,-0.028472822451774675,-0.0014792825810198854,-0.029999262027476863,-4.561923050235931e-07,0.0,1.0,0.0,-682.4207003884677
floor,0.95,8,0.03,departure_first,-0.014995812647583586,0.014995812647583586,-0.014995839613341862,-0.028490711698230677,-0.0015019268670160603,-0.029999468527785213,-6.834179657744244e-07,0.0,1.0,0.0,-749.7906323791793,-0.014916839704383207,0.014916839704383207,-0.01487530279690442,-0.028473262073318153,-0.0014789013347929658,-0.029999271532265483,-4.5619236565657326e-07,0.0,1.0,0.0,-682.7256298953437
floor,0.95,8,0.03,insertion_order,-0.014995812647583586,0.014995812647583586,-0.014995839613341862,-0.028490711698230677,-0.0015019268670160603,-0.029999468527785213,-6.834179657744244e-07,0.0,1.0,0.0,-749.7906323791793,-0.014917607994231431,0.014917607994231431,-0.014876957287819532,-0.028472822451774675,-0.0014792825810198854,-0.029999262027476863,-4.561923050235931e-07,0.0,1.0,0.0,-682.4207003884677
floor,0.95,8,0.1,arrival_first,-0.05003367931134233,0.05003367931134233,-0.05006445324168756,-0.0950148312212923,-0.005003431898424736,-0.09999800591892077,-2.3099830589975076e-06,0.0,1.0,0.0,-2501.6839655671165,-0.04919244319281816,0.04919244319281816,-0.048821061868979186,-0.09474975127534674,-0.004763101488409045,-0.09999796171550415,-2.2059705674074557e-06,0.0,1.0,0.0,-2272.7005076709047
floor,0.95,8,0.1,departure_first,-0.05003367931134233,0.05003367931134233,-0.05006445324168756,-0.0950148312212923,-0.005003431898424736,-0.09999800591892077,-2.3099830589975076e-06,0.0,1.0,0.0,-2501.6839655671165,-0.04919071998403653,0.04919071998403653,-0.04882297922440836,-0.09475376373002214,-0.004761342448958756,-0.09999804673768524,-2.2059705674074557e-06,0.0,1.0,0.0,-2275.828455167814
floor,0.95,8,0.1,insertion_order,-0.05003367931134233,0.05003367931134233,-0.05006445324168756,-0.0950148312212923,-0.005003431898424736,-0.09999800591892077,-2.3099830589975076e-06,0.0,1.0,0.0,-2501.6839655671165,-0.04919244319281816,0.04919244319281816,-0.048821061868979186,-0.09474975127534674,-0.004763101488409045,-0.09999796171550415,-2.2059705674074557e-06,0.0,1.0,0.0,-2272.7005076709047
floor,0.95,16,1e-05,arrival_first,-4.997652500678062e-06,4.997652500678062e-06,-4.996526543739795e-06,-9.50041802298074e-06,-5.020647085984829e-07,-9.99981421045959e-06,-1.8177767439434926e-10,2e-06,0.9999979999999999,0.0,-0.24988262503390313,-4.998663489453853e-06,4.998663489453853e-06,-4.997304938240618e-06,-9.498363165582682e-06,-5.002347922712822e-07,-9.99974215488061e-06,-2.719180557803069e-10,0.0,1.0,0.0,-0.2405603016838525
floor,0.95,16,1e-05,departure_first,-4.997652500678062e-06,4.997652500678062e-06,-4.996526543739795e-06,-9.50041802298074e-06,-5.020647085984829e-07,-9.99981421045959e-06,-1.8177767439434926e-10,2.0000000000000003e-06,0.9999979999999999,0.0,-0.24988262503390313,-4.998663489453853e-06,4.998663489453853e-06,-4.997304938240618e-06,-9.498363165582682e-06,-5.002347922712822e-07,-9.99974215488061e-06,-2.719180557803069e-10,0.0,1.0,0.0,-0.2405603016838525
floor,0.95,16,1e-05,insertion_order,-4.997652500678062e-06,4.997652500678062e-06,-4.996526543739795e-06,-9.50041802298074e-06,-5.020647085984829e-07,-9.99981421045959e-06,-1.8177767439434926e-10,2.0000000000000003e-06,0.9999979999999999,0.0,-0.24988262503390313,-4.998663489453853e-06,4.998663489453853e-06,-4.997304938240618e-06,-9.498363165582682e-06,-5.002347922712822e-07,-9.99974215488061e-06,-2.719180557803069e-10,0.0,1.0,0.0,-0.2405603016838525
floor,0.95,16,3e-05,arrival_first,-1.5003340951563588e-05,1.5003340951563588e-05,-1.5009861211486471e-05,-2.8497268561598804e-05,-1.5027325086218018e-06,-2.9999376905228323e-05,-4.046038763287167e-10,6.666666666666667e-07,0.9999993333333334,0.0,-0.7501670475781793,-1.4996048088943494e-05,1.4996048088943494e-05,-1.4999276864836722e-05,-2.849844311299366e-05,-1.499987437809838e-06,-2.999922777245159e-05,-5.468176241668621e-10,0.0,1.0,0.0,-0.7216770859348429
floor,0.95,16,3e-05,departure_first,-1.5003340951563588e-05,1.5003340951563588e-05,-1.5009861211486471e-05,-2.8497268561598804e-05,-1.5027325086218018e-06,-2.9999376905228323e-05,-4.046038763287167e-10,6.666666666666667e-07,0.9999993333333334,0.0,-0.7501670475781793,-1.4996021990056408e-05,1.4996021990056408e-05,-1.4999152098784603e-05,-2.8498441761186904e-05,-1.4999561513734334e-06,-2.999922777245159e-05,-5.468176241668621e-10,0.0,1.0,0.0,-0.7216763284185929
floor,0.95,16,3e-05,insertion_order,-1.5003340951563588e-05,1.5003340951563588e-05,-1.5009861211486471e-05,-2.8497268561598804e-05,-1.5027325086218018e-06,-2.9999376905228323e-05,-4.046038763287167e-10,6.666666666666667e-07,0.9999993333333334,0.0,-0.7501670475781793,-1.4996048088943494e-05,1.4996048088943494e-05,-1.4999276864836722e-05,-2.849844311299366e-05,-1.499987437809838e-06,-2.999922777245159e-05,-5.468176241668621e-10,0.0,1.0,0.0,-0.7216770859348429
floor,0.95,16,0.0001,arrival_first,-4.9996646902948364e-05,4.9996646902948364e-05,-4.996352211795359e-05,-9.503016369914501e-05,-4.986691265003183e-06,-9.999797703130753e-05,-1.7173078958876431e-09,0.0,1.0,0.0,-2.4998323451474183,-5.000286218404494e-05,5.000286218404494e-05,-4.999914616418503e-05,-9.49786733482705e-05,-5.000627742624763e-06,-9.999792006039945e-05,-1.4342995858137216e-09,0.0,1.0,0.0,-2.4063519951938988
floor,0.95,16,0.0001,departure_first,-4.9996646902948364e-05,4.9996646902948364e-05,-4.996352211795359e-05,-9.503016369914501e-05,-4.986691265003183e-06,-9.999797703130753e-05,-1.7173078958876431e-09,0.0,1.0,0.0,-2.4998323451474183,-5.00029516023045e-05,5.00029516023045e-05,-4.999924753362264e-05,-9.497864786060742e-05,-5.000648688056015e-06,-9.999792006039945e-05,-1.4342995858137216e-09,0.0,1.0,0.0,-2.4063663104784356
floor,0.95,16,0.0001,insertion_order,-4.9996646902948364e-05,4.9996646902948364e-05,-4.996352211795359e-05,-9.503016369914501e-05,-4.986691265003183e-06,-9.999797703130753e-05,-1.7173078958876431e-09,0.0,1.0,0.0,-2.4998323451474183,-5.000286218404494e-05,5.000286218404494e-05,-4.999914616418503e-05,-9.49786733482705e-05,-5.000627742624763e-06,-9.999792006039945e-05,-1.4342995858137216e-09,0.0,1.0,0.0,-2.4063519951938988
floor,0.95,16,0.0003,arrival_first,-0.00015005398451869588,0.00015005398451869588,-0.00014999926396133862,-0.0002850820322510117,-1.5032369830502553e-05,-0.00029999371827216237,-4.750745574710891e-09,0.0,1.0,0.0,-7.502699225934793,-0.00015006501930447328,0.00015006501930447328,-0.00015002710270221658,-0.0002850354967236868,-1.5073191409614913e-05,-0.0002999926220117827,-4.45540241240013e-09,0.0,1.0,0.0,-7.222361416277855
floor,0.95,16,0.0003,departure_first,-0.00015005398451869588,0.00015005398451869588,-0.00014999926396133862,-0.0002850820322510117,-1.5032369830502553e-05,-0.00029999371827216237,-4.750745574710891e-09,0.0,1.0,0.0,-7.502699225934793,-0.0001500645335645961,0.0001500645335645961,-0.00015002825172694682,-0.0002850348863465203,-1.5072961076762123e-05,-0.0002999926220117827,-4.45540241240013e-09,0.0,1.0,0.0,-7.2223880507313885
floor,0.95,16,0.0003,insertion_order,-0.00015005398451869588,0.00015005398451869588,-0.00014999926396133862,-0.0002850820322510117,-1.5032369830502553e-05,-0.00029999371827216237,-4.750745574710891e-09,0.0,1.0,0.0,-7.502699225934793,-0.00015006501930447328,0.00015006501930447328,-0.00015002710270221658,-0.0002850354967236868,-1.5073191409614913e-05,-0.0002999926220117827,-4.45540241240013e-09,0.0,1.0,0.0,-7.222361416277855
floor,0.95,16,0.001,arrival_first,-0.0004997911810962299,0.0004997911810962299,-0.000499633215031281,-0.0009497119118411016,-5.0206863582692193e-05,-0.000999975944826777,-2.110655259457417e-08,0.0,1.0,0.0,-24.989559054811494,-0.0005000004395779684,0.0005000004395779684,-0.00050003016605346,-0.0009499344677933127,-5.015943020940834e-05,-0.0009999784481724886,-2.283576294147734e-08,0.0,1.0,0.0,-24.06795350163026
floor,0.95,16,0.001,departure_first,-0.0004997911810962299,0.0004997911810962299,-0.000499633215031281,-0.0009497119118411016,-5.0206863582692193e-05,-0.000999975944826777,-2.110655259457417e-08,0.0,1.0,0.0,-24.989559054811494,-0.0005000004627715355,0.0005000004627715355,-0.0005000287286385939,-0.0009499340339446663,-5.0157463797038794e-05,-0.0009999784481724886,-2.283576294147734e-08,0.0,1.0,0.0,-24.06817087593883
floor,0.95,16,0.001,insertion_order,-0.0004997911810962299,0.0004997911810962299,-0.000499633215031281,-0.0009497119118411016,-5.0206863582692193e-05,-0.000999975944826777,-2.110655259457417e-08,0.0,1.0,0.0,-24.989559054811494,-0.0005000004395779684,0.0005000004395779684,-0.00050003016605346,-0.0009499344677933127,-5.015943020940834e-05,-0.0009999784481724886,-2.283576294147734e-08,0.0,1.0,0.0,-24.06795350163026
floor,0.95,16,0.003,arrival_first,-0.001500457181096115,0.001500457181096115,-0.0015010544200625493,-0.0028495494431263067,-0.0001496287167901758,-0.0029999284184668794,-6.793482801488911e-08,0.0,1.0,0.0,-75.02285905480576,-0.0014988310207663317,0.0014988310207663317,-0.0014980338158989365,-0.0028491428123172823,-0.00014945395016544667,-0.002999917155500018,-6.620899562226797e-08,0.0,1.0,0.0,-72.16622266888574
floor,0.95,16,0.003,departure_first,-0.001500457181096115,0.001500457181096115,-0.0015010544200625493,-0.0028495494431263067,-0.0001496287167901758,-0.0029999284184668794,-6.793482801488911e-08,0.0,1.0,0.0,-75.02285905480576,-0.0014988317796749164,0.0014988317796749164,-0.0014980311614661195,-0.0028491471421550323,-0.00014945395887504566,-0.002999917155257486,-6.620899562226797e-08,0.0,1.0,0.0,-72.1670076024126
floor,0.95,16,0.003,insertion_order,-0.001500457181096115,0.001500457181096115,-0.0015010544200625493,-0.0028495494431263067,-0.0001496287167901758,-0.0029999284184668794,-6.793482801488911e-08,0.0,1.0,0.0,-75.02285905480576,-0.0014988310207663317,0.0014988310207663317,-0.0014980338158989365,-0.0028491428123172823,-0.00014945395016544667,-0.002999917155500018,-6.620899562226797e-08,0.0,1.0,0.0,-72.16622266888574
floor,0.95,16,0.01,arrival_first,-0.004999909847756002,0.004999909847756002,-0.005001310689173503,-0.009498544006084254,-0.0004998218217982269,-0.009999804140564568,-2.3114192420810772e-07,0.0,1.0,0.0,-249.99549238780008,-0.004993143149524463,0.004993143149524463,-0.004989074527391688,-0.009499453366766086,-0.000496925221565547,-0.009999814912711022,-2.516575234657222e-07,0.0,1.0,0.0,-240.661310011119
floor,0.95,16,0.01,departure_first,-0.004999909847756002,0.004999909847756002,-0.005001310689173503,-0.009498544006084254,-0.0004998218217982269,-0.009999804140564568,-2.3114192420810772e-07,0.0,1.0,0.0,-249.99549238780008,-0.004992924213053629,0.004992924213053629,-0.004988873489907816,-0.009499363443764472,-0.0004967989533836483,-0.009999814912711022,-2.516575234657222e-07,0.0,1.0,0.0,-240.65576543674817
floor,0.95,16,0.01,insertion_order,-0.004999909847756002,0.004999909847756002,-0.005001310689173503,-0.009498544006084254,-0.0004998218217982269,-0.009999804140564568,-2.3114192420810772e-07,0.0,1.0,0.0,-249.99549238780008,-0.004993143149524463,0.004993143149524463,-0.004989074527391688,-0.009499453366766086,-0.000496925221565547,-0.009999814912711022,-2.516575234657222e-07,0.0,1.0,0.0,-240.661310011119
floor,0.95,16,0.03,arrival_first,-0.015001823182916929,0.015001823182916929,-0.014991809527858398,-0.028501262201246696,-0.0015127688213654766,-0.02999929727602648,-7.247000515538578e-07,0.0,1.0,0.0,-750.0911591458464,-0.014926266000333489,0.014926266000333489,-0.014882345029002085,-0.028479288862114684,-0.0014768619468213304,-0.029999340979484937,-8.236970243759298e-07,0.0,1.0,0.0,-721.5201574594838
floor,0.95,16,0.03,departure_first,-0.015001823182916929,0.015001823182916929,-0.014991809527858398,-0.028501262201246696,-0.0015127688213654766,-0.02999929727602648,-7.247000515538578e-07,0.0,1.0,0.0,-750.0911591458464,-0.0149271772038554,0.0149271772038554,-0.014884142392312507,-0.028479523688425788,-0.0014770982813941446,-0.029999340979484937,-8.236970243759298e-07,0.0,1.0,0.0,-721.6080470523826
floor,0.95,16,0.03,insertion_order,-0.015001823182916929,0.015001823182916929,-0.014991809527858398,-0.028501262201246696,-0.0015127688213654766,-0.02999929727602648,-7.247000515538578e-07,0.0,1.0,0.0,-750.0911591458464,-0.014926266000333489,0.014926266000333489,-0.014882345029002085,-0.028479288862114684,-0.0014768619468213304,-0.029999340979484937,-8.236970243759298e-07,0.0,1.0,0.0,-721.5201574594838
floor,0.95,16,0.1,arrival_first,-0.05001738318001283,0.05001738318001283,-0.04998222381514097,-0.09502391894899725,-0.004982920108674696,-0.09999774534286796,-1.8678025602033206e-06,0.0,1.0,0.0,-2500.8691590006415,-0.0491790449464092,0.0491790449464092,-0.04878513345465476,-0.09473394348135304,-0.004804029327940573,-0.09999844302974698,-3.089849485848793e-06,0.0,1.0,0.0,-2396.98712223887
floor,0.95,16,0.1,departure_first,-0.05001738318001283,0.05001738318001283,-0.04998222381514097,-0.09502391894899725,-0.004982920108674696,-0.09999774534286796,-1.8678025602033206e-06,0.0,1.0,0.0,-2500.8691590006415,-0.04918077100840412,0.04918077100840412,-0.04878679541847925,-0.09473141548232089,-0.004805161178852116,-0.09999844302974698,-3.089849485848793e-06,0.0,1.0,0.0,-2397.8930786138853
floor,0.95,16,0.1,insertion_order,-0.05001738318001283,0.05001738318001283,-0.04998222381514097,-0.09502391894899725,-0.004982920108674696,-0.09999774534286796,-1.8678025602033206e-06,0.0,1.0,0.0,-2500.8691590006415,-0.0491790449464092,0.0491790449464092,-0.04878513345465476,-0.09473394348135304,-0.004804029327940573,-0.09999844302974698,-3.089849485848793e-06,0.0,1.0,0.0,-2396.98712223887
floor,1.0,1,1e-05,arrival_first,-5.002060707827089e-06,5.002060707827089e-06,-5.005413671218169e-06,-9.501099849937115e-06,-5.01930708196597e-07,-9.999748544942123e-06,-1.4603453261467317e-10,6.666666666666667e-07,0.9999993333333334,0.0,-0.2501030353913544,-4.996661505129513e-06,4.996661505129513e-06,-4.999048866304454e-06,-9.500380163509626e-06,-4.931941075462156e-07,-9.999542390291364e-06,-4.949892109621749e-10,0.0,1.0,0.0,-0.12489868081560075
floor,1.0,1,1e-05,departure_first,-5.002060707827089e-06,5.002060707827089e-06,-5.005413671218169e-06,-9.501099849937115e-06,-5.01930708196597e-07,-9.999748544942123e-06,-1.4603453261467317e-10,6.666666666666667e-07,0.9999993333333334,0.0,-0.2501030353913544,-4.996637175230744e-06,4.996637175230744e-06,-4.9990277380405e-06,-9.500363838941816e-06,-4.932265514106625e-07,-9.999542390291364e-06,-4.949892109621749e-10,0.0,1.0,0.0,-0.12489840885161548
floor,1.0,1,1e-05,insertion_order,-5.002060707827089e-06,5.002060707827089e-06,-5.005413671218169e-06,-9.501099849937115e-06,-5.01930708196597e-07,-9.999748544942123e-06,-1.4603453261467317e-10,6.666666666666667e-07,0.9999993333333334,0.0,-0.2501030353913544,-4.996661505129513e-06,4.996661505129513e-06,-4.999048866304454e-06,-9.500380163509626e-06,-4.931941075462156e-07,-9.999542390291364e-06,-4.949892109621749e-10,0.0,1.0,0.0,-0.12489868081560075
floor,1.0,1,3e-05,arrival_first,-1.5001275734671557e-05,1.5001275734671557e-05,-1.5010605526792157e-05,-2.8501023678776012e-05,-1.505677523709894e-06,-2.9999341434934954e-05,-4.890353011433036e-10,0.0,1.0,0.0,-0.7500637867335779,-1.4993167419289232e-05,1.4993167419289232e-05,-1.5008664600188806e-05,-2.8501713352900486e-05,-1.4827018186100687e-06,-2.999872966251103e-05,-1.0350200896578713e-09,0.0,1.0,0.0,-0.3747755792297381
floor,1.0,1,3e-05,departure_first,-1.5001275734671557e-05,1.5001275734671557e-05,-1.5010605526792157e-05,-2.8501023678776012e-05,-1.505677523709894e-06,-2.9999341434934954e-05,-4.890353011433036e-10,0.0,1.0,0.0,-0.7500637867335779,-1.4993219024718535e-05,1.4993219024718535e-05,-1.5008478457337673e-05,-2.850159026935548e-05,-1.482768969472293e-06,-2.999872966251103e-05,-1.0350200896578713e-09,0.0,1.0,0.0,-0.3747828805163492
floor,1.0,1,3e-05,insertion_order,-1.5001275734671557e-05,1.5001275734671557e-05,-1.5010605526792157e-05,-2.8501023678776012e-05,-1.505677523709894e-06,-2.9999341434934954e-05,-4.890353011433036e-10,0.0,1.0,0.0,-0.7500637867335779,-1.4993167419289232e-05,1.4993167419289232e-05,-1.5008664600188806e-05,-2.8501713352900486e-05,-1.4827018186100687e-06,-2.999872966251103e-05,-1.0350200896578713e-09,0.0,1.0,0.0,-0.3747755792297381
floor,1.0,1,0.0001,arrival_first,-5.0014381722902425e-05,5.0014381722902425e-05,-5.001388240089e-05,-9.499629140615677e-05,-5.015593120939848e-06,-9.999830581364222e-05,-1.723158978469049e-09,0.0,1.0,0.0,-2.500719086145121,-5.0013621822448144e-05,5.0013621822448144e-05,-4.998753543065069e-05,-9.499845376446327e-05,-5.039354858104705e-06,-9.999553495533877e-05,-2.972364403219796e-09,0.0,1.0,0.0,-1.250181366130487
floor,1.0,1,0.0001,departure_first,-5.0014381722902425e-05,5.0014381722902425e-05,-5.001388240089e-05,-9.499629140615677e-05,-5.015593120939848e-06,-9.999830581364222e-05,-1.723158978469049e-09,0.0,1.0,0.0,-2.500719086145121,-5.001334969761473e-05,5.001334969761473e-05,-4.998582379707377e-05,-9.499844759666638e-05,-5.039225961057964e-06,-9.999553495533877e-05,-2.972364403219796e-09,0.0,1.0,0.0,-1.2502345796123795
floor,1.0,1,0.0001,insertion_order,-5.0014381722902425e-05,5.0014381722902425e-05,-5.001388240089e-05,-9.499629140615677e-05,-5.015593120939848e-06,-9.999830581364222e-05,-1.723158978469049e-09,0.0,1.0,0.0,-2.500719086145121,-5.0013621822448144e-05,5.0013621822448144e-05,-4.998753543065069e-05,-9.499845376446327e-05,-5.039354858104705e-06,-9.999553495533877e-05,-2.972364403219796e-09,0.0,1.0,0.0,-1.250181366130487
floor,1.0,1,0.0003,arrival_first,-0.0001499167191193204,0.0001499167191193204,-0.00014991602373205145,-0.0002849935296095888,-1.495279585014944e-05,-0.0002999927840088882,-5.042784323450178e-09,0.0,1.0,0.0,-7.495835955966019,-0.0001501178507078871,0.0001501178507078871,-0.00015006059271274082,-0.00028495293883315357,-1.5133335234635674e-05,-0.0002999909795118915,-1.3717083366393546e-08,0.0,1.0,0.0,-3.7524980419504077
floor,1.0,1,0.0003,departure_first,-0.0001499167191193204,0.0001499167191193204,-0.00014991602373205145,-0.0002849935296095888,-1.495279585014944e-05,-0.0002999927840088882,-5.042784323450178e-09,0.0,1.0,0.0,-7.495835955966019,-0.00015011984829178078,0.00015011984829178078,-0.00015005863061027952,-0.0002849572080317674,-1.5130819444782541e-05,-0.0002999909795118915,-1.3717083366393546e-08,0.0,1.0,0.0,-3.7530731661219274
floor,1.0,1,0.0003,insertion_order,-0.0001499167191193204,0.0001499167191193204,-0.00014991602373205145,-0.0002849935296095888,-1.495279585014944e-05,-0.0002999927840088882,-5.042784323450178e-09,0.0,1.0,0.0,-7.495835955966019,-0.0001501178507078871,0.0001501178507078871,-0.00015006059271274082,-0.00028495293883315357,-1.5133335234635674e-05,-0.0002999909795118915,-1.3717083366393546e-08,0.0,1.0,0.0,-3.7524980419504077
floor,1.0,1,0.001,arrival_first,-0.0005002983158672802,0.0005002983158672802,-0.000500359050026115,-0.0009500892078600979,-5.0192445361669096e-05,-0.0009999781725430997,-1.893076841952279e-08,0.0,1.0,0.0,-25.01491579336401,-0.000500298527387307,0.000500298527387307,-0.0005005260641605029,-0.0009497819687644047,-5.02759885399891e-05,-0.0009999526837697914,-3.4262707175256037e-08,0.0,1.0,0.0,-12.506002679379034
floor,1.0,1,0.001,departure_first,-0.0005002983158672802,0.0005002983158672802,-0.000500359050026115,-0.0009500892078600979,-5.0192445361669096e-05,-0.0009999781725430997,-1.893076841952279e-08,0.0,1.0,0.0,-25.01491579336401,-0.0005002963956370408,0.0005002963956370408,-0.0005005077996131476,-0.0009497725145040453,-5.029101408706876e-05,-0.0009999526837697914,-3.4262707175256037e-08,0.0,1.0,0.0,-12.512084863909374
floor,1.0,1,0.001,insertion_order,-0.0005002983158672802,0.0005002983158672802,-0.000500359050026115,-0.0009500892078600979,-5.0192445361669096e-05,-0.0009999781725430997,-1.893076841952279e-08,0.0,1.0,0.0,-25.01491579336401,-0.000500298527387307,0.000500298527387307,-0.0005005260641605029,-0.0009497819687644047,-5.02759885399891e-05,-0.0009999526837697914,-3.4262707175256037e-08,0.0,1.0,0.0,-12.506002679379034
floor,1.0,1,0.003,arrival_first,-0.0014997063158693096,0.0014997063158693096,-0.0014999619103188402,-0.0028490786158848398,-0.00015015088355994547,-0.0029999354264267216,-7.603794074384496e-08,0.0,1.0,0.0,-74.98531579346549,-0.0014999601412019115,0.0014999601412019115,-0.001499624295000672,-0.002849663970621639,-0.0001507312629817293,-0.002999866119836153,-1.2362414819800467e-07,0.0,1.0,0.0,-37.494758675611
floor,1.0,1,0.003,departure_first,-0.0014997063158693096,0.0014997063158693096,-0.0014999619103188402,-0.0028490786158848398,-0.00015015088355994547,-0.0029999354264267216,-7.603794074384496e-08,0.0,1.0,0.0,-74.98531579346549,-0.0014999302131411512,0.0014999302131411512,-0.0014996963207212436,-0.0028496703714437177,-0.00015061098173112158,-0.002999866119836153,-1.2362414819800467e-07,0.0,1.0,0.0,-37.55156733656649
floor,1.0,1,0.003,insertion_order,-0.0014997063158693096,0.0014997063158693096,-0.0014999619103188402,-0.0028490786158848398,-0.00015015088355994547,-0.0029999354264267216,-7.603794074384496e-08,0.0,1.0,0.0,-74.98531579346549,-0.0014999601412019115,0.0014999601412019115,-0.001499624295000672,-0.002849663970621639,-0.0001507312629817293,-0.002999866119836153,-1.2362414819800467e-07,0.0,1.0,0.0,-37.494758675611
floor,1.0,1,0.01,arrival_first,-0.00500060098253098,0.00500060098253098,-0.005003886700084574,-0.00949945635981597,-0.000501414773804452,-0.00999982203690403,-2.8518149216931e-07,0.0,1.0,0.0,-250.03004912654902,-0.004989740601896506,0.004989740601896506,-0.004985103894086664,-0.009493051466826328,-0.0004990548410748767,-0.009999583856202844,-4.599506883671986e-07,0.0,1.0,0.0,-124.72031364567401
floor,1.0,1,0.01,departure_first,-0.00500060098253098,0.00500060098253098,-0.005003886700084574,-0.00949945635981597,-0.000501414773804452,-0.00999982203690403,-2.8518149216931e-07,0.0,1.0,0.0,-250.03004912654902,-0.004989001155817729,0.004989001155817729,-0.004983896351960922,-0.00949276963202091,-0.0004991279854654877,-0.009999595709769665,-4.7621439460358065e-07,0.0,1.0,0.0,-125.33266317593316
floor,1.0,1,0.01,insertion_order,-0.00500060098253098,0.00500060098253098,-0.005003886700084574,-0.00949945635981597,-0.000501414773804452,-0.00999982203690403,-2.8518149216931e-07,0.0,1.0,0.0,-250.03004912654902,-0.004989740601896506,0.004989740601896506,-0.004985103894086664,-0.009493051466826328,-0.0004990548410748767,-0.009999583856202844,-4.599506883671986e-07,0.0,1.0,0.0,-124.72031364567401
floor,1.0,1,0.03,arrival_first,-0.014994954317600563,0.014994954317600563,-0.014998745126816478,-0.028499170858278074,-0.0014923922250530601,-0.02999942857638113,-7.160007044149097e-07,0.0,1.0,0.0,-749.7477158800282,-0.014911636004195572,0.014911636004195572,-0.014878877833539394,-0.02846323522768481,-0.0014758290470907262,-0.029998161624191222,-1.0423886533022476e-06,0.0,1.0,0.0,-372.74433304133674
floor,1.0,1,0.03,departure_first,-0.014994954317600563,0.014994954317600563,-0.014998745126816478,-0.028499170858278074,-0.0014923922250530601,-0.02999942857638113,-7.160007044149097e-07,0.0,1.0,0.0,-749.7477158800282,-0.014909259291260784,0.014909259291260784,-0.01487699560206452,-0.028464702708829455,-0.0014756293429707204,-0.029998161624191222,-1.0313308288660435e-06,0.0,1.0,0.0,-378.25472070366857
floor,1.0,1,0.03,insertion_order,-0.014994954317600563,0.014994954317600563,-0.014998745126816478,-0.028499170858278074,-0.0014923922250530601,-0.02999942857638113,-7.160007044149097e-07,0.0,1.0,0.0,-749.7477158800282,-0.014911636004195572,0.014911636004195572,-0.014878877833539394,-0.02846323522768481,-0.0014758290470907262,-0.029998161624191222,-1.0423886533022476e-06,0.0,1.0,0.0,-372.74433304133674
floor,1.0,1,0.1,arrival_first,-0.05003440098149747,0.05003440098149747,-0.05005033913618415,-0.09503809532305543,-0.005024205604186145,-0.09999843570033894,-1.996694087817256e-06,0.0,1.0,0.0,-2501.7200490748733,-0.049169020422761535,0.049169020422761535,-0.04875759282738591,-0.09472232428943168,-0.004812143568425484,-0.09999573141850339,-4.646667415027417e-06,0.0,1.0,0.0,-1228.4090926571794
floor,1.0,1,0.1,departure_first,-0.05003440098149747,0.05003440098149747,-0.05005033913618415,-0.09503809532305543,-0.005024205604186145,-0.09999843570033894,-1.996694087817256e-06,0.0,1.0,0.0,-2501.7200490748733,-0.0491694713577118,0.0491694713577118,-0.04877473260984395,-0.09472281705127443,-0.0048039691349512055,-0.09999666715996883,-4.867492795239914e-06,0.0,1.0,0.0,-1289.5345270571504
floor,1.0,1,0.1,insertion_order,-0.05003440098149747,0.05003440098149747,-0.05005033913618415,-0.09503809532305543,-0.005024205604186145,-0.09999843570033894,-1.996694087817256e-06,0.0,1.0,0.0,-2501.7200490748733,-0.049169020422761535,0.049169020422761535,-0.04875759282738591,-0.09472232428943168,-0.004812143568425484,-0.09999573141850339,-4.646667415027417e-06,0.0,1.0,0.0,-1228.4090926571794
floor,1.0,4,1e-05,arrival_first,-5.001234576990101e-06,5.001234576990101e-06,-5.003937349101761e-06,-9.49711922506443e-06,-5.036183362487168e-07,-9.999795899299595e-06,-1.7941298816973966e-10,1.3333333333333334e-06,0.9999986666666667,0.0,-0.250061728849505,-4.99799176401498e-06,4.997991764015767e-06,-4.998994496615249e-06,-9.498453529888142e-06,-5.010210575654456e-07,-9.999761912049543e-06,-2.5635265831399266e-10,8.393557105565768e-07,0.9999991606442895,0.0,-0.2000614462678398
floor,1.0,4,1e-05,departure_first,-5.001234576990101e-06,5.001234576990101e-06,-5.003937349101761e-06,-9.49711922506443e-06,-5.036183362487168e-07,-9.999795899299595e-06,-1.7941298816973966e-10,1.3333333333333334e-06,0.9999986666666667,0.0,-0.250061728849505,-4.997973037442221e-06,4.997973037443008e-06,-4.99897147990073e-06,-9.498434569298469e-06,-5.010256256936361e-07,-9.999761912049543e-06,-2.5635265831399266e-10,8.393557105565768e-07,0.9999991606442895,0.0,-0.2000603633207607
floor,1.0,4,1e-05,insertion_order,-5.001234576990101e-06,5.001234576990101e-06,-5.003937349101761e-06,-9.49711922506443e-06,-5.036183362487168e-07,-9.999795899299595e-06,-1.7941298816973966e-10,1.3333333333333334e-06,0.9999986666666667,0.0,-0.250061728849505,-4.99799176401498e-06,4.997991764015767e-06,-4.998994496615249e-06,-9.498453529888142e-06,-5.010210575654456e-07,-9.999761912049543e-06,-2.5635265831399266e-10,8.393557105565768e-07,0.9999991606442895,0.0,-0.2000614462678398
floor,1.0,4,3e-05,arrival_first,-1.500432293843005e-05,1.500432293843005e-05,-1.501117412772146e-05,-2.850158708042727e-05,-1.504845072304309e-06,-2.9999332249038464e-05,-6.433765520341694e-10,1.3333333333333334e-06,0.9999986666666667,0.0,-0.7502161469215025,-1.5011564281733535e-05,1.5011564281733535e-05,-1.502351601935653e-05,-2.849901594624375e-05,-1.4966442142943616e-06,-2.9998939433613484e-05,-7.543452797016218e-10,0.0,1.0,0.0,-0.6008884904668277
floor,1.0,4,3e-05,departure_first,-1.500432293843005e-05,1.500432293843005e-05,-1.501117412772146e-05,-2.850158708042727e-05,-1.504845072304309e-06,-2.9999332249038464e-05,-6.433765520341694e-10,1.3333333333333334e-06,0.9999986666666667,0.0,-0.7502161469215025,-1.5011548643703769e-05,1.5011548643703769e-05,-1.5023570670293547e-05,-2.8499044679439526e-05,-1.4966465699313896e-06,-2.9998939433613484e-05,-7.545878116220946e-10,0.0,1.0,0.0,-0.6008863724247537
floor,1.0,4,3e-05,insertion_order,-1.500432293843005e-05,1.500432293843005e-05,-1.501117412772146e-05,-2.850158708042727e-05,-1.504845072304309e-06,-2.9999332249038464e-05,-6.433765520341694e-10,1.3333333333333334e-06,0.9999986666666667,0.0,-0.7502161469215025,-1.5011564281733535e-05,1.5011564281733535e-05,-1.502351601935653e-05,-2.849901594624375e-05,-1.4966442142943616e-06,-2.9998939433613484e-05,-7.543452797016218e-10,0.0,1.0,0.0,-0.6008884904668277
floor,1.0,4,0.0001,arrival_first,-5.0025475595148235e-05,5.0025475595148235e-05,-5.0073562048661796e-05,-9.499982279370063e-05,-4.986218289862645e-06,-9.999793819588376e-05,-3.0437756019333997e-09,6.666666666666667e-07,0.9999993333333334,0.0,-2.501273779757412,-5.001842197960336e-05,5.001842197960336e-05,-5.0021795230924955e-05,-9.497297440264261e-05,-5.0138832301658905e-06,-9.999834458553e-05,-2.2960039118211094e-09,0.0,1.0,0.0,-2.002149633284137
floor,1.0,4,0.0001,departure_first,-5.0025475595148235e-05,5.0025475595148235e-05,-5.0073562048661796e-05,-9.499982279370063e-05,-4.986218289862645e-06,-9.999793819588376e-05,-3.0437756019333997e-09,6.666666666666667e-07,0.9999993333333334,0.0,-2.501273779757412,-5.001817601733965e-05,5.001817601733965e-05,-5.002129219393326e-05,-9.497310303966823e-05,-5.013851183005862e-06,-9.999834458553e-05,-2.2960039118211094e-09,0.0,1.0,0.0,-2.0021447925178397
floor,1.0,4,0.0001,insertion_order,-5.0025475595148235e-05,5.0025475595148235e-05,-5.0073562048661796e-05,-9.499982279370063e-05,-4.986218289862645e-06,-9.999793819588376e-05,-3.0437756019333997e-09,6.666666666666667e-07,0.9999993333333334,0.0,-2.501273779757412,-5.001842197960336e-05,5.001842197960336e-05,-5.0021795230924955e-05,-9.497297440264261e-05,-5.0138832301658905e-06,-9.999834458553e-05,-2.2960039118211094e-09,0.0,1.0,0.0,-2.002149633284137
floor,1.0,4,0.0003,arrival_first,-0.00015009014632908052,0.00015009014632908052,-0.00015009612858799906,-0.0002849818012327887,-1.5126967800824822e-05,-0.00029999481960961324,-5.771653377451003e-09,0.0,1.0,0.0,-7.504507316454025,-0.00015013031273320842,0.00015013031273320842,-0.00015025803048708837,-0.0002850648663474917,-1.5103413599798549e-05,-0.00029999086896141555,-6.384478345132505e-09,0.0,1.0,0.0,-6.009667079431556
floor,1.0,4,0.0003,departure_first,-0.00015009014632908052,0.00015009014632908052,-0.00015009612858799906,-0.0002849818012327887,-1.5126967800824822e-05,-0.00029999481960961324,-5.771653377451003e-09,0.0,1.0,0.0,-7.504507316454025,-0.0001501291765431588,0.0001501291765431588,-0.00015025633921951856,-0.0002850645422790219,-1.5103163089905131e-05,-0.00029999086896141555,-6.384478345132505e-09,0.0,1.0,0.0,-6.009736353661332
floor,1.0,4,0.0003,insertion_order,-0.00015009014632908052,0.00015009014632908052,-0.00015009612858799906,-0.0002849818012327887,-1.5126967800824822e-05,-0.00029999481960961324,-5.771653377451003e-09,0.0,1.0,0.0,-7.504507316454025,-0.00015013031273320842,0.00015013031273320842,-0.00015025803048708837,-0.0002850648663474917,-1.5103413599798549e-05,-0.00029999086896141555,-6.384478345132505e-09,0.0,1.0,0.0,-6.009667079431556
floor,1.0,4,0.001,arrival_first,-0.0005004370764077545,0.0005004370764077545,-0.0005007733873147421,-0.0009501670909488287,-5.010550120156654e-05,-0.0009999854018436357,-1.9049245262673744e-08,0.0,1.0,0.0,-25.021853820387726,-0.0004999591105713125,0.0004999591105713125,-0.0004998594897218083,-0.0009498775725171338,-5.007010504602689e-05,-0.0009999811465721538,-2.968131830825375e-08,0.0,1.0,0.0,-20.01531147268916
floor,1.0,4,0.001,departure_first,-0.0005004370764077545,0.0005004370764077545,-0.0005007733873147421,-0.0009501670909488287,-5.010550120156654e-05,-0.0009999854018436357,-1.9049245262673744e-08,0.0,1.0,0.0,-25.021853820387726,-0.0004999697530344046,0.0004999697530344046,-0.0004998646293438272,-0.0009498755213886606,-5.008010581968861e-05,-0.0009999811465721538,-2.968131830825375e-08,0.0,1.0,0.0,-20.017623025635505
floor,1.0,4,0.001,insertion_order,-0.0005004370764077545,0.0005004370764077545,-0.0005007733873147421,-0.0009501670909488287,-5.010550120156654e-05,-0.0009999854018436357,-1.9049245262673744e-08,0.0,1.0,0.0,-25.021853820387726,-0.0004999591105713125,0.0004999591105713125,-0.0004998594897218083,-0.0009498775725171338,-5.007010504602689e-05,-0.0009999811465721538,-2.968131830825375e-08,0.0,1.0,0.0,-20.01531147268916
floor,1.0,4,0.003,arrival_first,-0.0015001757430735852,0.0015001757430735852,-0.0015014015472085398,-0.002849668514389426,-0.00015045397239039964,-0.002999940661356959,-6.346020503163649e-08,0.0,1.0,0.0,-75.00878715367926,-0.001499546520946515,0.001499546520946515,-0.0015000356243463316,-0.002849837489437232,-0.00015013627874997388,-0.0029999160531090003,-8.828456784260956e-08,0.0,1.0,0.0,-60.05506049591067
floor,1.0,4,0.003,departure_first,-0.0015001757430735852,0.0015001757430735852,-0.0015014015472085398,-0.002849668514389426,-0.00015045397239039964,-0.002999940661356959,-6.346020503163649e-08,0.0,1.0,0.0,-75.00878715367926,-0.0014995550715387357,0.0014995550715387357,-0.001500091159020648,-0.0028498491528150876,-0.0001501070845816542,-0.0029999160531090003,-8.723972854974652e-08,0.0,1.0,0.0,-60.062014944906636
floor,1.0,4,0.003,insertion_order,-0.0015001757430735852,0.0015001757430735852,-0.0015014015472085398,-0.002849668514389426,-0.00015045397239039964,-0.002999940661356959,-6.346020503163649e-08,0.0,1.0,0.0,-75.00878715367926,-0.001499546520946515,0.001499546520946515,-0.0015000356243463316,-0.002849837489437232,-0.00015013627874997388,-0.0029999160531090003,-8.828456784260956e-08,0.0,1.0,0.0,-60.05506049591067
floor,1.0,4,0.01,arrival_first,-0.004996821076401162,0.004996821076401162,-0.00499597188018015,-0.009499242452402542,-0.0004997204428233707,-0.009999783361975764,-1.7711618056637234e-07,0.0,1.0,0.0,-249.8410538200581,-0.004984239219265657,0.004984239219265657,-0.004977079750851891,-0.00949587596018387,-0.0004958033797141635,-0.00999976344855274,-2.486358438756146e-07,0.0,1.0,0.0,-199.81617008826353
floor,1.0,4,0.01,departure_first,-0.004996821076401162,0.004996821076401162,-0.00499597188018015,-0.009499242452402542,-0.0004997204428233707,-0.009999783361975764,-1.7711618056637234e-07,0.0,1.0,0.0,-249.8410538200581,-0.004984418976081872,0.004984418976081872,-0.004977700813822153,-0.009495914244673642,-0.0004961269290825142,-0.009999763448795272,-2.445237185254301e-07,0.0,1.0,0.0,-199.88734064299854
floor,1.0,4,0.01,insertion_order,-0.004996821076401162,0.004996821076401162,-0.00499597188018015,-0.009499242452402542,-0.0004997204428233707,-0.009999783361975764,-1.7711618056637234e-07,0.0,1.0,0.0,-249.8410538200581,-0.004984239219265657,0.004984239219265657,-0.004977079750851891,-0.00949587596018387,-0.0004958033797141635,-0.00999976344855274,-2.486358438756146e-07,0.0,1.0,0.0,-199.81617008826353
floor,1.0,4,0.03,arrival_first,-0.014999887744810448,0.014999887744810448,-0.015001211047668524,-0.028497034712683368,-0.0014965273753008081,-0.02999938316073288,-6.875925161390721e-07,0.0,1.0,0.0,-749.9943872405223,-0.014928507276976703,0.014928507276976703,-0.014896403682876987,-0.02846425129594231,-0.001476330413616678,-0.029999343657827252,-7.974923872363741e-07,0.0,1.0,0.0,-600.1665674673931
floor,1.0,4,0.03,departure_first,-0.014999887744810448,0.014999887744810448,-0.015001211047668524,-0.028497034712683368,-0.0014965273753008081,-0.02999938316073288,-6.875925161390721e-07,0.0,1.0,0.0,-749.9943872405223,-0.014928416351579647,0.014928416351579647,-0.014895461543013981,-0.028464416078846692,-0.0014759738078348231,-0.029999343658039468,-7.876500998346229e-07,0.0,1.0,0.0,-601.028663660444
floor,1.0,4,0.03,insertion_order,-0.014999887744810448,0.014999887744810448,-0.015001211047668524,-0.028497034712683368,-0.0014965273753008081,-0.02999938316073288,-6.875925161390721e-07,0.0,1.0,0.0,-749.9943872405223,-0.014928507276976703,0.014928507276976703,-0.014896403682876987,-0.02846425129594231,-0.001476330413616678,-0.029999343657827252,-7.974923872363741e-07,0.0,1.0,0.0,-600.1665674673931
floor,1.0,4,0.1,arrival_first,-0.050043721075370494,0.050043721075370494,-0.05007939191978039,-0.09502248278982733,-0.005000325239073705,-0.09999817931287301,-2.583292128595834e-06,0.0,1.0,0.0,-2502.1860537685247,-0.049200732493698086,0.049200732493698086,-0.048810774787757034,-0.09476981525284804,-0.0047728351831519125,-0.09999740672694585,-2.22347384575897e-06,0.0,1.0,0.0,-1997.5609591631996
floor,1.0,4,0.1,departure_first,-0.050043721075370494,0.050043721075370494,-0.05007939191978039,-0.09502248278982733,-0.005000325239073705,-0.09999817931287301,-2.583292128595834e-06,0.0,1.0,0.0,-2502.1860537685247,-0.04920762311637673,0.04920762311637673,-0.04881994102626709,-0.09477021604502403,-0.004778267815802558,-0.09999735749014123,-2.22347384575897e-06,0.0,1.0,0.0,-2007.5318023044942
floor,1.0,4,0.1,insertion_order,-0.050043721075370494,0.050043721075370494,-0.05007939191978039,-0.09502248278982733,-0.005000325239073705,-0.09999817931287301,-2.583292128595834e-06,0.0,1.0,0.0,-2502.1860537685247,-0.049200732493698086,0.049200732493698086,-0.048810774787757034,-0.09476981525284804,-0.0047728351831519125,-0.09999740672694585,-2.22347384575897e-06,0.0,1.0,0.0,-1997.5609591631996
floor,1.0,8,1e-05,arrival_first,-4.9979773451311e-06,4.997977345135951e-06,-4.995455644044947e-06,-9.498541673262178e-06,-4.988623428895767e-07,-9.999778618900261e-06,-1.903269245910148e-10,0.0,0.9999993333333334,6.666666666666667e-07,-0.249898867256555,-4.9991435852289515e-06,4.9991435852289515e-06,-5.0024627101985865e-06,-9.4994614447352e-06,-4.978956822594494e-07,-9.999752798027274e-06,-2.57237787581327e-10,0.0,1.0,0.0,-0.22213137143613756
floor,1.0,8,1e-05,departure_first,-4.9979773451311e-06,4.997977345135951e-06,-4.995455644044947e-06,-9.498541673262178e-06,-4.988623428895767e-07,-9.999778618900261e-06,-1.903269245910148e-10,0.0,0.9999993333333334,6.666666666666667e-07,-0.249898867256555,-4.999153179188215e-06,4.999153179188215e-06,-5.002469908889305e-06,-9.4994704438684e-06,-4.978984054113849e-07,-9.999752798027274e-06,-2.57237787581327e-10,0.0,1.0,0.0,-0.22213146372207365
floor,1.0,8,1e-05,insertion_order,-4.9979773451311e-06,4.997977345135951e-06,-4.995455644044947e-06,-9.498541673262178e-06,-4.988623428895767e-07,-9.999778618900261e-06,-1.903269245910148e-10,0.0,0.9999993333333334,6.666666666666667e-07,-0.249898867256555,-4.9991435852289515e-06,4.9991435852289515e-06,-5.0024627101985865e-06,-9.4994614447352e-06,-4.978956822594494e-07,-9.999752798027274e-06,-2.57237787581327e-10,0.0,1.0,0.0,-0.22213137143613756
floor,1.0,8,3e-05,arrival_first,-1.5004045700898133e-05,1.5004045700898133e-05,-1.5007841163120854e-05,-2.849609024754803e-05,-1.4981866221811919e-06,-2.999958530078099e-05,-6.057841043608884e-10,0.0,1.0,0.0,-0.7502022850449066,-1.499162025419737e-05,1.499162025419737e-05,-1.4990362782178283e-05,-2.8506470811355117e-05,-1.5016713521609037e-06,-2.9999230100026413e-05,-6.074232860043179e-10,0.0,1.0,0.0,-0.6661405453465866
floor,1.0,8,3e-05,departure_first,-1.5004045700898133e-05,1.5004045700898133e-05,-1.5007841163120854e-05,-2.849609024754803e-05,-1.4981866221811919e-06,-2.999958530078099e-05,-6.057841043608884e-10,0.0,1.0,0.0,-0.7502022850449066,-1.4991672970998336e-05,1.4991672970998336e-05,-1.4990607803221062e-05,-2.8506470816592406e-05,-1.5016926718656092e-06,-2.9999230100026413e-05,-6.074232860043179e-10,0.0,1.0,0.0,-0.6661419027083998
floor,1.0,8,3e-05,insertion_order,-1.5004045700898133e-05,1.5004045700898133e-05,-1.5007841163120854e-05,-2.849609024754803e-05,-1.4981866221811919e-06,-2.999958530078099e-05,-6.057841043608884e-10,0.0,1.0,0.0,-0.7502022850449066,-1.499162025419737e-05,1.499162025419737e-05,-1.4990362782178283e-05,-2.8506470811355117e-05,-1.5016713521609037e-06,-2.9999230100026413e-05,-6.074232860043179e-10,0.0,1.0,0.0,-0.6661405453465866
floor,1.0,8,0.0001,arrival_first,-5.00361516921815e-05,5.00361516921815e-05,-5.005939804808198e-05,-9.498709922809211e-05,-5.024926996763203e-06,-9.999757742965207e-05,-2.121638923805828e-09,0.0,1.0,0.0,-2.501807584609075,-5.001473206245008e-05,5.001473206245008e-05,-5.001981316185763e-05,-9.498866410210785e-05,-4.993386967197491e-06,-9.999777010523217e-05,-2.2245797094468572e-09,0.0,1.0,0.0,-2.222352115050257
floor,1.0,8,0.0001,departure_first,-5.00361516921815e-05,5.00361516921815e-05,-5.005939804808198e-05,-9.498709922809211e-05,-5.024926996763203e-06,-9.999757742965207e-05,-2.121638923805828e-09,0.0,1.0,0.0,-2.501807584609075,-5.0015015282340194e-05,5.0015015282340194e-05,-5.0020602909093986e-05,-9.49889241262931e-05,-4.993138649853279e-06,-9.999777010523217e-05,-2.2245797094468572e-09,0.0,1.0,0.0,-2.2223747119901303
floor,1.0,8,0.0001,insertion_order,-5.00361516921815e-05,5.00361516921815e-05,-5.005939804808198e-05,-9.498709922809211e-05,-5.024926996763203e-06,-9.999757742965207e-05,-2.121638923805828e-09,0.0,1.0,0.0,-2.501807584609075,-5.001473206245008e-05,5.001473206245008e-05,-5.001981316185763e-05,-9.498866410210785e-05,-4.993386967197491e-06,-9.999777010523217e-05,-2.2245797094468572e-09,0.0,1.0,0.0,-2.222352115050257
floor,1.0,8,0.0003,arrival_first,-0.00014989848908677778,0.00014989848908677778,-0.0001498969277690776,-0.00028496226011460145,-1.4947833443936083e-05,-0.0002999944854915763,-5.713688248458008e-09,0.0,1.0,0.0,-7.494924454338888,-0.0001499390823338612,0.0001499390823338612,-0.0001499393218953394,-0.00028496027967790113,-1.5026215683791892e-05,-0.00029999319671403956,-6.620753322320039e-09,0.0,1.0,0.0,-6.662547111730332
floor,1.0,8,0.0003,departure_first,-0.00014989848908677778,0.00014989848908677778,-0.0001498969277690776,-0.00028496226011460145,-1.4947833443936083e-05,-0.0002999944854915763,-5.713688248458008e-09,0.0,1.0,0.0,-7.494924454338888,-0.00014993795436387395,0.00014993795436387395,-0.00014993820844298156,-0.0002849580387106275,-1.502657152025079e-05,-0.00029999319671403956,-6.620753322320039e-09,0.0,1.0,0.0,-6.662397249516255
floor,1.0,8,0.0003,insertion_order,-0.00014989848908677778,0.00014989848908677778,-0.0001498969277690776,-0.00028496226011460145,-1.4947833443936083e-05,-0.0002999944854915763,-5.713688248458008e-09,0.0,1.0,0.0,-7.494924454338888,-0.0001499390823338612,0.0001499390823338612,-0.0001499393218953394,-0.00028496027967790113,-1.5026215683791892e-05,-0.00029999319671403956,-6.620753322320039e-09,0.0,1.0,0.0,-6.662547111730332
floor,1.0,8,0.001,arrival_first,-0.0004997061525065219,0.0004997061525065219,-0.0004994134795955081,-0.0009500355950315983,-4.993058075797318e-05,-0.0009999797189266246,-1.2911277735838667e-08,0.0,1.0,0.0,-24.985307625326094,-0.0004998473364561377,0.0004998473364561377,-0.0004997371646492406,-0.0009497737731516805,-5.003129017632968e-05,-0.000999978522591824,-2.0764951536485683e-08,0.0,1.0,0.0,-22.214136192462536
floor,1.0,8,0.001,departure_first,-0.0004997061525065219,0.0004997061525065219,-0.0004994134795955081,-0.0009500355950315983,-4.993058075797318e-05,-0.0009999797189266246,-1.2911277735838667e-08,0.0,1.0,0.0,-24.985307625326094,-0.00049985114108616,0.00049985114108616,-0.0004997353883261854,-0.0009497716841385211,-5.0032344697495825e-05,-0.000999978522591824,-2.0764951536485683e-08,0.0,1.0,0.0,-22.215287637116475
floor,1.0,8,0.001,insertion_order,-0.0004997061525065219,0.0004997061525065219,-0.0004994134795955081,-0.0009500355950315983,-4.993058075797318e-05,-0.0009999797189266246,-1.2911277735838667e-08,0.0,1.0,0.0,-24.985307625326094,-0.0004998473364561377,0.0004998473364561377,-0.0004997371646492406,-0.0009497737731516805,-5.003129017632968e-05,-0.000999978522591824,-2.0764951536485683e-08,0.0,1.0,0.0,-22.214136192462536
floor,1.0,8,0.003,arrival_first,-0.0014994554858379944,0.0014994554858379944,-0.0014992389947716825,-0.002849280636304077,-0.000149886456215427,-0.002999933713029653,-4.065483760011072e-08,0.0,1.0,0.0,-74.97277429189971,-0.001499773532597107,0.001499773532597107,-0.0014999408059155033,-0.0028498431224893697,-0.00014958773544497447,-0.0029999441626711505,-9.270036106327299e-08,0.0,1.0,0.0,-66.68171239831156
floor,1.0,8,0.003,departure_first,-0.0014994554858379944,0.0014994554858379944,-0.0014992389947716825,-0.002849280636304077,-0.000149886456215427,-0.002999933713029653,-4.065483760011072e-08,0.0,1.0,0.0,-74.97277429189971,-0.0014997505162813582,0.0014997505162813582,-0.0014999280467268361,-0.002849833396060461,-0.0001495865413684206,-0.0029999441626711505,-9.270036106327299e-08,0.0,1.0,0.0,-66.68403073336599
floor,1.0,8,0.003,insertion_order,-0.0014994554858379944,0.0014994554858379944,-0.0014992389947716825,-0.002849280636304077,-0.000149886456215427,-0.002999933713029653,-4.065483760011072e-08,0.0,1.0,0.0,-74.97277429189971,-0.001499773532597107,0.001499773532597107,-0.0014999408059155033,-0.0028498431224893697,-0.00014958773544497447,-0.0029999441626711505,-9.270036106327299e-08,0.0,1.0,0.0,-66.68171239831156
floor,1.0,8,0.01,arrival_first,-0.005002345485835651,0.005002345485835651,-0.005002198490274168,-0.00950142372298463,-0.0005018200596471928,-0.009999757292462164,-1.4701654436066746e-07,0.0,1.0,0.0,-250.11727429178256,-0.004994265883942371,0.004994265883942371,-0.0049930437691695926,-0.009495209760556787,-0.0004998986828366221,-0.0099998196735109,-2.789452432401962e-07,0.0,1.0,0.0,-222.34175297046704
floor,1.0,8,0.01,departure_first,-0.005002345485835651,0.005002345485835651,-0.005002198490274168,-0.00950142372298463,-0.0005018200596471928,-0.009999757292462164,-1.4701654436066746e-07,0.0,1.0,0.0,-250.11727429178256,-0.004994414820691637,0.004994414820691637,-0.004993630493335712,-0.009495156171952101,-0.0004997193004599768,-0.0099998196735109,-2.5768600501111587e-07,0.0,1.0,0.0,-222.38865359044067
floor,1.0,8,0.01,insertion_order,-0.005002345485835651,0.005002345485835651,-0.005002198490274168,-0.00950142372298463,-0.0005018200596471928,-0.009999757292462164,-1.4701654436066746e-07,0.0,1.0,0.0,-250.11727429178256,-0.004994265883942371,0.004994265883942371,-0.0049930437691695926,-0.009495209760556787,-0.0004998986828366221,-0.0099998196735109,-2.789452432401962e-07,0.0,1.0,0.0,-222.34175297046704
floor,1.0,8,0.03,arrival_first,-0.015000285487569815,0.015000285487569815,-0.015003828128434786,-0.028500338024424917,-0.0015004572908583235,-0.02999949796949295,-5.033051214316705e-07,0.0,1.0,0.0,-750.0142743784908,-0.01493398709230365,0.01493398709230365,-0.014900352595787739,-0.028479527850885908,-0.0014877052248092318,-0.029999571448430153,-6.399007758222755e-07,0.0,1.0,0.0,-667.2878894651265
floor,1.0,8,0.03,departure_first,-0.015000285487569815,0.015000285487569815,-0.015003828128434786,-0.028500338024424917,-0.0015004572908583235,-0.02999949796949295,-5.033051214316705e-07,0.0,1.0,0.0,-750.0142743784908,-0.014933046863955999,0.014933046863955999,-0.014899526435611606,-0.02847871294032909,-0.0014880192554399244,-0.029999589299307832,-6.39900533290355e-07,0.0,1.0,0.0,-667.5853694857451
floor,1.0,8,0.03,insertion_order,-0.015000285487569815,0.015000285487569815,-0.015003828128434786,-0.028500338024424917,-0.0015004572908583235,-0.02999949796949295,-5.033051214316705e-07,0.0,1.0,0.0,-750.0142743784908,-0.01493398709230365,0.01493398709230365,-0.014900352595787739,-0.028479527850885908,-0.0014877052248092318,-0.029999571448430153,-6.399007758222755e-07,0.0,1.0,0.0,-667.2878894651265
floor,1.0,8,0.1,arrival_first,-0.050010265484801315,0.050010265484801315,-0.050018401652869214,-0.09502637534606946,-0.005018156671358164,-0.0999979700224382,-2.0782972872742295e-06,0.0,1.0,0.0,-2500.513274240066,-0.04919011001463673,0.04919011001463673,-0.04876787661328195,-0.09476640739902512,-0.004798586495412091,-0.09999776623553949,-1.6025768436997202e-06,0.0,1.0,0.0,-2224.843734863022
floor,1.0,8,0.1,departure_first,-0.050010265484801315,0.050010265484801315,-0.050018401652869214,-0.09502637534606946,-0.005018156671358164,-0.0999979700224382,-2.0782972872742295e-06,0.0,1.0,0.0,-2500.513274240066,-0.049190353878715065,0.049190353878715065,-0.0487623217172285,-0.09477110260498176,-0.00480100258120288,-0.09999776623553949,-1.6778984633189264e-06,0.0,1.0,0.0,-2228.2105666047846
floor,1.0,8,0.1,insertion_order,-0.050010265484801315,0.050010265484801315,-0.050018401652869214,-0.09502637534606946,-0.005018156671358164,-0.0999979700224382,-2.0782972872742295e-06,0.0,1.0,0.0,-2500.513274240066,-0.04919011001463673,0.04919011001463673,-0.04876787661328195,-0.09476640739902512,-0.004798586495412091,-0.09999776623553949,-1.6025768436997202e-06,0.0,1.0,0.0,-2224.843734863022
floor,1.0,16,1e-05,arrival_first,-5.003705766212079e-06,5.003705766212079e-06,-5.0049802212015495e-06,-9.501770747798823e-06,-5.014643708515611e-07,-9.999776436112976e-06,-2.6060054854800306e-10,0.0,1.0,0.0,-0.25018528831060394,-5.001605779890996e-06,5.001605779890996e-06,-5.004638101741906e-06,-9.500076800190079e-06,-4.999307319866061e-07,-9.999783632164138e-06,-2.527688472882724e-10,0.0,1.0,0.0,-0.23515318737823446
floor,1.0,16,1e-05,departure_first,-5.003705766212079e-06,5.003705766212079e-06,-5.0049802212015495e-06,-9.501770747798823e-06,-5.014643708515611e-07,-9.999776436112976e-06,-2.6060054854800306e-10,0.0,1.0,0.0,-0.25018528831060394,-5.001610894473914e-06,5.001610894473914e-06,-5.0046397309645895e-06,-9.500076202308798e-06,-4.999307859474234e-07,-9.999783632164138e-06,-2.527688472882724e-10,0.0,1.0,0.0,-0.23515359633456268
floor,1.0,16,1e-05,insertion_order,-5.003705766212079e-06,5.003705766212079e-06,-5.0049802212015495e-06,-9.501770747798823e-06,-5.014643708515611e-07,-9.999776436112976e-06,-2.6060054854800306e-10,0.0,1.0,0.0,-0.25018528831060394,-5.001605779890996e-06,5.001605779890996e-06,-5.004638101741906e-06,-9.500076800190079e-06,-4.999307319866061e-07,-9.999783632164138e-06,-2.527688472882724e-10,0.0,1.0,0.0,-0.23515318737823446
floor,1.0,16,3e-05,arrival_first,-1.5007594122433148e-05,1.5007594122433148e-05,-1.5012748660107415e-05,-2.850454251680882e-05,-1.4980688486806104e-06,-2.9999411556976458e-05,-5.371475708670914e-10,6.666666666666667e-07,0.9999993333333334,0.0,-0.7503797061216574,-1.4996613745258536e-05,1.4996613745258536e-05,-1.4990884212096508e-05,-2.84955663944907e-05,-1.5038985482066768e-06,-2.9999428700013682e-05,-8.632649764010273e-10,0.0,1.0,0.0,-0.705060629439368
floor,1.0,16,3e-05,departure_first,-1.5007594122433148e-05,1.5007594122433148e-05,-1.5012748660107415e-05,-2.850454251680882e-05,-1.4980688486806104e-06,-2.9999411556976458e-05,-5.371475708670914e-10,6.666666666666667e-07,0.9999993333333334,0.0,-0.7503797061216574,-1.4996574451093419e-05,1.4996574451093419e-05,-1.4990851889726959e-05,-2.84955644657224e-05,-1.5039024763748381e-06,-2.999942873033017e-05,-8.632649764010273e-10,0.0,1.0,0.0,-0.7050607874741286
floor,1.0,16,3e-05,insertion_order,-1.5007594122433148e-05,1.5007594122433148e-05,-1.5012748660107415e-05,-2.850454251680882e-05,-1.4980688486806104e-06,-2.9999411556976458e-05,-5.371475708670914e-10,6.666666666666667e-07,0.9999993333333334,0.0,-0.7503797061216574,-1.4996613745258536e-05,1.4996613745258536e-05,-1.4990884212096508e-05,-2.84955663944907e-05,-1.5038985482066768e-06,-2.9999428700013682e-05,-8.632649764010273e-10,0.0,1.0,0.0,-0.705060629439368
floor,1.0,16,0.0001,arrival_first,-5.0011640114596954e-05,5.0011640114596954e-05,-4.99981043049047e-05,-9.500027234632094e-05,-5.0050095433107424e-06,-9.99978191127108e-05,-1.925157751732816e-09,0.0,1.0,0.0,-2.500582005729848,-4.9972969628754135e-05,4.9972969628754135e-05,-4.9984413881513515e-05,-9.500884485694934e-05,-4.9952208609447246e-06,-9.999752438906273e-05,-2.5524492829516926e-09,0.0,1.0,0.0,-2.3495426471074645
floor,1.0,16,0.0001,departure_first,-5.0011640114596954e-05,5.0011640114596954e-05,-4.99981043049047e-05,-9.500027234632094e-05,-5.0050095433107424e-06,-9.99978191127108e-05,-1.925157751732816e-09,0.0,1.0,0.0,-2.500582005729848,-4.997292652848222e-05,4.997292652848222e-05,-4.998411858157693e-05,-9.500875455269583e-05,-4.995257164872829e-06,-9.999752438906273e-05,-2.5524492829516926e-09,0.0,1.0,0.0,-2.349543979286057
floor,1.0,16,0.0001,insertion_order,-5.0011640114596954e-05,5.0011640114596954e-05,-4.99981043049047e-05,-9.500027234632094e-05,-5.0050095433107424e-06,-9.99978191127108e-05,-1.925157751732816e-09,0.0,1.0,0.0,-2.500582005729848,-4.9972969628754135e-05,4.9972969628754135e-05,-4.9984413881513515e-05,-9.500884485694934e-05,-4.9952208609447246e-06,-9.999752438906273e-05,-2.5524492829516926e-09,0.0,1.0,0.0,-2.3495426471074645
floor,1.0,16,0.0003,arrival_first,-0.0001501967775047251,0.0001501967775047251,-0.00015029725627755398,-0.0002850751197668918,-1.5046521533198175e-05,-0.00029999345730781594,-4.960262837509314e-09,0.0,1.0,0.0,-7.509838875236255,-0.00015004000764186793,0.00015004000764186793,-0.00015003016447995686,-0.00028500799548587,-1.496623831870142e-05,-0.0002999925914408961,-5.416432195815002e-09,0.0,1.0,0.0,-7.0554795885740464
floor,1.0,16,0.0003,departure_first,-0.0001501967775047251,0.0001501967775047251,-0.00015029725627755398,-0.0002850751197668918,-1.5046521533198175e-05,-0.00029999345730781594,-4.960262837509314e-09,0.0,1.0,0.0,-7.509838875236255,-0.00015003955750534756,0.00015003955750534756,-0.00015003050411793937,-0.00028500677904599354,-1.4966234884023161e-05,-0.0002999925914408961,-5.416432195815002e-09,0.0,1.0,0.0,-7.055482865917576
floor,1.0,16,0.0003,insertion_order,-0.0001501967775047251,0.0001501967775047251,-0.00015029725627755398,-0.0002850751197668918,-1.5046521533198175e-05,-0.00029999345730781594,-4.960262837509314e-09,0.0,1.0,0.0,-7.509838875236255,-0.00015004000764186793,0.00015004000764186793,-0.00015003016447995686,-0.00028500799548587,-1.496623831870142e-05,-0.0002999925914408961,-5.416432195815002e-09,0.0,1.0,0.0,-7.0554795885740464
floor,1.0,16,0.001,arrival_first,-0.0005000062409244413,0.0005000062409244413,-0.0005002766950838123,-0.0009498091125927507,-4.9919238639025385e-05,-0.0009999792843094232,-2.317365215276368e-08,0.0,1.0,0.0,-25.000312046222067,-0.0004998732871276965,0.0004998732871276965,-0.0004997954359801713,-0.000949942947439165,-4.9992049312498887e-05,-0.0009999804706934728,-1.5854001671200545e-08,0.0,1.0,0.0,-23.508706422185025
floor,1.0,16,0.001,departure_first,-0.0005000062409244413,0.0005000062409244413,-0.0005002766950838123,-0.0009498091125927507,-4.9919238639025385e-05,-0.0009999792843094232,-2.317365215276368e-08,0.0,1.0,0.0,-25.000312046222067,-0.0004998819355289734,0.0004998819355289734,-0.0004998063475557047,-0.0009499440496357206,-4.999122768299574e-05,-0.0009999804706934728,-1.5854001671200545e-08,0.0,1.0,0.0,-23.50926112501994
floor,1.0,16,0.001,insertion_order,-0.0005000062409244413,0.0005000062409244413,-0.0005002766950838123,-0.0009498091125927507,-4.9919238639025385e-05,-0.0009999792843094232,-2.317365215276368e-08,0.0,1.0,0.0,-25.000312046222067,-0.0004998732871276965,0.0004998732871276965,-0.0004997954359801713,-0.000949942947439165,-4.9992049312498887e-05,-0.0009999804706934728,-1.5854001671200545e-08,0.0,1.0,0.0,-23.508706422185025
floor,1.0,16,0.003,arrival_first,-0.0015008255742584575,0.0015008255742584575,-0.0015015908592886263,-0.002850296247511324,-0.0001508164326999883,-0.0029999511454965005,-5.091472606485089e-08,0.0,1.0,0.0,-75.04127871292287,-0.0014994074404734389,0.0014994074404734389,-0.001499840380852163,-0.002849385096426378,-0.0001489526952558675,-0.002999935949617728,-3.388695278596273e-08,0.0,1.0,0.0,-70.55683751556401
floor,1.0,16,0.003,departure_first,-0.0015008255742584575,0.0015008255742584575,-0.0015015908592886263,-0.002850296247511324,-0.0001508164326999883,-0.0029999511454965005,-5.091472606485089e-08,0.0,1.0,0.0,-75.04127871292287,-0.001499389322551503,0.001499389322551503,-0.0014997884465173064,-0.0028493622508016596,-0.00014897285423883183,-0.002999935949617728,-3.388695278596273e-08,0.0,1.0,0.0,-70.55620296121596
floor,1.0,16,0.003,insertion_order,-0.0015008255742584575,0.0015008255742584575,-0.0015015908592886263,-0.002850296247511324,-0.0001508164326999883,-0.0029999511454965005,-5.091472606485089e-08,0.0,1.0,0.0,-75.04127871292287,-0.0014994074404734389,0.0014994074404734389,-0.001499840380852163,-0.002849385096426378,-0.0001489526952558675,-0.002999935949617728,-3.388695278596273e-08,0.0,1.0,0.0,-70.55683751556401
floor,1.0,16,0.01,arrival_first,-0.005000058907586659,0.005000058907586659,-0.0049989689766183195,-0.009499874003677179,-0.0005016113748221574,-0.00999975827620195,-1.9081347393997324e-07,0.0,1.0,0.0,-250.00294537933297,-0.004991419894827925,0.004991419894827925,-0.00499105490323541,-0.009496576001160021,-0.0004980355411971848,-0.009999793413504347,-1.6142060090748588e-07,0.0,1.0,0.0,-235.21189691243686
floor,1.0,16,0.01,departure_first,-0.005000058907586659,0.005000058907586659,-0.0049989689766183195,-0.009499874003677179,-0.0005016113748221574,-0.00999975827620195,-1.9081347393997324e-07,0.0,1.0,0.0,-250.00294537933297,-0.0049916406455283065,0.0049916406455283065,-0.004991323381999411,-0.009496589895565757,-0.0004980676492315479,-0.009999793413504347,-1.6142063122397596e-07,0.0,1.0,0.0,-235.23598849331393
floor,1.0,16,0.01,insertion_order,-0.005000058907586659,0.005000058907586659,-0.0049989689766183195,-0.009499874003677179,-0.0005016113748221574,-0.00999975827620195,-1.9081347393997324e-07,0.0,1.0,0.0,-250.00294537933297,-0.004991419894827925,0.004991419894827925,-0.00499105490323541,-0.009496576001160021,-0.0004980355411971848,-0.009999793413504347,-1.6142060090748588e-07,0.0,1.0,0.0,-235.21189691243686
floor,1.0,16,0.03,arrival_first,-0.014995205575991611,0.014995205575991611,-0.014990914082712454,-0.028497744381763064,-0.0015013704221458605,-0.02999936346550385,-7.879893625310312e-07,0.0,1.0,0.0,-749.7602787995806,-0.014928724147112278,0.014928724147112278,-0.014893851598333733,-0.028475343803528976,-0.001483322837883677,-0.029999518572325762,-6.188909599039259e-07,0.0,1.0,0.0,-706.3226588826186
floor,1.0,16,0.03,departure_first,-0.014995205575991611,0.014995205575991611,-0.014990914082712454,-0.028497744381763064,-0.0015013704221458605,-0.02999936346550385,-7.879893625310312e-07,0.0,1.0,0.0,-749.7602787995806,-0.014929325765248856,0.014929325765248856,-0.014895065065086248,-0.028475971775437307,-0.0014836983895044947,-0.029999519785336045,-6.188909599039259e-07,0.0,1.0,0.0,-706.4168041056575
floor,1.0,16,0.03,insertion_order,-0.014995205575991611,0.014995205575991611,-0.014990914082712454,-0.028497744381763064,-0.0015013704221458605,-0.02999936346550385,-7.879893625310312e-07,0.0,1.0,0.0,-749.7602787995806,-0.014928724147112278,0.014928724147112278,-0.014893851598333733,-0.028475343803528976,-0.001483322837883677,-0.029999518572325762,-6.188909599039259e-07,0.0,1.0,0.0,-706.3226588826186
floor,1.0,16,0.1,arrival_first,-0.04996485890655711,0.04996485890655711,-0.04995141922158837,-0.09500005106206269,-0.005008881323728941,-0.0999973600546582,-2.337559514368574e-06,0.0,1.0,0.0,-2498.242945327855,-0.04917062322572445,0.04917062322572445,-0.048717976324321836,-0.09476701288106935,-0.004767754259231316,-0.09999778311083965,-1.7235695859146598e-06,0.0,1.0,0.0,-2356.5131852057752
floor,1.0,16,0.1,departure_first,-0.04996485890655711,0.04996485890655711,-0.04995141922158837,-0.09500005106206269,-0.005008881323728941,-0.0999973600546582,-2.337559514368574e-06,0.0,1.0,0.0,-2498.242945327855,-0.04916944337844495,0.04916944337844495,-0.048719889094984765,-0.09476777096963175,-0.004768991397783491,-0.09999774943197964,-1.6862556341047865e-06,0.0,1.0,0.0,-2357.2298633799724
floor,1.0,16,0.1,insertion_order,-0.04996485890655711,0.04996485890655711,-0.04995141922158837,-0.09500005106206269,-0.005008881323728941,-0.0999973600546582,-2.337559514368574e-06,0.0,1.0,0.0,-2498.242945327855,-0.04917062322572445,0.04917062322572445,-0.048717976324321836,-0.09476701288106935,-0.004767754259231316,-0.09999778311083965,-1.7235695859146598e-06,0.0,1.0,0.0,-2356.5131852057752
floor,1.1,1,1e-05,arrival_first,-4.9981188335405015e-06,4.9981188335405015e-06,-4.997654847708569e-06,-9.500129993587811e-06,-4.994072014596903e-07,-9.999831854656805e-06,-1.379703462589532e-10,6.666666666666667e-07,0.9999993333333334,0.0,-0.24990594167702512,-5.001102073976461e-06,5.001102073976461e-06,-5.0022904505883646e-06,-9.501756016397888e-06,-5.009292841388674e-07,-9.99962428151549e-06,-6.285053536642105e-10,0.0,1.0,0.0,-0.11899697425440392
floor,1.1,1,1e-05,departure_first,-4.9981188335405015e-06,4.9981188335405015e-06,-4.997654847708569e-06,-9.500129993587811e-06,-4.994072014596903e-07,-9.999831854656805e-06,-1.379703462589532e-10,6.666666666666667e-07,0.9999993333333334,0.0,-0.24990594167702512,-5.001086878716381e-06,5.001086878716381e-06,-5.002274312963795e-06,-9.50177063177802e-06,-5.009267275324593e-07,-9.99962428151549e-06,-6.285053536642105e-10,0.0,1.0,0.0,-0.1189972798651979
floor,1.1,1,1e-05,insertion_order,-4.9981188335405015e-06,4.9981188335405015e-06,-4.997654847708569e-06,-9.500129993587811e-06,-4.994072014596903e-07,-9.999831854656805e-06,-1.379703462589532e-10,6.666666666666667e-07,0.9999993333333334,0.0,-0.24990594167702512,-5.001102073976461e-06,5.001102073976461e-06,-5.0022904505883646e-06,-9.501756016397888e-06,-5.009292841388674e-07,-9.99962428151549e-06,-6.285053536642105e-10,0.0,1.0,0.0,-0.11899697425440392
floor,1.1,1,3e-05,arrival_first,-1.5008500373047354e-05,1.5008500373047354e-05,-1.5020455718210239e-05,-2.8503350111653466e-05,-1.5003854574994601e-06,-2.9999523515774248e-05,-5.770440717848639e-10,6.666666666666667e-07,0.9999993333333334,0.0,-0.7504250186523678,-1.4994863368309355e-05,1.4994863368309355e-05,-1.4988260235601046e-05,-2.849042484465187e-05,-1.5099981186762765e-06,-2.9998721728902455e-05,-1.126130988460261e-09,0.0,1.0,0.0,-0.35678869680012115
floor,1.1,1,3e-05,departure_first,-1.5008500373047354e-05,1.5008500373047354e-05,-1.5020455718210239e-05,-2.8503350111653466e-05,-1.5003854574994601e-06,-2.9999523515774248e-05,-5.770440717848639e-10,6.666666666666667e-07,0.9999993333333334,0.0,-0.7504250186523678,-1.4994860674611109e-05,1.4994860674611109e-05,-1.4988275788461956e-05,-2.849031681547212e-05,-1.5100054252126712e-06,-2.9998721728902455e-05,-1.126130988460261e-09,0.0,1.0,0.0,-0.35679311150923787
floor,1.1,1,3e-05,insertion_order,-1.5008500373047354e-05,1.5008500373047354e-05,-1.5020455718210239e-05,-2.8503350111653466e-05,-1.5003854574994601e-06,-2.9999523515774248e-05,-5.770440717848639e-10,6.666666666666667e-07,0.9999993333333334,0.0,-0.7504250186523678,-1.4994863368309355e-05,1.4994863368309355e-05,-1.4988260235601046e-05,-2.849042484465187e-05,-1.5099981186762765e-06,-2.9998721728902455e-05,-1.126130988460261e-09,0.0,1.0,0.0,-0.35678869680012115
floor,1.1,1,0.0001,arrival_first,-5.001040642387185e-05,5.001040642387185e-05,-5.0029004933094255e-05,-9.501815073387357e-05,-4.993071095971885e-06,-9.999762317723556e-05,-1.6908112835759917e-09,0.0,1.0,0.0,-2.5005203211935925,-4.999934302790423e-05,4.999934302790423e-05,-4.999936141907267e-05,-9.497635945780953e-05,-5.0194216872960196e-06,-9.999536686862293e-05,-4.626540476189896e-09,0.0,1.0,0.0,-1.18968172763457
floor,1.1,1,0.0001,departure_first,-5.001040642387185e-05,5.001040642387185e-05,-5.0029004933094255e-05,-9.501815073387357e-05,-4.993071095971885e-06,-9.999762317723556e-05,-1.6908112835759917e-09,0.0,1.0,0.0,-2.5005203211935925,-4.9999142013915845e-05,4.9999142013915845e-05,-4.999961268098187e-05,-9.497593360855378e-05,-5.018734364685072e-06,-9.999536686862293e-05,-4.626540476189896e-09,0.0,1.0,0.0,-1.1897620255897252
floor,1.1,1,0.0001,insertion_order,-5.001040642387185e-05,5.001040642387185e-05,-5.0029004933094255e-05,-9.501815073387357e-05,-4.993071095971885e-06,-9.999762317723556e-05,-1.6908112835759917e-09,0.0,1.0,0.0,-2.5005203211935925,-4.999934302790423e-05,4.999934302790423e-05,-4.999936141907267e-05,-9.497635945780953e-05,-5.0194216872960196e-06,-9.999536686862293e-05,-4.626540476189896e-09,0.0,1.0,0.0,-1.18968172763457
floor,1.1,1,0.0003,arrival_first,-0.00015011394345253696,0.00015011394345253696,-0.00015010441409989047,-0.00028506289370701176,-1.5005051429094867e-05,-0.00029999317518255946,-4.443336365511641e-09,0.0,1.0,0.0,-7.505697172626848,-0.000150014766021385,0.000150014766021385,-0.00014998229051663053,-0.00028495415897054845,-1.4942046022241108e-05,-0.0002999854692221573,-1.8110895178523323e-08,0.0,1.0,0.0,-3.5695195875866395
floor,1.1,1,0.0003,departure_first,-0.00015011394345253696,0.00015011394345253696,-0.00015010441409989047,-0.00028506289370701176,-1.5005051429094867e-05,-0.00029999317518255946,-4.443336365511641e-09,0.0,1.0,0.0,-7.505697172626848,-0.00015001572510593236,0.00015001572510593236,-0.0001499893068882116,-0.0002849568127203636,-1.4941415641675254e-05,-0.0002999854692221573,-1.8110895178523323e-08,0.0,1.0,0.0,-3.570107754683407
floor,1.1,1,0.0003,insertion_order,-0.00015011394345253696,0.00015011394345253696,-0.00015010441409989047,-0.00028506289370701176,-1.5005051429094867e-05,-0.00029999317518255946,-4.443336365511641e-09,0.0,1.0,0.0,-7.505697172626848,-0.000150014766021385,0.000150014766021385,-0.00014998229051663053,-0.00028495415897054845,-1.4942046022241108e-05,-0.0002999854692221573,-1.8110895178523323e-08,0.0,1.0,0.0,-3.5695195875866395
floor,1.1,1,0.001,arrival_first,-0.0004997715404993014,0.0004997715404993014,-0.0004997390042414433,-0.0009498182522520437,-5.0148734480899394e-05,-0.0009999842081621561,-2.2815493139205502e-08,0.0,1.0,0.0,-24.98857702496507,-0.000499804461312152,0.000499804461312152,-0.0004995332561098412,-0.0009501305558878464,-4.984339874176927e-05,-0.0009999625795890758,-5.1450666442460585e-08,0.0,1.0,0.0,-11.89241034828642
floor,1.1,1,0.001,departure_first,-0.0004997715404993014,0.0004997715404993014,-0.0004997390042414433,-0.0009498182522520437,-5.0148734480899394e-05,-0.0009999842081621561,-2.2815493139205502e-08,0.0,1.0,0.0,-24.98857702496507,-0.0004998210812011486,0.0004998210812011486,-0.000499544080973534,-0.000950160229455646,-4.984032416912426e-05,-0.0009999625795890758,-5.1450666442460585e-08,0.0,1.0,0.0,-11.899215934865547
floor,1.1,1,0.001,insertion_order,-0.0004997715404993014,0.0004997715404993014,-0.0004997390042414433,-0.0009498182522520437,-5.0148734480899394e-05,-0.0009999842081621561,-2.2815493139205502e-08,0.0,1.0,0.0,-24.98857702496507,-0.000499804461312152,0.000499804461312152,-0.0004995332561098412,-0.0009501305558878464,-4.984339874176927e-05,-0.0009999625795890758,-5.1450666442460585e-08,0.0,1.0,0.0,-11.89241034828642
floor,1.1,1,0.003,arrival_first,-0.0015010335404979996,0.0015010335404979996,-0.0015013111853780477,-0.0028490565743231858,-0.00015071977439826421,-0.0029999372833117376,-7.160178938647732e-08,0.0,1.0,0.0,-75.05167702489999,-0.0014975394460177412,0.0014975394460177412,-0.001496813198725923,-0.0028510650912830725,-0.00014755476484526296,-0.0029998745695152393,-1.078898899095626e-07,0.0,1.0,0.0,-35.63187768484014
floor,1.1,1,0.003,departure_first,-0.0015010335404979996,0.0015010335404979996,-0.0015013111853780477,-0.0028490565743231858,-0.00015071977439826421,-0.0029999372833117376,-7.160178938647732e-08,0.0,1.0,0.0,-75.05167702489999,-0.0014975391517310548,0.0014975391517310548,-0.0014967874510852985,-0.0028510175401902814,-0.00014762496383210528,-0.0029998745695152393,-1.078898899095626e-07,0.0,1.0,0.0,-35.69072379830741
floor,1.1,1,0.003,insertion_order,-0.0015010335404979996,0.0015010335404979996,-0.0015013111853780477,-0.0028490565743231858,-0.00015071977439826421,-0.0029999372833117376,-7.160178938647732e-08,0.0,1.0,0.0,-75.05167702489999,-0.0014975394460177412,0.0014975394460177412,-0.001496813198725923,-0.0028510650912830725,-0.00014755476484526296,-0.0029998745695152393,-1.078898899095626e-07,0.0,1.0,0.0,-35.63187768484014
floor,1.1,1,0.01,arrival_first,-0.005002890207165422,0.005002890207165422,-0.005006098542889958,-0.009500577980135556,-0.0005003445976384084,-0.009999841027032138,-2.58773252426181e-07,0.0,1.0,0.0,-250.14451035827113,-0.004984866529712223,0.004984866529712223,-0.004979040292434651,-0.009494349312822623,-0.000496473482910093,-0.00999960504823987,-3.905440088829611e-07,0.0,1.0,0.0,-118.61012055831324
floor,1.1,1,0.01,departure_first,-0.005002890207165422,0.005002890207165422,-0.005006098542889958,-0.009500577980135556,-0.0005003445976384084,-0.009999841027032138,-2.58773252426181e-07,0.0,1.0,0.0,-250.14451035827113,-0.004985470885013809,0.004985470885013809,-0.004979108862692012,-0.009494652437900588,-0.000496805078716693,-0.00999960504823987,-3.905440088829611e-07,0.0,1.0,0.0,-119.23101122441135
floor,1.1,1,0.01,insertion_order,-0.005002890207165422,0.005002890207165422,-0.005006098542889958,-0.009500577980135556,-0.0005003445976384084,-0.009999841027032138,-2.58773252426181e-07,0.0,1.0,0.0,-250.14451035827113,-0.004984866529712223,0.004984866529712223,-0.004979040292434651,-0.009494349312822623,-0.000496473482910093,-0.00999960504823987,-3.905440088829611e-07,0.0,1.0,0.0,-118.61012055831324
floor,1.1,1,0.03,arrival_first,-0.015005503542069717,0.015005503542069717,-0.015018896191243887,-0.028503253387721087,-0.001506583082787076,-0.029999405620583276,-5.872985639143735e-07,0.0,1.0,0.0,-750.2751771034858,-0.014919033858883518,0.014919033858883518,-0.01489120002266405,-0.028465782570863615,-0.0014753784031540436,-0.029998945516844077,-1.3079611145560415e-06,0.0,1.0,0.0,-354.9148897541897
floor,1.1,1,0.03,departure_first,-0.015005503542069717,0.015005503542069717,-0.015018896191243887,-0.028503253387721087,-0.001506583082787076,-0.029999405620583276,-5.872985639143735e-07,0.0,1.0,0.0,-750.2751771034858,-0.01492435009942394,0.01492435009942394,-0.014900850715567758,-0.028468764577580404,-0.0014762268330183782,-0.02999895662132501,-1.3603836132572664e-06,0.0,1.0,0.0,-360.7208006878754
floor,1.1,1,0.03,insertion_order,-0.015005503542069717,0.015005503542069717,-0.015018896191243887,-0.028503253387721087,-0.001506583082787076,-0.029999405620583276,-5.872985639143735e-07,0.0,1.0,0.0,-750.2751771034858,-0.014919033858883518,0.014919033858883518,-0.01489120002266405,-0.028465782570863615,-0.0014753784031540436,-0.029998945516844077,-1.3079611145560415e-06,0.0,1.0,0.0,-354.9148897541897
floor,1.1,1,0.1,arrival_first,-0.05003072353955232,0.05003072353955232,-0.05003685093241377,-0.09500841967083942,-0.005016268957607894,-0.09999840190748728,-1.849255568231456e-06,0.0,1.0,0.0,-2501.536176977616,-0.049201789318190144,0.049201789318190144,-0.048771084858729816,-0.09479227501049788,-0.004766078312977125,-0.09999711319110345,-5.063302120607401e-06,0.0,1.0,0.0,-1169.5846611079292
floor,1.1,1,0.1,departure_first,-0.05003072353955232,0.05003072353955232,-0.05003685093241377,-0.09500841967083942,-0.005016268957607894,-0.09999840190748728,-1.849255568231456e-06,0.0,1.0,0.0,-2501.536176977616,-0.0491988946001939,0.0491988946001939,-0.04879077417199151,-0.09480654762709367,-0.0047605549280820714,-0.09999721091600908,-5.025516390575893e-06,0.0,1.0,0.0,-1230.8329880295432
floor,1.1,1,0.1,insertion_order,-0.05003072353955232,0.05003072353955232,-0.05003685093241377,-0.09500841967083942,-0.005016268957607894,-0.09999840190748728,-1.849255568231456e-06,0.0,1.0,0.0,-2501.536176977616,-0.049201789318190144,0.049201789318190144,-0.048771084858729816,-0.09479227501049788,-0.004766078312977125,-0.09999711319110345,-5.063302120607401e-06,0.0,1.0,0.0,-1169.5846611079292
floor,1.1,4,1e-05,arrival_first,-5.001279805903929e-06,5.001279805903929e-06,-5.0034674283476e-06,-9.49937226626692e-06,-5.005520840010536e-07,-9.9997473929155e-06,-1.962083236624797e-10,6.666666666666667e-07,0.9999993333333334,0.0,-0.2500639902951965,-4.997715012055439e-06,4.997715012055439e-06,-4.996746675609356e-06,-9.495568484570297e-06,-4.991337566949885e-07,-9.999694019733295e-06,-2.813669368097645e-10,0.0,1.0,0.0,-0.18996903078504698
floor,1.1,4,1e-05,departure_first,-5.001279805903929e-06,5.001279805903929e-06,-5.0034674283476e-06,-9.49937226626692e-06,-5.005520840010536e-07,-9.9997473929155e-06,-1.962083236624797e-10,6.666666666666667e-07,0.9999993333333334,0.0,-0.2500639902951965,-4.997696546924843e-06,4.997696546924843e-06,-4.996708023856609e-06,-9.495551052545953e-06,-4.991029798257868e-07,-9.999694019733295e-06,-2.813669368097645e-10,0.0,1.0,0.0,-0.1899684941169695
floor,1.1,4,1e-05,insertion_order,-5.001279805903929e-06,5.001279805903929e-06,-5.0034674283476e-06,-9.49937226626692e-06,-5.005520840010536e-07,-9.9997473929155e-06,-1.962083236624797e-10,6.666666666666667e-07,0.9999993333333334,0.0,-0.2500639902951965,-4.997715012055439e-06,4.997715012055439e-06,-4.996746675609356e-06,-9.495568484570297e-06,-4.991337566949885e-07,-9.999694019733295e-06,-2.813669368097645e-10,0.0,1.0,0.0,-0.18996903078504698
floor,1.1,4,3e-05,arrival_first,-1.5008308010491115e-05,1.5008308010491115e-05,-1.5015275948826456e-05,-2.8504447676217145e-05,-1.501454736777915e-06,-2.9999291564308804e-05,-6.34857618327563e-10,0.0,1.0,0.0,-0.7504154005245558,-1.4983912889114088e-05,1.4983912889114088e-05,-1.4976032073714107e-05,-2.8491179177010843e-05,-1.5012702145166802e-06,-2.9999099397367533e-05,-6.480900992805507e-10,0.0,1.0,0.0,-0.5695559044610488
floor,1.1,4,3e-05,departure_first,-1.5008308010491115e-05,1.5008308010491115e-05,-1.5015275948826456e-05,-2.8504447676217145e-05,-1.501454736777915e-06,-2.9999291564308804e-05,-6.34857618327563e-10,0.0,1.0,0.0,-0.7504154005245558,-1.4983923656596078e-05,1.4983923656596078e-05,-1.4976099876291843e-05,-2.849118333594575e-05,-1.50129207810623e-06,-2.9999099397367533e-05,-6.480900992805507e-10,0.0,1.0,0.0,-0.5695528235609799
floor,1.1,4,3e-05,insertion_order,-1.5008308010491115e-05,1.5008308010491115e-05,-1.5015275948826456e-05,-2.8504447676217145e-05,-1.501454736777915e-06,-2.9999291564308804e-05,-6.34857618327563e-10,0.0,1.0,0.0,-0.7504154005245558,-1.4983912889114088e-05,1.4983912889114088e-05,-1.4976032073714107e-05,-2.8491179177010843e-05,-1.5012702145166802e-06,-2.9999099397367533e-05,-6.480900992805507e-10,0.0,1.0,0.0,-0.5695559044610488
floor,1.1,4,0.0001,arrival_first,-4.999487406146849e-05,4.999487406146849e-05,-5.0007476632648223e-05,-9.49881142726857e-05,-5.0178812822802505e-06,-9.999819706839238e-05,-2.297747414559126e-09,0.0,1.0,0.0,-2.4997437030734244,-5.005101741927308e-05,5.005101741927308e-05,-5.0099636376352055e-05,-9.499719911516853e-05,-5.0205910177091315e-06,-9.999805306475211e-05,-1.8487727473925907e-09,0.0,1.0,0.0,-1.902502382352391
floor,1.1,4,0.0001,departure_first,-4.999487406146849e-05,4.999487406146849e-05,-5.0007476632648223e-05,-9.49881142726857e-05,-5.0178812822802505e-06,-9.999819706839238e-05,-2.297747414559126e-09,0.0,1.0,0.0,-2.4997437030734244,-5.0051431227115627e-05,5.0051431227115627e-05,-5.009983194385082e-05,-9.499770137023824e-05,-5.020538110031794e-06,-9.999805306475211e-05,-1.8487727473925907e-09,0.0,1.0,0.0,-1.9025348022670368
floor,1.1,4,0.0001,insertion_order,-4.999487406146849e-05,4.999487406146849e-05,-5.0007476632648223e-05,-9.49881142726857e-05,-5.0178812822802505e-06,-9.999819706839238e-05,-2.297747414559126e-09,0.0,1.0,0.0,-2.4997437030734244,-5.005101741927308e-05,5.005101741927308e-05,-5.0099636376352055e-05,-9.499719911516853e-05,-5.0205910177091315e-06,-9.999805306475211e-05,-1.8487727473925907e-09,0.0,1.0,0.0,-1.902502382352391
floor,1.1,4,0.0003,arrival_first,-0.00014993281109125744,0.00014993281109125744,-0.00014995702351067546,-0.00028489708045071894,-1.5024081862975458e-05,-0.00029999341935157037,-6.723985279677436e-09,0.0,1.0,0.0,-7.496640554562873,-0.00015002608360057323,0.00015002608360057323,-0.00015003469216813063,-0.00028495836769225157,-1.4979021091403982e-05,-0.00029999481106025226,-6.098853513418027e-09,0.0,1.0,0.0,-5.7026652004046055
floor,1.1,4,0.0003,departure_first,-0.00014993281109125744,0.00014993281109125744,-0.00014995702351067546,-0.00028489708045071894,-1.5024081862975458e-05,-0.00029999341935157037,-6.723985279677436e-09,0.0,1.0,0.0,-7.496640554562873,-0.00015002688097846245,0.00015002688097846245,-0.0001500305479835319,-0.0002849583304110137,-1.497843578626487e-05,-0.00029999481106025226,-6.098853513418027e-09,0.0,1.0,0.0,-5.702730766117511
floor,1.1,4,0.0003,insertion_order,-0.00014993281109125744,0.00014993281109125744,-0.00014995702351067546,-0.00028489708045071894,-1.5024081862975458e-05,-0.00029999341935157037,-6.723985279677436e-09,0.0,1.0,0.0,-7.496640554562873,-0.00015002608360057323,0.00015002608360057323,-0.00015003469216813063,-0.00028495836769225157,-1.4979021091403982e-05,-0.00029999481106025226,-6.098853513418027e-09,0.0,1.0,0.0,-5.7026652004046055
floor,1.1,4,0.001,arrival_first,-0.0004999645414677634,0.0004999645414677634,-0.0005000323214820431,-0.0009498246120695815,-4.976735373475106e-05,-0.0009999802231201707,-2.2298263502307237e-08,0.0,1.0,0.0,-24.998227073388172,-0.0004993769706155056,0.0004993769706155056,-0.0004987007303153826,-0.0009500610005234579,-4.997639394310894e-05,-0.0009999765894766468,-1.9944067585856798e-08,0.0,1.0,0.0,-18.984270671690574
floor,1.1,4,0.001,departure_first,-0.0004999645414677634,0.0004999645414677634,-0.0005000323214820431,-0.0009498246120695815,-4.976735373475106e-05,-0.0009999802231201707,-2.2298263502307237e-08,0.0,1.0,0.0,-24.998227073388172,-0.0004993894621076563,0.0004993894621076563,-0.0004987348036549368,-0.0009500613255679224,-4.99773208385698e-05,-0.0009999765894766468,-1.9944067585856798e-08,0.0,1.0,0.0,-18.984880250809226
floor,1.1,4,0.001,insertion_order,-0.0004999645414677634,0.0004999645414677634,-0.0005000323214820431,-0.0009498246120695815,-4.976735373475106e-05,-0.0009999802231201707,-2.2298263502307237e-08,0.0,1.0,0.0,-24.998227073388172,-0.0004993769706155056,0.0004993769706155056,-0.0004987007303153826,-0.0009500610005234579,-4.997639394310894e-05,-0.0009999765894766468,-1.9944067585856798e-08,0.0,1.0,0.0,-18.984270671690574
floor,1.1,4,0.003,arrival_first,-0.0014994352081330671,0.0014994352081330671,-0.0014993221962868119,-0.002849883983929734,-0.00015001434421871355,-0.00299993705975794,-7.8182771782546e-08,0.0,1.0,0.0,-74.97176040665336,-0.0014989212188351254,0.0014989212188351254,-0.0014977182843057522,-0.0028492270191694926,-0.00014873654462063335,-0.002999933459901515,-5.608636492749352e-08,0.0,1.0,0.0,-57.001536792342925
floor,1.1,4,0.003,departure_first,-0.0014994352081330671,0.0014994352081330671,-0.0014993221962868119,-0.002849883983929734,-0.00015001434421871355,-0.00299993705975794,-7.8182771782546e-08,0.0,1.0,0.0,-74.97176040665336,-0.0014989896584202919,0.0014989896584202919,-0.0014979006443656823,-0.002849259895335595,-0.00014878025738702372,-0.002999933459901515,-5.608636492749352e-08,0.0,1.0,0.0,-57.01248878869634
floor,1.1,4,0.003,insertion_order,-0.0014994352081330671,0.0014994352081330671,-0.0014993221962868119,-0.002849883983929734,-0.00015001434421871355,-0.00299993705975794,-7.8182771782546e-08,0.0,1.0,0.0,-74.97176040665336,-0.0014989212188351254,0.0014989212188351254,-0.0014977182843057522,-0.0028492270191694926,-0.00014873654462063335,-0.002999933459901515,-5.608636492749352e-08,0.0,1.0,0.0,-57.001536792342925
floor,1.1,4,0.01,arrival_first,-0.0049999958748009185,0.0049999958748009185,-0.00499829037633693,-0.009502547821081559,-0.0004979748132806596,-0.009999739047452749,-1.799875766058297e-07,0.0,1.0,0.0,-249.9997937400459,-0.004984801064787623,0.004984801064787623,-0.004979238779910427,-0.009493568692672288,-0.0004954017296896731,-0.009999753646175702,-2.2667692426460544e-07,0.0,1.0,0.0,-189.80233990905558
floor,1.1,4,0.01,departure_first,-0.0049999958748009185,0.0049999958748009185,-0.00499829037633693,-0.009502547821081559,-0.0004979748132806596,-0.009999739047452749,-1.799875766058297e-07,0.0,1.0,0.0,-249.9997937400459,-0.004984291943374813,0.004984291943374813,-0.004978617226663068,-0.009493330012075947,-0.0004951287365939927,-0.009999753646175702,-2.266771667965259e-07,0.0,1.0,0.0,-189.8737121135924
floor,1.1,4,0.01,insertion_order,-0.0049999958748009185,0.0049999958748009185,-0.00499829037633693,-0.009502547821081559,-0.0004979748132806596,-0.009999739047452749,-1.799875766058297e-07,0.0,1.0,0.0,-249.9997937400459,-0.004984801064787623,0.004984801064787623,-0.004979238779910427,-0.009493568692672288,-0.0004954017296896731,-0.009999753646175702,-2.2667692426460544e-07,0.0,1.0,0.0,-189.80233990905558
floor,1.1,4,0.03,arrival_first,-0.014999209209704104,0.014999209209704104,-0.014986197991098986,-0.02850613257945497,-0.0015050682904620791,-0.029999538485056595,-5.354477555859679e-07,0.0,1.0,0.0,-749.9604604852052,-0.01492537939797753,0.01492537939797753,-0.01489071180811285,-0.028471725573395137,-0.0014692849289578676,-0.029999211809788522,-6.819897413840825e-07,0.0,1.0,0.0,-570.3329591371188
floor,1.1,4,0.03,departure_first,-0.014999209209704104,0.014999209209704104,-0.014986197991098986,-0.02850613257945497,-0.0015050682904620791,-0.029999538485056595,-5.354477555859679e-07,0.0,1.0,0.0,-749.9604604852052,-0.014922331313959944,0.014922331313959944,-0.014888128016553471,-0.028469341009889865,-0.0014690658476187988,-0.029999211809485355,-6.819897413840825e-07,0.0,1.0,0.0,-571.172834997029
floor,1.1,4,0.03,insertion_order,-0.014999209209704104,0.014999209209704104,-0.014986197991098986,-0.02850613257945497,-0.0015050682904620791,-0.029999538485056595,-5.354477555859679e-07,0.0,1.0,0.0,-749.9604604852052,-0.01492537939797753,0.01492537939797753,-0.01489071180811285,-0.028471725573395137,-0.0014692849289578676,-0.029999211809788522,-6.819897413840825e-07,0.0,1.0,0.0,-570.3329591371188
floor,1.1,4,0.1,arrival_first,-0.04998916920719081,0.04998916920719081,-0.04999638763127526,-0.09497609498155421,-0.005004879727695584,-0.09999780412820959,-2.673169122620796e-06,0.0,1.0,0.0,-2499.458460359541,-0.04915852242933686,0.04915852242933686,-0.04874308938149707,-0.09473540832917397,-0.004770629128522092,-0.09999708442400625,-3.3916049983839037e-06,0.0,1.0,0.0,-1900.4182821002855
floor,1.1,4,0.1,departure_first,-0.04998916920719081,0.04998916920719081,-0.04999638763127526,-0.09497609498155421,-0.005004879727695584,-0.09999780412820959,-2.673169122620796e-06,0.0,1.0,0.0,-2499.458460359541,-0.04916735818789723,0.04916735818789723,-0.04875185868393305,-0.09473235459625019,-0.004771761175299422,-0.09999700194302605,-3.338679300840825e-06,0.0,1.0,0.0,-1911.478920967325
floor,1.1,4,0.1,insertion_order,-0.04998916920719081,0.04998916920719081,-0.04999638763127526,-0.09497609498155421,-0.005004879727695584,-0.09999780412820959,-2.673169122620796e-06,0.0,1.0,0.0,-2499.458460359541,-0.04915852242933686,0.04915852242933686,-0.04874308938149707,-0.09473540832917397,-0.004770629128522092,-0.09999708442400625,-3.3916049983839037e-06,0.0,1.0,0.0,-1900.4182821002855
floor,1.1,8,1e-05,arrival_first,-5.000311968788689e-06,5.000311968788689e-06,-4.9997950100078015e-06,-9.500876042996727e-06,-5.032898783004696e-07,-9.999818333502238e-06,-2.266460796818137e-10,0.0,1.0,0.0,-0.25001559843943444,-4.999510551871017e-06,4.999510551871017e-06,-4.999949133809948e-06,-9.499119599498735e-06,-5.00449624617911e-07,-9.999809155189499e-06,-1.735885865605802e-10,0.0,1.0,0.0,-0.2106432448348133
floor,1.1,8,1e-05,departure_first,-5.000311968788689e-06,5.000311968788689e-06,-4.9997950100078015e-06,-9.500876042996727e-06,-5.032898783004696e-07,-9.999818333502238e-06,-2.266460796818137e-10,0.0,1.0,0.0,-0.25001559843943444,-4.999510651181437e-06,4.999510651181437e-06,-4.999949133809948e-06,-9.499119599498735e-06,-5.004591553572221e-07,-9.999809155189499e-06,-1.735885865605802e-10,0.0,1.0,0.0,-0.21064324901657644
floor,1.1,8,1e-05,insertion_order,-5.000311968788689e-06,5.000311968788689e-06,-4.9997950100078015e-06,-9.500876042996727e-06,-5.032898783004696e-07,-9.999818333502238e-06,-2.266460796818137e-10,0.0,1.0,0.0,-0.25001559843943444,-4.999510551871017e-06,4.999510551871017e-06,-4.999949133809948e-06,-9.499119599498735e-06,-5.00449624617911e-07,-9.999809155189499e-06,-1.735885865605802e-10,0.0,1.0,0.0,-0.2106432448348133
floor,1.1,8,3e-05,arrival_first,-1.500776017467797e-05,1.500776017467797e-05,-1.5013130026394113e-05,-2.8502489970681682e-05,-1.5008299790982492e-06,-2.999931863693443e-05,-5.833195852270971e-10,0.0,1.0,0.0,-0.7503880087338984,-1.5003655252986454e-05,1.5003655252986454e-05,-1.5013586217624202e-05,-2.8491941503181826e-05,-1.5056244778641068e-06,-2.9999258217481063e-05,-7.511617133859616e-10,0.0,1.0,0.0,-0.6321484974533881
floor,1.1,8,3e-05,departure_first,-1.500776017467797e-05,1.500776017467797e-05,-1.5013130026394113e-05,-2.8502489970681682e-05,-1.5008299790982492e-06,-2.999931863693443e-05,-5.833195852270971e-10,0.0,1.0,0.0,-0.7503880087338984,-1.5003568682424834e-05,1.5003568682424834e-05,-1.5013353730988704e-05,-2.8491916289772964e-05,-1.5055563966263297e-06,-2.9999258217481063e-05,-7.511617133859616e-10,0.0,1.0,0.0,-0.6321528616775455
floor,1.1,8,3e-05,insertion_order,-1.500776017467797e-05,1.500776017467797e-05,-1.5013130026394113e-05,-2.8502489970681682e-05,-1.5008299790982492e-06,-2.999931863693443e-05,-5.833195852270971e-10,0.0,1.0,0.0,-0.7503880087338984,-1.5003655252986454e-05,1.5003655252986454e-05,-1.5013586217624202e-05,-2.8491941503181826e-05,-1.5056244778641068e-06,-2.9999258217481063e-05,-7.511617133859616e-10,0.0,1.0,0.0,-0.6321484974533881
floor,1.1,8,0.0001,arrival_first,-5.000473955815687e-05,5.000473955815687e-05,-5.002567953245792e-05,-9.500093297901913e-05,-5.009858173252734e-06,-9.999802514357726e-05,-1.988094785095503e-09,0.0,1.0,0.0,-2.5002369779078437,-4.9986337902693245e-05,4.9986337902693245e-05,-4.9971531151931865e-05,-9.50061845606926e-05,-4.958749857728697e-06,-9.999782204134997e-05,-1.938523181560514e-09,0.0,1.0,0.0,-2.106130228999691
floor,1.1,8,0.0001,departure_first,-5.000473955815687e-05,5.000473955815687e-05,-5.002567953245792e-05,-9.500093297901913e-05,-5.009858173252734e-06,-9.999802514357726e-05,-1.988094785095503e-09,0.0,1.0,0.0,-2.5002369779078437,-4.9986159201275974e-05,4.9986159201275974e-05,-4.997131213567384e-05,-9.50060992011454e-05,-4.958684255116818e-06,-9.999782204134997e-05,-1.938523181560514e-09,0.0,1.0,0.0,-2.1061443403793425
floor,1.1,8,0.0001,insertion_order,-5.000473955815687e-05,5.000473955815687e-05,-5.002567953245792e-05,-9.500093297901913e-05,-5.009858173252734e-06,-9.999802514357726e-05,-1.988094785095503e-09,0.0,1.0,0.0,-2.5002369779078437,-4.9986337902693245e-05,4.9986337902693245e-05,-4.9971531151931865e-05,-9.50061845606926e-05,-4.958749857728697e-06,-9.999782204134997e-05,-1.938523181560514e-09,0.0,1.0,0.0,-2.106130228999691
floor,1.1,8,0.0003,arrival_first,-0.0001498813432566385,0.0001498813432566385,-0.0001497460586657932,-0.00028502719384808486,-1.4964711923918634e-05,-0.00029999496197585053,-6.70940304795901e-09,0.0,1.0,0.0,-7.494067162831925,-0.00014994512581237464,0.00014994512581237464,-0.00014994275300363977,-0.00028505638020390086,-1.4879350193579863e-05,-0.0002999957288597735,-7.590622814503124e-09,0.0,1.0,0.0,-6.318810647158377
floor,1.1,8,0.0003,departure_first,-0.0001498813432566385,0.0001498813432566385,-0.0001497460586657932,-0.00028502719384808486,-1.4964711923918637e-05,-0.00029999496197585053,-6.70940304795901e-09,0.0,1.0,0.0,-7.494067162831925,-0.0001499463423798731,0.0001499463423798731,-0.0001499416550225259,-0.00028505798168780886,-1.4880187605800866e-05,-0.0002999957288597735,-7.59038028258265e-09,0.0,1.0,0.0,-6.318742288046342
floor,1.1,8,0.0003,insertion_order,-0.0001498813432566385,0.0001498813432566385,-0.0001497460586657932,-0.00028502719384808486,-1.4964711923918634e-05,-0.00029999496197585053,-6.70940304795901e-09,0.0,1.0,0.0,-7.494067162831925,-0.00014994512581237464,0.00014994512581237464,-0.00014994275300363977,-0.00028505638020390086,-1.4879350193579863e-05,-0.0002999957288597735,-7.590622814503124e-09,0.0,1.0,0.0,-6.318810647158377
floor,1.1,8,0.001,arrival_first,-0.0005000461402978054,0.0005000461402978054,-0.0005001025908162167,-0.0009500623859063732,-4.994407360148527e-05,-0.0009999809734532997,-2.751191156373049e-08,0.0,1.0,0.0,-25.002307014890267,-0.0005000997034198498,0.0005000997034198498,-0.0005005707305986061,-0.0009500257097212146,-5.000510507434258e-05,-0.0009999838759710865,-2.656133737498114e-08,0.0,1.0,0.0,-21.0780122671738
floor,1.1,8,0.001,departure_first,-0.0005000461402978054,0.0005000461402978054,-0.0005001025908162167,-0.0009500623859063732,-4.994407360148527e-05,-0.0009999809734532997,-2.751191156373049e-08,0.0,1.0,0.0,-25.002307014890267,-0.000500103633447719,0.000500103633447719,-0.0005005897190057576,-0.0009500129620988027,-5.001477242709853e-05,-0.0009999838759710865,-2.656133737498114e-08,0.0,1.0,0.0,-21.079143226524426
floor,1.1,8,0.001,insertion_order,-0.0005000461402978054,0.0005000461402978054,-0.0005001025908162167,-0.0009500623859063732,-4.994407360148527e-05,-0.0009999809734532997,-2.751191156373049e-08,0.0,1.0,0.0,-25.002307014890267,-0.0005000997034198498,0.0005000997034198498,-0.0005005707305986061,-0.0009500257097212146,-5.000510507434258e-05,-0.0009999838759710865,-2.656133737498114e-08,0.0,1.0,0.0,-21.0780122671738
floor,1.1,8,0.003,arrival_first,-0.0015004281402985998,0.0015004281402985998,-0.001501318269189748,-0.0028490250509427524,-0.00015023316616861874,-0.00299994931974652,-8.100023478618823e-08,0.0,1.0,0.0,-75.02140701492999,-0.001498936414796785,0.001498936414796785,-0.0014987915589189202,-0.002849895206980491,-0.00014979337184011464,-0.0029999243233892114,-8.265887360807873e-08,0.0,1.0,0.0,-63.209710213917816
floor,1.1,8,0.003,departure_first,-0.0015004281402985998,0.0015004281402985998,-0.001501318269189748,-0.0028490250509427524,-0.00015023316616861874,-0.00299994931974652,-8.100023478618823e-08,0.0,1.0,0.0,-75.02140701492999,-0.001498936159170617,0.001498936159170617,-0.0014988103434812286,-0.0028498176714164573,-0.00014977921302528787,-0.0029999243233892114,-8.705124089093223e-08,0.0,1.0,0.0,-63.21379807098986
floor,1.1,8,0.003,insertion_order,-0.0015004281402985998,0.0015004281402985998,-0.001501318269189748,-0.0028490250509427524,-0.00015023316616861874,-0.00299994931974652,-8.100023478618823e-08,0.0,1.0,0.0,-75.02140701492999,-0.001498936414796785,0.001498936414796785,-0.0014987915589189202,-0.002849895206980491,-0.00014979337184011464,-0.0029999243233892114,-8.265887360807873e-08,0.0,1.0,0.0,-63.209710213917816
floor,1.1,8,0.01,arrival_first,-0.005000994140300165,0.005000994140300165,-0.005000534649540592,-0.009497329869609529,-0.0005018833515032391,-0.009999779127610964,-2.0676588974311016e-07,0.0,1.0,0.0,-250.0497070150082,-0.004991266234106977,0.004991266234106977,-0.004981580438275129,-0.009499625531791072,-0.00049879857765718,-0.00999977287500595,-3.2257780887834374e-07,0.0,1.0,0.0,-210.7851359191048
floor,1.1,8,0.01,departure_first,-0.005000994140300165,0.005000994140300165,-0.005000534649540592,-0.009497329869609529,-0.0005018833515032391,-0.009999779127610964,-2.0676588974311016e-07,0.0,1.0,0.0,-250.0497070150082,-0.0049916519546420205,0.0049916519546420205,-0.0049818078537609,-0.009499683981313683,-0.0004990193693613784,-0.009999765429417589,-3.2257768761238353e-07,0.0,1.0,0.0,-210.85012899735042
floor,1.1,8,0.01,insertion_order,-0.005000994140300165,0.005000994140300165,-0.005000534649540592,-0.009497329869609529,-0.0005018833515032391,-0.009999779127610964,-2.0676588974311016e-07,0.0,1.0,0.0,-250.0497070150082,-0.004991266234106977,0.004991266234106977,-0.004981580438275129,-0.009499625531791072,-0.00049879857765718,-0.00999977287500595,-3.2257780887834374e-07,0.0,1.0,0.0,-210.7851359191048
floor,1.1,8,0.03,arrival_first,-0.014997574141872184,0.014997574141872184,-0.015001254540735923,-0.02849912309087055,-0.0015046230018272908,-0.029999552291004268,-5.722286308203669e-07,0.0,1.0,0.0,-749.8787070936091,-0.014934230888219461,0.014934230888219461,-0.014899101388533512,-0.028483724467220205,-0.0014831043350571546,-0.029999368420748285,-7.247738880736265e-07,0.0,1.0,0.0,-634.0760411365295
floor,1.1,8,0.03,departure_first,-0.014997574141872184,0.014997574141872184,-0.015001254540735923,-0.02849912309087055,-0.0015046230018272908,-0.029999552291004268,-5.722286308203669e-07,0.0,1.0,0.0,-749.8787070936091,-0.014935745064283463,0.014935745064283463,-0.014902472554429025,-0.028484590721100045,-0.001483122315801655,-0.029999368420475438,-6.503785613893679e-07,0.0,1.0,0.0,-634.3875031776292
floor,1.1,8,0.03,insertion_order,-0.014997574141872184,0.014997574141872184,-0.015001254540735923,-0.02849912309087055,-0.0015046230018272908,-0.029999552291004268,-5.722286308203669e-07,0.0,1.0,0.0,-749.8787070936091,-0.014934230888219461,0.014934230888219461,-0.014899101388533512,-0.028483724467220205,-0.0014831043350571546,-0.029999368420748285,-7.247738880736265e-07,0.0,1.0,0.0,-634.0760411365295
floor,1.1,8,0.1,arrival_first,-0.05002344747268725,0.05002344747268725,-0.05004496054809048,-0.0949913826969138,-0.005015650960272081,-0.09999809721493876,-3.206466984314223e-06,0.0,1.0,0.0,-2501.1723736343624,-0.049159093210999996,0.049159093210999996,-0.048776215767302136,-0.09473931775766978,-0.004766757834527317,-0.0999972522446834,-2.1912019445693986e-06,0.0,1.0,0.0,-2121.7624322185047
floor,1.1,8,0.1,departure_first,-0.05002344747268725,0.05002344747268725,-0.05004496054809048,-0.0949913826969138,-0.005015650960272081,-0.09999809721493876,-3.206466984314223e-06,0.0,1.0,0.0,-2501.1723736343624,-0.049159562511531446,0.049159562511531446,-0.04876942596436691,-0.09473891427502373,-0.004768227309368764,-0.09999701990824797,-2.191201702037478e-06,0.0,1.0,0.0,-2124.4968757907827
floor,1.1,8,0.1,insertion_order,-0.05002344747268725,0.05002344747268725,-0.05004496054809048,-0.0949913826969138,-0.005015650960272081,-0.09999809721493876,-3.206466984314223e-06,0.0,1.0,0.0,-2501.1723736343624,-0.049159093210999996,0.049159093210999996,-0.048776215767302136,-0.09473931775766978,-0.004766757834527317,-0.0999972522446834,-2.1912019445693986e-06,0.0,1.0,0.0,-2121.7624322185047
floor,1.1,16,1e-05,arrival_first,-5.001099532209385e-06,5.001099532209385e-06,-5.001238772213886e-06,-9.501315833707243e-06,-5.034201937329884e-07,-9.999799749493831e-06,-1.975119327350209e-10,0.0,1.0,0.0,-0.25005497661046927,-4.99700988138965e-06,4.99700988138965e-06,-4.994449273019892e-06,-9.50248885596484e-06,-4.989871440961159e-07,-9.999704671444926e-06,-2.3585051434997044e-10,0.0,1.0,0.0,-0.22191514044116648
floor,1.1,16,1e-05,departure_first,-5.001099532209385e-06,5.001099532209385e-06,-5.001238772213886e-06,-9.501315833707243e-06,-5.034201937329884e-07,-9.999799749493831e-06,-1.975119327350209e-10,0.0,1.0,0.0,-0.25005497661046927,-4.997009683365752e-06,4.997009683365752e-06,-4.994459038565208e-06,-9.502528021619726e-06,-4.989637684945687e-07,-9.999704671444926e-06,-2.3585051434997044e-10,0.0,1.0,0.0,-0.2219146319541329
floor,1.1,16,1e-05,insertion_order,-5.001099532209385e-06,5.001099532209385e-06,-5.001238772213886e-06,-9.501315833707243e-06,-5.034201937329884e-07,-9.999799749493831e-06,-1.975119327350209e-10,0.0,1.0,0.0,-0.25005497661046927,-4.99700988138965e-06,4.99700988138965e-06,-4.994449273019892e-06,-9.50248885596484e-06,-4.989871440961159e-07,-9.999704671444926e-06,-2.3585051434997044e-10,0.0,1.0,0.0,-0.22191514044116648
floor,1.1,16,3e-05,arrival_first,-1.4998434408963778e-05,1.4998434408963778e-05,-1.4989322274535273e-05,-2.8498981875297126e-05,-1.504903621025735e-06,-2.9999327186184625e-05,-7.25534240094324e-10,0.0,1.0,0.0,-0.7499217204481889,-1.4998184513514091e-05,1.4998184513514091e-05,-1.4988757396870418e-05,-2.8500168327920018e-05,-1.4958119768126434e-06,-2.9999200579609286e-05,-5.700597232686603e-10,0.0,1.0,0.0,-0.6660030895139715
floor,1.1,16,3e-05,departure_first,-1.4998434408963778e-05,1.4998434408963778e-05,-1.4989322274535273e-05,-2.8498981875297126e-05,-1.504903621025735e-06,-2.9999327186184625e-05,-7.25534240094324e-10,0.0,1.0,0.0,-0.7499217204481889,-1.4998182149077166e-05,1.4998182149077166e-05,-1.498870889243569e-05,-2.850009283858454e-05,-1.495754302970182e-06,-2.9999200579609286e-05,-5.700597232686603e-10,0.0,1.0,0.0,-0.6659884817594512
floor,1.1,16,3e-05,insertion_order,-1.4998434408963778e-05,1.4998434408963778e-05,-1.4989322274535273e-05,-2.8498981875297126e-05,-1.504903621025735e-06,-2.9999327186184625e-05,-7.25534240094324e-10,0.0,1.0,0.0,-0.7499217204481889,-1.4998184513514091e-05,1.4998184513514091e-05,-1.4988757396870418e-05,-2.8500168327920018e-05,-1.4958119768126434e-06,-2.9999200579609286e-05,-5.700597232686603e-10,0.0,1.0,0.0,-0.6660030895139715
floor,1.1,16,0.0001,arrival_first,-5.0004540456780286e-05,5.0004540456780286e-05,-5.0021439862272624e-05,-9.499009189767093e-05,-4.9695737576864095e-06,-9.999781802131717e-05,-2.0295374270062894e-09,0.0,1.0,0.0,-2.500227022839014,-5.000725768868352e-05,5.000725768868352e-05,-5.001799625181218e-05,-9.501119686849895e-05,-5.037742455717088e-06,-9.999759793907966e-05,-2.6396446297279514e-09,0.0,1.0,0.0,-2.2209458378390865
floor,1.1,16,0.0001,departure_first,-5.0004540456780286e-05,5.0004540456780286e-05,-5.0021439862272624e-05,-9.499009189767093e-05,-4.9695737576864095e-06,-9.999781802131717e-05,-2.0295374270062894e-09,0.0,1.0,0.0,-2.500227022839014,-5.00075014914298e-05,5.00075014914298e-05,-5.001809725867429e-05,-9.501132937105901e-05,-5.038286754679308e-06,-9.999759793907966e-05,-2.6396446297279514e-09,0.0,1.0,0.0,-2.2209766764080268
floor,1.1,16,0.0001,insertion_order,-5.0004540456780286e-05,5.0004540456780286e-05,-5.0021439862272624e-05,-9.499009189767093e-05,-4.9695737576864095e-06,-9.999781802131717e-05,-2.0295374270062894e-09,0.0,1.0,0.0,-2.500227022839014,-5.000725768868352e-05,5.000725768868352e-05,-5.001799625181218e-05,-9.501119686849895e-05,-5.037742455717088e-06,-9.999759793907966e-05,-2.6396446297279514e-09,0.0,1.0,0.0,-2.2209458378390865
floor,1.1,16,0.0003,arrival_first,-0.00015007047748898366,0.00015007047748898366,-0.0001500570705654051,-0.0002849564612294368,-1.5092289075558584e-05,-0.00029999298679589024,-5.285680041803668e-09,0.0,1.0,0.0,-7.503523874449184,-0.00014999248513220594,0.00014999248513220594,-0.00014998106639104147,-0.00028505967427023735,-1.491890423123771e-05,-0.00029999236059954535,-6.309643894632696e-09,0.0,1.0,0.0,-6.660102666625082
floor,1.1,16,0.0003,departure_first,-0.00015007047748898366,0.00015007047748898366,-0.0001500570705654051,-0.0002849564612294368,-1.5092289075558584e-05,-0.00029999298679589024,-5.285680041803668e-09,0.0,1.0,0.0,-7.503523874449184,-0.00014999376269665178,0.00014999376269665178,-0.000149982924636437,-0.00028505680344377104,-1.491888069377086e-05,-0.00029999236059954535,-6.309643894632696e-09,0.0,1.0,0.0,-6.660234602531832
floor,1.1,16,0.0003,insertion_order,-0.00015007047748898366,0.00015007047748898366,-0.0001500570705654051,-0.0002849564612294368,-1.5092289075558584e-05,-0.00029999298679589024,-5.285680041803668e-09,0.0,1.0,0.0,-7.503523874449184,-0.00014999248513220594,0.00014999248513220594,-0.00014998106639104147,-0.00028505967427023735,-1.491890423123771e-05,-0.00029999236059954535,-6.309643894632696e-09,0.0,1.0,0.0,-6.660102666625082
floor,1.1,16,0.001,arrival_first,-0.0005000868745314723,0.0005000868745314723,-0.0005003194079260235,-0.000949809727100425,-4.9903181614657496e-05,-0.0009999750934487869,-1.9743341302576785e-08,0.0,1.0,0.0,-25.004343726573612,-0.0005000609616369547,0.0005000609616369547,-0.0004999829694072216,-0.0009499463587322358,-4.997290088432621e-05,-0.0009999766082654932,-2.349472220849099e-08,0.0,1.0,0.0,-22.21325539544324
floor,1.1,16,0.001,departure_first,-0.0005000868745314723,0.0005000868745314723,-0.0005003194079260235,-0.000949809727100425,-4.9903181614657496e-05,-0.0009999750934487869,-1.9743341302576785e-08,0.0,1.0,0.0,-25.004343726573612,-0.0005000295580995971,0.0005000295580995971,-0.0004999418975214022,-0.0009499504460977675,-4.997329505604443e-05,-0.0009999766082654932,-2.3494964740411462e-08,0.0,1.0,0.0,-22.212114133971443
floor,1.1,16,0.001,insertion_order,-0.0005000868745314723,0.0005000868745314723,-0.0005003194079260235,-0.000949809727100425,-4.9903181614657496e-05,-0.0009999750934487869,-1.9743341302576785e-08,0.0,1.0,0.0,-25.004343726573612,-0.0005000609616369547,0.0005000609616369547,-0.0004999829694072216,-0.0009499463587322358,-4.997290088432621e-05,-0.0009999766082654932,-2.349472220849099e-08,0.0,1.0,0.0,-22.21325539544324
floor,1.1,16,0.003,arrival_first,-0.0014996588745320163,0.0014996588745320163,-0.0014993962885303822,-0.0028496641515160567,-0.00015005105476272265,-0.00299990655342602,-7.514963726862333e-08,0.0,1.0,0.0,-74.98294372660081,-0.0015002842626733106,0.0015002842626733106,-0.0014998075328852693,-0.0028501027649649115,-0.00015066876091525638,-0.0029999283815616393,-8.100903380557171e-08,0.0,1.0,0.0,-66.68099983806468
floor,1.1,16,0.003,departure_first,-0.0014996588745320163,0.0014996588745320163,-0.0014993962885303822,-0.0028496641515160567,-0.00015005105476272265,-0.00299990655342602,-7.514963726862333e-08,0.0,1.0,0.0,-74.98294372660081,-0.001500178331146782,0.001500178331146782,-0.0014996852530699965,-0.0028502418905251175,-0.00015055135856724503,-0.002999928381501006,-8.100903380557171e-08,0.0,1.0,0.0,-66.6756784972041
floor,1.1,16,0.003,insertion_order,-0.0014996588745320163,0.0014996588745320163,-0.0014993962885303822,-0.0028496641515160567,-0.00015005105476272265,-0.00299990655342602,-7.514963726862333e-08,0.0,1.0,0.0,-74.98294372660081,-0.0015002842626733106,0.0015002842626733106,-0.0014998075328852693,-0.0028501027649649115,-0.00015066876091525638,-0.0029999283815616393,-8.100903380557171e-08,0.0,1.0,0.0,-66.68099983806468
floor,1.1,16,0.01,arrival_first,-0.005001476207867003,0.005001476207867003,-0.005005653543851925,-0.009500043520883992,-0.0005002333734152377,-0.009999727188551332,-2.1484074750333093e-07,0.0,1.0,0.0,-250.07381039335013,-0.0049937312845982585,0.0049937312845982585,-0.004991517208052507,-0.009500258234981868,-0.0004971676704239139,-0.00999978691044496,-2.731480222494901e-07,0.0,1.0,0.0,-222.56099012612864
floor,1.1,16,0.01,departure_first,-0.005001476207867003,0.005001476207867003,-0.005005653543851925,-0.009500043520883992,-0.0005002333734152377,-0.009999727188551332,-2.1484074750333093e-07,0.0,1.0,0.0,-250.07381039335013,-0.004993814511333859,0.004993814511333859,-0.004991687849693972,-0.009499954127233413,-0.0004970373625006197,-0.009999751118749244,-2.8770384731327534e-07,0.0,1.0,0.0,-222.57006038608742
floor,1.1,16,0.01,insertion_order,-0.005001476207867003,0.005001476207867003,-0.005005653543851925,-0.009500043520883992,-0.0005002333734152377,-0.009999727188551332,-2.1484074750333093e-07,0.0,1.0,0.0,-250.07381039335013,-0.0049937312845982585,0.0049937312845982585,-0.004991517208052507,-0.009500258234981868,-0.0004971676704239139,-0.00999978691044496,-2.731480222494901e-07,0.0,1.0,0.0,-222.56099012612864
floor,1.1,16,0.03,arrival_first,-0.015011182876106059,0.015011182876106059,-0.015015143518394326,-0.02850222532544194,-0.0015017811912745578,-0.029999223584612385,-5.548909030039795e-07,0.0,1.0,0.0,-750.5591438053029,-0.014926293535062616,0.014926293535062616,-0.014890307883408973,-0.028480033796695836,-0.0014852055958925717,-0.029999285432135946,-6.282028886907727e-07,0.0,1.0,0.0,-669.67293241528
floor,1.1,16,0.03,departure_first,-0.015011182876106059,0.015011182876106059,-0.015015143518394326,-0.02850222532544194,-0.0015017811912745578,-0.029999223584612385,-5.548909030039795e-07,0.0,1.0,0.0,-750.5591438053029,-0.01492721429126929,0.01492721429126929,-0.01489243295170575,-0.02847937346743301,-0.0014845106269429221,-0.02999934685590365,-6.26390149476482e-07,0.0,1.0,0.0,-669.991207903496
floor,1.1,16,0.03,insertion_order,-0.015011182876106059,0.015011182876106059,-0.015015143518394326,-0.02850222532544194,-0.0015017811912745578,-0.029999223584612385,-5.548909030039795e-07,0.0,1.0,0.0,-750.5591438053029,-0.014926293535062616,0.014926293535062616,-0.014890307883408973,-0.028480033796695836,-0.0014852055958925717,-0.029999285432135946,-6.282028886907727e-07,0.0,1.0,0.0,-669.67293241528
floor,1.1,16,0.1,arrival_first,-0.04997475620692112,0.04997475620692112,-0.049967244808673664,-0.09498861957674004,-0.005008249546923868,-0.09999791237696627,-1.8532448848418426e-06,0.0,1.0,0.0,-2498.737810346056,-0.04916397819697247,0.04916397819697247,-0.0487258752558422,-0.09475685270529265,-0.004791615739705204,-0.09999802591828545,-1.9685344943077502e-06,0.0,1.0,0.0,-2251.8895787576052
floor,1.1,16,0.1,departure_first,-0.04997475620692112,0.04997475620692112,-0.049967244808673664,-0.09498861957674004,-0.005008249546923868,-0.09999791237696627,-1.8532448848418426e-06,0.0,1.0,0.0,-2498.737810346056,-0.049172051044243874,0.049172051044243874,-0.04874278952839607,-0.09475146920608307,-0.004794481037101511,-0.09999802591828545,-2.0418843230889426e-06,0.0,1.0,0.0,-2253.454458897232
floor,1.1,16,0.1,insertion_order,-0.04997475620692112,0.04997475620692112,-0.049967244808673664,-0.09498861957674004,-0.005008249546923868,-0.09999791237696627,-1.8532448848418426e-06,0.0,1.0,0.0,-2498.737810346056,-0.04916397819697247,0.04916397819697247,-0.0487258752558422,-0.09475685270529265,-0.004791615739705204,-0.09999802591828545,-1.9685344943077502e-06,0.0,1.0,0.0,-2251.8895787576052
floor,1.25,1,1e-05,arrival_first,-4.996789515706041e-06,4.996789515706041e-06,-4.995481443377988e-06,-9.501389236750886e-06,-4.971540950767434e-07,-9.999806782919526e-06,-2.0700099412351846e-10,0.0,1.0,0.0,-0.24983947578530205,-5.003477905774322e-06,5.003477905774322e-06,-5.006862307687631e-06,-9.500482334354905e-06,-4.985409434613357e-07,-9.999550224685145e-06,-3.226239633086214e-10,0.0,1.0,0.0,-0.11120153399974547
floor,1.25,1,1e-05,departure_first,-4.996789515706041e-06,4.996789515706041e-06,-4.995481443377988e-06,-9.501389236750886e-06,-4.971540950767434e-07,-9.999806782919526e-06,-2.0700099412351846e-10,0.0,1.0,0.0,-0.24983947578530205,-5.003446976071318e-06,5.003446976071318e-06,-5.006872143584311e-06,-9.500472387503067e-06,-4.985300090706626e-07,-9.999550224685145e-06,-3.226239633086214e-10,0.0,1.0,0.0,-0.11120134578626831
floor,1.25,1,1e-05,insertion_order,-4.996789515706041e-06,4.996789515706041e-06,-4.995481443377988e-06,-9.501389236750886e-06,-4.971540950767434e-07,-9.999806782919526e-06,-2.0700099412351846e-10,0.0,1.0,0.0,-0.24983947578530205,-5.003477905774322e-06,5.003477905774322e-06,-5.006862307687631e-06,-9.500482334354905e-06,-4.985409434613357e-07,-9.999550224685145e-06,-3.226239633086214e-10,0.0,1.0,0.0,-0.11120153399974547
floor,1.25,1,3e-05,arrival_first,-1.499756420390228e-05,1.499756420390228e-05,-1.499292757216608e-05,-2.8501397922203374e-05,-1.5004039020520112e-06,-2.9999276527329737e-05,-6.624759407714009e-10,0.0,1.0,0.0,-0.749878210195114,-1.500520077106153e-05,1.500520077106153e-05,-1.5007985624081697e-05,-2.8510404746493574e-05,-1.5129843520681327e-06,-2.99982085727471e-05,-1.2643893617288644e-09,0.0,1.0,0.0,-0.33348652540562845
floor,1.25,1,3e-05,departure_first,-1.499756420390228e-05,1.499756420390228e-05,-1.499292757216608e-05,-2.8501397922203374e-05,-1.5004039020520112e-06,-2.9999276527329737e-05,-6.624759407714009e-10,0.0,1.0,0.0,-0.749878210195114,-1.500512408328525e-05,1.500512408328525e-05,-1.500785721350482e-05,-2.8510288268199536e-05,-1.5128725284245647e-06,-2.99982085727471e-05,-1.2643893617288644e-09,0.0,1.0,0.0,-0.3334928417610332
floor,1.25,1,3e-05,insertion_order,-1.499756420390228e-05,1.499756420390228e-05,-1.499292757216608e-05,-2.8501397922203374e-05,-1.5004039020520112e-06,-2.9999276527329737e-05,-6.624759407714009e-10,0.0,1.0,0.0,-0.749878210195114,-1.500520077106153e-05,1.500520077106153e-05,-1.5007985624081697e-05,-2.8510404746493574e-05,-1.5129843520681327e-06,-2.99982085727471e-05,-1.2643893617288644e-09,0.0,1.0,0.0,-0.33348652540562845
floor,1.25,1,0.0001,arrival_first,-4.9990403661514094e-05,4.9990403661514094e-05,-5.000147531670033e-05,-9.499807251207434e-05,-4.985616613642689e-06,-9.999811703285862e-05,-1.884412389093389e-09,0.0,1.0,0.0,-2.4995201830757043,-4.992452510333853e-05,4.992452510333853e-05,-4.98990053354055e-05,-9.498572325800942e-05,-4.977246835810927e-06,-9.999597979782918e-05,-3.3487306099385292e-09,0.0,1.0,0.0,-1.10956366790826
floor,1.25,1,0.0001,departure_first,-4.9990403661514094e-05,4.9990403661514094e-05,-5.000147531670033e-05,-9.499807251207434e-05,-4.985616613642689e-06,-9.999811703285862e-05,-1.884412389093389e-09,0.0,1.0,0.0,-2.4995201830757043,-4.992475219212509e-05,4.992475219212509e-05,-4.989996676764682e-05,-9.498598770849187e-05,-4.977316156815538e-06,-9.999597979782918e-05,-3.3487306099385292e-09,0.0,1.0,0.0,-1.1096403701711908
floor,1.25,1,0.0001,insertion_order,-4.9990403661514094e-05,4.9990403661514094e-05,-5.000147531670033e-05,-9.499807251207434e-05,-4.985616613642689e-06,-9.999811703285862e-05,-1.884412389093389e-09,0.0,1.0,0.0,-2.4995201830757043,-4.992452510333853e-05,4.992452510333853e-05,-4.98990053354055e-05,-9.498572325800942e-05,-4.977246835810927e-06,-9.999597979782918e-05,-3.3487306099385292e-09,0.0,1.0,0.0,-1.10956366790826
floor,1.25,1,0.0003,arrival_first,-0.00015008060691246194,0.00015008060691246194,-0.0001501236589774635,-0.0002850244726020416,-1.5063840352619724e-05,-0.00029999407709813873,-7.84763566722783e-09,0.0,1.0,0.0,-7.504030345623096,-0.0001498254175899916,0.0001498254175899916,-0.00014981157159479005,-0.00028492891795321896,-1.491223324682237e-05,-0.0002999867684900483,-1.3045738892630831e-08,0.0,1.0,0.0,-3.3298595665505903
floor,1.25,1,0.0003,departure_first,-0.00015008060691246194,0.00015008060691246194,-0.0001501236589774635,-0.0002850244726020416,-1.5063840352619724e-05,-0.00029999407709813873,-7.84763566722783e-09,0.0,1.0,0.0,-7.504030345623096,-0.00014982601780103876,0.00014982601780103876,-0.00014982267601691546,-0.00028493184282931197,-1.4915613303969818e-05,-0.0002999867684900483,-1.3045738892630831e-08,0.0,1.0,0.0,-3.3304124763305576
floor,1.25,1,0.0003,insertion_order,-0.00015008060691246194,0.00015008060691246194,-0.0001501236589774635,-0.0002850244726020416,-1.5063840352619724e-05,-0.00029999407709813873,-7.84763566722783e-09,0.0,1.0,0.0,-7.504030345623096,-0.0001498254175899916,0.0001498254175899916,-0.00014981157159479005,-0.00028492891795321896,-1.491223324682237e-05,-0.0002999867684900483,-1.3045738892630831e-08,0.0,1.0,0.0,-3.3298595665505903
floor,1.25,1,0.001,arrival_first,-0.0004997300043123395,0.0004997300043123395,-0.0005000090526057951,-0.0009500643488672722,-4.9760732740651376e-05,-0.0009999771819821034,-1.8867073473908627e-08,0.0,1.0,0.0,-24.986500215616978,-0.0004998707741164859,0.0004998707741164859,-0.0004995896445369683,-0.0009496004387382009,-4.988752636211112e-05,-0.0009999588716103184,-6.443441641889221e-08,0.0,1.0,0.0,-11.10922120114343
floor,1.25,1,0.001,departure_first,-0.0004997300043123395,0.0004997300043123395,-0.0005000090526057951,-0.0009500643488672722,-4.9760732740651376e-05,-0.0009999771819821034,-1.8867073473908627e-08,0.0,1.0,0.0,-24.986500215616978,-0.000499856526262604,0.000499856526262604,-0.0004995889160092739,-0.0009495823570609389,-4.987628924657299e-05,-0.0009999588716103184,-6.443441641889221e-08,0.0,1.0,0.0,-11.11535570450572
floor,1.25,1,0.001,insertion_order,-0.0004997300043123395,0.0004997300043123395,-0.0005000090526057951,-0.0009500643488672722,-4.9760732740651376e-05,-0.0009999771819821034,-1.8867073473908627e-08,0.0,1.0,0.0,-24.986500215616978,-0.0004998707741164859,0.0004998707741164859,-0.0004995896445369683,-0.0009496004387382009,-4.988752636211112e-05,-0.0009999588716103184,-6.443441641889221e-08,0.0,1.0,0.0,-11.10922120114343
floor,1.25,1,0.003,arrival_first,-0.001499190004310906,0.001499190004310906,-0.0014988493109891958,-0.002849274855822538,-0.0001498710002094112,-0.0029999126193312503,-9.675565403692113e-08,0.0,1.0,0.0,-74.9595002155453,-0.0014999892146044115,0.0014999892146044115,-0.0014998551890671086,-0.0028507149039445827,-0.0001497287581888972,-0.002999823658704774,-1.6147119459274568e-07,0.0,1.0,0.0,-33.336508585779704
floor,1.25,1,0.003,departure_first,-0.001499190004310906,0.001499190004310906,-0.0014988493109891958,-0.002849274855822538,-0.0001498710002094112,-0.0029999126193312503,-9.675565403692113e-08,0.0,1.0,0.0,-74.9595002155453,-0.0015000968142459305,0.0015000968142459305,-0.0014999958351488353,-0.0028506930395103256,-0.00014985629803497183,-0.002999823658704774,-1.579349795423346e-07,0.0,1.0,0.0,-33.394804522156235
floor,1.25,1,0.003,insertion_order,-0.001499190004310906,0.001499190004310906,-0.0014988493109891958,-0.002849274855822538,-0.0001498710002094112,-0.0029999126193312503,-9.675565403692113e-08,0.0,1.0,0.0,-74.9595002155453,-0.0014999892146044115,0.0014999892146044115,-0.0014998551890671086,-0.0028507149039445827,-0.0001497287581888972,-0.002999823658704774,-1.6147119459274568e-07,0.0,1.0,0.0,-33.336508585779704
floor,1.25,1,0.01,arrival_first,-0.004996906670972866,0.004996906670972866,-0.004995440828633946,-0.009499241961333003,-0.0004983504567189821,-0.009999755240914964,-1.9946449659376715e-07,0.0,1.0,0.0,-249.8453335486433,-0.004990887880513845,0.004990887880513845,-0.004985218950771571,-0.009496796333049696,-0.0004999555339246896,-0.009999553371961394,-4.2137107293816156e-07,0.0,1.0,0.0,-110.92383130659887
floor,1.25,1,0.01,departure_first,-0.004996906670972866,0.004996906670972866,-0.004995440828633946,-0.009499241961333003,-0.0004983504567189821,-0.009999755240914964,-1.9946449659376715e-07,0.0,1.0,0.0,-249.8453335486433,-0.004991105489874221,0.004991105489874221,-0.004986583186129869,-0.009496919545102896,-0.0004998172658082339,-0.009999580853259788,-4.2137107293816156e-07,0.0,1.0,0.0,-111.53364199643926
floor,1.25,1,0.01,insertion_order,-0.004996906670972866,0.004996906670972866,-0.004995440828633946,-0.009499241961333003,-0.0004983504567189821,-0.009999755240914964,-1.9946449659376715e-07,0.0,1.0,0.0,-249.8453335486433,-0.004990887880513845,0.004990887880513845,-0.004985218950771571,-0.009496796333049696,-0.0004999555339246896,-0.009999553371961394,-4.2137107293816156e-07,0.0,1.0,0.0,-110.92383130659887
floor,1.25,1,0.03,arrival_first,-0.015005640005694015,0.015005640005694015,-0.015012495558266892,-0.02849802324965822,-0.0014975207662731335,-0.029999446301159576,-6.200911229825579e-07,0.0,1.0,0.0,-750.2820002847008,-0.01493576306066249,0.01493576306066249,-0.014906936746067126,-0.02847168365811757,-0.001489703733775399,-0.02999832615624701,-1.5783032907828777e-06,0.0,1.0,0.0,-331.92103967666264
floor,1.25,1,0.03,departure_first,-0.015005640005694015,0.015005640005694015,-0.015012495558266892,-0.02849802324965822,-0.0014975207662731335,-0.029999446301159576,-6.200911229825579e-07,0.0,1.0,0.0,-750.2820002847008,-0.014938435037391555,0.014938435037391555,-0.014915159195322996,-0.028472266177099134,-0.0014917189150135577,-0.029998398549514842,-1.4951365949842504e-06,0.0,1.0,0.0,-337.4382349357401
floor,1.25,1,0.03,insertion_order,-0.015005640005694015,0.015005640005694015,-0.015012495558266892,-0.02849802324965822,-0.0014975207662731335,-0.029999446301159576,-6.200911229825579e-07,0.0,1.0,0.0,-750.2820002847008,-0.01493576306066249,0.01493576306066249,-0.014906936746067126,-0.02847168365811757,-0.001489703733775399,-0.02999832615624701,-1.5783032907828777e-06,0.0,1.0,0.0,-331.92103967666264
floor,1.25,1,0.1,arrival_first,-0.04998742667019575,0.04998742667019575,-0.04999163206839512,-0.09498400863406611,-0.004982031007762098,-0.0999974009504361,-1.7735327067687952e-06,0.0,1.0,0.0,-2499.3713335097873,-0.04918348740478929,0.04918348740478929,-0.04878005264380115,-0.0947287871570824,-0.004795669335400415,-0.09999570868042663,-6.001172286312293e-06,0.0,1.0,0.0,-1092.206725417807
floor,1.25,1,0.1,departure_first,-0.04998742667019575,0.04998742667019575,-0.04999163206839512,-0.09498400863406611,-0.004982031007762098,-0.0999974009504361,-1.7735327067687952e-06,0.0,1.0,0.0,-2499.3713335097873,-0.04916795473051064,0.04916795473051064,-0.048754390874238704,-0.09472775824891108,-0.0047924212880026225,-0.09999487201571382,-5.017514178485967e-06,0.0,1.0,0.0,-1152.217830438934
floor,1.25,1,0.1,insertion_order,-0.04998742667019575,0.04998742667019575,-0.04999163206839512,-0.09498400863406611,-0.004982031007762098,-0.0999974009504361,-1.7735327067687952e-06,0.0,1.0,0.0,-2499.3713335097873,-0.04918348740478929,0.04918348740478929,-0.04878005264380115,-0.0947287871570824,-0.004795669335400415,-0.09999570868042663,-6.001172286312293e-06,0.0,1.0,0.0,-1092.206725417807
floor,1.25,4,1e-05,arrival_first,-5.002547183992344e-06,5.002547183992344e-06,-5.002695024813874e-06,-9.502825315242566e-06,-5.011197905939003e-07,-9.999815756600582e-06,-2.39469954976812e-10,0.0,1.0,0.0,-0.2501273591996172,-5.0004357120383185e-06,5.0004357120383185e-06,-5.002847932006743e-06,-9.500774052023359e-06,-5.005276802124944e-07,-9.99970488239924e-06,-3.1866259399733937e-10,0.0,1.0,0.0,-0.1756261663065808
floor,1.25,4,1e-05,departure_first,-5.002547183992344e-06,5.002547183992344e-06,-5.002695024813874e-06,-9.502825315242566e-06,-5.011197905939003e-07,-9.999815756600582e-06,-2.39469954976812e-10,0.0,1.0,0.0,-0.2501273591996172,-5.000435547363351e-06,5.000435547363351e-06,-5.002849326374697e-06,-9.500773211361294e-06,-5.005268008341879e-07,-9.99970488239924e-06,-3.1866259399733937e-10,0.0,1.0,0.0,-0.1756261600425998
floor,1.25,4,1e-05,insertion_order,-5.002547183992344e-06,5.002547183992344e-06,-5.002695024813874e-06,-9.502825315242566e-06,-5.011197905939003e-07,-9.999815756600582e-06,-2.39469954976812e-10,0.0,1.0,0.0,-0.2501273591996172,-5.0004357120383185e-06,5.0004357120383185e-06,-5.002847932006743e-06,-9.500774052023359e-06,-5.005276802124944e-07,-9.99970488239924e-06,-3.1866259399733937e-10,0.0,1.0,0.0,-0.1756261663065808
floor,1.25,4,3e-05,arrival_first,-1.4996195204231905e-05,1.4996195204231905e-05,-1.4999437341127002e-05,-2.8504185634877408e-05,-1.4968198903867867e-06,-2.9999418620718644e-05,-6.346757193872085e-10,0.0,1.0,0.0,-0.7498097602115953,-1.5013370235939136e-05,1.5013370235939136e-05,-1.5032772885718686e-05,-2.8494473739457804e-05,-1.5084708014732832e-06,-2.99992702928447e-05,-6.893648525427518e-10,0.0,1.0,0.0,-0.527305084532686
floor,1.25,4,3e-05,departure_first,-1.4996195204231905e-05,1.4996195204231905e-05,-1.4999437341127002e-05,-2.8504185634877408e-05,-1.4968198903867867e-06,-2.9999418620718644e-05,-6.346757193872085e-10,0.0,1.0,0.0,-0.7498097602115953,-1.5013449925307228e-05,1.5013449925307228e-05,-1.5032844851173346e-05,-2.8494449375455926e-05,-1.5084587638342176e-06,-2.99992702928447e-05,-6.893648525427518e-10,0.0,1.0,0.0,-0.5273098853002582
floor,1.25,4,3e-05,insertion_order,-1.4996195204231905e-05,1.4996195204231905e-05,-1.4999437341127002e-05,-2.8504185634877408e-05,-1.4968198903867867e-06,-2.9999418620718644e-05,-6.346757193872085e-10,0.0,1.0,0.0,-0.7498097602115953,-1.5013370235939136e-05,1.5013370235939136e-05,-1.5032772885718686e-05,-2.8494473739457804e-05,-1.5084708014732832e-06,-2.99992702928447e-05,-6.893648525427518e-10,0.0,1.0,0.0,-0.527305084532686
floor,1.25,4,0.0001,arrival_first,-5.0029461329017676e-05,5.0029461329017676e-05,-5.004516339492208e-05,-9.500967606982157e-05,-4.986244415097956e-06,-9.999819433990828e-05,-1.8301458718876044e-09,0.0,1.0,0.0,-2.5014730664508837,-4.999994653169373e-05,4.999994653169373e-05,-5.001145546615025e-05,-9.499642130082044e-05,-5.019000237080807e-06,-9.999708509556887e-05,-2.5688324250168944e-09,0.0,1.0,0.0,-1.7561722207700363
floor,1.25,4,0.0001,departure_first,-5.0029461329017676e-05,5.0029461329017676e-05,-5.004516339492208e-05,-9.500967606982157e-05,-4.986244415097956e-06,-9.999819433990828e-05,-1.8301458718876044e-09,0.0,1.0,0.0,-2.5014730664508837,-5.0000056492384496e-05,5.0000056492384496e-05,-5.001284035002958e-05,-9.499634343480576e-05,-5.018821666917327e-06,-9.999708509556887e-05,-2.5688324250168944e-09,0.0,1.0,0.0,-1.7561843980657137
floor,1.25,4,0.0001,insertion_order,-5.0029461329017676e-05,5.0029461329017676e-05,-5.004516339492208e-05,-9.500967606982157e-05,-4.986244415097956e-06,-9.999819433990828e-05,-1.8301458718876044e-09,0.0,1.0,0.0,-2.5014730664508837,-4.999994653169373e-05,4.999994653169373e-05,-5.001145546615025e-05,-9.499642130082044e-05,-5.019000237080807e-06,-9.999708509556887e-05,-2.5688324250168944e-09,0.0,1.0,0.0,-1.7561722207700363
floor,1.25,4,0.0003,arrival_first,-0.00015000639791598738,0.00015000639791598738,-0.00015002394560118166,-0.00028495086018817044,-1.502325275547873e-05,-0.0002999954288497975,-5.6409286723161735e-09,0.0,1.0,0.0,-7.500319895799369,-0.00014992613026213941,0.00014992613026213941,-0.0001498901236127703,-0.0002850184012906539,-1.4985176350671462e-05,-0.00029999152406856117,-1.411587470384612e-08,0.0,1.0,0.0,-5.266309366942837
floor,1.25,4,0.0003,departure_first,-0.00015000639791598738,0.00015000639791598738,-0.00015002394560118166,-0.00028495086018817044,-1.502325275547873e-05,-0.0002999954288497975,-5.6409286723161735e-09,0.0,1.0,0.0,-7.500319895799369,-0.0001499285191053889,0.0001499285191053889,-0.0001498883590521514,-0.00028501917405889275,-1.499197254162456e-05,-0.00029999152406856117,-1.411587470384612e-08,0.0,1.0,0.0,-5.2664776747660795
floor,1.25,4,0.0003,insertion_order,-0.00015000639791598738,0.00015000639791598738,-0.00015002394560118166,-0.00028495086018817044,-1.502325275547873e-05,-0.0002999954288497975,-5.6409286723161735e-09,0.0,1.0,0.0,-7.500319895799369,-0.00014992613026213941,0.00014992613026213941,-0.0001498901236127703,-0.0002850184012906539,-1.4985176350671462e-05,-0.00029999152406856117,-1.411587470384612e-08,0.0,1.0,0.0,-5.266309366942837
floor,1.25,4,0.001,arrival_first,-0.00049980479531056,0.00049980479531056,-0.000499987230205079,-0.000949836024757739,-4.97052834915243e-05,-0.0009999764505967809,-2.1655432647094132e-08,0.0,1.0,0.0,-24.990239765528,-0.0004998309280897646,0.0004998309280897646,-0.0004995884907398693,-0.0009498870380386173,-5.016099815619945e-05,-0.0009999782512721883,-3.3169040989516896e-08,0.0,1.0,0.0,-17.559126868653557
floor,1.25,4,0.001,departure_first,-0.00049980479531056,0.00049980479531056,-0.000499987230205079,-0.000949836024757739,-4.97052834915243e-05,-0.0009999764505967809,-2.1655432647094132e-08,0.0,1.0,0.0,-24.990239765528,-0.0004998654576006023,0.0004998654576006023,-0.0004996742922562511,-0.00094988818637092,-5.016036385697563e-05,-0.0009999782512721883,-3.3169040989516896e-08,0.0,1.0,0.0,-17.56133737047985
floor,1.25,4,0.001,insertion_order,-0.00049980479531056,0.00049980479531056,-0.000499987230205079,-0.000949836024757739,-4.97052834915243e-05,-0.0009999764505967809,-2.1655432647094132e-08,0.0,1.0,0.0,-24.990239765528,-0.0004998309280897646,0.0004998309280897646,-0.0004995884907398693,-0.0009498870380386173,-5.016099815619945e-05,-0.0009999782512721883,-3.3169040989516896e-08,0.0,1.0,0.0,-17.559126868653557
floor,1.25,4,0.003,arrival_first,-0.0014988627953111773,0.0014988627953111773,-0.0014980958010407145,-0.0028499440973412974,-0.0001494021413858114,-0.002999940666904877,-5.990089751624813e-08,0.0,1.0,0.0,-74.94313976555887,-0.001499740062217717,0.001499740062217717,-0.0014992660572917423,-0.0028495286839195417,-0.00014991824599857882,-0.0029999206623449234,-6.127788558687834e-08,0.0,1.0,0.0,-52.70978371138259
floor,1.25,4,0.003,departure_first,-0.0014988627953111773,0.0014988627953111773,-0.0014980958010407145,-0.0028499440973412974,-0.0001494021413858114,-0.002999940666904877,-5.990089751624813e-08,0.0,1.0,0.0,-74.94313976555887,-0.0014998153965916907,0.0014998153965916907,-0.0014993682792236935,-0.002849628631271736,-0.0001499117161273713,-0.0029999206623449234,-6.127788558687834e-08,0.0,1.0,0.0,-52.72036582315738
floor,1.25,4,0.003,insertion_order,-0.0014988627953111773,0.0014988627953111773,-0.0014980958010407145,-0.0028499440973412974,-0.0001494021413858114,-0.002999940666904877,-5.990089751624813e-08,0.0,1.0,0.0,-74.94313976555887,-0.001499740062217717,0.001499740062217717,-0.0014992660572917423,-0.0028495286839195417,-0.00014991824599857882,-0.0029999206623449234,-6.127788558687834e-08,0.0,1.0,0.0,-52.70978371138259
floor,1.25,4,0.01,arrival_first,-0.005001344795305869,0.005001344795305869,-0.005001987046580325,-0.00949916987097519,-0.0005004417910337612,-0.00999981684820644,-2.448022617803266e-07,0.0,1.0,0.0,-250.06723976529346,-0.004988593422021527,0.004988593422021527,-0.004978452072630049,-0.009496433433766752,-0.0004989222776435633,-0.00999970716108934,-2.307638120951916e-07,0.0,1.0,0.0,-175.6063116313456
floor,1.25,4,0.01,departure_first,-0.005001344795305869,0.005001344795305869,-0.005001987046580325,-0.00949916987097519,-0.0005004417910337612,-0.00999981684820644,-2.448022617803266e-07,0.0,1.0,0.0,-250.06723976529346,-0.004988670547273499,0.004988670547273499,-0.00497831479179635,-0.009496529146910347,-0.0004987657621428243,-0.009999690229189657,-2.307638120951916e-07,0.0,1.0,0.0,-175.6815717353216
floor,1.25,4,0.01,insertion_order,-0.005001344795305869,0.005001344795305869,-0.005001987046580325,-0.00949916987097519,-0.0005004417910337612,-0.00999981684820644,-2.448022617803266e-07,0.0,1.0,0.0,-250.06723976529346,-0.004988593422021527,0.004988593422021527,-0.004978452072630049,-0.009496433433766752,-0.0004989222776435633,-0.00999970716108934,-2.307638120951916e-07,0.0,1.0,0.0,-175.6063116313456
floor,1.25,4,0.03,arrival_first,-0.015001244796696619,0.015001244796696619,-0.014994308536536967,-0.02850595464918721,-0.0015044470984942894,-0.02999930378600766,-7.954934820493994e-07,0.0,1.0,0.0,-750.062239834831,-0.014913278700999172,0.014913278700999172,-0.014861363623835758,-0.028470874806346254,-0.0014795199536011723,-0.029999146778141632,-7.903610067124505e-07,0.0,1.0,0.0,-527.3633343234907
floor,1.25,4,0.03,departure_first,-0.015001244796696619,0.015001244796696619,-0.014994308536536967,-0.02850595464918721,-0.0015044470984942894,-0.02999930378600766,-7.954934820493994e-07,0.0,1.0,0.0,-750.062239834831,-0.01491371319336865,0.01491371319336865,-0.01486322021054819,-0.02847295692962566,-0.0014771080065851645,-0.029999146778141632,-7.444280428936838e-07,0.0,1.0,0.0,-528.1104932978674
floor,1.25,4,0.03,insertion_order,-0.015001244796696619,0.015001244796696619,-0.014994308536536967,-0.02850595464918721,-0.0015044470984942894,-0.02999930378600766,-7.954934820493994e-07,0.0,1.0,0.0,-750.062239834831,-0.014913278700999172,0.014913278700999172,-0.014861363623835758,-0.028470874806346254,-0.0014795199536011723,-0.029999146778141632,-7.903610067124505e-07,0.0,1.0,0.0,-527.3633343234907
floor,1.25,4,0.1,arrival_first,-0.049977664794526276,0.049977664794526276,-0.04994867991405651,-0.0949891243610288,-0.00500246626330258,-0.09999768340088243,-2.382425251804913e-06,0.0,1.0,0.0,-2498.8832397263136,-0.049120417902321425,0.049120417902321425,-0.048700679650519135,-0.09473178895838143,-0.004734957263085302,-0.09999693895238483,-2.2729428820914704e-06,0.0,1.0,0.0,-1763.1402174501766
floor,1.25,4,0.1,departure_first,-0.049977664794526276,0.049977664794526276,-0.04994867991405651,-0.0949891243610288,-0.00500246626330258,-0.09999768340088243,-2.382425251804913e-06,0.0,1.0,0.0,-2498.8832397263136,-0.049122037761981104,0.049122037761981104,-0.04869671428206881,-0.09473972093618015,-0.004731202720422098,-0.0999970423650564,-2.0835241374202226e-06,0.0,1.0,0.0,-1773.0001283891047
floor,1.25,4,0.1,insertion_order,-0.049977664794526276,0.049977664794526276,-0.04994867991405651,-0.0949891243610288,-0.00500246626330258,-0.09999768340088243,-2.382425251804913e-06,0.0,1.0,0.0,-2498.8832397263136,-0.049120417902321425,0.049120417902321425,-0.048700679650519135,-0.09473178895838143,-0.004734957263085302,-0.09999693895238483,-2.27294288209147e-06,0.0,1.0,0.0,-1763.1402174501766
floor,1.25,8,1e-05,arrival_first,-4.998058024821755e-06,4.998058024821755e-06,-4.997089005579862e-06,-9.499580103996171e-06,-4.983690935963151e-07,-9.99981363444628e-06,-1.900237596904238e-10,6.666666666666667e-07,0.9999993333333334,0.0,-0.24990290124108772,-4.998402614668232e-06,4.998402614668737e-06,-4.997728852635192e-06,-9.50120991332002e-06,-5.000731481670722e-07,-9.999789788424276e-06,-1.666191755747559e-10,8.730345808997494e-07,0.999999126965419,0.0,-0.19195004123763665
floor,1.25,8,1e-05,departure_first,-4.998058024821755e-06,4.998058024821755e-06,-4.997089005579862e-06,-9.499580103996171e-06,-4.983690935963151e-07,-9.99981363444628e-06,-1.900237596904238e-10,6.666666666666667e-07,0.9999993333333334,0.0,-0.24990290124108772,-4.998425360962134e-06,4.998425360962639e-06,-4.9977153185298745e-06,-9.501201074222096e-06,-5.000992358752696e-07,-9.999789788424276e-06,-1.666191755747559e-10,8.730345808997494e-07,0.999999126965419,0.0,-0.1919500894874477
floor,1.25,8,1e-05,insertion_order,-4.998058024821755e-06,4.998058024821755e-06,-4.997089005579862e-06,-9.499580103996171e-06,-4.983690935963151e-07,-9.99981363444628e-06,-1.900237596904238e-10,6.666666666666667e-07,0.9999993333333334,0.0,-0.24990290124108772,-4.998402614668232e-06,4.998402614668737e-06,-4.997728852635192e-06,-9.50120991332002e-06,-5.000731481670722e-07,-9.999789788424276e-06,-1.666191755747559e-10,8.730345808997494e-07,0.999999126965419,0.0,-0.19195004123763665
floor,1.25,8,3e-05,arrival_first,-1.4998126045456654e-05,1.4998126045456654e-05,-1.5006193113246506e-05,-2.8499455042947373e-05,-1.496607039067994e-06,-2.9999490440483593e-05,-4.99433857233574e-10,0.0,1.0,0.0,-0.7499063022728326,-1.4992458830125225e-05,1.4992458830125225e-05,-1.4982824782398703e-05,-2.849390596546272e-05,-1.4993145068240105e-06,-2.999925288502079e-05,-8.93241192933177e-10,0.0,1.0,0.0,-0.5758022551487592
floor,1.25,8,3e-05,departure_first,-1.4998126045456654e-05,1.4998126045456654e-05,-1.5006193113246506e-05,-2.8499455042947373e-05,-1.496607039067994e-06,-2.9999490440483593e-05,-4.99433857233574e-10,0.0,1.0,0.0,-0.7499063022728326,-1.499240245715856e-05,1.499240245715856e-05,-1.4982731167767494e-05,-2.8493800008452567e-05,-1.4994413155927387e-06,-2.999925288502079e-05,-8.93241192933177e-10,0.0,1.0,0.0,-0.5758045623132084
floor,1.25,8,3e-05,insertion_order,-1.4998126045456654e-05,1.4998126045456654e-05,-1.5006193113246506e-05,-2.8499455042947373e-05,-1.496607039067994e-06,-2.9999490440483593e-05,-4.99433857233574e-10,0.0,1.0,0.0,-0.7499063022728326,-1.4992458830125225e-05,1.4992458830125225e-05,-1.4982824782398703e-05,-2.849390596546272e-05,-1.4993145068240105e-06,-2.999925288502079e-05,-8.93241192933177e-10,0.0,1.0,0.0,-0.5758022551487592
floor,1.25,8,0.0001,arrival_first,-5.0001465505744816e-05,5.0001465505744816e-05,-4.995825788682851e-05,-9.50321512861289e-05,-4.999347884222526e-06,-9.999819400642688e-05,-1.6010138400209446e-09,6.666666666666667e-07,0.9999993333333334,0.0,-2.500073275287241,-4.996744011251159e-05,4.996744011251159e-05,-4.997861801892756e-05,-9.50062886806911e-05,-4.9805145264504915e-06,-9.999770681428582e-05,-3.047489312016487e-09,0.0,1.0,0.0,-1.9191337808926805
floor,1.25,8,0.0001,departure_first,-5.0001465505744816e-05,5.0001465505744816e-05,-4.995825788682851e-05,-9.50321512861289e-05,-4.999347884222526e-06,-9.999819400642688e-05,-1.6010138400209446e-09,6.666666666666667e-07,0.9999993333333334,0.0,-2.500073275287241,-4.9967630331330715e-05,4.9967630331330715e-05,-4.997936538613451e-05,-9.500626143518527e-05,-4.980020394715592e-06,-9.999770681428582e-05,-3.047489312016487e-09,0.0,1.0,0.0,-1.919117526650283
floor,1.25,8,0.0001,insertion_order,-5.0001465505744816e-05,5.0001465505744816e-05,-4.995825788682851e-05,-9.50321512861289e-05,-4.999347884222526e-06,-9.999819400642688e-05,-1.6010138400209446e-09,6.666666666666667e-07,0.9999993333333334,0.0,-2.500073275287241,-4.996744011251159e-05,4.996744011251159e-05,-4.997861801892756e-05,-9.50062886806911e-05,-4.9805145264504915e-06,-9.999770681428582e-05,-3.047489312016487e-09,0.0,1.0,0.0,-1.9191337808926805
floor,1.25,8,0.0003,arrival_first,-0.0001499738687554215,0.0001499738687554215,-0.000149934193154877,-0.00028498222276539313,-1.5060087668340833e-05,-0.0002999936922909304,-4.7699662294083584e-09,6.666666666666667e-07,0.9999993333333334,0.0,-7.498693437771075,-0.00014974302001284897,0.00014974302001284897,-0.00014963901085884065,-0.00028488670795355123,-1.4966932592596791e-05,-0.00029999151501091564,-5.721110513575341e-09,0.0,1.0,0.0,-5.752850372427267
floor,1.25,8,0.0003,departure_first,-0.0001499738687554215,0.0001499738687554215,-0.000149934193154877,-0.00028498222276539313,-1.5060087668340833e-05,-0.0002999936922909304,-4.7699662294083584e-09,6.666666666666667e-07,0.9999993333333334,0.0,-7.498693437771075,-0.0001497418556013805,0.0001497418556013805,-0.00014963655230669688,-0.00028488950099759045,-1.4965197134408346e-05,-0.00029999151501091564,-5.721110513575341e-09,0.0,1.0,0.0,-5.752745217945989
floor,1.25,8,0.0003,insertion_order,-0.0001499738687554215,0.0001499738687554215,-0.000149934193154877,-0.00028498222276539313,-1.5060087668340833e-05,-0.0002999936922909304,-4.7699662294083584e-09,6.666666666666667e-07,0.9999993333333334,0.0,-7.498693437771075,-0.00014974302001284897,0.00014974302001284897,-0.00014963901085884065,-0.00028488670795355123,-1.4966932592596791e-05,-0.00029999151501091564,-5.721110513575341e-09,0.0,1.0,0.0,-5.752850372427267
floor,1.25,8,0.001,arrival_first,-0.0005001913328205319,0.0005001913328205319,-0.0005003145144200971,-0.0009500671896042454,-5.0185892655463356e-05,-0.0009999837559007574,-2.1831965568708256e-08,0.0,1.0,0.0,-25.009566641026595,-0.0005002981548850638,0.0005002981548850638,-0.0005004046940420561,-0.0009496947985418108,-5.0653095862947616e-05,-0.0009999700275537507,-2.258092433288517e-08,0.0,1.0,0.0,-19.221404082344183
floor,1.25,8,0.001,departure_first,-0.0005001913328205319,0.0005001913328205319,-0.0005003145144200971,-0.0009500671896042454,-5.0185892655463356e-05,-0.0009999837559007574,-2.1831965568708256e-08,0.0,1.0,0.0,-25.009566641026595,-0.0005003085030971054,0.0005003085030971054,-0.0005003891701207998,-0.0009496735324246841,-5.066669464671907e-05,-0.0009999700275537507,-2.258092433288517e-08,0.0,1.0,0.0,-19.222118503255967
floor,1.25,8,0.001,insertion_order,-0.0005001913328205319,0.0005001913328205319,-0.0005003145144200971,-0.0009500671896042454,-5.0185892655463356e-05,-0.0009999837559007574,-2.1831965568708256e-08,0.0,1.0,0.0,-25.009566641026595,-0.0005002981548850638,0.0005002981548850638,-0.0005004046940420561,-0.0009496947985418108,-5.0653095862947616e-05,-0.0009999700275537507,-2.258092433288517e-08,0.0,1.0,0.0,-19.221404082344183
floor,1.25,8,0.003,arrival_first,-0.0015006646661545875,0.0015006646661545875,-0.0015008370901038385,-0.002850139809717499,-0.00015097726485691995,-0.0029999584679292943,-4.5388514990918336e-08,0.0,1.0,0.0,-75.03323330772938,-0.0015002093878462104,0.0015002093878462104,-0.0015002903781707142,-0.002849949027766461,-0.00015057801610599144,-0.002999942044829735,-6.532603004641078e-08,0.0,1.0,0.0,-57.67520495682283
floor,1.25,8,0.003,departure_first,-0.0015006646661545875,0.0015006646661545875,-0.0015008370901038385,-0.002850139809717499,-0.00015097726485691995,-0.0029999584679292943,-4.5388514990918336e-08,0.0,1.0,0.0,-75.03323330772938,-0.0015001871498234504,0.0015001871498234504,-0.0015002906205339916,-0.002849956884524787,-0.00015067265217967642,-0.002999939108907287,-6.530096794586775e-08,0.0,1.0,0.0,-57.68346274140541
floor,1.25,8,0.003,insertion_order,-0.0015006646661545875,0.0015006646661545875,-0.0015008370901038385,-0.002850139809717499,-0.00015097726485691995,-0.0029999584679292943,-4.5388514990918336e-08,0.0,1.0,0.0,-75.03323330772938,-0.0015002093878462104,0.0015002093878462104,-0.0015002903781707142,-0.002849949027766461,-0.00015057801610599144,-0.002999942044829735,-6.532603004641078e-08,0.0,1.0,0.0,-57.67520495682283
floor,1.25,8,0.01,arrival_first,-0.005000337999482163,0.005000337999482163,-0.004998614543061801,-0.009503346965270795,-0.0004987377191446293,-0.009999770989603954,-2.3745797079754992e-07,0.0,1.0,0.0,-250.01689997410818,-0.004986405283469785,0.004986405283469785,-0.00498125539201565,-0.009499217799866098,-0.0004953246651945109,-0.009999674201170398,-2.599836361577915e-07,0.0,1.0,0.0,-192.21382139008736
floor,1.25,8,0.01,departure_first,-0.005000337999482163,0.005000337999482163,-0.004998614543061801,-0.009503346965270795,-0.0004987377191446293,-0.009999770989603954,-2.3745797079754992e-07,0.0,1.0,0.0,-250.01689997410818,-0.004986630695374774,0.004986630695374774,-0.004981093966209411,-0.009498299661278518,-0.0004952947031993788,-0.00999967221191402,-2.5394538879786043e-07,0.0,1.0,0.0,-192.26330715888085
floor,1.25,8,0.01,insertion_order,-0.005000337999482163,0.005000337999482163,-0.004998614543061801,-0.009503346965270795,-0.0004987377191446293,-0.009999770989603954,-2.3745797079754992e-07,0.0,1.0,0.0,-250.01689997410818,-0.004986405283469785,0.004986405283469785,-0.00498125539201565,-0.009499217799866098,-0.0004953246651945109,-0.009999674201170398,-2.599836361577915e-07,0.0,1.0,0.0,-192.21382139008736
floor,1.25,8,0.03,arrival_first,-0.01500152466753561,0.01500152466753561,-0.015007502570521561,-0.028498603963874606,-0.0015004499623091781,-0.029999405227439033,-6.462099918280728e-07,0.0,1.0,0.0,-750.0762333767805,-0.014910277576748012,0.014910277576748012,-0.014861552416942697,-0.028474528741435752,-0.0014724902520861086,-0.02999907750767418,-7.556130080484576e-07,0.0,1.0,0.0,-578.3191018684482
floor,1.25,8,0.03,departure_first,-0.01500152466753561,0.01500152466753561,-0.015007502570521561,-0.028498603963874606,-0.0015004499623091781,-0.029999405227439033,-6.462099918280728e-07,0.0,1.0,0.0,-750.0762333767805,-0.014907557753244935,0.014907557753244935,-0.014857274401424947,-0.028474251584665915,-0.0014728591380083562,-0.029999179163091506,-7.879557267396568e-07,0.0,1.0,0.0,-578.2889838831835
floor,1.25,8,0.03,insertion_order,-0.01500152466753561,0.01500152466753561,-0.015007502570521561,-0.028498603963874606,-0.0015004499623091781,-0.029999405227439033,-6.462099918280728e-07,0.0,1.0,0.0,-750.0762333767805,-0.014910277576748012,0.014910277576748012,-0.014861552416942697,-0.028474528741435752,-0.0014724902520861086,-0.02999907750767418,-7.556130080484576e-07,0.0,1.0,0.0,-578.3191018684482
floor,1.25,8,0.1,arrival_first,-0.05000699133204136,0.05000699133204136,-0.05004356619833743,-0.09496379198949702,-0.004991719156882942,-0.09999812434813672,-2.334269599183851e-06,0.0,1.0,0.0,-2500.349566602068,-0.04918075962786739,0.04918075962786739,-0.04876681404548839,-0.09473167515899063,-0.004790284286851187,-0.09999743595117652,-2.2521591609087993e-06,0.0,1.0,0.0,-1951.1682194642017
floor,1.25,8,0.1,departure_first,-0.05000699133204136,0.05000699133204136,-0.05004356619833743,-0.09496379198949702,-0.004991719156882942,-0.09999812434813672,-2.334269599183851e-06,0.0,1.0,0.0,-2500.349566602068,-0.0491859322105216,0.0491859322105216,-0.04877013642450847,-0.0947288757277184,-0.0047952105520882035,-0.09999726620890453,-2.184606131814167e-06,0.0,1.0,0.0,-1954.8182428235755
floor,1.25,8,0.1,insertion_order,-0.05000699133204136,0.05000699133204136,-0.05004356619833743,-0.09496379198949702,-0.004991719156882942,-0.09999812434813672,-2.334269599183851e-06,0.0,1.0,0.0,-2500.349566602068,-0.04918075962786739,0.04918075962786739,-0.04876681404548839,-0.09473167515899063,-0.004790284286851187,-0.09999743595117652,-2.2521591609087993e-06,0.0,1.0,0.0,-1951.1682194642017
floor,1.25,16,1e-05,arrival_first,-4.996344522603674e-06,4.996344522603674e-06,-4.995708680629226e-06,-9.496282979550112e-06,-4.989024591850474e-07,-9.999811724507406e-06,-2.040906110778451e-10,6.666666666666667e-07,0.9999993333333334,0.0,-0.24981722613018367,-4.9976512712771055e-06,4.9976512712771055e-06,-4.992696685056599e-06,-9.501497767487777e-06,-5.018315053736609e-07,-9.999753874544044e-06,-2.509778771383105e-10,0.0,1.0,0.0,-0.1987488342168363
floor,1.25,16,1e-05,departure_first,-4.996344522603674e-06,4.996344522603674e-06,-4.995708680629226e-06,-9.496282979550112e-06,-4.989024591850474e-07,-9.999811724507406e-06,-2.040906110778451e-10,6.666666666666667e-07,0.9999993333333334,0.0,-0.24981722613018367,-4.997664799693008e-06,4.997664799693008e-06,-4.992731004282763e-06,-9.501510013373425e-06,-5.018246303867776e-07,-9.999753874544044e-06,-2.509778771383105e-10,0.0,1.0,0.0,-0.19875053514100577
floor,1.25,16,1e-05,insertion_order,-4.996344522603674e-06,4.996344522603674e-06,-4.995708680629226e-06,-9.496282979550112e-06,-4.989024591850474e-07,-9.999811724507406e-06,-2.040906110778451e-10,6.666666666666667e-07,0.9999993333333334,0.0,-0.24981722613018367,-4.9976512712771055e-06,4.9976512712771055e-06,-4.992696685056599e-06,-9.501497767487777e-06,-5.018315053736609e-07,-9.999753874544044e-06,-2.509778771383105e-10,0.0,1.0,0.0,-0.1987488342168363
floor,1.25,16,3e-05,arrival_first,-1.5004079213984065e-05,1.5004079213984065e-05,-1.5009795227645857e-05,-2.850232793662144e-05,-1.4868464768369479e-06,-2.999942704870288e-05,-5.048908254442116e-10,0.0,1.0,0.0,-0.7502039606992033,-1.5001024254136132e-05,1.5001024254136132e-05,-1.4990131072166196e-05,-2.849808127806573e-05,-1.4935086510274535e-06,-2.999934403953037e-05,-9.645600702416305e-10,0.0,1.0,0.0,-0.5966475817307668
floor,1.25,16,3e-05,departure_first,-1.5004079213984065e-05,1.5004079213984065e-05,-1.5009795227645857e-05,-2.850232793662144e-05,-1.4868464768369479e-06,-2.999942704870288e-05,-5.048908254442116e-10,0.0,1.0,0.0,-0.7502039606992033,-1.5000494930324922e-05,1.5000494930324922e-05,-1.4989132539803846e-05,-2.8498122660761743e-05,-1.4930580216556268e-06,-2.999934403953037e-05,-9.645600702416305e-10,0.0,1.0,0.0,-0.5966289323905457
floor,1.25,16,3e-05,insertion_order,-1.5004079213984065e-05,1.5004079213984065e-05,-1.5009795227645857e-05,-2.850232793662144e-05,-1.4868464768369479e-06,-2.999942704870288e-05,-5.048908254442116e-10,0.0,1.0,0.0,-0.7502039606992033,-1.5001024254136132e-05,1.5001024254136132e-05,-1.4990131072166196e-05,-2.849808127806573e-05,-1.4935086510274535e-06,-2.999934403953037e-05,-9.645600702416305e-10,0.0,1.0,0.0,-0.5966475817307668
floor,1.25,16,0.0001,arrival_first,-5.001319200446081e-05,5.001319200446081e-05,-5.0054126495524544e-05,-9.501725184691167e-05,-4.982692853445775e-06,-9.999791436712257e-05,-1.400773423180605e-09,0.0,1.0,0.0,-2.5006596002230403,-4.999224469189651e-05,4.999224469189651e-05,-5.000617569117979e-05,-9.500940924355954e-05,-4.99003757415688e-06,-9.999802600395921e-05,-3.6000044790115056e-09,0.0,1.0,0.0,-1.9884186388925573
floor,1.25,16,0.0001,departure_first,-5.001319200446081e-05,5.001319200446081e-05,-5.0054126495524544e-05,-9.501725184691167e-05,-4.982692853445775e-06,-9.999791436712257e-05,-1.400773423180605e-09,0.0,1.0,0.0,-2.5006596002230403,-4.999255809275866e-05,4.999255809275866e-05,-5.0007049997073096e-05,-9.500826205015394e-05,-4.988673165226443e-06,-9.999802600395921e-05,-3.6000044790115056e-09,0.0,1.0,0.0,-1.9886000373908708
floor,1.25,16,0.0001,insertion_order,-5.001319200446081e-05,5.001319200446081e-05,-5.0054126495524544e-05,-9.501725184691167e-05,-4.982692853445775e-06,-9.999791436712257e-05,-1.400773423180605e-09,0.0,1.0,0.0,-2.5006596002230403,-4.999224469189651e-05,4.999224469189651e-05,-5.000617569117979e-05,-9.500940924355954e-05,-4.99003757415688e-06,-9.999802600395921e-05,-3.6000044790115056e-09,0.0,1.0,0.0,-1.9884186388925573
floor,1.25,16,0.0003,arrival_first,-0.00014996746192296937,0.00014996746192296937,-0.000150018173440003,-0.0002850392550650819,-1.4900475195342275e-05,-0.000299992426425888,-4.762356790403525e-09,6.666666666666667e-07,0.9999993333333334,0.0,-7.498373096148468,-0.0001499757894058627,0.0001499757894058627,-0.000149893577191349,-0.0002850356411910725,-1.4918977802593024e-05,-0.0002999940799457381,-1.2734600333963453e-08,0.0,1.0,0.0,-5.965496531084413
floor,1.25,16,0.0003,departure_first,-0.00014996746192296937,0.00014996746192296937,-0.000150018173440003,-0.0002850392550650819,-1.4900475195342275e-05,-0.000299992426425888,-4.762356790403525e-09,6.666666666666667e-07,0.9999993333333334,0.0,-7.498373096148468,-0.000149968768304111,0.000149968768304111,-0.00014987982560941347,-0.00028503102615316263,-1.493100202638083e-05,-0.00029999407988510514,-1.273472159992369e-08,0.0,1.0,0.0,-5.965142252979663
floor,1.25,16,0.0003,insertion_order,-0.00014996746192296937,0.00014996746192296937,-0.000150018173440003,-0.0002850392550650819,-1.4900475195342275e-05,-0.000299992426425888,-4.762356790403525e-09,6.666666666666667e-07,0.9999993333333334,0.0,-7.498373096148468,-0.0001499757894058627,0.0001499757894058627,-0.000149893577191349,-0.0002850356411910725,-1.4918977802593024e-05,-0.0002999940799457381,-1.2734600333963453e-08,0.0,1.0,0.0,-5.965496531084413
floor,1.25,16,0.001,arrival_first,-0.0004998426593221672,0.0004998426593221672,-0.0004997037413280244,-0.0009499706738968901,-5.01219176400507e-05,-0.0009999810335708996,-2.538314826476077e-08,0.0,1.0,0.0,-24.99213296610836,-0.000500056559099238,0.000500056559099238,-0.00050031595996308,-0.0009501446803007388,-4.960195728788651e-05,-0.000999975077883105,-3.4327823030209464e-08,0.0,1.0,0.0,-19.896377695567473
floor,1.25,16,0.001,departure_first,-0.0004998426593221672,0.0004998426593221672,-0.0004997037413280244,-0.0009499706738968901,-5.01219176400507e-05,-0.0009999810335708996,-2.538314826476077e-08,0.0,1.0,0.0,-24.99213296610836,-0.0005000381493443885,0.0005000381493443885,-0.0005002924937679967,-0.0009501380968012026,-4.958167678723017e-05,-0.000999975077883105,-3.4328186828090175e-08,0.0,1.0,0.0,-19.887417059097867
floor,1.25,16,0.001,insertion_order,-0.0004998426593221672,0.0004998426593221672,-0.0004997037413280244,-0.0009499706738968901,-5.01219176400507e-05,-0.0009999810335708996,-2.538314826476077e-08,0.0,1.0,0.0,-24.99213296610836,-0.000500056559099238,0.000500056559099238,-0.00050031595996308,-0.0009501446803007388,-4.960195728788651e-05,-0.000999975077883105,-3.4327823030209464e-08,0.0,1.0,0.0,-19.896377695567473
floor,1.25,16,0.003,arrival_first,-0.0015005346593208817,0.0015005346593208817,-0.001500763642388847,-0.0028501293581651528,-0.0001497285130805421,-0.0029999403286941136,-6.058401898674977e-08,0.0,1.0,0.0,-75.0267329660441,-0.0014984776015060169,0.0014984776015060169,-0.0014979490718724574,-0.0028494189112864164,-0.00014916554086467668,-0.002999942811517266,-9.782228498064644e-08,0.0,1.0,0.0,-59.676961906938935
floor,1.25,16,0.003,departure_first,-0.0015005346593208817,0.0015005346593208817,-0.001500763642388847,-0.0028501293581651528,-0.0001497285130805421,-0.0029999403286941136,-6.058401898674977e-08,0.0,1.0,0.0,-75.0267329660441,-0.0014988443137980978,0.0014988443137980978,-0.0014986727851702436,-0.002849385397035072,-0.00014924459620762633,-0.002999946905769523,-1.0130791625176267e-07,0.0,1.0,0.0,-59.6791196202622
floor,1.25,16,0.003,insertion_order,-0.0015005346593208817,0.0015005346593208817,-0.001500763642388847,-0.0028501293581651528,-0.0001497285130805421,-0.0029999403286941136,-6.058401898674977e-08,0.0,1.0,0.0,-75.0267329660441,-0.0014984776015060169,0.0014984776015060169,-0.0014979490718724574,-0.0028494189112864164,-0.00014916554086467668,-0.002999942811517266,-9.782228498064644e-08,0.0,1.0,0.0,-59.676961906938935
floor,1.25,16,0.01,arrival_first,-0.004999627992649717,0.004999627992649717,-0.004999010337572448,-0.009500959288787575,-0.0004986384504597185,-0.009999773168359146,-1.9630509389874836e-07,0.0,1.0,0.0,-249.98139963248585,-0.0049904346276075035,0.0049904346276075035,-0.004985173728710326,-0.009497126221678831,-0.0004960630578425016,-0.009999742599502795,-2.787051273994932e-07,0.0,1.0,0.0,-199.32779045441538
floor,1.25,16,0.01,departure_first,-0.004999627992649717,0.004999627992649717,-0.004999010337572448,-0.009500959288787575,-0.0004986384504597185,-0.009999773168359146,-1.9630509389874836e-07,0.0,1.0,0.0,-249.98139963248585,-0.004990314408141627,0.004990314408141627,-0.004984702284818286,-0.009497206275038632,-0.000495470315609861,-0.009999717699138367,-2.8039902348030167e-07,0.0,1.0,0.0,-199.33175704473163
floor,1.25,16,0.01,insertion_order,-0.004999627992649717,0.004999627992649717,-0.004999010337572448,-0.009500959288787575,-0.0004986384504597185,-0.009999773168359146,-1.9630509389874836e-07,0.0,1.0,0.0,-249.98139963248585,-0.0049904346276075035,0.0049904346276075035,-0.004985173728710326,-0.009497126221678831,-0.0004960630578425016,-0.009999742599502795,-2.787051273994932e-07,0.0,1.0,0.0,-199.32779045441538
floor,1.25,16,0.03,arrival_first,-0.01499315466070331,0.01499315466070331,-0.014994322937180489,-0.028498115529134036,-0.00150242031822624,-0.029999444158511322,-5.168236990963729e-07,0.0,1.0,0.0,-749.6577330351654,-0.014926534026272443,0.014926534026272443,-0.014886086998700707,-0.02847716479821796,-0.0014823047414718924,-0.029999286755251278,-5.964793074089151e-07,0.0,1.0,0.0,-601.6084798607686
floor,1.25,16,0.03,departure_first,-0.01499315466070331,0.01499315466070331,-0.014994322937180489,-0.028498115529134036,-0.00150242031822624,-0.029999444158511322,-5.168236990963729e-07,0.0,1.0,0.0,-749.6577330351654,-0.014922849389548454,0.014922849389548454,-0.014872761777404165,-0.028480363543422947,-0.00147926400629773,-0.029999184184710967,-5.969873802251414e-07,0.0,1.0,0.0,-601.5463432914072
floor,1.25,16,0.03,insertion_order,-0.01499315466070331,0.01499315466070331,-0.014994322937180489,-0.028498115529134036,-0.00150242031822624,-0.029999444158511322,-5.168236990963729e-07,0.0,1.0,0.0,-749.6577330351654,-0.014926534026272443,0.014926534026272443,-0.014886086998700707,-0.02847716479821796,-0.0014823047414718924,-0.029999286755251278,-5.964793074089151e-07,0.0,1.0,0.0,-601.6084798607686
floor,1.25,16,0.1,arrival_first,-0.05003043465854024,0.05003043465854024,-0.050034644792003743,-0.09497428599636958,-0.005017150914419904,-0.09999842371144041,-2.7829516814866414e-06,0.0,1.0,0.0,-2501.5217329270117,-0.04921520013955437,0.04921520013955437,-0.0488099694570788,-0.09475068542201023,-0.004805825428732929,-0.09999810138676418,-2.575600169637139e-06,0.0,1.0,0.0,-2045.084565301463
floor,1.25,16,0.1,departure_first,-0.05003043465854024,0.05003043465854024,-0.050034644792003743,-0.09497428599636958,-0.005017150914419904,-0.09999842371144041,-2.7829516814866414e-06,0.0,1.0,0.0,-2501.5217329270117,-0.049223372358037955,0.049223372358037955,-0.04882976963326738,-0.09474593599100432,-0.0048149748307603,-0.09999807934010133,-2.7639246250298242e-06,0.0,1.0,0.0,-2046.1460701393
floor,1.25,16,0.1,insertion_order,-0.05003043465854024,0.05003043465854024,-0.050034644792003743,-0.09497428599636958,-0.005017150914419904,-0.09999842371144041,-2.7829516814866414e-06,0.0,1.0,0.0,-2501.5217329270117,-0.04921520013955437,0.04921520013955437,-0.0488099694570788,-0.09475068542201023,-0.004805825428732929,-0.09999810138676418,-2.575600169637139e-06,0.0,1.0,0.0,-2045.084565301463
nearest,0.5,1,1e-05,arrival_first,8.40529914664027e-10,2.5011613811960465e-06,-4.6469115962584814e-10,-4.501346908606744e-06,4.50153761448746e-06,-4.999809001067964e-06,4.999834406286633e-06,0.0,0.5000753333333333,0.4999246666666667,4.202649573320135e-05,-2.816232015537541e-09,2.499456123587292e-06,-5.032188209793537e-09,-4.49985290149401e-06,4.4997563531630395e-06,-4.999756285119228e-06,4.999757603321604e-06,0.0,0.5004993227569406,0.4995006772430593,-9.398707111128923e-05
nearest,0.5,1,1e-05,departure_first,8.405299146640268e-10,2.5011613811960465e-06,-4.6469115962584814e-10,-4.501346908606744e-06,4.50153761448746e-06,-4.999809001067964e-06,4.999834406286633e-06,0.0,0.5000753333333333,0.4999246666666667,4.202649573320135e-05,-2.8167541805062497e-09,2.499454787341421e-06,-5.032567413869084e-09,-4.499852248220371e-06,4.499755577569468e-06,-4.999756285119228e-06,4.999757603321604e-06,0.0,0.500499815797237,0.499500184202763,-9.400573868805198e-05
nearest,0.5,1,1e-05,insertion_order,8.405299146640273e-10,2.5011613811960465e-06,-4.6469115962584814e-10,-4.501346908606744e-06,4.50153761448746e-06,-4.999809001067964e-06,4.999834406286633e-06,0.0,0.5000753333333333,0.4999246666666667,4.202649573320135e-05,-2.816232015537541e-09,2.499456123587292e-06,-5.032188209793537e-09,-4.49985290149401e-06,4.4997563531630395e-06,-4.999756285119228e-06,4.999757603321604e-06,0.0,0.5004993227569406,0.4995006772430593,-9.398707111128923e-05
nearest,0.5,1,3e-05,arrival_first,3.5504755166281635e-09,7.4995886804584496e-06,5.563075925844411e-09,-1.3495189080761822e-05,1.350681592157343e-05,-1.4999374313144169e-05,1.4999491334795796e-05,6.666666666666667e-07,0.49980066666666667,0.5001986666666667,0.00017752377583140817,-1.0893830344517647e-08,7.49162048017365e-06,-1.8330422397438058e-08,-1.349796644568888e-05,1.3491574142916425e-05,-1.4999270996361261e-05,1.499893315092646e-05,9.991407389644904e-07,0.5006476795360544,0.49935132132320675,-0.00036363676819659306
nearest,0.5,1,3e-05,departure_first,3.550475516628164e-09,7.4995886804584496e-06,5.563075925844411e-09,-1.3495189080761822e-05,1.350681592157343e-05,-1.4999374313144169e-05,1.4999491334795796e-05,6.666666666666667e-07,0.4998006666666666,0.5001986666666667,0.00017752377583140817,-1.0896004317610689e-08,7.491618140353669e-06,-1.843151324100456e-08,-1.3497964919887176e-05,1.349156991839751e-05,-1.4999270996361261e-05,1.499893315092646e-05,9.991407389644904e-07,0.5006491710732287,0.4993498297860324,-0.0003637133831950256
nearest,0.5,1,3e-05,insertion_order,3.5504755166281635e-09,7.4995886804584496e-06,5.563075925844411e-09,-1.3495189080761822e-05,1.350681592157343e-05,-1.4999374313144169e-05,1.4999491334795796e-05,6.666666666666667e-07,0.49980066666666667,0.5001986666666667,0.00017752377583140817,-1.0893830344517647e-08,7.49162048017365e-06,-1.8330422397438058e-08,-1.349796644568888e-05,1.3491574142916425e-05,-1.4999270996361261e-05,1.499893315092646e-05,9.991407389644904e-07,0.5006476795360544,0.49935132132320675,-0.00036363676819659306
nearest,0.5,1,0.0001,arrival_first,-2.4021506833378227e-08,2.5023894772585968e-05,-4.9183260368105644e-08,-4.502732965496155e-05,4.5014490090882935e-05,-4.999799269474655e-05,4.999827154582211e-05,0.0,0.5004853333333333,0.49951466666666666,-0.0012010753416689113,8.48772483080064e-10,2.4988684413545493e-05,4.723164041935587e-09,-4.5005035915575866e-05,4.4982538116012366e-05,-4.999689370310765e-05,4.9996253393191914e-05,0.0,0.49994974245325297,0.500050257546747,2.8593896835324543e-05
nearest,0.5,1,0.0001,departure_first,-2.4021506833378227e-08,2.5023894772585968e-05,-4.9183260368105644e-08,-4.502732965496155e-05,4.5014490090882935e-05,-4.999799269474655e-05,4.999827154582211e-05,0.0,0.5004853333333333,0.49951466666666666,-0.0012010753416689113,1.039766430936142e-09,2.498862225391585e-05,4.856794818865658e-09,-4.500498409665958e-05,4.49825603603123e-05,-4.999689370310765e-05,4.9996253393191914e-05,0.0,0.49994776542464064,0.5000522345753594,3.498041275766785e-05
nearest,0.5,1,0.0001,insertion_order,-2.4021506833378227e-08,2.5023894772585968e-05,-4.9183260368105644e-08,-4.502732965496155e-05,4.5014490090882935e-05,-4.999799269474655e-05,4.999827154582211e-05,0.0,0.5004853333333333,0.49951466666666666,-0.0012010753416689113,8.487724830800663e-10,2.4988684413545493e-05,4.723164041935587e-09,-4.5005035915575866e-05,4.4982538116012366e-05,-4.999689370310765e-05,4.9996253393191914e-05,0.0,0.4999497424532529,0.500050257546747,2.85938968353246e-05
nearest,0.5,1,0.0003,arrival_first,-1.0689628338514012e-07,7.496721535886051e-05,-1.8654385106250023e-07,-0.00013501714735563534,0.00013499677301297193,-0.0001499949416029267,0.00014999293471191778,0.0,0.5006166666666666,0.49938333333333335,-0.005344814169257006,8.162807034901982e-08,7.498322415729456e-05,1.253716212872823e-07,-0.00013504746100997052,0.0001349002000572776,-0.0001499916247280656,0.00014998956625474443,0.0,0.49958784080866736,0.5004121591913326,0.0027168254969767405
nearest,0.5,1,0.0003,departure_first,-1.0689628338514012e-07,7.496721535886051e-05,-1.8654385106250023e-07,-0.00013501714735563534,0.00013499677301297193,-0.0001499949416029267,0.00014999293471191778,0.0,0.5006166666666666,0.49938333333333335,-0.005344814169257006,8.337171603174936e-08,7.498310864916083e-05,1.292141432103745e-07,-0.00013504555478779755,0.00013490093429007732,-0.0001499916247280656,0.00014998956625474443,0.0,0.49957640951995,0.5004235904800499,0.0027753521517231133
nearest,0.5,1,0.0003,insertion_order,-1.0689628338514012e-07,7.496721535886051e-05,-1.8654385106250023e-07,-0.00013501714735563534,0.00013499677301297193,-0.0001499949416029267,0.00014999293471191778,0.0,0.5006166666666666,0.49938333333333335,-0.005344814169257006,8.162807034901983e-08,7.498322415729456e-05,1.253716212872823e-07,-0.00013504746100997052,0.0001349002000572776,-0.0001499916247280656,0.00014998956625474443,0.0,0.49958784080866736,0.5004121591913326,0.0027168254969767397
nearest,0.5,1,0.001,arrival_first,2.436435422763073e-07,0.0002499298888534419,3.552021250167551e-07,-0.000449862449252881,0.00045000200509700026,-0.0004999773796347047,0.0004999748798582004,0.0,0.4996673333333333,0.5003326666666666,0.012182177113815366,-4.1773758115891703e-07,0.0002500401257099536,-1.259729903866034e-06,-0.00044994337546355886,0.00044988500936288923,-0.0004999729882188297,0.0004999676123541778,0.0,0.50126195255392,0.49873804744608,-0.013927214544715667
nearest,0.5,1,0.001,departure_first,2.436435422763073e-07,0.0002499298888534419,3.552021250167551e-07,-0.000449862449252881,0.00045000200509700026,-0.0004999773796347047,0.0004999748798582004,0.0,0.4996673333333333,0.5003326666666666,0.012182177113815366,-4.0925637254657027e-07,0.0002500341631873496,-1.2457983266716174e-06,-0.00044993352506735517,0.0004498880777025849,-0.0004999729882188297,0.0004999676123541778,0.0,0.5012445440930944,0.49875545590690556,-0.013648390397642962
nearest,0.5,1,0.001,insertion_order,2.436435422763073e-07,0.0002499298888534419,3.552021250167551e-07,-0.000449862449252881,0.00045000200509700026,-0.0004999773796347047,0.0004999748798582004,0.0,0.4996673333333333,0.5003326666666666,0.012182177113815366,-4.1773758115891703e-07,0.0002500401257099536,-1.259729903866034e-06,-0.00044994337546355886,0.00044988500936288923,-0.0004999729882188297,0.0004999676123541778,0.0,0.50126195255392,0.49873804744608,-0.013927214544715667
nearest,0.5,1,0.003,arrival_first,9.703102029452566e-07,0.0007499473353981859,-3.140033792684941e-07,-0.0013487685721095962,0.001350263430989192,-0.0014999172259801223,0.001499929553453209,0.0,0.5001426666666666,0.4998573333333333,0.04851551014726283,-1.9128567730601907e-06,0.0007501469214820978,-4.530994424154595e-06,-0.0013502725313225682,0.0013499915673457247,-0.001499931706830492,0.001499893629718463,0.0,0.5014708315602219,0.4985291684397781,-0.06362380024947803
nearest,0.5,1,0.003,departure_first,9.703102029452566e-07,0.0007499473353981859,-3.140033792684941e-07,-0.0013487685721095962,0.001350263430989192,-0.0014999172259801223,0.001499929553453209,0.0,0.5001426666666666,0.4998573333333333,0.04851551014726283,-1.9020437179473744e-06,0.0007501402260940131,-4.430476952806765e-06,-0.0013502746655891652,0.0013499395526660703,-0.001499931706830492,0.001499893629718463,0.0,0.5014442348586635,0.49855576514133654,-0.06333013286899468
nearest,0.5,1,0.003,insertion_order,9.703102029452566e-07,0.0007499473353981859,-3.140033792684941e-07,-0.0013487685721095962,0.001350263430989192,-0.0014999172259801223,0.001499929553453209,0.0,0.5001426666666666,0.4998573333333333,0.04851551014726283,-1.912856773060191e-06,0.0007501469214820978,-4.530994424154595e-06,-0.0013502725313225682,0.0013499915673457247,-0.001499931706830492,0.001499893629718463,0.0,0.5014708315602219,0.4985291684397781,-0.06362380024947803
nearest,0.5,1,0.01,arrival_first,5.172976885459017e-06,0.002498292594636014,2.9036854054235543e-06,-0.004497185068554852,0.004501367812511791,-0.004999779399683272,0.004999751060070897,0.0,0.49969199999999997,0.500308,0.2586488442729509,-5.827658317479464e-07,0.0024995389579425273,-7.621185706079466e-06,-0.004493806073916954,0.004500452068149133,-0.004999743208125336,0.004999766889066004,0.0,0.5008014849228614,0.49919851507713864,-0.019598937460080863
nearest,0.5,1,0.01,departure_first,5.172976885459017e-06,0.002498292594636014,2.9036854054235543e-06,-0.004497185068554852,0.004501367812511791,-0.004999779399683272,0.004999751060070897,0.0,0.49969199999999997,0.500308,0.2586488442729509,-3.2767300880963975e-07,0.002499750654704177,-7.3229509487100546e-06,-0.004493825560114981,0.004500710095786369,-0.004999743208125336,0.004999766889066004,0.0,0.500755293078555,0.49924470692144496,-0.011142788417738048
nearest,0.5,1,0.01,insertion_order,5.172976885459017e-06,0.002498292594636014,2.9036854054235543e-06,-0.004497185068554852,0.004501367812511791,-0.004999779399683272,0.004999751060070897,0.0,0.49969199999999997,0.500308,0.2586488442729509,-5.827658317479461e-07,0.0024995389579425273,-7.621185706079466e-06,-0.004493806073916954,0.004500452068149133,-0.004999743208125336,0.004999766889066004,0.0,0.5008014849228614,0.49919851507713864,-0.019598937460080876
nearest,0.5,1,0.03,arrival_first,9.146306746721772e-06,0.007502944112727072,2.2119336396523673e-05,-0.013496995613598604,0.013501838112409433,-0.014999329896879014,0.01499943829573264,0.0,0.4993226666666667,0.5006773333333333,0.4573153373360886,-3.0449953634125e-05,0.0074989519972231055,-9.888359471306225e-05,-0.013496045587753993,0.013509898291346318,-0.014999201815968954,0.014998917924874509,0.0,0.503381646589165,0.496618353410835,-1.0095027484507715
nearest,0.5,1,0.03,departure_first,9.146306746721772e-06,0.007502944112727072,2.2119336396523673e-05,-0.013496995613598604,0.013501838112409433,-0.014999329896879014,0.01499943829573264,0.0,0.4993226666666667,0.5006773333333333,0.4573153373360886,-2.986668630612e-05,0.007499732306125175,-9.824970001965173e-05,-0.013496729081104237,0.013510869851610785,-0.014999201815968954,0.014998918203308705,0.0,0.50337831243896,0.49662168756103997,-1.000185119267999
nearest,0.5,1,0.03,insertion_order,9.146306746721772e-06,0.007502944112727072,2.2119336396523673e-05,-0.013496995613598604,0.013501838112409433,-0.014999329896879014,0.01499943829573264,0.0,0.4993226666666667,0.5006773333333333,0.4573153373360886,-3.0449953634125e-05,0.0074989519972231055,-9.888359471306225e-05,-0.013496045587753993,0.013509898291346318,-0.014999201815968954,0.014998917924874509,0.0,0.503381646589165,0.496618353410835,-1.0095027484507715
nearest,0.5,1,0.1,arrival_first,-5.897368771169689e-05,0.024993278421999335,-9.080986883418518e-05,-0.04501157341422186,0.04500740278700503,-0.04999824884386423,0.049997553857974705,0.0,0.5009246666666667,0.49907533333333337,-2.9486843855848446,-0.0003965820048202244,0.02499606689010533,-0.0011118735072404861,-0.045010867030691036,0.044960391683140005,-0.04999605981259968,0.04999713220934801,0.0,0.5118295598562965,0.4881704401437034,-12.993717319993106
nearest,0.5,1,0.1,departure_first,-5.897368771169689e-05,0.024993278421999335,-9.080986883418518e-05,-0.04501157341422186,0.04500740278700503,-0.04999824884386423,0.049997553857974705,0.0,0.5009246666666667,0.49907533333333326,-2.9486843855848446,-0.0003891129642891647,0.02499940231793046,-0.0011075001022515022,-0.04499933399728808,0.044965095587926565,-0.04999630956895144,0.049997125561990235,0.0,0.5117434885264412,0.48825651147355875,-13.165557413490744
nearest,0.5,1,0.1,insertion_order,-5.897368771169689e-05,0.024993278421999335,-9.080986883418518e-05,-0.04501157341422186,0.04500740278700503,-0.04999824884386423,0.049997553857974705,0.0,0.5009246666666667,0.49907533333333337,-2.9486843855848446,-0.0003965820048202244,0.02499606689010533,-0.0011118735072404861,-0.045010867030691036,0.044960391683140005,-0.04999605981259968,0.04999713220934801,0.0,0.5118295598562965,0.4881704401437034,-12.993717319993106
nearest,0.5,4,1e-05,arrival_first,-1.0088299798856813e-10,2.500211572313371e-06,-4.354963796989371e-10,-4.502274014157592e-06,4.4974215112839976e-06,-4.999767285577642e-06,4.999794145987835e-06,6.666666666666667e-07,0.500022,0.4999773333333334,-5.0441498994284e-06,-9.60406029427956e-10,2.4991575865712723e-06,1.303452199762541e-09,-4.49969713936862e-06,4.500916353178604e-06,-4.999848816560071e-06,4.9997591862700755e-06,0.0,0.4998607702563894,0.5001392297436106,-4.643816898452651e-05
nearest,0.5,4,1e-05,departure_first,-1.0088299798856825e-10,2.500211572313371e-06,-4.354963796989371e-10,-4.502274014157592e-06,4.4974215112839976e-06,-4.999767285577642e-06,4.999794145987835e-06,6.666666666666667e-07,0.500022,0.4999773333333334,-5.0441498994284e-06,-9.604060294279557e-10,2.4991575865712723e-06,1.303452199762541e-09,-4.49969713936862e-06,4.500916353178604e-06,-4.999848816560071e-06,4.9997591862700755e-06,0.0,0.4998607702563894,0.5001392297436106,-4.643816898452652e-05
nearest,0.5,4,1e-05,insertion_order,-1.008829979885681e-10,2.500211572313371e-06,-4.354963796989371e-10,-4.502274014157592e-06,4.4974215112839976e-06,-4.999767285577642e-06,4.999794145987835e-06,6.666666666666667e-07,0.500022,0.4999773333333334,-5.0441498994284e-06,-9.604060294279557e-10,2.4991575865712723e-06,1.303452199762541e-09,-4.49969713936862e-06,4.500916353178604e-06,-4.999848816560071e-06,4.9997591862700755e-06,0.0,0.4998607702563894,0.5001392297436106,-4.643816898452652e-05
nearest,0.5,4,3e-05,arrival_first,-4.057605650208037e-09,7.500688582267079e-06,-4.714032305249323e-09,-1.3500684023407909e-05,1.3495046687239663e-05,-1.4999349574888281e-05,1.4999425790544289e-05,0.0,0.5001506666666666,0.49984933333333337,-0.00020288028251040183,-7.110947380226647e-09,7.510479551006293e-06,-2.8173059844529187e-09,-1.3513438867063861e-05,1.3508137781524063e-05,-1.499939312919335e-05,1.4999349303675482e-05,0.0,0.500122553352805,0.4998774466471951,-0.0003441048525059587
nearest,0.5,4,3e-05,departure_first,-4.057605650208037e-09,7.500688582267079e-06,-4.714032305249323e-09,-1.3500684023407909e-05,1.3495046687239663e-05,-1.4999349574888281e-05,1.4999425790544289e-05,0.0,0.5001506666666666,0.49984933333333337,-0.00020288028251040183,-7.110947380226647e-09,7.510479551006293e-06,-2.8173059844529187e-09,-1.3513438867063861e-05,1.3508137781524063e-05,-1.499939312919335e-05,1.4999349303675482e-05,0.0,0.500122553352805,0.4998774466471951,-0.0003441048525059587
nearest,0.5,4,3e-05,insertion_order,-4.057605650208037e-09,7.500688582267079e-06,-4.714032305249323e-09,-1.3500684023407909e-05,1.3495046687239663e-05,-1.4999349574888281e-05,1.4999425790544289e-05,0.0,0.5001506666666666,0.49984933333333337,-0.00020288028251040183,-7.110947380226647e-09,7.510479551006293e-06,-2.8173059844529187e-09,-1.3513438867063861e-05,1.3508137781524063e-05,-1.499939312919335e-05,1.4999349303675482e-05,0.0,0.500122553352805,0.4998774466471951,-0.0003441048525059587
nearest,0.5,4,0.0001,arrival_first,-1.0322918916547981e-08,2.498937192219455e-05,-4.1967480986689525e-08,-4.497762360491227e-05,4.4991595817312666e-05,-4.9998022404906806e-05,4.9997823831896916e-05,0.0,0.5004033333333333,0.49959666666666663,-0.0005161459458273991,1.279127077651894e-08,2.501406743777074e-05,9.953492607790253e-09,-4.49721164130476e-05,4.5017999411087416e-05,-4.999770273482566e-05,4.9997128224875165e-05,0.0,0.4999021334639754,0.5000978665360246,0.0006185031270848446
nearest,0.5,4,0.0001,departure_first,-1.0322918916547983e-08,2.498937192219455e-05,-4.1967480986689525e-08,-4.497762360491227e-05,4.4991595817312666e-05,-4.9998022404906806e-05,4.9997823831896916e-05,0.0,0.5004033333333333,0.49959666666666663,-0.0005161459458273991,1.2776772274359994e-08,2.501408656532875e-05,9.926655258896133e-09,-4.497209618613806e-05,4.501804522954707e-05,-4.999770273482566e-05,4.9997128224875165e-05,0.0,0.49990317058773653,0.5000968294122635,0.0006178096928269814
nearest,0.5,4,0.0001,insertion_order,-1.0322918916547983e-08,2.498937192219455e-05,-4.1967480986689525e-08,-4.497762360491227e-05,4.4991595817312666e-05,-4.9998022404906806e-05,4.9997823831896916e-05,0.0,0.5004033333333333,0.49959666666666663,-0.0005161459458273991,1.2791270776518939e-08,2.501406743777074e-05,9.953492607790253e-09,-4.49721164130476e-05,4.5017999411087416e-05,-4.999770273482566e-05,4.9997128224875165e-05,0.0,0.4999021334639754,0.5000978665360246,0.0006185031270848446
nearest,0.5,4,0.0003,arrival_first,-1.6086438626249824e-07,7.505526141221465e-05,-2.6374170071600625e-07,-0.00013504438145901074,0.00013493682872952679,-0.000149993425050828,0.00014999402258884705,0.0,0.5008613333333334,0.4991386666666667,-0.008043219313124912,1.5487323376436545e-07,7.504799668096373e-05,2.508887113260479e-07,-0.00013498846568657166,0.00013506048881133947,-0.00014999222100240474,0.0001499927059018367,0.0,0.4991065643991572,0.5008934356008428,0.007487200719569723
nearest,0.5,4,0.0003,departure_first,-1.6086438626249826e-07,7.505526141221465e-05,-2.6374170071600625e-07,-0.00013504438145901074,0.00013493682872952679,-0.000149993425050828,0.00014999402258884705,0.0,0.5008613333333334,0.4991386666666667,-0.008043219313124912,1.5484775016787288e-07,7.504804318502401e-05,2.5095567325120196e-07,-0.0001349883777525314,0.00013506054484383994,-0.00014999222100240474,0.0001499927059018367,0.0,0.4991048585144981,0.5008951414855018,0.007486071791700316
nearest,0.5,4,0.0003,insertion_order,-1.6086438626249826e-07,7.505526141221465e-05,-2.6374170071600625e-07,-0.00013504438145901074,0.00013493682872952679,-0.000149993425050828,0.00014999402258884705,0.0,0.5008613333333334,0.4991386666666667,-0.008043219313124912,1.5487323376436545e-07,7.504799668096373e-05,2.508887113260479e-07,-0.00013498846568657166,0.00013506048881133947,-0.00014999222100240474,0.0001499927059018367,0.0,0.4991065643991572,0.5008934356008428,0.007487200719569723
nearest,0.5,4,0.001,arrival_first,-7.39245398932932e-08,0.00025023749264432626,7.324670150410384e-08,-0.0004500932256936115,0.0004501966113002708,-0.0004999818182720143,0.0004999861578956674,0.0,0.499958,0.500042,-0.0036962269946646605,-4.434864522986725e-07,0.00024985182129173806,-8.405186695287804e-07,-0.00045006781247968874,0.00044994764603017046,-0.0004999764301360306,0.0004999820611587576,0.0,0.5008478704296221,0.49915212957037797,-0.021427037434641392
nearest,0.5,4,0.001,departure_first,-7.392453989329322e-08,0.00025023749264432626,7.324670150410384e-08,-0.0004500932256936115,0.0004501966113002708,-0.0004999818182720143,0.0004999861578956674,0.0,0.499958,0.500042,-0.0036962269946646605,-4.4193733918632997e-07,0.00024985366814930126,-8.382285934801942e-07,-0.0004500708685917209,0.00044995232609126314,-0.0004999764301360306,0.0004999820611587576,0.0,0.5008437146512879,0.4991562853487121,-0.021352766622704536
nearest,0.5,4,0.001,insertion_order,-7.39245398932932e-08,0.00025023749264432626,7.324670150410384e-08,-0.0004500932256936115,0.0004501966113002708,-0.0004999818182720143,0.0004999861578956674,0.0,0.499958,0.500042,-0.0036962269946646605,-4.434864522986725e-07,0.00024985182129173806,-8.405186695287804e-07,-0.00045006781247968874,0.00044994764603017046,-0.0004999764301360306,0.0004999820611587576,0.0,0.5008478704296221,0.49915212957037797,-0.021427037434641392
nearest,0.5,4,0.003,arrival_first,-2.23257875507746e-07,0.0007505310431310196,3.9199943178876615e-07,-0.0013505138721454084,0.0013503858679177934,-0.0014999521903519054,0.0014999530306037438,0.0,0.4998833333333333,0.5001166666666667,-0.011162893775387298,-1.3893876755329996e-06,0.0007493830453277881,-2.6348685168676536e-06,-0.0013498590110219565,0.0013493886160420257,-0.0014999424471084455,0.0014999534149534816,0.0,0.5009350270946219,0.49906497290537816,-0.06714183496912443
nearest,0.5,4,0.003,departure_first,-2.2325787550774604e-07,0.0007505310431310196,3.9199943178876615e-07,-0.0013505138721454084,0.0013503858679177934,-0.0014999521903519054,0.0014999530306037438,0.0,0.49988333333333335,0.5001166666666667,-0.011162893775387298,-1.3927142906511612e-06,0.0007493792157150099,-2.6583674144802067e-06,-0.0013498498682471478,0.0013494030959324507,-0.0014999424471084455,0.0014999534149534816,0.0,0.5009384346609297,0.4990615653390703,-0.06730588625543009
nearest,0.5,4,0.003,insertion_order,-2.2325787550774598e-07,0.0007505310431310196,3.9199943178876615e-07,-0.0013505138721454084,0.0013503858679177934,-0.0014999521903519054,0.0014999530306037438,0.0,0.49988333333333335,0.5001166666666667,-0.011162893775387298,-1.3893876755329996e-06,0.0007493830453277881,-2.6348685168676536e-06,-0.0013498590110219565,0.0013493886160420257,-0.0014999424471084455,0.0014999534149534816,0.0,0.5009350270946219,0.49906497290537816,-0.06714183496912443
nearest,0.5,4,0.01,arrival_first,3.747408794760607e-06,0.002499611830244952,1.0462127193022752e-05,-0.0044985712299694565,0.004504339898636923,-0.004999847535206451,0.004999786776716064,0.0,0.49895866666666666,0.5010413333333333,0.18737043973803036,-1.862357943960187e-06,0.0025002660072945366,-9.483682110849035e-06,-0.004498871030654036,0.004500149010579445,-0.0049998092082733665,0.004999816967349131,0.0,0.500963091799711,0.49903690820028895,-0.09019129558868073
nearest,0.5,4,0.01,departure_first,3.747408794760607e-06,0.002499611830244952,1.0462127193022752e-05,-0.0044985712299694565,0.004504339898636923,-0.004999847535206451,0.004999786776716064,0.0,0.49895866666666666,0.5010413333333333,0.18737043973803036,-1.7596120247361553e-06,0.0025002408210101496,-9.272935132777215e-06,-0.004498749886677609,0.004500138030361373,-0.0049998092082733665,0.004999816967349131,0.0,0.5009484772324873,0.49905152276751275,-0.0852285438992561
nearest,0.5,4,0.01,insertion_order,3.747408794760607e-06,0.002499611830244952,1.0462127193022752e-05,-0.0044985712299694565,0.004504339898636923,-0.004999847535206451,0.004999786776716064,0.0,0.49895866666666666,0.5010413333333333,0.18737043973803036,-1.862357943960187e-06,0.0025002660072945366,-9.483682110849035e-06,-0.004498871030654036,0.004500149010579445,-0.0049998092082733665,0.004999816967349131,0.0,0.500963091799711,0.49903690820028895,-0.09019129558868072
nearest,0.5,4,0.03,arrival_first,-4.992613449394412e-07,0.007498158505489221,6.949567008026255e-06,-0.013492334263094867,0.013506563924647703,-0.014999352294277438,0.014999282688040693,0.0,0.49974399999999997,0.500256,-0.02496306724697206,-3.737016965422896e-05,0.007493851228054284,-0.00010965869657072162,-0.013496679656545309,0.01349648318183059,-0.014999473229925935,0.01499905884223872,0.0,0.5037819599348178,0.49621804006518216,-1.8078745417725168
nearest,0.5,4,0.03,departure_first,-4.99261344939441e-07,0.007498158505489221,6.949567008026255e-06,-0.013492334263094867,0.013506563924647703,-0.014999352294277438,0.014999282688040693,0.0,0.49974399999999997,0.500256,-0.02496306724697206,-3.783076817526683e-05,0.00749377688113775,-0.00011010595003309049,-0.01349654839289088,0.013496578857403496,-0.014999473229925935,0.01499905884223872,0.0,0.5038038926203405,0.49619610737965947,-1.831039344947204
nearest,0.5,4,0.03,insertion_order,-4.992613449394412e-07,0.007498158505489221,6.949567008026255e-06,-0.013492334263094867,0.013506563924647703,-0.014999352294277438,0.014999282688040693,0.0,0.49974399999999997,0.500256,-0.02496306724697206,-3.737016965422896e-05,0.007493851228054284,-0.00010965869657072162,-0.013496679656545309,0.01349648318183059,-0.014999473229925935,0.01499905884223872,0.0,0.5037819599348178,0.49621804006518216,-1.8078745417725168
nearest,0.5,4,0.1,arrival_first,-4.137258913086892e-05,0.024993901340440397,-8.134332286620823e-05,-0.045023089251772036,0.04498823887529093,-0.049997962394021066,0.049998211089041435,0.0,0.5007793333333334,0.4992206666666667,-2.068629456543446,-0.0004603800804945021,0.02500489220145039,-0.001283621025306113,-0.04501341151777579,0.04496021829529566,-0.049997995083512416,0.0499977780716255,0.0,0.5136044225439511,0.48639557745604894,-22.253464490180924
nearest,0.5,4,0.1,departure_first,-4.137258913086892e-05,0.024993901340440397,-8.134332286620823e-05,-0.045023089251772036,0.04498823887529093,-0.049997962394021066,0.049998211089041435,0.0,0.5007793333333334,0.4992206666666667,-2.068629456543446,-0.0004625061379645374,0.025005147590586075,-0.001287975028332579,-0.045013614897686266,0.04495867438722459,-0.04999800030569182,0.04999777807174676,0.0,0.5136548032489867,0.48634519675101334,-22.394463598765263
nearest,0.5,4,0.1,insertion_order,-4.137258913086892e-05,0.024993901340440397,-8.134332286620823e-05,-0.045023089251772036,0.04498823887529093,-0.049997962394021066,0.049998211089041435,0.0,0.5007793333333334,0.4992206666666667,-2.068629456543446,-0.0004603800804945021,0.02500489220145039,-0.001283621025306113,-0.04501341151777579,0.04496021829529566,-0.049997995083512416,0.0499977780716255,0.0,0.5136044225439511,0.48639557745604894,-22.253464490180924
nearest,0.5,8,1e-05,arrival_first,-4.0848840095956473e-10,2.5023018560968922e-06,-2.386574730432282e-09,-4.503759470632455e-06,4.49916786540901e-06,-4.999826705898158e-06,4.99976091911473e-06,0.0,0.5002446666666667,0.4997553333333334,-2.042442004797825e-05,-2.5877197759745546e-09,2.499103556773806e-06,-3.956435373648574e-09,-4.500450588037951e-06,4.496843993375016e-06,-4.999775595353079e-06,4.999763608579006e-06,0.0,0.5004044560339497,0.4995955439660503,-0.00012915929191892924
nearest,0.5,8,1e-05,departure_first,-4.084884009595649e-10,2.5023018560968922e-06,-2.386574730432282e-09,-4.503759470632455e-06,4.49916786540901e-06,-4.999826705898158e-06,4.99976091911473e-06,0.0,0.5002446666666667,0.4997553333333333,-2.042442004797825e-05,-2.587719775974555e-09,2.499103556773806e-06,-3.956435373648574e-09,-4.500450588037951e-06,4.496843993375016e-06,-4.999775595353079e-06,4.999763608579006e-06,0.0,0.5004044560339497,0.4995955439660503,-0.00012915929191892924
nearest,0.5,8,1e-05,insertion_order,-4.0848840095956483e-10,2.5023018560968922e-06,-2.386574730432282e-09,-4.503759470632455e-06,4.49916786540901e-06,-4.999826705898158e-06,4.99976091911473e-06,0.0,0.5002446666666667,0.4997553333333333,-2.042442004797825e-05,-2.5877197759745546e-09,2.499103556773806e-06,-3.956435373648574e-09,-4.500450588037951e-06,4.496843993375016e-06,-4.999775595353079e-06,4.999763608579006e-06,0.0,0.5004044560339497,0.4995955439660503,-0.00012915929191892924
nearest,0.5,8,3e-05,arrival_first,-8.931869290487764e-09,7.50244334426073e-06,-2.7158906353482355e-08,-1.3505311356614887e-05,1.3506165908741724e-05,-1.4999478965667852e-05,1.499934933235636e-05,0.0,0.500866,0.49913399999999997,-0.00044659346452438815,3.029456915907161e-09,7.502373845941722e-06,4.542966492229739e-09,-1.3495784038461503e-05,1.3496781537327536e-05,-1.4999466644056067e-05,1.4999333648766284e-05,0.0,0.49980261223386735,0.5001973877661327,0.000151173736685289
nearest,0.5,8,3e-05,departure_first,-8.931869290487764e-09,7.50244334426073e-06,-2.7158906353482355e-08,-1.3505311356614887e-05,1.3506165908741724e-05,-1.4999478965667852e-05,1.499934933235636e-05,0.0,0.500866,0.49913399999999997,-0.00044659346452438815,3.0294569159071615e-09,7.502373845941722e-06,4.542966492229739e-09,-1.3495784038461503e-05,1.3496781537327536e-05,-1.4999466644056067e-05,1.4999333648766284e-05,0.0,0.49980261223386735,0.5001973877661327,0.000151173736685289
nearest,0.5,8,3e-05,insertion_order,-8.931869290487762e-09,7.50244334426073e-06,-2.7158906353482355e-08,-1.3505311356614887e-05,1.3506165908741724e-05,-1.4999478965667852e-05,1.499934933235636e-05,0.0,0.500866,0.49913399999999997,-0.00044659346452438815,3.0294569159071615e-09,7.502373845941722e-06,4.542966492229739e-09,-1.3495784038461503e-05,1.3496781537327536e-05,-1.4999466644056067e-05,1.4999333648766284e-05,0.0,0.49980261223386735,0.5001973877661327,0.000151173736685289
nearest,0.5,8,0.0001,arrival_first,2.776152980610884e-09,2.500457948081748e-05,2.3095071810530498e-08,-4.4999355156202605e-05,4.501704417634754e-05,-4.9997961832559666e-05,4.999721901792024e-05,0.0,0.49980199999999997,0.500198,0.00013880764903054417,1.2824398801243106e-08,2.5002502437119188e-05,2.2356815447948745e-08,-4.497646778090455e-05,4.5012584158112794e-05,-4.999802517278208e-05,4.999778015545552e-05,0.0,0.49973480270559006,0.50026519729441,0.0006396713497663106
nearest,0.5,8,0.0001,departure_first,2.776152980610884e-09,2.500457948081748e-05,2.3095071810530498e-08,-4.4999355156202605e-05,4.501704417634754e-05,-4.9997961832559666e-05,4.999721901792024e-05,0.0,0.49980199999999997,0.500198,0.00013880764903054417,1.2824398801243105e-08,2.5002502437119188e-05,2.2356815447948745e-08,-4.497646778090455e-05,4.5012584158112794e-05,-4.999802517278208e-05,4.999778015545552e-05,0.0,0.49973480270559006,0.50026519729441,0.0006396713497663106
nearest,0.5,8,0.0001,insertion_order,2.776152980610884e-09,2.500457948081748e-05,2.3095071810530498e-08,-4.4999355156202605e-05,4.501704417634754e-05,-4.9997961832559666e-05,4.999721901792024e-05,0.0,0.49980199999999997,0.5001979999999999,0.00013880764903054417,1.2824398801243103e-08,2.5002502437119188e-05,2.2356815447948745e-08,-4.497646778090455e-05,4.5012584158112794e-05,-4.999802517278208e-05,4.999778015545552e-05,0.0,0.49973480270559006,0.50026519729441,0.0006396713497663106
nearest,0.5,8,0.0003,arrival_first,-6.769865077149007e-08,7.504573387474253e-05,-1.2471573427319526e-07,-0.00013502133106461166,0.00013504480388595158,-0.00014999342298930665,0.00014999370177974923,0.0,0.5003866666666666,0.49961333333333335,-0.0033849325385745034,2.5056695641961324e-08,7.503756374738445e-05,-2.8396658108442428e-08,-0.00013505046168039409,0.00013505344519571438,-0.00014999425129442006,0.00014999303567077876,0.0,0.49999081979848486,0.5000091802015151,0.0012491738904219863
nearest,0.5,8,0.0003,departure_first,-6.769865077149007e-08,7.504573387474253e-05,-1.2471573427319526e-07,-0.00013502133106461166,0.00013504480388595158,-0.00014999342298930665,0.00014999370177974923,0.0,0.5003866666666666,0.49961333333333335,-0.0033849325385745034,2.5082951458773242e-08,7.50375609385571e-05,-2.8336680293135526e-08,-0.00013505046168039409,0.00013505344519571438,-0.00014999425129442006,0.00014999303567077876,0.0,0.4999901522640234,0.5000098477359766,0.0012504849746344895
nearest,0.5,8,0.0003,insertion_order,-6.769865077149007e-08,7.504573387474253e-05,-1.2471573427319526e-07,-0.00013502133106461166,0.00013504480388595158,-0.00014999342298930665,0.00014999370177974923,0.0,0.5003866666666666,0.49961333333333335,-0.0033849325385745034,2.5056695641961324e-08,7.503756374738445e-05,-2.8396658108442428e-08,-0.00013505046168039409,0.00013505344519571438,-0.00014999425129442006,0.00014999303567077876,0.0,0.49999081979848486,0.5000091802015151,0.0012491738904219865
nearest,0.5,8,0.001,arrival_first,-1.2889214636015824e-07,0.00024998495439174074,3.9600369442875186e-08,-0.00045005849995201667,0.0004497358400537146,-0.0004999753609202646,0.000499976411932342,0.0,0.499982,0.5000180000000001,-0.0064446073180079114,8.573910794493971e-08,0.0002499440347052837,-1.5870352258055773e-07,-0.00044986818092828675,0.0004502069109911952,-0.0004999813953319598,0.0004999854239570493,0.0,0.5001480272475606,0.4998519727524394,0.0042791738512882975
nearest,0.5,8,0.001,departure_first,-1.2889214636015824e-07,0.00024998495439174074,3.9600369442875186e-08,-0.00045005849995201667,0.0004497358400537146,-0.0004999753609202646,0.000499976411932342,0.0,0.499982,0.5000180000000001,-0.0064446073180079114,8.568510090630524e-08,0.00024994400879439494,-1.5819163741759696e-07,-0.00044986805694839405,0.0004502068566377377,-0.0004999813953319598,0.0004999854239570493,0.0,0.5001483607060351,0.4998516392939649,0.004276472757796438
nearest,0.5,8,0.001,insertion_order,-1.288921463601582e-07,0.00024998495439174074,3.9600369442875186e-08,-0.00045005849995201667,0.0004497358400537146,-0.0004999753609202646,0.000499976411932342,0.0,0.499982,0.5000180000000001,-0.0064446073180079114,8.573910794493973e-08,0.0002499440347052837,-1.5870352258055773e-07,-0.00044986818092828675,0.0004502069109911952,-0.0004999813953319598,0.0004999854239570493,0.0,0.5001480272475606,0.4998519727524394,0.004279173851288298
nearest,0.5,8,0.003,arrival_first,-6.892141683541257e-09,0.0007499998779570948,2.3927217019566645e-07,-0.0013504602413346826,0.0013501626436542814,-0.0014999277735114446,0.0014999419428325686,0.0,0.4998626666666667,0.5001373333333333,-0.0003446070841770658,-2.1294554836397205e-07,0.0007494433796801388,-5.33512396194991e-07,-0.001349315015031969,0.0013498368694070363,-0.0014999348180647616,0.0014999491473153327,0.0,0.5002153595683447,0.49978464043165527,-0.010631259897322361
nearest,0.5,8,0.003,departure_first,-6.892141683541296e-09,0.0007499998779570948,2.3927217019566645e-07,-0.0013504602413346826,0.0013501626436542814,-0.0014999277735114446,0.0014999419428325686,0.0,0.4998626666666667,0.5001373333333333,-0.0003446070841770658,-2.1412610119749737e-07,0.0007494437215743254,-5.335536276720199e-07,-0.0013493160158265008,0.0013498362113675477,-0.0014999348180647616,0.0014999491473153327,0.0,0.5002156894951862,0.49978431050481376,-0.010690175456728578
nearest,0.5,8,0.003,insertion_order,-6.892141683541292e-09,0.0007499998779570948,2.3927217019566645e-07,-0.0013504602413346826,0.0013501626436542814,-0.0014999277735114446,0.0014999419428325686,0.0,0.4998626666666667,0.5001373333333333,-0.0003446070841770658,-2.1294554836397205e-07,0.0007494433796801388,-5.33512396194991e-07,-0.001349315015031969,0.0013498368694070363,-0.0014999348180647616,0.0014999491473153327,0.0,0.5002153595683447,0.49978464043165527,-0.010631259897322363
nearest,0.5,8,0.01,arrival_first,-8.135588015951121e-07,0.0024993427135384374,-4.287240729657545e-06,-0.004499041837325422,0.0045026115306457835,-0.004999846841807691,0.0049998246061780565,0.0,0.5004213333333333,0.49957866666666667,-0.040677940079755594,-1.730917218642107e-06,0.0025003868322793685,-7.178912650667007e-06,-0.0044984341531307875,0.0044987381664923125,-0.004999727572694483,0.004999832659366734,0.0,0.5006944066428449,0.4993055933571551,-0.08639542906503887
nearest,0.5,8,0.01,departure_first,-8.135588015951121e-07,0.0024993427135384374,-4.287240729657545e-06,-0.004499041837325422,0.0045026115306457835,-0.004999846841807691,0.0049998246061780565,0.0,0.5004213333333333,0.4995786666666666,-0.040677940079755594,-1.7176564729993775e-06,0.002500384622229933,-7.169013545461668e-06,-0.004498432932036297,0.004498734321773368,-0.004999727572694483,0.004999832659366734,0.0,0.5006937336375892,0.49930626636241093,-0.08573331157301041
nearest,0.5,8,0.01,insertion_order,-8.135588015951121e-07,0.0024993427135384374,-4.287240729657545e-06,-0.004499041837325422,0.0045026115306457835,-0.004999846841807691,0.0049998246061780565,0.0,0.5004213333333333,0.49957866666666667,-0.040677940079755594,-1.730917218642107e-06,0.0025003868322793685,-7.178912650667007e-06,-0.0044984341531307875,0.0044987381664923125,-0.004999727572694483,0.004999832659366734,0.0,0.5006944066428449,0.4993055933571551,-0.08639542906503887
nearest,0.5,8,0.03,arrival_first,1.053104388751914e-06,0.007496440737320345,1.5611771353481647e-05,-0.013502419827864287,0.013493020910039677,-0.014999595356251423,0.014999391452935622,0.0,0.4994566666666667,0.5005433333333333,0.052655219437595706,-2.4473854796146474e-05,0.007506454658588723,-0.00010092867770328164,-0.013502844092739354,0.013502245416282506,-0.014999417862507044,0.01499956983086379,0.0,0.5034220873775653,0.4965779126224347,-1.2213052257675474
nearest,0.5,8,0.03,departure_first,1.053104388751914e-06,0.007496440737320345,1.5611771353481647e-05,-0.013502419827864287,0.013493020910039677,-0.014999595356251423,0.014999391452935622,0.0,0.4994566666666667,0.5005433333333333,0.052655219437595706,-2.4404771211952554e-05,0.007506447809803209,-0.00010073346140128664,-0.013502804337772864,0.013502260631585584,-0.014999417862507044,0.01499956983086379,0.0,0.5034159803060335,0.49658401969396654,-1.21788572520625
nearest,0.5,8,0.03,insertion_order,1.0531043887519134e-06,0.007496440737320345,1.5611771353481647e-05,-0.013502419827864287,0.013493020910039677,-0.014999595356251423,0.014999391452935622,0.0,0.4994566666666667,0.5005433333333333,0.052655219437595706,-2.4473854796146474e-05,0.007506454658588723,-0.00010092867770328164,-0.013502844092739354,0.013502245416282506,-0.014999417862507044,0.01499956983086379,0.0,0.5034220873775653,0.4965779126224347,-1.2213052257675474
nearest,0.5,8,0.1,arrival_first,-2.186022340228859e-05,0.024990725342467515,-2.9911108564798877e-05,-0.044980414338748845,0.0449842150850236,-0.04999850063722988,0.049997924851898766,0.0,0.50033,0.49967,-1.0930111701144294,-0.0004560475875635863,0.024995893968344157,-0.0012360147598759255,-0.045018203189776486,0.044983475000557126,-0.04999832724950557,0.04999810061122169,0.0,0.5127886295042576,0.4872113704957424,-22.75750175598087
nearest,0.5,8,0.1,departure_first,-2.186022340228859e-05,0.024990725342467515,-2.9911108564798877e-05,-0.044980414338748845,0.0449842150850236,-0.04999850063722988,0.049997924851898766,0.0,0.50033,0.49967,-1.0930111701144294,-0.00045549370709275665,0.02499575444835661,-0.0012351323579930967,-0.04501808397170083,0.04498343980091441,-0.04999832724950557,0.04999810061122169,0.0,0.5127811711462597,0.48721882885374035,-22.731816481577987
nearest,0.5,8,0.1,insertion_order,-2.186022340228859e-05,0.024990725342467515,-2.9911108564798877e-05,-0.044980414338748845,0.0449842150850236,-0.04999850063722988,0.049997924851898766,0.0,0.50033,0.49967,-1.0930111701144294,-0.0004560475875635863,0.024995893968344157,-0.0012360147598759255,-0.045018203189776486,0.044983475000557126,-0.04999832724950557,0.04999810061122169,0.0,0.5127886295042576,0.4872113704957424,-22.75750175598087
nearest,0.5,16,1e-05,arrival_first,1.1426238585651543e-09,2.4984590368670373e-06,5.367443615493054e-09,-4.5006980690232015e-06,4.497942115146239e-06,-4.9998293131163034e-06,4.999842591738949e-06,6.666666666666667e-07,0.4994846666666667,0.5005146666666667,5.7131192928257706e-05,-1.6562402125664595e-09,2.4981476179550166e-06,-5.157575738018449e-11,-4.4973233269415655e-06,4.496089062101087e-06,-4.999783133348539e-06,4.9997882480965445e-06,0.0,0.5000306716668563,0.4999693283331437,-8.281065042630174e-05
nearest,0.5,16,1e-05,departure_first,1.1426238585651543e-09,2.4984590368670373e-06,5.367443615493054e-09,-4.5006980690232015e-06,4.497942115146239e-06,-4.9998293131163034e-06,4.999842591738949e-06,6.666666666666667e-07,0.4994846666666667,0.5005146666666667,5.7131192928257706e-05,-1.6562402125664593e-09,2.4981476179550166e-06,-5.157575738018449e-11,-4.4973233269415655e-06,4.496089062101087e-06,-4.999783133348539e-06,4.9997882480965445e-06,0.0,0.5000306716668563,0.4999693283331437,-8.281065042630173e-05
nearest,0.5,16,1e-05,insertion_order,1.1426238585651543e-09,2.4984590368670373e-06,5.367443615493054e-09,-4.5006980690232015e-06,4.497942115146239e-06,-4.9998293131163034e-06,4.999842591738949e-06,6.666666666666667e-07,0.4994846666666667,0.5005146666666667,5.7131192928257706e-05,-1.6562402125664591e-09,2.4981476179550166e-06,-5.157575738018449e-11,-4.4973233269415655e-06,4.496089062101087e-06,-4.999783133348539e-06,4.9997882480965445e-06,0.0,0.5000306716668563,0.4999693283331437,-8.281065042630174e-05
nearest,0.5,16,3e-05,arrival_first,2.2259030750622822e-09,7.494561544943281e-06,8.883822980957727e-09,-1.3495391143199715e-05,1.3495332853684275e-05,-1.4999445496262826e-05,1.4999537233961746e-05,6.666666666666667e-07,0.49968599999999996,0.5003133333333333,0.00011129515375311409,1.7517242633773786e-08,7.496658881690832e-06,2.6944779495585365e-08,-1.349357523971341e-05,1.3494170043423512e-05,-1.4999342376453607e-05,1.4999346870900379e-05,0.0,0.4989739916263514,0.5010260083736485,0.0008758560516246274
nearest,0.5,16,3e-05,departure_first,2.2259030750622822e-09,7.494561544943281e-06,8.883822980957727e-09,-1.3495391143199715e-05,1.3495332853684275e-05,-1.4999445496262826e-05,1.4999537233961746e-05,6.666666666666667e-07,0.49968599999999996,0.5003133333333333,0.00011129515375311409,1.751724263377379e-08,7.496658881690832e-06,2.6944779495585365e-08,-1.349357523971341e-05,1.3494170043423512e-05,-1.4999342376453607e-05,1.4999346870900379e-05,0.0,0.4989739916263514,0.5010260083736485,0.0008758560516246274
nearest,0.5,16,3e-05,insertion_order,2.225903075062282e-09,7.494561544943281e-06,8.883822980957727e-09,-1.3495391143199715e-05,1.3495332853684275e-05,-1.4999445496262826e-05,1.4999537233961746e-05,6.666666666666667e-07,0.49968599999999996,0.5003133333333333,0.00011129515375311409,1.751724263377379e-08,7.496658881690832e-06,2.6944779495585365e-08,-1.349357523971341e-05,1.3494170043423512e-05,-1.4999342376453607e-05,1.4999346870900379e-05,0.0,0.4989739916263514,0.5010260083736485,0.0008758560516246274
nearest,0.5,16,0.0001,arrival_first,7.793919494967366e-09,2.5011553739373387e-05,6.712677228885393e-09,-4.4995915368417626e-05,4.501711236419699e-05,-4.9998305621556936e-05,4.9997882645887635e-05,0.0,0.49992733333333333,0.5000726666666667,0.00038969597474836825,-2.7283318936001608e-08,2.5013974612150023e-05,-4.5657719691058935e-08,-4.500372365031864e-05,4.5010770217068284e-05,-4.999760925398315e-05,4.999841175093262e-05,0.0,0.5004806754136736,0.49951932458632636,-0.0013641437590626196
nearest,0.5,16,0.0001,departure_first,7.793919494967365e-09,2.5011553739373387e-05,6.712677228885393e-09,-4.4995915368417626e-05,4.501711236419699e-05,-4.9998305621556936e-05,4.9997882645887635e-05,0.0,0.49992733333333333,0.5000726666666667,0.00038969597474836825,-2.7283318936001608e-08,2.5013974612150023e-05,-4.5657719691058935e-08,-4.500372365031864e-05,4.5010770217068284e-05,-4.999760925398315e-05,4.999841175093262e-05,0.0,0.5004806754136736,0.49951932458632636,-0.0013641437590626196
nearest,0.5,16,0.0001,insertion_order,7.793919494967365e-09,2.5011553739373387e-05,6.712677228885393e-09,-4.4995915368417626e-05,4.501711236419699e-05,-4.9998305621556936e-05,4.9997882645887635e-05,0.0,0.49992733333333333,0.5000726666666666,0.00038969597474836825,-2.7283318936001608e-08,2.5013974612150023e-05,-4.5657719691058935e-08,-4.500372365031864e-05,4.5010770217068284e-05,-4.999760925398315e-05,4.999841175093262e-05,0.0,0.5004806754136736,0.49951932458632636,-0.0013641437590626196
nearest,0.5,16,0.0003,arrival_first,2.4719121414818792e-08,7.502282861553006e-05,3.278364602010697e-08,-0.0001349356492391962,0.00013499157333778076,-0.00014999533887021242,0.0001499940935294338,0.0,0.499922,0.500078,0.00123595607074094,4.9516275179021886e-08,7.498431715515611e-05,1.3546535027640522e-07,-0.00013500144926979803,0.00013493565449432463,-0.00014999246464494445,0.00014999411014016525,0.0,0.49952533598679655,0.5004746640132035,0.0024758562807794568
nearest,0.5,16,0.0003,departure_first,2.4719121414818795e-08,7.502282861553006e-05,3.278364602010697e-08,-0.0001349356492391962,0.00013499157333778076,-0.00014999533887021242,0.0001499940935294338,0.0,0.499922,0.500078,0.00123595607074094,4.9516275179021886e-08,7.498431715515611e-05,1.3546535027640522e-07,-0.00013500144926979803,0.00013493565449432463,-0.00014999246464494445,0.00014999411014016525,0.0,0.49952533598679655,0.5004746640132035,0.0024758562807794576
nearest,0.5,16,0.0003,insertion_order,2.47191214148188e-08,7.502282861553006e-05,3.278364602010697e-08,-0.0001349356492391962,0.00013499157333778076,-0.00014999533887021242,0.0001499940935294338,0.0,0.499922,0.500078,0.00123595607074094,4.951627517902189e-08,7.498431715515611e-05,1.3546535027640522e-07,-0.00013500144926979803,0.00013493565449432463,-0.00014999246464494445,0.00014999411014016525,0.0,0.49952533598679655,0.5004746640132035,0.0024758562807794568
nearest,0.5,16,0.001,arrival_first,8.319229819971951e-08,0.000249846418315803,1.202571487131839e-07,-0.0004497224571089949,0.00044989108912583703,-0.000499977970624362,0.0004999828944467784,0.0,0.49984,0.5001599999999999,0.004159614909985976,-6.221794082192556e-08,0.0002501259999757654,-1.9454284978295359e-07,-0.0004499157021964822,0.00045009581689554147,-0.0004999765576016716,0.0004999781205158224,0.0,0.5002566746936938,0.4997433253063061,-0.0031108105163918888
nearest,0.5,16,0.001,departure_first,8.319229819971951e-08,0.000249846418315803,1.202571487131839e-07,-0.0004497224571089949,0.00044989108912583703,-0.000499977970624362,0.0004999828944467784,0.0,0.49984,0.5001599999999999,0.004159614909985976,-6.221794082192557e-08,0.0002501259999757654,-1.9454284978295359e-07,-0.0004499157021964822,0.00045009581689554147,-0.0004999765576016716,0.0004999781205158224,0.0,0.5002566746936938,0.4997433253063061,-0.00311081051639189
nearest,0.5,16,0.001,insertion_order,8.31922981997195e-08,0.000249846418315803,1.202571487131839e-07,-0.0004497224571089949,0.00044989108912583703,-0.000499977970624362,0.0004999828944467784,0.0,0.49984,0.5001599999999999,0.004159614909985976,-6.221794082192557e-08,0.0002501259999757654,-1.9454284978295359e-07,-0.0004499157021964822,0.00045009581689554147,-0.0004999765576016716,0.0004999781205158224,0.0,0.5002566746936938,0.4997433253063061,-0.00311081051639189
nearest,0.5,16,0.003,arrival_first,1.3452562590464364e-07,0.0007502420873157014,-1.6067224350990726e-08,-0.0013497820120907515,0.0013495899319847617,-0.0014999418001631663,0.0014999515183565866,0.0,0.4999586666666667,0.5000413333333333,0.006726281295232184,-9.74879567338905e-07,0.0007505190346799872,-1.9435412024783156e-06,-0.0013502158954356816,0.0013502187538654196,-0.0014999312459711453,0.0014999326805391108,0.0,0.500682666173309,0.49931733382669097,-0.048744143853868147
nearest,0.5,16,0.003,departure_first,1.345256259046437e-07,0.0007502420873157014,-1.6067224350990726e-08,-0.0013497820120907515,0.0013495899319847617,-0.0014999418001631663,0.0014999515183565866,0.0,0.4999586666666667,0.5000413333333333,0.006726281295232184,-9.74879567338905e-07,0.0007505190346799872,-1.9435412024783156e-06,-0.0013502158954356816,0.0013502187538654196,-0.0014999312459711453,0.0014999326805391108,0.0,0.500682666173309,0.49931733382669097,-0.048744143853868147
nearest,0.5,16,0.003,insertion_order,1.345256259046437e-07,0.0007502420873157014,-1.6067224350990726e-08,-0.0013497820120907515,0.0013495899319847617,-0.0014999418001631663,0.0014999515183565866,0.0,0.4999586666666667,0.5000413333333333,0.006726281295232184,-9.74879567338905e-07,0.0007505190346799872,-1.9435412024783156e-06,-0.0013502158954356816,0.0013502187538654196,-0.0014999312459711453,0.0014999326805391108,0.0,0.500682666173309,0.49931733382669097,-0.048744143853868147
nearest,0.5,16,0.01,arrival_first,2.8452564014029717e-07,0.002500984231144635,3.816430125880288e-06,-0.004498961939734727,0.00449952568708492,-0.004999825740257317,0.004999839671897158,0.0,0.49959666666666663,0.5004033333333333,0.014226282007014864,-5.208207826662676e-06,0.002500213215849763,-1.425798065030215e-05,-0.004500304099236237,0.004498288070934686,-0.004999764542799312,0.0049998139225289175,0.0,0.5014340032534421,0.4985659967465578,-0.260410810824682
nearest,0.5,16,0.01,departure_first,2.8452564014029717e-07,0.002500984231144635,3.816430125880288e-06,-0.004498961939734727,0.00449952568708492,-0.004999825740257317,0.004999839671897158,0.0,0.49959666666666663,0.5004033333333333,0.014226282007014864,-5.208207826662677e-06,0.002500213215849763,-1.425798065030215e-05,-0.004500304099236237,0.004498288070934686,-0.004999764542799312,0.0049998139225289175,0.0,0.5014340032534421,0.4985659967465578,-0.260410810824682
nearest,0.5,16,0.01,insertion_order,2.8452564014029717e-07,0.002500984231144635,3.816430125880288e-06,-0.004498961939734727,0.00449952568708492,-0.004999825740257317,0.004999839671897158,0.0,0.49959666666666663,0.5004033333333333,0.014226282007014864,-5.208207826662676e-06,0.002500213215849763,-1.425798065030215e-05,-0.004500304099236237,0.004498288070934686,-0.004999764542799312,0.0049998139225289175,0.0,0.5014340032534421,0.4985659967465578,-0.260410810824682
nearest,0.5,16,0.03,arrival_first,-7.135477845667386e-06,0.0075007937844413985,-2.959654466394568e-06,-0.013500481048119278,0.013493165107283855,-0.014999419107213422,0.014999599285389801,0.0,0.5000766666666666,0.49992333333333333,-0.3567738922833693,-3.5894840483844386e-05,0.007497939130681402,-0.00011671535473516226,-0.013496884959158842,0.01350679580726035,-0.014999231551719502,0.014999407993808741,0.0,0.5039500076669107,0.49604999233308933,-1.7947441437527056
nearest,0.5,16,0.03,departure_first,-7.135477845667386e-06,0.0075007937844413985,-2.959654466394568e-06,-0.013500481048119278,0.013493165107283855,-0.014999419107213422,0.014999599285389801,0.0,0.5000766666666666,0.49992333333333333,-0.3567738922833693,-3.5891357612333185e-05,0.007497935647809891,-0.00011671535473516226,-0.013496884959158842,0.01350679580726035,-0.014999231551719502,0.014999407993808741,0.0,0.5039500076669107,0.49604999233308933,-1.7945700071428883
nearest,0.5,16,0.03,insertion_order,-7.135477845667386e-06,0.0075007937844413985,-2.959654466394568e-06,-0.013500481048119278,0.013493165107283855,-0.014999419107213422,0.014999599285389801,0.0,0.5000766666666666,0.49992333333333333,-0.3567738922833693,-3.5894840483844386e-05,0.007497939130681402,-0.00011671535473516226,-0.013496884959158842,0.01350679580726035,-0.014999231551719502,0.014999407993808741,0.0,0.5039500076669107,0.49604999233308933,-1.7947441437527056
nearest,0.5,16,0.1,arrival_first,-1.873547229353426e-05,0.024991188894760697,-1.353720960347952e-05,-0.04502698090516787,0.04498823623970261,-0.04999783869983124,0.04999808329369747,0.0,0.500128,0.499872,-0.9367736146767129,-0.00042484053591405473,0.024973409027209643,-0.0012056479907206596,-0.04501423757910449,0.044974464196453075,-0.04999802462663893,0.049997956843020455,0.0,0.5128250617552842,0.4871749382447158,-21.241919088019646
nearest,0.5,16,0.1,departure_first,-1.8735472293534257e-05,0.024991188894760697,-1.353720960347952e-05,-0.04502698090516787,0.04498823623970261,-0.04999783869983124,0.04999808329369747,0.0,0.500128,0.499872,-0.9367736146767129,-0.0004247951294668918,0.024973414448860167,-0.001205630841983752,-0.04501423757910449,0.044974464196453075,-0.04999802462663893,0.049997956843020455,0.0,0.5128243950619498,0.48717560493805023,-21.239648856474396
nearest,0.5,16,0.1,insertion_order,-1.8735472293534257e-05,0.024991188894760697,-1.353720960347952e-05,-0.04502698090516787,0.04498823623970261,-0.04999783869983124,0.04999808329369747,0.0,0.500128,0.499872,-0.9367736146767129,-0.00042484053591405473,0.024973409027209643,-0.0012056479907206596,-0.04501423757910449,0.044974464196453075,-0.04999802462663893,0.049997956843020455,0.0,0.5128250617552842,0.4871749382447158,-21.241919088019646
nearest,0.8,1,1e-05,arrival_first,-2.193955757320509e-09,2.498768720474497e-06,1.733800066479792e-10,-4.501321430628498e-06,4.497869059984319e-06,-4.999821067031008e-06,4.9997623743062525e-06,0.0,0.49989,0.5001099999999999,-0.00010969778786602546,-3.8544568948789303e-10,2.498143725007122e-06,-4.235242793045509e-11,-4.496001221596634e-06,4.498639685813268e-06,-4.999586456943747e-06,4.999608781122248e-06,0.0,0.5000143837406381,0.49998561625936183,-1.013046975450717e-05
nearest,0.8,1,1e-05,departure_first,-2.193955757320509e-09,2.498768720474497e-06,1.733800066479792e-10,-4.501321430628498e-06,4.497869059984319e-06,-4.999821067031008e-06,4.9997623743062525e-06,0.0,0.49989,0.5001099999999999,-0.00010969778786602546,-3.9546618112916934e-10,2.498140313711723e-06,-5.930204258787024e-11,-4.496019165746319e-06,4.498626362421156e-06,-4.999586456943747e-06,4.999608781122248e-06,0.0,0.5000149878175838,0.49998501218241626,-1.0407819088556284e-05
nearest,0.8,1,1e-05,insertion_order,-2.193955757320509e-09,2.498768720474497e-06,1.733800066479792e-10,-4.501321430628498e-06,4.497869059984319e-06,-4.999821067031008e-06,4.9997623743062525e-06,0.0,0.49989,0.5001099999999999,-0.00010969778786602546,-3.8544568948789324e-10,2.498143725007122e-06,-4.235242793045509e-11,-4.496001221596634e-06,4.498639685813268e-06,-4.999586456943747e-06,4.999608781122248e-06,0.0,0.5000143837406381,0.49998561625936183,-1.0130469754507175e-05
nearest,0.8,1,3e-05,arrival_first,-6.356073543429375e-09,7.494228746752924e-06,-1.5588496656467517e-08,-1.3498062911215432e-05,1.3504226526492856e-05,-1.4999349029191459e-05,1.4999393079051515e-05,0.0,0.500546,0.499454,-0.0003178036771714687,9.36195127619227e-09,7.506593107239512e-06,2.3655894577923052e-08,-1.349205866468325e-05,1.349705167798115e-05,-1.499909207456097e-05,1.4999009527776978e-05,0.0,0.4992073242048408,0.5007926757951592,0.00025980255181284114
nearest,0.8,1,3e-05,departure_first,-6.356073543429375e-09,7.494228746752924e-06,-1.5588496656467517e-08,-1.3498062911215432e-05,1.3504226526492856e-05,-1.4999349029191459e-05,1.4999393079051515e-05,0.0,0.500546,0.499454,-0.0003178036771714687,9.286252054357054e-09,7.50661139307781e-06,2.3434805922784945e-08,-1.3492086484813147e-05,1.3497076857450615e-05,-1.499909207456097e-05,1.4999009527776978e-05,0.0,0.499212133681877,0.500787866318123,0.00025770103920477153
nearest,0.8,1,3e-05,insertion_order,-6.3560735434293754e-09,7.494228746752924e-06,-1.5588496656467517e-08,-1.3498062911215432e-05,1.3504226526492856e-05,-1.4999349029191459e-05,1.4999393079051515e-05,0.0,0.500546,0.499454,-0.0003178036771714687,9.36195127619227e-09,7.506593107239512e-06,2.3655894577923052e-08,-1.349205866468325e-05,1.349705167798115e-05,-1.499909207456097e-05,1.4999009527776978e-05,0.0,0.4992073242048408,0.5007926757951592,0.00025980255181284114
nearest,0.8,1,0.0001,arrival_first,8.051441098965977e-09,2.500583846766009e-05,1.106341187551152e-08,-4.500580852588124e-05,4.499463951106008e-05,-4.9998318627331176e-05,4.9997745130288725e-05,0.0,0.49979466666666666,0.5002053333333333,0.0004025720549482988,3.2855442223145285e-08,2.5016728337452767e-05,8.070596202378044e-08,-4.495892900646283e-05,4.50227834220577e-05,-4.999651443561616e-05,4.9996046519531696e-05,0.0,0.4992033474184042,0.5007966525815958,0.0009115593859888804
nearest,0.8,1,0.0001,departure_first,8.051441098965977e-09,2.500583846766009e-05,1.106341187551152e-08,-4.500580852588124e-05,4.499463951106008e-05,-4.9998318627331176e-05,4.9997745130288725e-05,0.0,0.49979466666666666,0.5002053333333333,0.0004025720549482988,3.2923150373369745e-08,2.5016521280758832e-05,8.103890692002837e-08,-4.495855751135294e-05,4.502296852258407e-05,-4.999651443561616e-05,4.9996046519531696e-05,0.0,0.49920699020269854,0.5007930097973015,0.0009134834180029727
nearest,0.8,1,0.0001,insertion_order,8.051441098965977e-09,2.500583846766009e-05,1.106341187551152e-08,-4.500580852588124e-05,4.499463951106008e-05,-4.9998318627331176e-05,4.9997745130288725e-05,0.0,0.49979466666666666,0.5002053333333333,0.0004025720549482988,3.2855442223145285e-08,2.5016728337452767e-05,8.070596202378044e-08,-4.495892900646283e-05,4.50227834220577e-05,-4.999651443561616e-05,4.9996046519531696e-05,0.0,0.4992033474184042,0.5007966525815958,0.0009115593859888806
nearest,0.8,1,0.0003,arrival_first,-3.362031126804746e-08,7.503564270554791e-05,-3.76876414520666e-08,-0.00013508995336299754,0.00013505357724776936,-0.00014999521135905525,0.00014999485841447798,0.0,0.5001099999999999,0.49989,-0.0016810155634023735,6.107916135010237e-08,7.501357588363748e-05,1.6103870302958122e-07,-0.00013506185400848208,0.00013499524288092124,-0.00014998865149005858,0.00014998902989585432,0.0,0.4994733986176578,0.5005266013823422,0.001681529431252662
nearest,0.8,1,0.0003,departure_first,-3.362031126804746e-08,7.503564270554791e-05,-3.76876414520666e-08,-0.00013508995336299754,0.00013505357724776936,-0.00014999521135905525,0.00014999485841447798,0.0,0.5001099999999999,0.49989,-0.0016810155634023735,6.237751272619272e-08,7.501390520646387e-05,1.6536491070859768e-07,-0.00013506319384076938,0.00013499558707867214,-0.00014998865149005858,0.00014998902989585432,0.0,0.499460278195911,0.500539721804089,0.0017179193910369108
nearest,0.8,1,0.0003,insertion_order,-3.362031126804746e-08,7.503564270554791e-05,-3.76876414520666e-08,-0.00013508995336299754,0.00013505357724776936,-0.00014999521135905525,0.00014999485841447798,0.0,0.5001099999999999,0.49989,-0.0016810155634023735,6.107916135010236e-08,7.501357588363748e-05,1.6103870302958122e-07,-0.00013506185400848208,0.00013499524288092124,-0.00014998865149005858,0.00014998902989585432,0.0,0.4994733986176578,0.5005266013823422,0.0016815294312526622
nearest,0.8,1,0.001,arrival_first,-2.016829114363645e-07,0.0002500421356786598,-2.2521135178976692e-07,-0.0004499855802760067,0.00044991531069172187,-0.000499978031499874,0.000499977381817492,0.0,0.5002613333333333,0.49973866666666666,-0.010084145571818226,-1.6447590437519557e-07,0.0002498615140979887,2.846526339037962e-07,-0.0004503428621597817,0.0004493741623071265,-0.0004999637450305939,0.0004999596586454103,0.0,0.4997435597182165,0.5002564402817834,-0.004487617553373261
nearest,0.8,1,0.001,departure_first,-2.016829114363645e-07,0.0002500421356786598,-2.2521135178976692e-07,-0.0004499855802760067,0.00044991531069172187,-0.000499978031499874,0.000499977381817492,0.0,0.5002613333333333,0.49973866666666666,-0.010084145571818226,-1.7424314075966744e-07,0.00024986334346402216,2.3167768043452774e-07,-0.0004503374995990321,0.00044938655201963337,-0.0004999637450305939,0.0004999596586454103,0.0,0.4997809425657704,0.5002190574342297,-0.0047595182793230845
nearest,0.8,1,0.001,insertion_order,-2.016829114363645e-07,0.0002500421356786598,-2.2521135178976692e-07,-0.0004499855802760067,0.00044991531069172187,-0.000499978031499874,0.000499977381817492,0.0,0.5002613333333333,0.49973866666666666,-0.010084145571818226,-1.6447590437519554e-07,0.0002498615140979887,2.846526339037962e-07,-0.0004503428621597817,0.0004493741623071265,-0.0004999637450305939,0.0004999596586454103,0.0,0.4997435597182165,0.5002564402817834,-0.00448761755337326
nearest,0.8,1,0.003,arrival_first,-1.6350162433748967e-06,0.0007498130663580474,-2.08704661114704e-06,-0.0013504761968245779,0.0013495563725443086,-0.0014999514779143889,0.0014999406906099466,0.0,0.5006126666666667,0.4993873333333333,-0.08175081216874484,-3.1472936892639146e-07,0.0007502347276774539,4.4223509333895724e-07,-0.0013510111878670254,0.0013491874994212847,-0.0014998984359806823,0.0014999225705614814,0.0,0.49983156386287236,0.5001684361371276,-0.008636582578568057
nearest,0.8,1,0.003,departure_first,-1.6350162433748967e-06,0.0007498130663580474,-2.08704661114704e-06,-0.0013504761968245779,0.0013495563725443086,-0.0014999514779143889,0.0014999406906099466,0.0,0.5006126666666667,0.4993873333333333,-0.08175081216874484,-4.035814431492935e-07,0.000750202129856947,3.5132530037841383e-07,-0.001351032478686014,0.0013490694390134424,-0.0014998984359806823,0.001499926895506602,0.0,0.49986806371617704,0.500131936283823,-0.011103288395362287
nearest,0.8,1,0.003,insertion_order,-1.6350162433748967e-06,0.0007498130663580474,-2.08704661114704e-06,-0.0013504761968245779,0.0013495563725443086,-0.0014999514779143889,0.0014999406906099466,0.0,0.5006126666666667,0.4993873333333333,-0.08175081216874484,-3.147293689263915e-07,0.0007502347276774539,4.4223509333895724e-07,-0.0013510111878670254,0.0013491874994212847,-0.0014998984359806823,0.0014999225705614814,0.0,0.49983156386287236,0.5001684361371276,-0.008636582578568055
nearest,0.8,1,0.01,arrival_first,3.184983743991931e-06,0.002500511132824001,5.2528926668552835e-06,-0.004499267061522308,0.004498929835572197,-0.004999767517953539,0.00499982121764333,0.0,0.4994866666666667,0.5005133333333334,0.15924918719959655,-6.9759687115353785e-06,0.0024962970091680892,-1.6160297619038353e-05,-0.004498814186483323,0.004498725061940313,-0.004999581867765873,0.00499968945587192,0.0,0.5016300196275575,0.49836998037244257,-0.19322954701520303
nearest,0.8,1,0.01,departure_first,3.1849837439919306e-06,0.002500511132824001,5.2528926668552835e-06,-0.004499267061522308,0.004498929835572197,-0.004999767517953539,0.00499982121764333,0.0,0.4994866666666667,0.5005133333333334,0.15924918719959655,-6.888931911040362e-06,0.0024965651519324407,-1.5938537292789625e-05,-0.004499039383895339,0.004498770561727384,-0.00499958874686768,0.00499968945587192,0.0,0.5016194004778319,0.4983805995221681,-0.1916323797822689
nearest,0.8,1,0.01,insertion_order,3.1849837439919306e-06,0.002500511132824001,5.2528926668552835e-06,-0.004499267061522308,0.004498929835572197,-0.004999767517953539,0.00499982121764333,0.0,0.4994866666666667,0.5005133333333334,0.15924918719959655,-6.975968711535379e-06,0.0024962970091680892,-1.6160297619038353e-05,-0.004498814186483323,0.004498725061940313,-0.004999581867765873,0.00499968945587192,0.0,0.5016300196275574,0.4983699803724425,-0.19322954701520303
nearest,0.8,1,0.03,arrival_first,7.884981597279573e-06,0.007501535657102635,8.920403827990715e-06,-0.013492678925141869,0.013509859979052026,-0.014999246177133803,0.014999503562952063,0.0,0.49966866666666665,0.5003313333333334,0.3942490798639786,-3.7332903281436364e-05,0.007491513647415204,-0.00010872641998898524,-0.01349124922244167,0.013504565042316254,-0.014998747969669313,0.014998596308172202,0.0,0.5037803584179802,0.49621964158201975,-1.0289943896065006
nearest,0.8,1,0.03,departure_first,7.884981597279573e-06,0.007501535657102635,8.920403827990715e-06,-0.013492678925141869,0.013509859979052026,-0.014999246177133803,0.014999503562952063,0.0,0.49966866666666665,0.5003313333333334,0.3942490798639786,-3.618681743215452e-05,0.007491031163773679,-0.00010814475748712575,-0.013493647446610739,0.013504509156298423,-0.014998751805808808,0.014998596308172202,0.0,0.5037163685573475,0.49628363144265253,-1.0111494163999464
nearest,0.8,1,0.03,insertion_order,7.884981597279573e-06,0.007501535657102635,8.920403827990715e-06,-0.013492678925141869,0.013509859979052026,-0.014999246177133803,0.014999503562952063,0.0,0.49966866666666665,0.5003313333333334,0.3942490798639786,-3.7332903281436364e-05,0.007491513647415204,-0.00010872641998898523,-0.01349124922244167,0.013504565042316254,-0.014998747969669313,0.014998596308172202,0.0,0.5037803584179802,0.49621964158201975,-1.0289943896065006
nearest,0.8,1,0.1,arrival_first,1.1584984939915253e-05,0.024994119346761438,4.3032375530553205e-05,-0.04502305446257045,0.04500753756332868,-0.04999836929376519,0.049998466610213656,0.0,0.49955866666666665,0.5004413333333333,0.5792492469957627,-0.0003969349553205544,0.024998382443672286,-0.0011437133163133223,-0.04500158850889227,0.044975539651610726,-0.04999610573362472,0.04999648190202424,0.0,0.5120917272496287,0.4879082727503713,-10.783719351382583
nearest,0.8,1,0.1,departure_first,1.1584984939915253e-05,0.024994119346761438,4.3032375530553205e-05,-0.04502305446257045,0.04500753756332868,-0.04999836929376519,0.049998466610213656,0.0,0.49955866666666665,0.5004413333333333,0.5792492469957627,-0.00038868043507726986,0.024993615573444296,-0.0011101286618494344,-0.04498320679062594,0.044964398510827217,-0.04999631749041837,0.04999634714310219,0.0,0.5117711287632795,0.48822887123672054,-11.026281725479096
nearest,0.8,1,0.1,insertion_order,1.1584984939915251e-05,0.024994119346761438,4.3032375530553205e-05,-0.04502305446257045,0.04500753756332868,-0.04999836929376519,0.049998466610213656,0.0,0.49955866666666665,0.5004413333333333,0.5792492469957627,-0.0003969349553205544,0.024998382443672286,-0.0011437133163133223,-0.04500158850889227,0.044975539651610726,-0.04999610573362472,0.04999648190202424,0.0,0.5120917272496287,0.4879082727503713,-10.783719351382583
nearest,0.8,4,1e-05,arrival_first,-4.0047143981306976e-10,2.499589446218427e-06,1.4342579864508783e-09,-4.5002040072480065e-06,4.50144571156367e-06,-4.9997712873543305e-06,4.999838832494182e-06,0.0,0.49988533333333335,0.5001146666666666,-2.0023571990653485e-05,3.968079019648491e-09,2.498277699162421e-06,8.881761704518838e-09,-4.499266433059853e-06,4.50172831526222e-06,-4.999777043954157e-06,4.99980655261917e-06,0.0,0.49916273868126565,0.5008372613187344,0.00017428555722351366
nearest,0.8,4,1e-05,departure_first,-4.0047143981306966e-10,2.499589446218427e-06,1.4342579864508783e-09,-4.5002040072480065e-06,4.50144571156367e-06,-4.9997712873543305e-06,4.999838832494182e-06,0.0,0.4998853333333333,0.5001146666666666,-2.0023571990653485e-05,3.969236265524413e-09,2.4982808131853156e-06,8.882282794865638e-09,-4.499266433059853e-06,4.50172831526222e-06,-4.999777043954157e-06,4.99980655261917e-06,0.0,0.49916198046791954,0.5008380195320804,0.00017433659782413165
nearest,0.8,4,1e-05,insertion_order,-4.0047143981306966e-10,2.499589446218427e-06,1.4342579864508783e-09,-4.5002040072480065e-06,4.50144571156367e-06,-4.9997712873543305e-06,4.999838832494182e-06,0.0,0.4998853333333333,0.5001146666666666,-2.0023571990653485e-05,3.968079019648491e-09,2.498277699162421e-06,8.881761704518838e-09,-4.499266433059853e-06,4.50172831526222e-06,-4.999777043954157e-06,4.99980655261917e-06,0.0,0.49916273868126565,0.5008372613187343,0.00017428555722351366
nearest,0.8,4,3e-05,arrival_first,-1.309255483041245e-09,7.496555858174663e-06,-7.03192502745272e-09,-1.3501510995107917e-05,1.3501214363410931e-05,-1.4999545813528433e-05,1.4999583133127695e-05,0.0,0.500228,0.499772,-6.546277415206228e-05,1.0406966841582797e-08,7.500082775652863e-06,1.71001652298867e-08,-1.349563873790993e-05,1.3497776126962384e-05,-1.4999306298674187e-05,1.4999363341088034e-05,0.0,0.49947157615226573,0.5005284238477343,0.0004574340203801537
nearest,0.8,4,3e-05,departure_first,-1.309255483041246e-09,7.496555858174663e-06,-7.03192502745272e-09,-1.3501510995107917e-05,1.3501214363410931e-05,-1.4999545813528433e-05,1.4999583133127695e-05,0.0,0.500228,0.499772,-6.546277415206228e-05,1.0394002585117392e-08,7.500087728892652e-06,1.710047551594281e-08,-1.3495659799746916e-05,1.3497759406066264e-05,-1.4999306298674187e-05,1.4999363341088034e-05,0.0,0.4994723413923364,0.5005276586076636,0.0004568682937174081
nearest,0.8,4,3e-05,insertion_order,-1.3092554830412451e-09,7.496555858174663e-06,-7.03192502745272e-09,-1.3501510995107917e-05,1.3501214363410931e-05,-1.4999545813528433e-05,1.4999583133127695e-05,0.0,0.500228,0.499772,-6.546277415206228e-05,1.0406966841582797e-08,7.500082775652863e-06,1.71001652298867e-08,-1.349563873790993e-05,1.3497776126962384e-05,-1.4999306298674187e-05,1.4999363341088034e-05,0.0,0.49947157615226573,0.5005284238477343,0.0004574340203801537
nearest,0.8,4,0.0001,arrival_first,-2.201507294133383e-08,2.500737581912108e-05,-1.3544028358107123e-08,-4.4992357543378604e-05,4.4952467762110844e-05,-4.9997919177258154e-05,4.999845462710558e-05,0.0,0.5001106666666667,0.4998893333333333,-0.0011007536470666916,-1.083800408000981e-08,2.499817336968619e-05,-1.3251043387331925e-08,-4.500220330199114e-05,4.49989074935756e-05,-4.999743126361233e-05,4.9997776151725304e-05,0.0,0.5000908994895057,0.4999091005104942,-0.00047687165400226345
nearest,0.8,4,0.0001,departure_first,-2.2015072941333832e-08,2.500737581912108e-05,-1.3544028358107123e-08,-4.4992357543378604e-05,4.4952467762110844e-05,-4.9997919177258154e-05,4.999845462710558e-05,0.0,0.5001106666666667,0.4998893333333333,-0.0011007536470666916,-1.0774519548491546e-08,2.4998228969597782e-05,-1.303434610429773e-08,-4.500219127832953e-05,4.499890370991605e-05,-4.999743126361233e-05,4.9997776151725304e-05,0.0,0.5000893726957739,0.4999106273042261,-0.00047410233927126577
nearest,0.8,4,0.0001,insertion_order,-2.2015072941333832e-08,2.500737581912108e-05,-1.3544028358107123e-08,-4.4992357543378604e-05,4.4952467762110844e-05,-4.9997919177258154e-05,4.999845462710558e-05,0.0,0.5001106666666667,0.4998893333333333,-0.0011007536470666916,-1.0838004080009808e-08,2.499817336968619e-05,-1.3251043387331925e-08,-4.500220330199114e-05,4.49989074935756e-05,-4.999743126361233e-05,4.9997776151725304e-05,0.0,0.5000908994895058,0.4999091005104942,-0.0004768716540022635
nearest,0.8,4,0.0003,arrival_first,8.124651045606395e-08,7.503108890151998e-05,1.8965227657948465e-07,-0.0001350432771262907,0.00013495733810032104,-0.00014999336841962455,0.0001499947765902713,0.0,0.4993626666666666,0.5006373333333334,0.004062325522803197,-1.0892861771105164e-08,7.497566908429725e-05,-1.7790027852809058e-08,-0.0001350096271120472,0.00013496028474667524,-0.00014999421632781168,0.00014999285781990395,0.0,0.5000485469107983,0.4999514530892018,-0.00047508208883813297
nearest,0.8,4,0.0003,departure_first,8.124651045606395e-08,7.503108890151998e-05,1.8965227657948465e-07,-0.0001350432771262907,0.00013495733810032104,-0.00014999336841962455,0.0001499947765902713,0.0,0.4993626666666667,0.5006373333333333,0.004062325522803197,-1.0163726679067106e-08,7.497536491419063e-05,-1.5745383126602083e-08,-0.00013500805789564742,0.0001349601193345277,-0.00014999421632781168,0.00014999285781990395,0.0,0.5000443679526355,0.49995563204736454,-0.00044311204231925645
nearest,0.8,4,0.0003,insertion_order,8.124651045606395e-08,7.503108890151998e-05,1.8965227657948465e-07,-0.0001350432771262907,0.00013495733810032104,-0.00014999336841962455,0.0001499947765902713,0.0,0.4993626666666667,0.5006373333333333,0.004062325522803197,-1.089286177110517e-08,7.497566908429725e-05,-1.7790027852809058e-08,-0.0001350096271120472,0.00013496028474667524,-0.00014999421632781168,0.00014999285781990395,0.0,0.5000485469107983,0.4999514530892018,-0.00047508208883813297
nearest,0.8,4,0.001,arrival_first,-4.782160927085593e-07,0.0002501707099845638,-1.0736870687348226e-06,-0.0004502100410779045,0.00045005578269107584,-0.0004999777229386382,0.0004999811991486543,0.0,0.501068,0.498932,-0.02391080463542797,1.720995829534774e-07,0.00025013691417350326,2.7697592109646176e-07,-0.0004499310252307518,0.0004501236348827382,-0.0004999783410539749,0.0004999787235895809,0.0,0.49968774974144964,0.5003122502585504,0.007528157808267609
nearest,0.8,4,0.001,departure_first,-4.782160927085593e-07,0.0002501707099845638,-1.0736870687348226e-06,-0.0004502100410779045,0.00045005578269107584,-0.0004999777229386382,0.0004999811991486543,0.0,0.501068,0.498932,-0.02391080463542797,1.7511449613018098e-07,0.00025013109648589643,2.7564132509122485e-07,-0.0004499214409720709,0.0004501201849725289,-0.0004999783410539749,0.0004999787235895809,0.0,0.4996870138785213,0.5003129861214787,0.007660958284745353
nearest,0.8,4,0.001,insertion_order,-4.782160927085593e-07,0.0002501707099845638,-1.0736870687348226e-06,-0.0004502100410779045,0.00045005578269107584,-0.0004999777229386382,0.0004999811991486543,0.0,0.501068,0.498932,-0.02391080463542797,1.720995829534774e-07,0.00025013691417350326,2.7697592109646176e-07,-0.0004499310252307518,0.0004501236348827382,-0.0004999783410539749,0.0004999787235895809,0.0,0.49968774974144964,0.5003122502585504,0.007528157808267608
nearest,0.8,4,0.003,arrival_first,-1.775494296737936e-07,0.0007500442561914879,-2.5619436504105884e-07,-0.0013504029938500631,0.0013497449173109995,-0.0014999278087695226,0.0014999489624945757,0.0,0.50004,0.49995999999999996,-0.008877471483689685,-7.73726405519576e-07,0.0007505023392443981,-1.7958205558219383e-06,-0.001350345246757651,0.0013506323083813305,-0.001499941866499621,0.0014999387698042931,0.0,0.5005590679248102,0.49944093207518975,-0.034037145702929865
nearest,0.8,4,0.003,departure_first,-1.7754942967379366e-07,0.0007500442561914879,-2.5619436504105884e-07,-0.0013504029938500631,0.0013497449173109995,-0.0014999278087695226,0.0014999489624945757,0.0,0.50004,0.49995999999999996,-0.008877471483689685,-7.775614338526086e-07,0.0007505032805218611,-1.7870115677892303e-06,-0.0013503253780188388,0.0013506024546421627,-0.001499941866499621,0.0014999387698042931,0.0,0.5005559461318484,0.49944405386815155,-0.034210835110399525
nearest,0.8,4,0.003,insertion_order,-1.7754942967379368e-07,0.0007500442561914879,-2.5619436504105884e-07,-0.0013504029938500631,0.0013497449173109995,-0.0014999278087695226,0.0014999489624945757,0.0,0.50004,0.49995999999999996,-0.008877471483689685,-7.73726405519576e-07,0.0007505023392443981,-1.7958205558219383e-06,-0.001350345246757651,0.0013506323083813305,-0.001499941866499621,0.0014999387698042931,0.0,0.5005590679248102,0.49944093207518975,-0.034037145702929865
nearest,0.8,4,0.01,arrival_first,-6.515494373070396e-07,0.0025006970159809944,-5.16739055456128e-07,-0.004500957744912739,0.004497875180635067,-0.004999829761133393,0.004999768638845126,0.0,0.5000833333333333,0.4999166666666667,-0.03257747186535198,-5.201254787710507e-06,0.0025001830573689794,-1.4498172433350758e-05,-0.004501125857736096,0.004497101340977966,-0.004999735722724943,0.004999799403238236,0.0,0.5015380229829831,0.49846197701701683,-0.22866020933503864
nearest,0.8,4,0.01,departure_first,-6.515494373070398e-07,0.0025006970159809944,-5.16739055456128e-07,-0.004500957744912739,0.004497875180635067,-0.004999829761133393,0.004999768638845126,0.0,0.5000833333333333,0.4999166666666667,-0.03257747186535198,-5.368917084949321e-06,0.0025002058824442103,-1.4787931164340939e-05,-0.004501070524680752,0.004497030469062069,-0.004999735722724943,0.004999799403238236,0.0,0.5015534752353108,0.4984465247646892,-0.2360798345946266
nearest,0.8,4,0.01,insertion_order,-6.515494373070396e-07,0.0025006970159809944,-5.16739055456128e-07,-0.004500957744912739,0.004497875180635067,-0.004999829761133393,0.004999768638845126,0.0,0.5000833333333333,0.4999166666666667,-0.03257747186535198,-5.201254787710507e-06,0.0025001830573689794,-1.4498172433350758e-05,-0.004501125857736096,0.004497101340977966,-0.004999735722724943,0.004999799403238236,0.0,0.5015380229829831,0.49846197701701683,-0.22866020933503864
nearest,0.8,4,0.03,arrival_first,-1.1471551583217053e-05,0.0074989472601184,-1.7222400780762353e-05,-0.013504287651374701,0.013489643301973045,-0.014999428335674263,0.014999278069808497,0.0,0.5005846666666667,0.4994153333333333,-0.5735775791608527,-4.369372950251411e-05,0.007499407202424108,-0.00011455749364419165,-0.013502236879708562,0.013499094546935974,-0.01499906344455672,0.014999385196911432,0.0,0.5039351877248904,0.4960648122751096,-1.9171674344526355
nearest,0.8,4,0.03,departure_first,-1.1471551583217055e-05,0.0074989472601184,-1.7222400780762353e-05,-0.013504287651374701,0.013489643301973045,-0.014999428335674263,0.014999278069808497,0.0,0.5005846666666667,0.4994153333333333,-0.5735775791608527,-4.432063991633101e-05,0.0074992844349247596,-0.000115243453556081,-0.013501850038874304,0.013498944861268066,-0.01499906344455672,0.014999432131871085,0.0,0.5039471249579521,0.4960528750420478,-1.9472124916539875
nearest,0.8,4,0.03,insertion_order,-1.1471551583217055e-05,0.0074989472601184,-1.7222400780762353e-05,-0.013504287651374701,0.013489643301973045,-0.014999428335674263,0.014999278069808497,0.0,0.5005846666666667,0.4994153333333333,-0.5735775791608527,-4.369372950251411e-05,0.007499407202424108,-0.00011455749364419165,-0.013502236879708562,0.013499094546935974,-0.01499906344455672,0.014999385196911432,0.0,0.5039351877248904,0.4960648122751096,-1.9171674344526355
nearest,0.8,4,0.1,arrival_first,-1.2831548240440196e-05,0.02498853802507223,-4.511514349966698e-05,-0.04498741083952154,0.044981112858577026,-0.04999724486588093,0.04999802506190463,0.0,0.5004753333333334,0.4995246666666667,-0.6415774120220097,-0.000413810041035769,0.024995128072120357,-0.0011828493050305034,-0.0449695058016039,0.0449836600795379,-0.04999789350703576,0.0499978151120978,0.0,0.5125383851739995,0.4874616148260005,-18.13460135897277
nearest,0.8,4,0.1,departure_first,-1.2831548240440196e-05,0.02498853802507223,-4.511514349966698e-05,-0.04498741083952154,0.044981112858577026,-0.04999724486588093,0.04999802506190463,0.0,0.5004753333333334,0.4995246666666667,-0.6415774120220097,-0.0004176975327660816,0.02499222296347793,-0.0011839841960640933,-0.04497156265298768,0.04498175517053942,-0.049997828856561406,0.04999781511197653,0.0,0.5125558448543334,0.48744415514566664,-18.381146615383383
nearest,0.8,4,0.1,insertion_order,-1.2831548240440196e-05,0.02498853802507223,-4.511514349966698e-05,-0.04498741083952154,0.044981112858577026,-0.04999724486588093,0.04999802506190463,0.0,0.5004753333333334,0.4995246666666667,-0.6415774120220097,-0.000413810041035769,0.024995128072120357,-0.0011828493050305034,-0.0449695058016039,0.0449836600795379,-0.04999789350703576,0.0499978151120978,0.0,0.5125383851739995,0.4874616148260005,-18.13460135897277
nearest,0.8,8,1e-05,arrival_first,-1.8069120075476045e-09,2.498592479355769e-06,-2.586739356047474e-09,-4.4981882714030995e-06,4.497324251436414e-06,-4.999766254816981e-06,4.999742911119635e-06,1.3333333333333334e-06,0.500272,0.49972666666666665,-9.034560037738023e-05,7.782915057625043e-10,2.4999616020546667e-06,3.0891929782168408e-09,-4.4996402265284724e-06,4.499596045162273e-06,-4.9998439164718656e-06,4.99983007872055e-06,6.941263032221342e-07,0.49968424078238544,0.5003150650913113,3.769104961706391e-05
nearest,0.8,8,1e-05,departure_first,-1.8069120075476045e-09,2.498592479355769e-06,-2.586739356047474e-09,-4.4981882714030995e-06,4.497324251436414e-06,-4.999766254816981e-06,4.999742911119635e-06,1.3333333333333334e-06,0.500272,0.49972666666666665,-9.034560037738023e-05,7.782915057625041e-10,2.4999616020546667e-06,3.0891929782168408e-09,-4.4996402265284724e-06,4.499596045162273e-06,-4.9998439164718656e-06,4.99983007872055e-06,6.941263032221342e-07,0.49968424078238544,0.5003150650913113,3.769104961706391e-05
nearest,0.8,8,1e-05,insertion_order,-1.8069120075476047e-09,2.498592479355769e-06,-2.586739356047474e-09,-4.4981882714030995e-06,4.497324251436414e-06,-4.999766254816981e-06,4.999742911119635e-06,1.3333333333333334e-06,0.500272,0.49972666666666665,-9.034560037738023e-05,7.782915057625044e-10,2.4999616020546667e-06,3.0891929782168408e-09,-4.4996402265284724e-06,4.499596045162273e-06,-4.9998439164718656e-06,4.99983007872055e-06,6.941263032221342e-07,0.49968424078238544,0.5003150650913113,3.769104961706391e-05
nearest,0.8,8,3e-05,arrival_first,8.437638479639038e-09,7.505509713039525e-06,9.35704823253521e-09,-1.3497777099473752e-05,1.3510940322400222e-05,-1.4999332385438417e-05,1.499923594868354e-05,0.0,0.49970400000000004,0.500296,0.0004218819239819519,-1.60141036312812e-08,7.499183153328268e-06,-1.641790524095979e-08,-1.3499573882417918e-05,1.3488817555674884e-05,-1.4999298721748526e-05,1.4999405457864999e-05,6.941263032221342e-07,0.5005963383988767,0.49940296747482005,-0.0007689755858485017
nearest,0.8,8,3e-05,departure_first,8.43763847963904e-09,7.505509713039525e-06,9.35704823253521e-09,-1.3497777099473752e-05,1.3510940322400222e-05,-1.4999332385438417e-05,1.499923594868354e-05,0.0,0.49970400000000004,0.500296,0.0004218819239819519,-1.60141036312812e-08,7.499183153328268e-06,-1.641790524095979e-08,-1.3499573882417918e-05,1.3488817555674884e-05,-1.4999298721748526e-05,1.4999405457864999e-05,6.941263032221342e-07,0.5005963383988767,0.49940296747482005,-0.0007689755858485017
nearest,0.8,8,3e-05,insertion_order,8.43763847963904e-09,7.505509713039525e-06,9.35704823253521e-09,-1.3497777099473752e-05,1.3510940322400222e-05,-1.4999332385438417e-05,1.499923594868354e-05,0.0,0.49970400000000004,0.500296,0.0004218819239819519,-1.60141036312812e-08,7.499183153328268e-06,-1.641790524095979e-08,-1.3499573882417918e-05,1.3488817555674884e-05,-1.4999298721748526e-05,1.4999405457864999e-05,6.941263032221342e-07,0.5005963383988767,0.49940296747482005,-0.0007689755858485017
nearest,0.8,8,0.0001,arrival_first,3.1451489103346842e-09,2.501193398831007e-05,2.4146326419819766e-09,-4.501632061874261e-05,4.501299861810063e-05,-4.9997889163932996e-05,4.999803210618362e-05,0.0,0.50002,0.49998,0.00015725744551673416,-3.840691184519172e-09,2.500171006056554e-05,6.5250417677093635e-09,-4.4993480055351896e-05,4.50035920841366e-05,-4.9998395116173054e-05,4.999761817291668e-05,0.0,0.4999740009806104,0.5000259990193896,-0.00018340806369983228
nearest,0.8,8,0.0001,departure_first,3.145148910334685e-09,2.501193398831007e-05,2.4146326419819766e-09,-4.501632061874261e-05,4.501299861810063e-05,-4.9997889163932996e-05,4.999803210618362e-05,0.0,0.50002,0.49998,0.00015725744551673416,-3.778040702761686e-09,2.500166354673236e-05,6.571163797978429e-09,-4.499337617229359e-05,4.50035911248112e-05,-4.9998395116173054e-05,4.999761817291668e-05,0.0,0.4999736549338876,0.5000263450661123,-0.00018039530034031352
nearest,0.8,8,0.0001,insertion_order,3.145148910334683e-09,2.501193398831007e-05,2.4146326419819766e-09,-4.501632061874261e-05,4.501299861810063e-05,-4.9997889163932996e-05,4.999803210618362e-05,0.0,0.50002,0.49998,0.00015725744551673416,-3.840691184519171e-09,2.500171006056554e-05,6.5250417677093635e-09,-4.4993480055351896e-05,4.50035920841366e-05,-4.9998395116173054e-05,4.999761817291668e-05,0.0,0.4999740009806104,0.5000259990193896,-0.00018340806369983233
nearest,0.8,8,0.0003,arrival_first,-5.126594335403448e-09,7.499147706002016e-05,-3.6957408156013115e-08,-0.0001349418115660228,0.0001349594935694161,-0.00014999423874542117,0.00014999449495007867,0.0,0.500116,0.499884,-0.0002563297167701724,-6.493918060838817e-08,7.500202931625084e-05,-1.988872125798594e-07,-0.00013498585654343455,0.00013500816864299293,-0.00014999067104232573,0.00014999460353850352,0.0,0.5006135041550046,0.4993864958449955,-0.0031239639216076674
nearest,0.8,8,0.0003,departure_first,-5.126594335403446e-09,7.499147706002016e-05,-3.6957408156013115e-08,-0.0001349418115660228,0.0001349594935694161,-0.00014999423874542117,0.00014999449495007867,0.0,0.500116,0.499884,-0.0002563297167701724,-6.496266844076222e-08,7.500218504135688e-05,-1.9895529872216803e-07,-0.00013498536990530022,0.0001350080124813454,-0.00014999067104232573,0.00014999460353850352,0.0,0.5006135037763415,0.49938649622365855,-0.003125120340506302
nearest,0.8,8,0.0003,insertion_order,-5.126594335403451e-09,7.499147706002016e-05,-3.6957408156013115e-08,-0.0001349418115660228,0.0001349594935694161,-0.00014999423874542117,0.00014999449495007867,0.0,0.500116,0.499884,-0.0002563297167701724,-6.493918060838817e-08,7.500202931625084e-05,-1.988872125798594e-07,-0.00013498585654343455,0.00013500816864299293,-0.00014999067104232573,0.00014999460353850352,0.0,0.5006135041550046,0.49938649584499545,-0.0031239639216076674
nearest,0.8,8,0.001,arrival_first,-1.0865586599235634e-07,0.00024987558275535226,-3.9042332294532874e-07,-0.000449923158389538,0.0004497986220712845,-0.0004999806064309571,0.0004999801323416856,0.0,0.500398,0.49960200000000005,-0.005432793299617818,-1.557108957965815e-07,0.0002501010304763151,-3.379387902559724e-07,-0.0004500320176683943,0.000450023234210106,-0.0004999817776951516,0.0004999755302562567,0.0,0.5002977546142297,0.49970224538577035,-0.007500756303472284
nearest,0.8,8,0.001,departure_first,-1.0865586599235637e-07,0.00024987558275535226,-3.9042332294532874e-07,-0.000449923158389538,0.0004497986220712845,-0.0004999806064309571,0.0004999801323416856,0.0,0.500398,0.49960200000000005,-0.005432793299617818,-1.5494984724920365e-07,0.00025010348602480645,-3.357590574538475e-07,-0.0004500366095439065,0.00045002349061750503,-0.0004999817776951516,0.0004999755302562567,0.0,0.5002980872564022,0.49970191274359776,-0.007464565859470104
nearest,0.8,8,0.001,insertion_order,-1.0865586599235634e-07,0.00024987558275535226,-3.9042332294532874e-07,-0.000449923158389538,0.0004497986220712845,-0.0004999806064309571,0.0004999801323416856,0.0,0.500398,0.49960200000000005,-0.005432793299617818,-1.5571089579658147e-07,0.0002501010304763151,-3.379387902559724e-07,-0.0004500320176683943,0.000450023234210106,-0.0004999817776951516,0.0004999755302562567,0.0,0.5002977546142297,0.49970224538577035,-0.0075007563034722845
nearest,0.8,8,0.003,arrival_first,1.0086774667955373e-06,0.000749568902251438,4.894089215667919e-07,-0.0013486524317568181,0.0013500737944680923,-0.0014999521670385244,0.0014999454600911123,0.0,0.4997893333333333,0.5002106666666667,0.050433873339776863,-1.9515908881243293e-07,0.0007493615650808712,-1.6679638492577155e-06,-0.0013498312349924622,0.0013497738408837245,-0.0014999397510491346,0.0014999410685927706,0.0,0.500584882962689,0.49941511703731106,-0.009397794231061747
nearest,0.8,8,0.003,departure_first,1.0086774667955373e-06,0.000749568902251438,4.894089215667919e-07,-0.0013486524317568181,0.0013500737944680923,-0.0014999521670385244,0.0014999454600911123,0.0,0.4997893333333333,0.5002106666666667,0.050433873339776863,-2.0590949022732564e-07,0.0007493625491802843,-1.6986615607316366e-06,-0.0013498527738881223,0.0013497821518436664,-0.0014999397510491346,0.0014999410685927706,0.0,0.5005928932185086,0.4994071067814913,-0.009910656955003006
nearest,0.8,8,0.003,insertion_order,1.0086774667955373e-06,0.000749568902251438,4.894089215667919e-07,-0.0013486524317568181,0.0013500737944680923,-0.0014999521670385244,0.0014999454600911123,0.0,0.4997893333333333,0.5002106666666667,0.050433873339776863,-1.9515908881243293e-07,0.0007493615650808712,-1.6679638492577155e-06,-0.0013498312349924622,0.0013497738408837245,-0.0014999397510491346,0.0014999410685927706,0.0,0.500584882962689,0.49941511703731106,-0.009397794231061745
nearest,0.8,8,0.01,arrival_first,-4.633989207791576e-06,0.002498921446170963,-7.941949297674e-06,-0.004499051949280025,0.004499575685787628,-0.004999814319671714,0.0049997974478174,0.0,0.5008313333333334,0.4991686666666667,-0.23169946038957884,-6.263267757303465e-06,0.0024994455822163393,-1.4219617273563849e-05,-0.004499812105111535,0.00450134016765473,-0.0049997920980562474,0.004999800493223524,0.0,0.5014185201229803,0.49858147987701973,-0.30092589209888926
nearest,0.8,8,0.01,departure_first,-4.633989207791577e-06,0.002498921446170963,-7.941949297674e-06,-0.004499051949280025,0.004499575685787628,-0.004999814319671714,0.0049997974478174,0.0,0.5008313333333334,0.49916866666666665,-0.23169946038957884,-6.163668619224356e-06,0.0024994116551250137,-1.4112962932075241e-05,-0.0044997061469507545,0.004501216408267825,-0.0049997920980562474,0.004999800493223524,0.0,0.5014045392913568,0.49859546070864325,-0.2961657798770311
nearest,0.8,8,0.01,insertion_order,-4.633989207791577e-06,0.002498921446170963,-7.941949297674e-06,-0.004499051949280025,0.004499575685787628,-0.004999814319671714,0.0049997974478174,0.0,0.5008313333333333,0.49916866666666665,-0.23169946038957884,-6.2632677573034644e-06,0.0024994455822163393,-1.4219617273563849e-05,-0.004499812105111535,0.00450134016765473,-0.0049997920980562474,0.004999800493223524,0.0,0.5014185201229803,0.49858147987701973,-0.30092589209888926
nearest,0.8,8,0.03,arrival_first,-1.010732468767795e-05,0.007503442173118413,-2.3973222535763247e-05,-0.013511097871263094,0.013498113929367717,-0.014999268588386865,0.014999353448426215,0.0,0.5008166666666667,0.49918333333333337,-0.5053662343838975,-3.2388893053219234e-05,0.0075020705572971065,-9.749957373746792e-05,-0.013497113833748794,0.013496345526556864,-0.014999420713154934,0.014999149759077571,0.0,0.5032914421063577,0.4967085578936423,-1.5564685265402123
nearest,0.8,8,0.03,departure_first,-1.010732468767795e-05,0.007503442173118413,-2.3973222535763247e-05,-0.013511097871263094,0.013498113929367717,-0.014999268588386865,0.014999353448426215,0.0,0.5008166666666667,0.49918333333333337,-0.5053662343838975,-3.1827718194404364e-05,0.0075021153194677215,-9.627811486715628e-05,-0.013497010562599951,0.013496342090279017,-0.014999420713154934,0.014999149759077571,0.0,0.5032537633687147,0.4967462366312852,-1.5299470939887263
nearest,0.8,8,0.03,insertion_order,-1.010732468767795e-05,0.007503442173118413,-2.3973222535763247e-05,-0.013511097871263094,0.013498113929367717,-0.014999268588386865,0.014999353448426215,0.0,0.5008166666666667,0.49918333333333337,-0.5053662343838975,-3.2388893053219234e-05,0.0075020705572971065,-9.749957373746792e-05,-0.013497113833748794,0.013496345526556864,-0.014999420713154934,0.014999149759077571,0.0,0.5032914421063577,0.4967085578936423,-1.5564685265402123
nearest,0.8,8,0.1,arrival_first,6.419345319183775e-06,0.02500111797742501,-2.132565430959706e-05,-0.04499218583444114,0.04505165986245628,-0.049998066227575085,0.04999821368264747,0.0,0.5002633333333333,0.49973666666666666,0.3209672659591888,-0.00041675238810567975,0.025002666994542445,-0.0012008569468380762,-0.045021214657828386,0.04498810194192186,-0.04999738532041993,0.04999731235655701,0.0,0.5124592170852942,0.4875407829147058,-20.023866017408142
nearest,0.8,8,0.1,departure_first,6.419345319183774e-06,0.02500111797742501,-2.132565430959706e-05,-0.04499218583444114,0.04505165986245628,-0.049998066227575085,0.04999821368264747,0.0,0.5002633333333333,0.4997366666666666,0.3209672659591888,-0.0004172434109520001,0.0250017367346664,-0.0012009902230047506,-0.04502032787040129,0.044986496774131135,-0.049997435520141215,0.04999731235655701,0.0,0.5124507143200675,0.4875492856799325,-20.065440482188805
nearest,0.8,8,0.1,insertion_order,6.419345319183776e-06,0.02500111797742501,-2.132565430959706e-05,-0.04499218583444114,0.04505165986245628,-0.049998066227575085,0.04999821368264747,0.0,0.5002633333333333,0.49973666666666666,0.3209672659591888,-0.0004167523881056798,0.025002666994542445,-0.0012008569468380762,-0.045021214657828386,0.04498810194192186,-0.04999738532041993,0.04999731235655701,0.0,0.5124592170852942,0.4875407829147058,-20.023866017408142
nearest,0.8,16,1e-05,arrival_first,1.5841920430830213e-09,2.4990980521846117e-06,-9.396596093817303e-11,-4.495437844222276e-06,4.501004524778787e-06,-4.999793479025053e-06,4.999853748207291e-06,0.0,0.5000486666666667,0.49995133333333336,7.920960215415107e-05,1.9482621132346664e-09,2.5021443338445134e-06,3.2691846623319104e-09,-4.500031252945315e-06,4.498491957466068e-06,-4.999831431001974e-06,4.999869780228256e-06,6.701514542286556e-07,0.49969497938691976,0.500304350461626,9.678298242225955e-05
nearest,0.8,16,1e-05,departure_first,1.5841920430830213e-09,2.4990980521846117e-06,-9.396596093817303e-11,-4.495437844222276e-06,4.501004524778787e-06,-4.999793479025053e-06,4.999853748207291e-06,0.0,0.5000486666666667,0.49995133333333336,7.920960215415107e-05,1.948262113234666e-09,2.5021443338445134e-06,3.2691846623319104e-09,-4.500031252945315e-06,4.498491957466068e-06,-4.999831431001974e-06,4.999869780228256e-06,6.701514542286556e-07,0.49969497938691976,0.500304350461626,9.678298242225955e-05
nearest,0.8,16,1e-05,insertion_order,1.5841920430830215e-09,2.4990980521846117e-06,-9.396596093817303e-11,-4.495437844222276e-06,4.501004524778787e-06,-4.999793479025053e-06,4.999853748207291e-06,0.0,0.5000486666666667,0.49995133333333336,7.920960215415107e-05,1.948262113234666e-09,2.5021443338445134e-06,3.2691846623319104e-09,-4.500031252945315e-06,4.498491957466068e-06,-4.999831431001974e-06,4.999869780228256e-06,6.701514542286556e-07,0.49969497938691976,0.500304350461626,9.678298242225955e-05
nearest,0.8,16,3e-05,arrival_first,1.4020740254636628e-09,7.501988906883223e-06,-9.301887378872682e-09,-1.3492409257196414e-05,1.3510394199632476e-05,-1.4999319319031201e-05,1.499936464218384e-05,0.0,0.5003806666666667,0.49961933333333336,7.010370127318311e-05,7.310645408399014e-10,7.498277913614449e-06,-1.1866767636924934e-08,-1.3496782143691116e-05,1.3511238494351041e-05,-1.4999399504616861e-05,1.4999464514153677e-05,0.0,0.5003872178302962,0.49961278216970384,3.6116366340242705e-05
nearest,0.8,16,3e-05,departure_first,1.4020740254636628e-09,7.501988906883223e-06,-9.301887378872682e-09,-1.3492409257196414e-05,1.3510394199632476e-05,-1.4999319319031201e-05,1.499936464218384e-05,0.0,0.5003806666666667,0.49961933333333336,7.010370127318311e-05,7.310645408399018e-10,7.498277913614449e-06,-1.1866767636924934e-08,-1.3496782143691116e-05,1.3511238494351041e-05,-1.4999399504616861e-05,1.4999464514153677e-05,0.0,0.5003872178302962,0.49961278216970384,3.611636634024274e-05
nearest,0.8,16,3e-05,insertion_order,1.4020740254636628e-09,7.501988906883223e-06,-9.301887378872682e-09,-1.3492409257196414e-05,1.3510394199632476e-05,-1.4999319319031201e-05,1.499936464218384e-05,0.0,0.5003806666666667,0.49961933333333336,7.010370127318311e-05,7.31064540839901e-10,7.498277913614449e-06,-1.1866767636924934e-08,-1.3496782143691116e-05,1.3511238494351041e-05,-1.4999399504616861e-05,1.4999464514153677e-05,0.0,0.5003872178302962,0.49961278216970384,3.6116366340242705e-05
nearest,0.8,16,0.0001,arrival_first,4.3829236838064365e-09,2.5011982942477214e-05,1.6976264305412768e-08,-4.500434019822327e-05,4.498811145064488e-05,-4.999780236782196e-05,4.9997375754173845e-05,0.0,0.49981333333333333,0.5001866666666667,0.00021914618419032194,-1.34055253153437e-08,2.5006890016447895e-05,-4.881664934163702e-08,-4.500151628120316e-05,4.5020601712416044e-05,-4.999825828087325e-05,4.9998218930420537e-05,0.0,0.5004787574770783,0.49952124252292174,-0.00066521696767803
nearest,0.8,16,0.0001,departure_first,4.382923683806436e-09,2.5011982942477214e-05,1.6976264305412768e-08,-4.500434019822327e-05,4.498811145064488e-05,-4.999780236782196e-05,4.9997375754173845e-05,0.0,0.49981333333333333,0.5001866666666667,0.00021914618419032194,-1.34055253153437e-08,2.5006890016447895e-05,-4.881664934163702e-08,-4.500151628120316e-05,4.5020601712416044e-05,-4.999825828087325e-05,4.9998218930420537e-05,0.0,0.5004787574770783,0.49952124252292174,-0.0006652169676780299
nearest,0.8,16,0.0001,insertion_order,4.382923683806438e-09,2.5011982942477214e-05,1.6976264305412768e-08,-4.500434019822327e-05,4.498811145064488e-05,-4.999780236782196e-05,4.9997375754173845e-05,0.0,0.49981333333333333,0.5001866666666667,0.00021914618419032194,-1.34055253153437e-08,2.5006890016447895e-05,-4.881664934163702e-08,-4.500151628120316e-05,4.5020601712416044e-05,-4.999825828087325e-05,4.9998218930420537e-05,0.0,0.5004787574770783,0.49952124252292174,-0.0006652169676780299
nearest,0.8,16,0.0003,arrival_first,8.17783819002215e-09,7.497317647577196e-05,1.7390614933295487e-08,-0.000134924522944857,0.00013495805514897555,-0.0001499937754185036,0.00014999425275163958,0.0,0.49995999999999996,0.50004,0.0004088919095011079,-2.288193914621798e-08,7.500118944892127e-05,-6.217625483829285e-08,-0.00013491875663154877,0.00013503221439780871,-0.00014999223487346114,0.00014999339908615753,0.0,0.5002506161508701,0.49974938384912987,-0.0011317538048323298
nearest,0.8,16,0.0003,departure_first,8.17783819002215e-09,7.497317647577196e-05,1.7390614933295487e-08,-0.000134924522944857,0.00013495805514897555,-0.0001499937754185036,0.00014999425275163958,0.0,0.49995999999999996,0.50004,0.0004088919095011079,-2.2653705987358345e-08,7.500128860922127e-05,-6.188872734666216e-08,-0.0001349187570268329,0.00013503221368438983,-0.00014999223487346114,0.00014999339908615753,0.0,0.5002499461208436,0.49975005387915633,-0.0011204020736832639
nearest,0.8,16,0.0003,insertion_order,8.177838190022154e-09,7.497317647577196e-05,1.7390614933295487e-08,-0.000134924522944857,0.00013495805514897555,-0.0001499937754185036,0.00014999425275163958,0.0,0.49995999999999996,0.50004,0.0004088919095011079,-2.2881939146217977e-08,7.500118944892127e-05,-6.217625483829285e-08,-0.00013491875663154877,0.00013503221439780871,-0.00014999223487346114,0.00014999339908615753,0.0,0.5002506161508701,0.49974938384912987,-0.0011317538048323296
nearest,0.8,16,0.001,arrival_first,-9.088476455690397e-08,0.00025012367116086234,-2.9751039013111345e-07,-0.00044996281462620876,0.0004500509500818831,-0.0004999840490199859,0.0004999832829525985,0.0,0.5003526666666667,0.4996473333333333,-0.004544238227845198,1.9251458926812173e-07,0.0002499952866782263,3.1748376155364227e-07,-0.000449970545110631,0.00045035140947307506,-0.000499979394812526,0.0004999824458853071,0.0,0.49971037991183664,0.5002896200881634,0.009593026060595007
nearest,0.8,16,0.001,departure_first,-9.088476455690397e-08,0.00025012367116086234,-2.9751039013111345e-07,-0.00044996281462620876,0.0004500509500818831,-0.0004999840490199859,0.0004999832829525985,0.0,0.5003526666666667,0.4996473333333333,-0.004544238227845198,1.9370472342847863e-07,0.00024999515068785985,3.1567851053968903e-07,-0.0004499702791122437,0.0004503521185577873,-0.000499979394812526,0.0004999824458853071,0.0,0.49970936827433665,0.5002906317256633,0.009651932539294897
nearest,0.8,16,0.001,insertion_order,-9.088476455690397e-08,0.00025012367116086234,-2.9751039013111345e-07,-0.00044996281462620876,0.0004500509500818831,-0.0004999840490199859,0.0004999832829525985,0.0,0.5003526666666667,0.4996473333333333,-0.004544238227845198,1.9251458926812173e-07,0.0002499952866782263,3.1748376155364227e-07,-0.000449970545110631,0.00045035140947307506,-0.000499979394812526,0.0004999824458853071,0.0,0.49971037991183664,0.5002896200881634,0.009593026060595007
nearest,0.8,16,0.003,arrival_first,1.8178190468521887e-07,0.0007499259011321404,-5.793626769445837e-07,-0.001349138871012959,0.0013498265747512047,-0.0014999511262734208,0.0014999336104059087,0.0,0.5002326666666667,0.49976733333333334,0.009089095234260942,-1.422691092879762e-08,0.0007501343618976869,-4.261798776066898e-07,-0.0013493589853657993,0.0013505476156096346,-0.00149995160118049,0.0014999348015992252,0.0,0.5001781171733566,0.4998218828266434,-0.0006290268196663173
nearest,0.8,16,0.003,departure_first,1.8178190468521892e-07,0.0007499259011321404,-5.793626769445837e-07,-0.001349138871012959,0.0013498265747512047,-0.0014999511262734208,0.0014999336104059087,0.0,0.5002326666666667,0.49976733333333334,0.009089095234260942,-1.721207392852698e-08,0.0007501312974416321,-4.454925271313072e-07,-0.0013493586833404358,0.0013505492765724125,-0.00149995160118049,0.0014999348015992252,0.0,0.5001828159762485,0.4998171840237516,-0.0007767240350116999
nearest,0.8,16,0.003,insertion_order,1.8178190468521887e-07,0.0007499259011321404,-5.793626769445837e-07,-0.001349138871012959,0.0013498265747512047,-0.0014999511262734208,0.0014999336104059087,0.0,0.5002326666666667,0.49976733333333334,0.009089095234260942,-1.4226910928797676e-08,0.0007501343618976869,-4.261798776066898e-07,-0.0013493589853657993,0.0013505476156096346,-0.00149995160118049,0.0014999348015992252,0.0,0.5001781171733566,0.4998218828266434,-0.0006290268196663165
nearest,0.8,16,0.01,arrival_first,-9.415514402632349e-07,0.0025003095151037015,-3.6482758029402853e-06,-0.004499353391480933,0.004502410519370034,-0.004999811691868672,0.004999819514159754,0.0,0.5002973333333334,0.4997026666666667,-0.04707757201316175,-2.5223140510488185e-06,0.0025019599616470114,-7.526391159734929e-06,-0.004503916320938421,0.004502356757112941,-0.0049998210542093096,0.004999785417109139,0.0,0.5008284710875114,0.4991715289124886,-0.12566733463368465
nearest,0.8,16,0.01,departure_first,-9.415514402632347e-07,0.0025003095151037015,-3.6482758029402853e-06,-0.004499353391480933,0.004502410519370034,-0.004999811691868672,0.004999819514159754,0.0,0.5002973333333334,0.4997026666666667,-0.04707757201316175,-2.532778396514492e-06,0.002501956446004748,-7.575201634284559e-06,-0.004503950642153628,0.0045023802883113655,-0.0049998210542093096,0.004999785417109139,0.0,0.5008288085594472,0.4991711914405528,-0.12618473696476104
nearest,0.8,16,0.01,insertion_order,-9.415514402632347e-07,0.0025003095151037015,-3.6482758029402853e-06,-0.004499353391480933,0.004502410519370034,-0.004999811691868672,0.004999819514159754,0.0,0.5002973333333334,0.4997026666666667,-0.04707757201316175,-2.522314051048818e-06,0.0025019599616470114,-7.526391159734929e-06,-0.004503916320938421,0.004502356757112941,-0.0049998210542093096,0.004999785417109139,0.0,0.5008284710875114,0.4991715289124886,-0.12566733463368468
nearest,0.8,16,0.03,arrival_first,5.011779743814259e-06,0.007506067457995913,1.4233617245433075e-05,-0.01350207352432335,0.013506512082502314,-0.014999399841356838,0.014999210241118515,0.0,0.49956266666666665,0.5004373333333334,0.25058898719071293,-2.891275986361755e-05,0.007501350924380589,-9.447048164620315e-05,-0.013498652669650604,0.01350298253128454,-0.014999438048881252,0.014999404301373713,0.0,0.5031948582591546,0.4968051417408455,-1.436858229687209
nearest,0.8,16,0.03,departure_first,5.0117797438142595e-06,0.007506067457995913,1.4233617245433075e-05,-0.01350207352432335,0.013506512082502314,-0.014999399841356838,0.014999210241118515,0.0,0.49956266666666665,0.5004373333333334,0.25058898719071293,-2.8979611956552545e-05,0.007501341168355709,-9.44311296922778e-05,-0.013498646328825248,0.01350287932368379,-0.014999438048881252,0.014999404301373713,0.0,0.5031984650883483,0.49680153491165163,-1.440229264444477
nearest,0.8,16,0.03,insertion_order,5.011779743814259e-06,0.007506067457995913,1.4233617245433075e-05,-0.01350207352432335,0.013506512082502314,-0.014999399841356838,0.014999210241118515,0.0,0.49956266666666665,0.5004373333333334,0.25058898719071293,-2.8912759863617547e-05,0.007501350924380589,-9.447048164620315e-05,-0.013498652669650604,0.01350298253128454,-0.014999438048881252,0.014999404301373713,0.0,0.5031948582591546,0.4968051417408455,-1.436858229687209
nearest,0.8,16,0.1,arrival_first,-1.3941550246969805e-05,0.0249843370470864,-7.542203608560764e-06,-0.04498888934602443,0.04498959647494302,-0.04999765105148981,0.04999750216459991,0.0,0.500108,0.499892,-0.6970775123484904,-0.0004184282136852338,0.02500296799792011,-0.0012218565572193558,-0.04503266177073655,0.04499789224440106,-0.049998394031748924,0.0499984070712628,0.0,0.5126548460537761,0.4873451539462239,-20.795431682321578
nearest,0.8,16,0.1,departure_first,-1.3941550246969805e-05,0.0249843370470864,-7.542203608560764e-06,-0.04498888934602443,0.04498959647494302,-0.04999765105148981,0.04999750216459991,0.0,0.500108,0.499892,-0.6970775123484904,-0.00041746731876074494,0.025004059180425257,-0.0012213607757705438,-0.045031960675547274,0.04499827956983436,-0.049998394031748924,0.0499984070712628,0.0,0.5126393918032792,0.48736060819672083,-20.749995734432236
nearest,0.8,16,0.1,insertion_order,-1.3941550246969803e-05,0.0249843370470864,-7.542203608560764e-06,-0.04498888934602443,0.04498959647494302,-0.04999765105148981,0.04999750216459991,0.0,0.500108,0.499892,-0.6970775123484904,-0.0004184282136852338,0.02500296799792011,-0.0012218565572193558,-0.04503266177073655,0.04499789224440106,-0.049998394031748924,0.0499984070712628,0.0,0.5126548460537761,0.4873451539462239,-20.795431682321578
nearest,0.95,1,1e-05,arrival_first,-4.1774373797428163e-10,2.5007372541804217e-06,-2.882552507799119e-09,-4.499679930631828e-06,4.50200319240442e-06,-4.9998553852977546e-06,4.9998051811902165e-06,0.0,0.5002966666666667,0.49970333333333333,-2.0887186898714087e-05,1.4634605631212511e-09,2.5010573124138665e-06,4.938716121130615e-09,-4.498386276209802e-06,4.499085329683939e-06,-4.999670993533397e-06,4.999615533719572e-06,0.0,0.4995325798146559,0.5004674201853442,3.761928907294315e-05
nearest,0.95,1,1e-05,departure_first,-4.1774373797428163e-10,2.5007372541804217e-06,-2.882552507799119e-09,-4.499679930631828e-06,4.50200319240442e-06,-4.9998553852977546e-06,4.9998051811902165e-06,0.0,0.5002966666666667,0.49970333333333333,-2.0887186898714087e-05,1.4953182156890245e-09,2.501060878037031e-06,4.958062500027652e-09,-4.498376358380686e-06,4.499083607128138e-06,-4.999670993533397e-06,4.999615533719572e-06,0.0,0.49952995617222873,0.5004700438277713,3.843379071493443e-05
nearest,0.95,1,1e-05,insertion_order,-4.1774373797428163e-10,2.5007372541804217e-06,-2.882552507799119e-09,-4.499679930631828e-06,4.50200319240442e-06,-4.9998553852977546e-06,4.9998051811902165e-06,0.0,0.5002966666666667,0.49970333333333333,-2.0887186898714087e-05,1.4634605631212513e-09,2.5010573124138665e-06,4.938716121130615e-09,-4.498386276209802e-06,4.499085329683939e-06,-4.999670993533397e-06,4.999615533719572e-06,0.0,0.4995325798146559,0.5004674201853442,3.761928907294315e-05
nearest,0.95,1,3e-05,arrival_first,2.0538074477372003e-09,7.5037150482827805e-06,2.7457948211425294e-09,-1.3498448054936792e-05,1.350277873522524e-05,-1.4999289366339023e-05,1.499933878221782e-05,0.0,0.4998953333333333,0.5001046666666666,0.00010269037238685996,3.5360354931311066e-09,7.500284260540469e-06,7.387810601009829e-09,-1.3501713920668461e-05,1.350526727953999e-05,-1.4998689782958914e-05,1.4998917693933671e-05,0.0,0.49969758049686025,0.5003024195031398,8.96284110892121e-05
nearest,0.95,1,3e-05,departure_first,2.0538074477372003e-09,7.5037150482827805e-06,2.7457948211425294e-09,-1.3498448054936792e-05,1.350277873522524e-05,-1.4999289366339023e-05,1.499933878221782e-05,0.0,0.4998953333333333,0.5001046666666666,0.00010269037238685996,3.5838388565880125e-09,7.5003528294130184e-06,7.426075686612262e-09,-1.3501707888353768e-05,1.3505366459026615e-05,-1.4998689782958914e-05,1.4998917693933671e-05,0.0,0.49969758321237984,0.5003024167876202,9.084772636314634e-05
nearest,0.95,1,3e-05,insertion_order,2.0538074477371994e-09,7.5037150482827805e-06,2.7457948211425294e-09,-1.3498448054936792e-05,1.350277873522524e-05,-1.4999289366339023e-05,1.499933878221782e-05,0.0,0.4998953333333333,0.5001046666666666,0.00010269037238685996,3.5360354931311066e-09,7.500284260540469e-06,7.387810601009829e-09,-1.3501713920668461e-05,1.350526727953999e-05,-1.4998689782958914e-05,1.4998917693933671e-05,0.0,0.49969758049686025,0.5003024195031398,8.962841108921209e-05
nearest,0.95,1,0.0001,arrival_first,-2.4192147077580254e-08,2.4990003155734185e-05,-1.5340022703943153e-08,-4.500504660578978e-05,4.4999788607735036e-05,-4.99981627096228e-05,4.9998318293849785e-05,0.0,0.50019,0.49981,-0.0012096073538790128,-1.3065743565477707e-08,2.4972651242978003e-05,-4.880680902139001e-08,-4.496564122045728e-05,4.4978501024225345e-05,-4.999636704816427e-05,4.9995270754682466e-05,0.0,0.5005486275415753,0.4994513724584247,-0.000337299326709151
nearest,0.95,1,0.0001,departure_first,-2.4192147077580254e-08,2.4990003155734185e-05,-1.5340022703943153e-08,-4.500504660578978e-05,4.4999788607735036e-05,-4.99981627096228e-05,4.9998318293849785e-05,0.0,0.50019,0.49981000000000003,-0.0012096073538790128,-1.2256908338315247e-08,2.4972842640527098e-05,-4.860766687706427e-08,-4.4965490087574466e-05,4.4978633019695346e-05,-4.999636704816427e-05,4.9995270754682466e-05,0.0,0.5005401283752622,0.4994598716247378,-0.00031656606131799783
nearest,0.95,1,0.0001,insertion_order,-2.4192147077580254e-08,2.4990003155734185e-05,-1.5340022703943153e-08,-4.500504660578978e-05,4.4999788607735036e-05,-4.99981627096228e-05,4.9998318293849785e-05,0.0,0.50019,0.49981,-0.0012096073538790128,-1.3065743565477707e-08,2.4972651242978003e-05,-4.880680902139001e-08,-4.496564122045728e-05,4.4978501024225345e-05,-4.999636704816427e-05,4.9995270754682466e-05,0.0,0.5005486275415753,0.4994513724584247,-0.000337299326709151
nearest,0.95,1,0.0003,arrival_first,-1.5732975818112512e-07,7.50037749233458e-05,-2.9120186203120585e-07,-0.00013500726904264106,0.00013487796084367192,-0.00014999502400314668,0.0001499948775744997,0.0,0.5009526666666667,0.49904733333333334,-0.007866487909056256,9.45981832245559e-09,7.496614087013813e-05,5.469898125380623e-08,-0.00013491894955875003,0.0001348865983697872,-0.00014998762366072633,0.000149983619331411,0.0,0.49980508948286506,0.5001949105171349,0.00024156473850615618
nearest,0.95,1,0.0003,departure_first,-1.5732975818112512e-07,7.50037749233458e-05,-2.9120186203120585e-07,-0.00013500726904264106,0.00013487796084367192,-0.00014999502400314668,0.0001499948775744997,0.0,0.5009526666666667,0.49904733333333334,-0.007866487909056256,1.3358715206508827e-08,7.496773777320078e-05,5.984249483642045e-08,-0.00013492004647022016,0.0001348872542475344,-0.00014998762366072633,0.000149983619331411,0.0,0.49978816254032016,0.5002118374596798,0.00034114968559292543
nearest,0.95,1,0.0003,insertion_order,-1.5732975818112512e-07,7.50037749233458e-05,-2.9120186203120585e-07,-0.00013500726904264106,0.00013487796084367192,-0.00014999502400314668,0.0001499948775744997,0.0,0.5009526666666667,0.49904733333333334,-0.007866487909056256,9.459818322455586e-09,7.496614087013813e-05,5.469898125380623e-08,-0.00013491894955875003,0.0001348865983697872,-0.00014998762366072633,0.000149983619331411,0.0,0.49980508948286506,0.5001949105171349,0.00024156473850615612
nearest,0.95,1,0.001,arrival_first,2.2314032949786148e-07,0.00025006923368567065,6.6399647948856e-07,-0.0004499299532092967,0.0004499246986612584,-0.0004999821492068198,0.0004999793954387617,0.0,0.499322,0.500678,0.011157016474893073,-4.1057802041003735e-07,0.00024977986529249016,-5.694932564275756e-07,-0.0004498372645396298,0.0004495267584964268,-0.0004999575788285684,0.0004999631722475123,0.0,0.500461370109533,0.49953862989046705,-0.010530774582232037
nearest,0.95,1,0.001,departure_first,2.2314032949786148e-07,0.00025006923368567065,6.6399647948856e-07,-0.0004499299532092967,0.0004499246986612584,-0.0004999821492068198,0.0004999793954387617,0.0,0.499322,0.5006780000000001,0.011157016474893073,-4.3070842138629103e-07,0.0002497840019373672,-5.787324126502846e-07,-0.00044985075905083625,0.00044950336996425576,-0.0004999575788285684,0.0004999631722475123,0.0,0.5004845775590986,0.49951542244090147,-0.011051510734440403
nearest,0.95,1,0.001,insertion_order,2.2314032949786148e-07,0.00025006923368567065,6.6399647948856e-07,-0.0004499299532092967,0.0004499246986612584,-0.0004999821492068198,0.0004999793954387617,0.0,0.499322,0.500678,0.011157016474893073,-4.1057802041003735e-07,0.00024977986529249016,-5.694932564275756e-07,-0.0004498372645396298,0.0004495267584964268,-0.0004999575788285684,0.0004999631722475123,0.0,0.500461370109533,0.49953862989046705,-0.010530774582232037
nearest,0.95,1,0.003,arrival_first,1.3924736657857767e-06,0.0007503706392314349,2.6473567686480235e-06,-0.0013498206131240902,0.0013517987507051048,-0.0014999468384303328,0.0014999453189981674,0.0,0.4990813333333334,0.5009186666666666,0.06962368328928885,-9.628746774402124e-07,0.0007502723719574105,-1.2673889555676887e-06,-0.00135005174490685,0.0013480142379809572,-0.0014998978469399585,0.001499876651505906,0.0,0.500360459799401,0.49963954020059903,-0.024649125735043763
nearest,0.95,1,0.003,departure_first,1.3924736657857767e-06,0.0007503706392314349,2.6473567686480235e-06,-0.0013498206131240902,0.0013517987507051048,-0.0014999468384303328,0.0014999453189981674,0.0,0.4990813333333334,0.5009186666666666,0.06962368328928885,-1.0078706354790276e-06,0.0007502433706300818,-1.2482579320162447e-06,-0.001350052919231188,0.0013480049269148904,-0.0014998978469399585,0.001499876651505906,0.0,0.500367645336579,0.49963235466342104,-0.02584331800797982
nearest,0.95,1,0.003,insertion_order,1.3924736657857767e-06,0.0007503706392314349,2.6473567686480235e-06,-0.0013498206131240902,0.0013517987507051048,-0.0014999468384303328,0.0014999453189981674,0.0,0.4990813333333334,0.5009186666666666,0.06962368328928885,-9.628746774402124e-07,0.0007502723719574105,-1.2673889555676887e-06,-0.00135005174490685,0.0013480142379809572,-0.0014998978469399585,0.001499876651505906,0.0,0.5003604597994009,0.49963954020059903,-0.024649125735043763
nearest,0.95,1,0.01,arrival_first,-1.472859662697374e-06,0.002498464605198052,-2.274253423214153e-06,-0.004499646516246685,0.004498061190547559,-0.00499982121315649,0.004999829293228686,0.0,0.5001793333333333,0.49982066666666664,-0.0736429831348687,2.567676525926912e-06,0.002497701052910343,-4.8848998045723674e-06,-0.004497891597922159,0.004502266404573884,-0.004999738932703581,0.004999669206104589,0.0,0.5004950871187808,0.49950491288121923,0.06528356562474774
nearest,0.95,1,0.01,departure_first,-1.4728596626973738e-06,0.002498464605198052,-2.274253423214153e-06,-0.004499646516246685,0.004498061190547559,-0.00499982121315649,0.004999829293228686,0.0,0.5001793333333333,0.49982066666666664,-0.0736429831348687,3.251365841746427e-06,0.0024976092882152273,-3.4852183353690597e-06,-0.0044978219350344925,0.004502027424734148,-0.004999738932703581,0.004999669206104589,0.0,0.5003366543650859,0.4996633456349141,0.08325061606650817
nearest,0.95,1,0.01,insertion_order,-1.472859662697374e-06,0.002498464605198052,-2.274253423214153e-06,-0.004499646516246685,0.004498061190547559,-0.00499982121315649,0.004999829293228686,0.0,0.5001793333333333,0.49982066666666664,-0.0736429831348687,2.5676765259269123e-06,0.002497701052910343,-4.8848998045723674e-06,-0.004497891597922159,0.004502266404573884,-0.004999738932703581,0.004999669206104589,0.0,0.5004950871187808,0.49950491288121923,0.06528356562474773
nearest,0.95,1,0.03,arrival_first,-8.539528157033905e-06,0.007499859829181248,-1.5058354953604673e-05,-0.013503934799059607,0.01349422799463961,-0.014999491816797671,0.014999318128442003,0.0,0.5004473333333334,0.49955266666666664,-0.4269764078516952,-1.1421396319003094e-05,0.0075008820004891065,-7.815886751886913e-05,-0.013480752382333473,0.013518317734329429,-0.014999158545217557,0.01499878835548089,0.0,0.5025888005509831,0.4974111994490169,-0.29145100233542415
nearest,0.95,1,0.03,departure_first,-8.539528157033905e-06,0.007499859829181248,-1.5058354953604673e-05,-0.013503934799059607,0.01349422799463961,-0.014999491816797671,0.014999318128442003,0.0,0.5004473333333334,0.49955266666666664,-0.4269764078516952,-1.5641620082042934e-05,0.007499964370977678,-8.277187194203058e-05,-0.01348077639733163,0.013516321385494391,-0.014999162973922266,0.01499873177599532,0.0,0.5027744614778701,0.49722553852213,-0.4049164590594332
nearest,0.95,1,0.03,insertion_order,-8.539528157033905e-06,0.007499859829181248,-1.5058354953604673e-05,-0.013503934799059607,0.01349422799463961,-0.014999491816797671,0.014999318128442003,0.0,0.5004473333333334,0.49955266666666664,-0.4269764078516952,-1.1421396319003094e-05,0.0075008820004891065,-7.815886751886913e-05,-0.013480752382333473,0.013518317734329429,-0.014999158545217557,0.01499878835548089,0.0,0.5025888005509831,0.4974111994490169,-0.29145100233542415
nearest,0.95,1,0.1,arrival_first,2.516047474772677e-05,0.024997796528904513,5.150600562349913e-05,-0.04502806736936691,0.04498911728718212,-0.04999736019008196,0.04999845635784368,0.0,0.499486,0.500514,1.2580237373863383,-0.00042978564503071956,0.025002994650604963,-0.001207699753237332,-0.045042696842481085,0.04496613946952535,-0.04999456549403212,0.04999588301782481,0.0,0.5127180476600756,0.4872819523399245,-10.755939034248781
nearest,0.95,1,0.1,departure_first,2.5160474747726767e-05,0.024997796528904513,5.150600562349913e-05,-0.04502806736936691,0.04498911728718212,-0.04999736019008196,0.04999845635784368,0.0,0.499486,0.500514,1.2580237373863383,-0.0003998890300118573,0.02500266118112756,-0.0011733225118637164,-0.04503141117234631,0.04498822837343208,-0.04999488236215133,0.0499962678070768,0.0,0.5124226956595935,0.48757730434040647,-10.50323143341101
nearest,0.95,1,0.1,insertion_order,2.516047474772677e-05,0.024997796528904513,5.150600562349913e-05,-0.04502806736936691,0.04498911728718212,-0.04999736019008196,0.04999845635784368,0.0,0.499486,0.500514,1.2580237373863383,-0.00042978564503071956,0.025002994650604963,-0.001207699753237332,-0.045042696842481085,0.04496613946952535,-0.04999456549403212,0.04999588301782481,0.0,0.5127180476600756,0.4872819523399245,-10.755939034248781
nearest,0.95,4,1e-05,arrival_first,-6.853616044584971e-11,2.5013969974412854e-06,2.428805601084605e-09,-4.500720240988206e-06,4.499880590932055e-06,-4.999794661368165e-06,4.999783717115254e-06,0.0,0.4997553333333334,0.5002446666666667,-3.426808022292486e-06,1.0257930722936633e-09,2.499926090507526e-06,5.970650974208384e-10,-4.499344897918774e-06,4.4970118282598e-06,-4.999823294410688e-06,4.9997269867580945e-06,8.145975887911372e-07,0.49989816988036484,0.5001010155220463,4.1975324378976964e-05
nearest,0.95,4,1e-05,departure_first,-6.853616044584966e-11,2.5013969974412854e-06,2.428805601084605e-09,-4.500720240988206e-06,4.499880590932055e-06,-4.999794661368165e-06,4.999783717115254e-06,0.0,0.4997553333333334,0.5002446666666667,-3.426808022292486e-06,1.0278212097471397e-09,2.4999281186449793e-06,5.970650974208384e-10,-4.499344897918774e-06,4.4970118282598e-06,-4.999823294410688e-06,4.9997269867580945e-06,8.145975887911372e-07,0.49989816988036484,0.5001010155220463,4.205851654918112e-05
nearest,0.95,4,1e-05,insertion_order,-6.853616044584978e-11,2.5013969974412854e-06,2.428805601084605e-09,-4.500720240988206e-06,4.499880590932055e-06,-4.999794661368165e-06,4.999783717115254e-06,0.0,0.4997553333333333,0.5002446666666667,-3.426808022292486e-06,1.0257930722936633e-09,2.499926090507526e-06,5.970650974208384e-10,-4.499344897918774e-06,4.4970118282598e-06,-4.999823294410688e-06,4.9997269867580945e-06,8.145975887911372e-07,0.49989816988036484,0.5001010155220463,4.1975324378976964e-05
nearest,0.95,4,3e-05,arrival_first,1.248968356109496e-08,7.500032650502059e-06,1.1752733068230251e-08,-1.3495644364714585e-05,1.3510545381905101e-05,-1.4999416907812702e-05,1.4999470386101165e-05,0.0,0.499576,0.500424,0.0006244841780547479,2.9114858884188256e-09,7.4988399233725964e-06,4.837361466542474e-10,-1.3500011100832452e-05,1.3503254915809498e-05,-1.4999292491093183e-05,1.4999349990802053e-05,8.145975887911372e-07,0.4999658591202777,0.5000333262821335,0.00011689012786988223
nearest,0.95,4,3e-05,departure_first,1.248968356109496e-08,7.500032650502059e-06,1.1752733068230251e-08,-1.3495644364714585e-05,1.3510545381905101e-05,-1.4999416907812702e-05,1.4999470386101165e-05,0.0,0.499576,0.500424,0.0006244841780547479,2.8956378923395675e-09,7.498836783782981e-06,4.518287620494203e-10,-1.3500009959733153e-05,1.3503253535477539e-05,-1.4999292491093183e-05,1.4999349990802053e-05,8.145975887911372e-07,0.49996707616686464,0.5000321092355465,0.00011623837169555531
nearest,0.95,4,3e-05,insertion_order,1.248968356109496e-08,7.500032650502059e-06,1.1752733068230251e-08,-1.3495644364714585e-05,1.3510545381905101e-05,-1.4999416907812702e-05,1.4999470386101165e-05,0.0,0.499576,0.500424,0.0006244841780547479,2.9114858884188256e-09,7.4988399233725964e-06,4.837361466542474e-10,-1.3500011100832452e-05,1.3503254915809498e-05,-1.4999292491093183e-05,1.4999349990802053e-05,8.145975887911372e-07,0.4999658591202777,0.5000333262821335,0.00011689012786988222
nearest,0.95,4,0.0001,arrival_first,2.089039769756103e-08,2.4992061519505416e-05,1.70270141097717e-08,-4.498783315739274e-05,4.499688018161881e-05,-4.9998562341594756e-05,4.9998227162480664e-05,0.0,0.49982733333333335,0.5001726666666666,0.0010445198848780515,5.058025624378737e-10,2.5016185064262264e-05,3.132683850873517e-08,-4.5048740155456584e-05,4.5004083774553726e-05,-4.9996646631157365e-05,4.999733153374742e-05,0.0,0.4996433785227585,0.5003566214772416,2.0399440368584448e-05
nearest,0.95,4,0.0001,departure_first,2.089039769756103e-08,2.4992061519505416e-05,1.70270141097717e-08,-4.498783315739274e-05,4.499688018161881e-05,-4.9998562341594756e-05,4.9998227162480664e-05,0.0,0.49982733333333335,0.5001726666666666,0.0010445198848780515,1.4254025961484886e-10,2.5016135547183208e-05,3.090589235076972e-08,-4.504869132348174e-05,4.50039313931618e-05,-4.9996646631157365e-05,4.999733153374742e-05,0.0,0.4996482666525356,0.5003517333474644,5.526989947439515e-06
nearest,0.95,4,0.0001,insertion_order,2.089039769756103e-08,2.4992061519505416e-05,1.70270141097717e-08,-4.498783315739274e-05,4.499688018161881e-05,-4.9998562341594756e-05,4.9998227162480664e-05,0.0,0.49982733333333335,0.5001726666666666,0.0010445198848780515,5.058025624378729e-10,2.5016185064262264e-05,3.132683850873517e-08,-4.5048740155456584e-05,4.5004083774553726e-05,-4.9996646631157365e-05,4.999733153374742e-05,0.0,0.4996433785227585,0.5003566214772416,2.0399440368584387e-05
nearest,0.95,4,0.0003,arrival_first,7.448611764205756e-08,7.495585978066628e-05,4.16113986527004e-08,-0.00013490125643177936,0.0001349717305750649,-0.00014999549615216286,0.00014999533426210594,0.0,0.49990199999999996,0.500098,0.003724305882102878,-7.578438317310488e-08,7.500968330461238e-05,-1.057113651383353e-07,-0.00013502940098621957,0.00013490699108897362,-0.00014999155239919145,0.00014999298885881894,0.0,0.5002548664155888,0.49974513358441114,-0.0031005987225884947
nearest,0.95,4,0.0003,departure_first,7.448611764205756e-08,7.495585978066628e-05,4.16113986527004e-08,-0.00013490125643177936,0.0001349717305750649,-0.00014999549615216286,0.00014999533426210594,0.0,0.49990199999999996,0.500098,0.003724305882102878,-7.696729962056419e-08,7.501081563495147e-05,-1.0706897681795012e-07,-0.00013503114651302643,0.0001349068668224012,-0.00014999155239919145,0.00014999298885881894,0.0,0.5002597442546238,0.4997402557453761,-0.003148979696693395
nearest,0.95,4,0.0003,insertion_order,7.448611764205755e-08,7.495585978066628e-05,4.16113986527004e-08,-0.00013490125643177936,0.0001349717305750649,-0.00014999549615216286,0.00014999533426210594,0.0,0.49990199999999996,0.500098,0.003724305882102878,-7.578438317310488e-08,7.500968330461238e-05,-1.057113651383353e-07,-0.00013502940098621957,0.00013490699108897362,-0.00014999155239919145,0.00014999298885881894,0.0,0.5002548664155888,0.49974513358441114,-0.0031005987225884947
nearest,0.95,4,0.001,arrival_first,1.0668954187167401e-07,0.0002499464680863803,2.444650969361343e-07,-0.0004500050236477667,0.00045004481621162984,-0.0004999799784854986,0.0004999847777677739,0.0,0.4997426666666667,0.5002573333333333,0.0053344770935837005,-6.645080908915729e-07,0.0002496877794372908,-8.256793728262691e-07,-0.0004499861317949009,0.00044976510927908185,-0.0004999710657949457,0.0004999717617750564,0.0,0.500876158882426,0.49912384111757396,-0.027278679455852543
nearest,0.95,4,0.001,departure_first,1.0668954187167402e-07,0.0002499464680863803,2.444650969361343e-07,-0.0004500050236477667,0.00045004481621162984,-0.0004999799784854986,0.0004999847777677739,0.0,0.4997426666666666,0.5002573333333333,0.0053344770935837005,-6.605145002386787e-07,0.0002496864817803208,-8.15165150989718e-07,-0.00044999406053117794,0.00044977174472082734,-0.0004999710657949457,0.0004999717617750564,0.0,0.5008676245658154,0.4991323754341846,-0.027113949893669623
nearest,0.95,4,0.001,insertion_order,1.0668954187167401e-07,0.0002499464680863803,2.444650969361343e-07,-0.0004500050236477667,0.00045004481621162984,-0.0004999799784854986,0.0004999847777677739,0.0,0.4997426666666667,0.5002573333333333,0.0053344770935837005,-6.645080908915729e-07,0.0002496877794372908,-8.256793728262691e-07,-0.0004499861317949009,0.00044976510927908185,-0.0004999710657949457,0.0004999717617750564,0.0,0.500876158882426,0.499123841117574,-0.027278679455852543
nearest,0.95,4,0.003,arrival_first,1.2068953931217648e-07,0.000749772495467146,-2.3905596814681e-07,-0.001349050983988794,0.001349371647615953,-0.0014999439707632214,0.0014999477345554624,0.0,0.5000986666666667,0.49990133333333336,0.0060344769656088225,-1.4006250860282144e-06,0.0007498141972862873,-2.4678359142346272e-06,-0.001350317975124846,0.0013491696936372495,-0.0014999130988611396,0.0014999229011796085,0.0,0.5008749093549731,0.49912509064502686,-0.057267625413629904
nearest,0.95,4,0.003,departure_first,1.2068953931217643e-07,0.000749772495467146,-2.3905596814681e-07,-0.001349050983988794,0.001349371647615953,-0.0014999439707632214,0.0014999477345554624,0.0,0.5000986666666667,0.49990133333333336,0.0060344769656088225,-1.4249200430372623e-06,0.0007497995233414395,-2.570667409119085e-06,-0.0013503542539266872,0.0013491701811437968,-0.0014999130988611396,0.0014999229011796085,0.0,0.50089939549343,0.49910060450657007,-0.05825859226378658
nearest,0.95,4,0.003,insertion_order,1.206895393121765e-07,0.000749772495467146,-2.3905596814681e-07,-0.001349050983988794,0.001349371647615953,-0.0014999439707632214,0.0014999477345554624,0.0,0.5000986666666667,0.49990133333333336,0.0060344769656088225,-1.4006250860282144e-06,0.0007498141972862873,-2.4678359142346272e-06,-0.001350317975124846,0.0013491696936372495,-0.0014999130988611396,0.0014999229011796085,0.0,0.5008749093549731,0.49912509064502686,-0.057267625413629904
nearest,0.95,4,0.01,arrival_first,-2.0293104547830203e-06,0.002500688822684659,-1.5547981395987638e-06,-0.004501251175089843,0.004497149712074132,-0.0049997690868925325,0.004999809728784991,0.0,0.5002153333333333,0.49978466666666665,-0.101465522739151,-4.24304950872522e-06,0.0025013978702452225,-1.3658874570674778e-05,-0.004498976514190506,0.004502560600650709,-0.004999791519547783,0.0049997841025480935,0.0,0.5012907076108807,0.49870929238911926,-0.17449581334879974
nearest,0.95,4,0.01,departure_first,-2.0293104547830203e-06,0.002500688822684659,-1.5547981395987638e-06,-0.004501251175089843,0.004497149712074132,-0.0049997690868925325,0.004999809728784991,0.0,0.5002153333333333,0.49978466666666665,-0.101465522739151,-3.9650850859920005e-06,0.0025011457817572863,-1.3212301694856851e-05,-0.004498676133887313,0.004502537670243019,-0.004999789096445651,0.0049997841025480935,0.0,0.5012449563108735,0.49875504368912643,-0.16315849854540915
nearest,0.95,4,0.01,insertion_order,-2.0293104547830203e-06,0.002500688822684659,-1.5547981395987638e-06,-0.004501251175089843,0.004497149712074132,-0.0049997690868925325,0.004999809728784991,0.0,0.5002153333333333,0.49978466666666665,-0.101465522739151,-4.24304950872522e-06,0.0025013978702452225,-1.3658874570674778e-05,-0.004498976514190506,0.004502560600650709,-0.004999791519547783,0.0049997841025480935,0.0,0.5012907076108807,0.49870929238911926,-0.17449581334879974
nearest,0.95,4,0.03,arrival_first,9.210687718018258e-06,0.00750249701595027,1.791431503382531e-05,-0.013496687559777456,0.013496981012006772,-0.014999235591615919,0.014999198591704043,0.0,0.499428,0.500572,0.46053438590091295,-3.9109571391428016e-05,0.007503287159413725,-0.00011926271879835215,-0.013505256872760848,0.013510095906839185,-0.014999370516980337,0.014999422296097497,0.0,0.503943964895782,0.4960560351042181,-1.602691728291178
nearest,0.95,4,0.03,departure_first,9.210687718018258e-06,0.00750249701595027,1.791431503382531e-05,-0.013496687559777456,0.013496981012006772,-0.014999235591615919,0.014999198591704043,0.0,0.499428,0.500572,0.46053438590091295,-3.8227569915576366e-05,0.007503780366172727,-0.00011813136988528653,-0.013504594020385091,0.013511311953498105,-0.014999367034092718,0.014999422296097497,0.0,0.5038975520973298,0.4961024479026702,-1.5684088081672
nearest,0.95,4,0.03,insertion_order,9.210687718018258e-06,0.00750249701595027,1.791431503382531e-05,-0.013496687559777456,0.013496981012006772,-0.014999235591615919,0.014999198591704043,0.0,0.499428,0.500572,0.46053438590091295,-3.9109571391428016e-05,0.007503287159413725,-0.00011926271879835215,-0.013505256872760848,0.013510095906839185,-0.014999370516980337,0.014999422296097497,0.0,0.503943964895782,0.4960560351042181,-1.602691728291178
nearest,0.95,4,0.1,arrival_first,6.110690619014957e-06,0.024981375070158116,-3.420603187199352e-05,-0.04497966543976872,0.04495847909259585,-0.04999794468828137,0.04999836486176719,0.0,0.5003433333333333,0.49965666666666664,0.3055345309507478,-0.0004360874341986218,0.025001009893813583,-0.0012236941356209663,-0.04499932312334183,0.04497288607069613,-0.049998108548883466,0.0499973079722559,0.0,0.5127071013658947,0.48729289863410524,-17.84434046225886
nearest,0.95,4,0.1,departure_first,6.110690619014956e-06,0.024981375070158116,-3.420603187199352e-05,-0.04497966543976872,0.04495847909259585,-0.04999794468828137,0.04999836486176719,0.0,0.5003433333333333,0.49965666666666664,0.3055345309507478,-0.0004379568985502834,0.025001791652909004,-0.0012191203698390003,-0.04500240075011645,0.044969775655387435,-0.04999809250078815,0.04999716188278782,0.0,0.5126861244157456,0.4873138755842544,-18.00743162761221
nearest,0.95,4,0.1,insertion_order,6.110690619014954e-06,0.024981375070158116,-3.420603187199352e-05,-0.04497966543976872,0.04495847909259585,-0.04999794468828137,0.04999836486176719,0.0,0.5003433333333333,0.49965666666666664,0.3055345309507478,-0.0004360874341986219,0.025001009893813583,-0.0012236941356209663,-0.04499932312334183,0.04497288607069613,-0.049998108548883466,0.0499973079722559,0.0,0.5127071013658947,0.48729289863410524,-17.84434046225886
nearest,0.95,8,1e-05,arrival_first,2.6161746997483228e-09,2.4993692273419582e-06,4.910058729971449e-09,-4.4981816487658464e-06,4.501229313973453e-06,-4.999791478136709e-06,4.999841682244247e-06,1.3333333333333334e-06,0.49954933333333335,0.5004493333333333,0.00013080873498741614,3.590124126066752e-09,2.5008599627361338e-06,7.380941492978604e-09,-4.5007687807976755e-06,4.499232701316904e-06,-4.999807504591873e-06,4.999782091108749e-06,0.0,0.499284021221345,0.5007159787786549,0.0001630782723670547
nearest,0.95,8,1e-05,departure_first,2.6161746997483228e-09,2.4993692273419582e-06,4.910058729971449e-09,-4.4981816487658464e-06,4.501229313973453e-06,-4.999791478136709e-06,4.999841682244247e-06,1.3333333333333334e-06,0.49954933333333335,0.5004493333333333,0.00013080873498741614,3.590124126066752e-09,2.5008599627361338e-06,7.380941492978604e-09,-4.5007687807976755e-06,4.499232701316904e-06,-4.999807504591873e-06,4.999782091108749e-06,0.0,0.499284021221345,0.5007159787786549,0.0001630782723670547
nearest,0.95,8,1e-05,insertion_order,2.6161746997483228e-09,2.4993692273419582e-06,4.910058729971449e-09,-4.4981816487658464e-06,4.501229313973453e-06,-4.999791478136709e-06,4.999841682244247e-06,1.3333333333333334e-06,0.49954933333333335,0.5004493333333333,0.00013080873498741614,3.590124126066752e-09,2.5008599627361338e-06,7.380941492978604e-09,-4.5007687807976755e-06,4.499232701316904e-06,-4.999807504591873e-06,4.999782091108749e-06,0.0,0.499284021221345,0.5007159787786549,0.0001630782723670547
nearest,0.95,8,3e-05,arrival_first,4.314388110287837e-09,7.501657608904376e-06,-7.05980104006206e-10,-1.3496581791514473e-05,1.3494861027538717e-05,-1.499931343763213e-05,1.499943670448071e-05,1.3333333333333334e-06,0.5000413333333333,0.49995733333333336,0.00021571940551439183,6.650534099771813e-09,7.503427915551385e-06,8.882565315573853e-09,-1.3500237954031716e-05,1.350770493128954e-05,-1.4999466906635723e-05,1.499950717686512e-05,0.0,0.49969446254556354,0.5003055374544364,0.0003016555983153563
nearest,0.95,8,3e-05,departure_first,4.314388110287837e-09,7.501657608904376e-06,-7.05980104006206e-10,-1.3496581791514473e-05,1.3494861027538717e-05,-1.499931343763213e-05,1.499943670448071e-05,1.3333333333333334e-06,0.5000413333333333,0.49995733333333336,0.00021571940551439183,6.663438538758561e-09,7.503421381647342e-06,8.909615965257041e-09,-1.3500232384966668e-05,1.3507711972053253e-05,-1.4999466906635723e-05,1.499950717686512e-05,0.0,0.499694832322661,0.5003051676773391,0.00030224730191102456
nearest,0.95,8,3e-05,insertion_order,4.314388110287837e-09,7.501657608904376e-06,-7.05980104006206e-10,-1.3496581791514473e-05,1.3494861027538717e-05,-1.499931343763213e-05,1.499943670448071e-05,1.3333333333333334e-06,0.5000413333333333,0.49995733333333336,0.00021571940551439183,6.650534099771814e-09,7.503427915551385e-06,8.882565315573853e-09,-1.3500237954031716e-05,1.350770493128954e-05,-1.4999466906635723e-05,1.499950717686512e-05,0.0,0.49969446254556354,0.5003055374544364,0.0003016555983153563
nearest,0.95,8,0.0001,arrival_first,-3.1644898394612636e-08,2.4994506279084816e-05,-7.833526372754326e-08,-4.5004728121966764e-05,4.4973337859725377e-05,-4.9997791150720636e-05,4.999847448440657e-05,0.0,0.5008093333333333,0.4991906666666666,-0.0015822449197306317,1.7559734578936098e-08,2.4993093496712508e-05,2.6035692466406037e-08,-4.499953234255364e-05,4.5002332341144324e-05,-4.999694253131302e-05,4.9998102162887984e-05,0.0,0.49970548341245163,0.5002945165875484,0.0007956887524494574
nearest,0.95,8,0.0001,departure_first,-3.1644898394612636e-08,2.4994506279084816e-05,-7.833526372754326e-08,-4.5004728121966764e-05,4.4973337859725377e-05,-4.9997791150720636e-05,4.999847448440657e-05,0.0,0.5008093333333333,0.4991906666666666,-0.0015822449197306317,1.7645226983723315e-08,2.4993027581639442e-05,2.613840646055928e-08,-4.4999251228928124e-05,4.5002340919840915e-05,-4.999694253131302e-05,4.9998102162887984e-05,0.0,0.49970290215410423,0.5002970978458958,0.000799533383629045
nearest,0.95,8,0.0001,insertion_order,-3.1644898394612636e-08,2.4994506279084816e-05,-7.833526372754326e-08,-4.5004728121966764e-05,4.4973337859725377e-05,-4.9997791150720636e-05,4.999847448440657e-05,0.0,0.5008093333333333,0.4991906666666666,-0.0015822449197306317,1.7559734578936098e-08,2.4993093496712508e-05,2.6035692466406037e-08,-4.499953234255364e-05,4.5002332341144324e-05,-4.999694253131302e-05,4.9998102162887984e-05,0.0,0.49970548341245163,0.5002945165875484,0.0007956887524494574
nearest,0.95,8,0.0003,arrival_first,-6.144918283462177e-08,7.501176280692986e-05,-1.99754261605752e-07,-0.0001349908075659793,0.00013490382835849838,-0.0001499929611478971,0.00014999453712031632,0.0,0.5006733333333334,0.4993266666666667,-0.0030724591417310874,8.635774611303435e-08,7.503157408580206e-05,-1.4900378716292683e-08,-0.00013493737688355717,0.00013500739315880692,-0.00014999326114400354,0.000149993499597282,0.0,0.500050829987165,0.499949170012835,0.003938991349874669
nearest,0.95,8,0.0003,departure_first,-6.144918283462177e-08,7.501176280692986e-05,-1.99754261605752e-07,-0.0001349908075659793,0.00013490382835849838,-0.0001499929611478971,0.00014999453712031632,0.0,0.5006733333333334,0.4993266666666667,-0.0030724591417310874,8.671217458041665e-08,7.503198116939449e-05,-1.436989841968143e-08,-0.00013493665479788445,0.00013500679046472903,-0.00014999326114400354,0.000149993499597282,0.0,0.5000456812513824,0.4999543187486176,0.003955113540057961
nearest,0.95,8,0.0003,insertion_order,-6.144918283462177e-08,7.501176280692986e-05,-1.99754261605752e-07,-0.0001349908075659793,0.00013490382835849838,-0.0001499929611478971,0.00014999453712031632,0.0,0.5006733333333334,0.4993266666666667,-0.0030724591417310874,8.635774611303434e-08,7.503157408580206e-05,-1.4900378716292683e-08,-0.00013493737688355717,0.00013500739315880692,-0.00014999326114400354,0.000149993499597282,0.0,0.500050829987165,0.499949170012835,0.0039389913498746685
nearest,0.95,8,0.001,arrival_first,-3.2664575627738184e-07,0.0002500240009483484,-5.51557271440591e-07,-0.00045010524773564007,0.0004501377789680797,-0.0004999822862373548,0.0004999737793696113,0.0,0.5005453333333334,0.49945466666666666,-0.01633228781386909,1.6282799692527843e-07,0.000249981016331273,3.7623784951377563e-07,-0.0004498223739613129,0.00044998533445059577,-0.0004999794078464438,0.0004999833996076573,0.0,0.499676080438649,0.500323919561351,0.007408633630828903
nearest,0.95,8,0.001,departure_first,-3.2664575627738184e-07,0.0002500240009483484,-5.51557271440591e-07,-0.00045010524773564007,0.0004501377789680797,-0.0004999822862373548,0.0004999737793696113,0.0,0.5005453333333334,0.49945466666666666,-0.01633228781386909,1.6685211181994832e-07,0.00024998094058775196,3.86081397887178e-07,-0.0004498161603026267,0.0004499907244306258,-0.0004999794078464438,0.0004999833996076573,0.0,0.4996720468699667,0.5003279531300333,0.007592533028837832
nearest,0.95,8,0.001,insertion_order,-3.2664575627738184e-07,0.0002500240009483484,-5.51557271440591e-07,-0.00045010524773564007,0.0004501377789680797,-0.0004999822862373548,0.0004999737793696113,0.0,0.5005453333333334,0.49945466666666666,-0.01633228781386909,1.6282799692527843e-07,0.000249981016331273,3.7623784951377563e-07,-0.0004498223739613129,0.00044998533445059577,-0.0004999794078464438,0.0004999833996076573,0.0,0.499676080438649,0.500323919561351,0.007408633630828903
nearest,0.95,8,0.003,arrival_first,3.9354243507962897e-08,0.0007504398218835674,-5.235516861527382e-08,-0.0013503253930957726,0.001350372754836826,-0.0014999364312643592,0.0014999267858001985,0.0,0.5000633333333333,0.49993666666666664,0.0019677121753981434,8.369264750674048e-08,0.0007499845981944352,-9.364157511584865e-07,-0.001349146563066427,0.0013509984117621523,-0.0014999475951054113,0.0014999356932426447,0.0,0.5003440508002085,0.49965594919979145,0.00401895416485217
nearest,0.95,8,0.003,departure_first,3.935424350796289e-08,0.0007504398218835674,-5.235516861527382e-08,-0.0013503253930957726,0.001350372754836826,-0.0014999364312643592,0.0014999267858001985,0.0,0.5000633333333333,0.49993666666666664,0.0019677121753981434,9.451025920491323e-08,0.0007499747800983769,-9.664826613072058e-07,-0.0013491245291915714,0.0013510039767860621,-0.0014999475951054113,0.0014999356932426447,0.0,0.5003451013190071,0.49965489868099294,0.004511725788364169
nearest,0.95,8,0.003,insertion_order,3.9354243507962897e-08,0.0007504398218835674,-5.235516861527382e-08,-0.0013503253930957726,0.001350372754836826,-0.0014999364312643592,0.0014999267858001985,0.0,0.5000633333333333,0.4999366666666667,0.0019677121753981434,8.369264750674046e-08,0.0007499845981944352,-9.364157511584865e-07,-0.001349146563066427,0.0013509984117621523,-0.0014999475951054113,0.0014999356932426447,0.0,0.5003440508002085,0.49965594919979145,0.004018954164852171
nearest,0.95,8,0.01,arrival_first,1.5402091396511712e-07,0.00250147485696581,-3.4035672191142416e-06,-0.00450189906550501,0.004502110361020943,-0.004999829757768263,0.004999830138937493,0.0,0.5003726666666667,0.49962733333333337,0.007701045698255863,-4.379028493927632e-06,0.0025006774342903122,-1.3451068893781739e-05,-0.0044990491167033715,0.004498530492033315,-0.004999769142156613,0.004999773939187227,0.0,0.5014379521555963,0.4985620478444037,-0.19921898080631467
nearest,0.95,8,0.01,departure_first,1.540209139651172e-07,0.00250147485696581,-3.4035672191142416e-06,-0.00450189906550501,0.004502110361020943,-0.004999829757768263,0.004999830138937493,0.0,0.5003726666666667,0.49962733333333337,0.007701045698255863,-4.627844992398122e-06,0.0025007696387836518,-1.347467716816802e-05,-0.004499189236105785,0.004498217005118326,-0.004999769142035347,0.004999773939187227,0.0,0.5014515998930643,0.4985484001069357,-0.2105863295700513
nearest,0.95,8,0.01,insertion_order,1.5402091396511718e-07,0.00250147485696581,-3.4035672191142416e-06,-0.00450189906550501,0.004502110361020943,-0.004999829757768263,0.004999830138937493,0.0,0.5003726666666667,0.49962733333333337,0.007701045698255863,-4.379028493927632e-06,0.0025006774342903122,-1.3451068893781739e-05,-0.0044990491167033715,0.004498530492033315,-0.004999769142156613,0.004999773939187227,0.0,0.5014379521555963,0.4985620478444037,-0.19921898080631467
nearest,0.95,8,0.03,arrival_first,7.073524166038021e-07,0.00750235498771561,-2.9415436074486933e-06,-0.01349877536800553,0.013506141291327366,-0.014999579302214745,0.014999558244744549,0.0,0.500116,0.499884,0.035367620830190086,-4.254565818659954e-05,0.007501477462366693,-0.00012484565437669327,-0.01350303623630364,0.01349977515145373,-0.014999261168424871,0.01499931482664314,0.0,0.5042271119720768,0.49577288802792313,-1.9361160202566774
nearest,0.95,8,0.03,departure_first,7.073524166038024e-07,0.00750235498771561,-2.9415436074486933e-06,-0.01349877536800553,0.013506141291327366,-0.014999579302214745,0.014999558244744549,0.0,0.500116,0.499884,0.035367620830190086,-4.158408023474524e-05,0.007500255206642965,-0.00012403256883940518,-0.013501924949836229,0.013499746856816992,-0.014999261168424871,0.01499931482664314,0.0,0.5042000285663834,0.49579997143361665,-1.893302220501561
nearest,0.95,8,0.03,insertion_order,7.073524166038017e-07,0.00750235498771561,-2.9415436074486933e-06,-0.01349877536800553,0.013506141291327366,-0.014999579302214745,0.014999558244744549,0.0,0.500116,0.499884,0.035367620830190086,-4.254565818659954e-05,0.007501477462366693,-0.00012484565437669327,-0.01350303623630364,0.01349977515145373,-0.014999261168424871,0.01499931482664314,0.0,0.5042271119720768,0.49577288802792313,-1.9361160202566774
nearest,0.95,8,0.1,arrival_first,3.0054021991110258e-05,0.024995257836281527,6.906865675470423e-05,-0.04497438867989027,0.04498709431313121,-0.04999781969190735,0.04999872949647397,0.0,0.4993626666666667,0.5006373333333334,1.5027010995555126,-0.0003892763911275569,0.025010182788764476,-0.001132000911507714,-0.045017067513739864,0.044969876652897915,-0.049997931264304254,0.04999858991308734,0.0,0.5119508823252407,0.48804911767475934,-17.708676501205687
nearest,0.95,8,0.1,departure_first,3.0054021991110258e-05,0.024995257836281527,6.906865675470423e-05,-0.04497438867989027,0.04498709431313121,-0.04999781969190735,0.04999872949647397,0.0,0.4993626666666667,0.5006373333333333,1.5027010995555126,-0.0003815477004548634,0.0250117563127257,-0.0011225734204804287,-0.04501430593002635,0.04497722626000452,-0.04999793126454678,0.049998589912602275,0.0,0.5118548223734157,0.48814517762658416,-17.38256558260635
nearest,0.95,8,0.1,insertion_order,3.0054021991110258e-05,0.024995257836281527,6.906865675470423e-05,-0.04497438867989027,0.04498709431313121,-0.04999781969190735,0.04999872949647397,0.0,0.4993626666666667,0.5006373333333333,1.5027010995555126,-0.0003892763911275569,0.025010182788764476,-0.001132000911507714,-0.045017067513739864,0.044969876652897915,-0.049997931264304254,0.04999858991308734,0.0,0.5119508823252407,0.48804911767475934,-17.708676501205687
nearest,0.95,16,1e-05,arrival_first,-1.5658324718970107e-09,2.500254050712708e-06,-4.101260249929813e-09,-4.500298750826915e-06,4.500152294895087e-06,-4.999829191850343e-06,4.999737757316325e-06,2e-06,0.5003893333333334,0.4996086666666667,-7.829162359485053e-05,-1.7130401503828626e-09,2.500176237970102e-06,-2.648167950694789e-09,-4.4998035653333555e-06,4.499643977531193e-06,-4.999688499047565e-06,4.999843507703707e-06,0.0,0.5003042324290667,0.49969576757093315,-8.24865070254602e-05
nearest,0.95,16,1e-05,departure_first,-1.5658324718970107e-09,2.500254050712708e-06,-4.101260249929813e-09,-4.500298750826915e-06,4.500152294895087e-06,-4.999829191850343e-06,4.999737757316325e-06,2e-06,0.5003893333333334,0.4996086666666667,-7.829162359485053e-05,-1.713995648509236e-09,2.500176105848539e-06,-2.648167950694789e-09,-4.499804887353951e-06,4.499644409794677e-06,-4.999688499047565e-06,4.999843507703707e-06,0.0,0.5003042342923447,0.49969576570765534,-8.253235781867609e-05
nearest,0.95,16,1e-05,insertion_order,-1.5658324718970107e-09,2.500254050712708e-06,-4.101260249929813e-09,-4.500298750826915e-06,4.500152294895087e-06,-4.999829191850343e-06,4.999737757316325e-06,2e-06,0.5003893333333334,0.4996086666666667,-7.829162359485053e-05,-1.7130401503828624e-09,2.500176237970102e-06,-2.648167950694789e-09,-4.4998035653333555e-06,4.499643977531193e-06,-4.999688499047565e-06,4.999843507703707e-06,0.0,0.5003042324290667,0.4996957675709332,-8.248650702546021e-05
nearest,0.95,16,3e-05,arrival_first,6.0790492534579245e-09,7.497919978901336e-06,8.960599492032391e-09,-1.3495912133597206e-05,1.3495710644140973e-05,-1.4999450710699118e-05,1.4999164280501039e-05,6.666666666666667e-07,0.49968533333333337,0.500314,0.0003039524626728962,4.093310942410681e-09,7.49881857762259e-06,-1.7952313943917492e-09,-1.3503205821504143e-05,1.349720529902521e-05,-1.499930751415283e-05,1.4999470621164985e-05,0.0,0.49999813358604683,0.5000018664139532,0.0001985134909084201
nearest,0.95,16,3e-05,departure_first,6.0790492534579245e-09,7.497919978901336e-06,8.960599492032391e-09,-1.3495912133597206e-05,1.3495710644140973e-05,-1.4999450710699118e-05,1.4999164280501039e-05,6.666666666666667e-07,0.49968533333333337,0.500314,0.0003039524626728962,4.083501989027926e-09,7.498821245085923e-06,-1.8272428688814359e-09,-1.3503204540858925e-05,1.3497202774981088e-05,-1.499930751415283e-05,1.4999470621164985e-05,0.0,0.4999988266223346,0.5000011733776655,0.00019804212451148554
nearest,0.95,16,3e-05,insertion_order,6.0790492534579245e-09,7.497919978901336e-06,8.960599492032391e-09,-1.3495912133597206e-05,1.3495710644140973e-05,-1.4999450710699118e-05,1.4999164280501039e-05,6.666666666666667e-07,0.49968533333333337,0.500314,0.0003039524626728962,4.093310942410681e-09,7.49881857762259e-06,-1.7952313943917492e-09,-1.3503205821504143e-05,1.349720529902521e-05,-1.499930751415283e-05,1.4999470621164985e-05,0.0,0.49999813358604683,0.5000018664139532,0.00019851349090842013
nearest,0.95,16,0.0001,arrival_first,-3.211357260443038e-08,2.4984435059104726e-05,-4.3433086223861514e-08,-4.5001089762687726e-05,4.4992045097084574e-05,-4.999805696570547e-05,4.9996883475008266e-05,0.0,0.5003546666666667,0.49964533333333333,-0.0016056786302215188,-4.298824234056472e-09,2.499786872599411e-05,2.4898917923620844e-09,-4.5010894528286795e-05,4.501946880371389e-05,-4.9997426822641645e-05,4.9997532271991764e-05,0.0,0.5000246195791954,0.4999753804208046,-0.00020922273798811624
nearest,0.95,16,0.0001,departure_first,-3.211357260443038e-08,2.4984435059104726e-05,-4.3433086223861514e-08,-4.5001089762687726e-05,4.4992045097084574e-05,-4.999805696570547e-05,4.9996883475008266e-05,0.0,0.5003546666666667,0.49964533333333333,-0.0016056786302215188,-4.063044006967995e-09,2.499784220567836e-05,2.9319715191229606e-09,-4.501087397268224e-05,4.5019512858019504e-05,-4.9997426822641645e-05,4.9997532271991764e-05,0.0,0.500018732740683,0.49998126725931696,-0.00019786779520718854
nearest,0.95,16,0.0001,insertion_order,-3.211357260443038e-08,2.4984435059104726e-05,-4.3433086223861514e-08,-4.5001089762687726e-05,4.4992045097084574e-05,-4.999805696570547e-05,4.9996883475008266e-05,0.0,0.5003546666666667,0.49964533333333333,-0.0016056786302215188,-4.298824234056472e-09,2.499786872599411e-05,2.4898917923620844e-09,-4.5010894528286795e-05,4.501946880371389e-05,-4.9997426822641645e-05,4.9997532271991764e-05,0.0,0.5000246195791954,0.4999753804208046,-0.0002092227379881162
nearest,0.95,16,0.0003,arrival_first,-5.0184517605885053e-08,7.49318727087951e-05,2.2788905577423672e-10,-0.0001349148580311521,0.00013491346607528003,-0.00014999280244107165,0.00014999307098454058,0.0,0.49998733333333334,0.5000126666666667,-0.0025092258802942523,-4.247540166700311e-08,7.499386838923154e-05,2.6602360491655617e-08,-0.00013498965815366177,0.0001349171096442159,-0.00014999384331837174,0.00014999391919262884,0.0,0.4999464630128326,0.5000535369871675,-0.002049569916406069
nearest,0.95,16,0.0003,departure_first,-5.0184517605885053e-08,7.49318727087951e-05,2.2788905577423672e-10,-0.0001349148580311521,0.00013491346607528003,-0.00014999280244107165,0.00014999307098454058,0.0,0.49998733333333334,0.5000126666666667,-0.0025092258802942523,-4.351355826601322e-08,7.499399942418376e-05,2.6471874595782504e-08,-0.00013498998923448333,0.00013491681313495716,-0.00014999384331837174,0.00014999391919262884,0.0,0.4999523555454337,0.5000476444545663,-0.002099576357348994
nearest,0.95,16,0.0003,insertion_order,-5.0184517605885053e-08,7.49318727087951e-05,2.2788905577423672e-10,-0.0001349148580311521,0.00013491346607528003,-0.00014999280244107165,0.00014999307098454058,0.0,0.49998733333333334,0.5000126666666667,-0.0025092258802942523,-4.247540166700311e-08,7.499386838923154e-05,2.6602360491655617e-08,-0.00013498965815366177,0.0001349171096442159,-0.00014999384331837174,0.00014999391919262884,0.0,0.4999464630128326,0.5000535369871675,-0.0020495699164060684
nearest,0.95,16,0.001,arrival_first,-2.0051442794101605e-07,0.00024987657573943036,-4.0731833905738313e-07,-0.0004499575607587758,0.00044999480891874547,-0.0004999784055447283,0.0004999772329028929,0.0,0.5004093333333334,0.4995906666666666,-0.010025721397050802,4.7078321085705116e-08,0.00025007173283302743,4.299889920202921e-08,-0.00045029039761521956,0.00045010848002809985,-0.0004999843473838185,0.0004999793744547414,0.0,0.49995700315137537,0.5000429968486246,0.002291909900426984
nearest,0.95,16,0.001,departure_first,-2.0051442794101602e-07,0.00024987657573943036,-4.0731833905738313e-07,-0.0004499575607587758,0.00044999480891874547,-0.0004999784055447283,0.0004999772329028929,0.0,0.5004093333333334,0.4995906666666666,-0.010025721397050802,5.4440472039064837e-08,0.00025007335472079756,5.426801341428036e-08,-0.00045029626666797794,0.00045010985313321953,-0.0004999843473838185,0.0004999793744547414,0.0,0.499940038552331,0.500059961447669,0.002645861261479554
nearest,0.95,16,0.001,insertion_order,-2.0051442794101602e-07,0.00024987657573943036,-4.0731833905738313e-07,-0.0004499575607587758,0.00044999480891874547,-0.0004999784055447283,0.0004999772329028929,0.0,0.5004093333333334,0.4995906666666666,-0.010025721397050802,4.707832108570511e-08,0.00025007173283302743,4.299889920202921e-08,-0.00045029039761521956,0.00045010848002809985,-0.0004999843473838185,0.0004999793744547414,0.0,0.49995700315137537,0.5000429968486246,0.0022919099004269834
nearest,0.95,16,0.003,arrival_first,4.388189042377538e-07,0.000749316232530582,8.604082116410913e-07,-0.0013489358862064668,0.0013489447094843852,-0.001499938025335723,0.0014999455758091548,0.0,0.49970133333333333,0.5002986666666667,0.021940945211887688,-7.115921445793828e-07,0.0007496219878881905,-1.7924729202411596e-06,-0.001350269929221552,0.0013497409490994083,-0.0014999371955885007,0.0014999332587737624,0.0,0.5006223092221117,0.49937769077788824,-0.03415681639587738
nearest,0.95,16,0.003,departure_first,4.3881890423775384e-07,0.000749316232530582,8.604082116410913e-07,-0.0013489358862064668,0.0013489447094843852,-0.001499938025335723,0.0014999455758091548,0.0,0.49970133333333333,0.5002986666666667,0.021940945211887688,-7.415967526679736e-07,0.0007496237010335882,-1.8431532221192353e-06,-0.0013502738405485233,0.0013497261706277967,-0.0014999371955885007,0.0014999332587737624,0.0,0.5006329820297581,0.49936701797024186,-0.03560616915004631
nearest,0.95,16,0.003,insertion_order,4.3881890423775384e-07,0.000749316232530582,8.604082116410913e-07,-0.0013489358862064668,0.0013489447094843852,-0.001499938025335723,0.0014999455758091548,0.0,0.49970133333333333,0.5002986666666667,0.021940945211887688,-7.115921445793829e-07,0.0007496219878881905,-1.7924729202411596e-06,-0.001350269929221552,0.0013497409490994083,-0.0014999371955885007,0.0014999332587737624,0.0,0.5006223092221117,0.49937769077788824,-0.034156816395877386
nearest,0.95,16,0.01,arrival_first,2.1701522416454584e-06,0.002499563294917077,1.5972581725994436e-06,-0.004496093712300535,0.00450184666249394,-0.004999758455627065,0.004999780398854152,0.0,0.499792,0.500208,0.10850761208227293,-4.577191187773828e-06,0.0024994451542344255,-1.237990090829875e-05,-0.00449842482301652,0.004498361948406335,-0.004999761112271594,0.0049998109306028694,0.0,0.5012030395849351,0.498796960415065,-0.22027950909230629
nearest,0.95,16,0.01,departure_first,2.1701522416454584e-06,0.002499563294917077,1.5972581725994436e-06,-0.004496093712300535,0.00450184666249394,-0.004999758455627065,0.004999780398854152,0.0,0.499792,0.500208,0.10850761208227293,-4.630408305198154e-06,0.0024993980813125248,-1.2468115299434215e-05,-0.004498394530081421,0.004498158653600674,-0.004999758987845899,0.0049998109305422365,0.0,0.5012048118745509,0.4987951881254491,-0.2228314999003183
nearest,0.95,16,0.01,insertion_order,2.1701522416454584e-06,0.002499563294917077,1.5972581725994436e-06,-0.004496093712300535,0.00450184666249394,-0.004999758455627065,0.004999780398854152,0.0,0.499792,0.500208,0.10850761208227293,-4.577191187773828e-06,0.0024994451542344255,-1.237990090829875e-05,-0.00449842482301652,0.004498361948406335,-0.004999761112271594,0.0049998109306028694,0.0,0.5012030395849351,0.498796960415065,-0.22027950909230626
nearest,0.95,16,0.03,arrival_first,-8.463182917452286e-06,0.007498243782991598,-5.326414566297899e-06,-0.013494367235619696,0.013491741677877749,-0.014999360924412031,0.014999269380223269,0.0,0.5002213333333334,0.4997786666666667,-0.42315914587261433,-4.440734388838983e-05,0.0075038203534533434,-0.00011525715073894064,-0.013505242323201893,0.013500348238726234,-0.014999094353823933,0.01499950613498411,0.0,0.5038967090402805,0.49610329095971945,-2.1363771292448197
nearest,0.95,16,0.03,departure_first,-8.463182917452286e-06,0.007498243782991598,-5.326414566297899e-06,-0.013494367235619696,0.013491741677877749,-0.014999360924412031,0.014999269380223269,0.0,0.5002213333333334,0.49977866666666665,-0.42315914587261433,-4.458321586932818e-05,0.0075034613700403485,-0.00011540652746783117,-0.013504729257123115,0.013500325762458116,-0.01499909435418773,0.01499950613498411,0.0,0.5038968216004247,0.49610317839957535,-2.1450393899542894
nearest,0.95,16,0.03,insertion_order,-8.463182917452286e-06,0.007498243782991598,-5.326414566297899e-06,-0.013494367235619696,0.013491741677877749,-0.014999360924412031,0.014999269380223269,0.0,0.5002213333333334,0.49977866666666665,-0.42315914587261433,-4.440734388838983e-05,0.0075038203534533434,-0.00011525715073894064,-0.013505242323201893,0.013500348238726234,-0.014999094353823933,0.01499950613498411,0.0,0.5038967090402805,0.49610329095971945,-2.1363771292448197
nearest,0.95,16,0.1,arrival_first,-3.551651334687449e-05,0.024987730855537776,-2.0056108724020305e-05,-0.0450350667485327,0.0449939393857403,-0.04999770299918964,0.04999742993240943,0.0,0.5001813333333334,0.4998186666666667,-1.7758256673437245,-0.0003936569956158666,0.025013075928213578,-0.001160297678343157,-0.04502114710189666,0.04499542702970767,-0.0499975525846603,0.04999720892875292,0.0,0.512126426318384,0.4878735736816159,-18.943180682785304
nearest,0.95,16,0.1,departure_first,-3.551651334687449e-05,0.024987730855537776,-2.0056108724020305e-05,-0.0450350667485327,0.0449939393857403,-0.04999770299918964,0.04999742993240943,0.0,0.5001813333333334,0.4998186666666667,-1.7758256673437245,-0.0003906640109494455,0.025012958104658787,-0.0011568969846232195,-0.04501959445814495,0.04499809862311938,-0.04999756831906703,0.04999720892851039,0.0,0.5120815380420407,0.4879184619579594,-18.809385349732143
nearest,0.95,16,0.1,insertion_order,-3.551651334687449e-05,0.024987730855537776,-2.0056108724020305e-05,-0.0450350667485327,0.0449939393857403,-0.04999770299918964,0.04999742993240943,0.0,0.5001813333333334,0.4998186666666667,-1.7758256673437245,-0.0003936569956158666,0.025013075928213578,-0.001160297678343157,-0.04502114710189666,0.04499542702970767,-0.0499975525846603,0.04999720892875292,0.0,0.512126426318384,0.4878735736816159,-18.943180682785304
nearest,1.0,1,1e-05,arrival_first,3.6659591060015375e-09,2.500195025803502e-06,5.915656705231716e-09,-4.497790861629862e-06,4.503588988882256e-06,-4.99972499407401e-06,4.999774106787906e-06,6.666666666666667e-07,0.49942666666666663,0.5005726666666667,0.00018329795530007685,1.6228902652669974e-09,2.496472814919673e-06,-1.0000324989397254e-09,-4.497133755355076e-06,4.501102073843111e-06,-4.9996571756343726e-06,4.999736434859829e-06,0.0,0.5001695304920638,0.4998304695079362,4.047688086576751e-05
nearest,1.0,1,1e-05,departure_first,3.6659591060015375e-09,2.500195025803502e-06,5.915656705231716e-09,-4.497790861629862e-06,4.503588988882256e-06,-4.99972499407401e-06,4.999774106787906e-06,6.666666666666667e-07,0.49942666666666663,0.5005726666666667,0.00018329795530007685,1.6146831492418633e-09,2.4964839574976546e-06,-1.0585822871056472e-09,-4.4971366579803915e-06,4.5011090462946395e-06,-4.9996571756343726e-06,4.999736434859829e-06,0.0,0.5001728637025697,0.4998271362974303,4.0271530282356716e-05
nearest,1.0,1,1e-05,insertion_order,3.665959106001537e-09,2.500195025803502e-06,5.915656705231716e-09,-4.497790861629862e-06,4.503588988882256e-06,-4.99972499407401e-06,4.999774106787906e-06,6.666666666666667e-07,0.49942666666666663,0.5005726666666667,0.00018329795530007685,1.6228902652669978e-09,2.496472814919673e-06,-1.0000324989397254e-09,-4.497133755355076e-06,4.501102073843111e-06,-4.9996571756343726e-06,4.999736434859829e-06,0.0,0.5001695304920638,0.4998304695079362,4.047688086576752e-05
nearest,1.0,1,3e-05,arrival_first,8.464267609573047e-09,7.50232426988805e-06,9.400688819975281e-09,-1.3496889164343883e-05,1.3502687049064354e-05,-1.4999054443857556e-05,1.4999428488711904e-05,0.0,0.4996753333333333,0.5003246666666666,0.00042321338047865236,1.451498799166802e-08,7.503653350427564e-06,9.439072820467224e-09,-1.3491089359024913e-05,1.3508933706947244e-05,-1.4998762368836557e-05,1.4999196283058818e-05,0.0,0.49974228695269673,0.5002577130473033,0.0003641933411035888
nearest,1.0,1,3e-05,departure_first,8.464267609573047e-09,7.50232426988805e-06,9.400688819975281e-09,-1.3496889164343883e-05,1.3502687049064354e-05,-1.4999054443857556e-05,1.4999428488711904e-05,0.0,0.4996753333333333,0.5003246666666666,0.00042321338047865236,1.459141075828761e-08,7.503680629096613e-06,9.477761911518464e-09,-1.349111632456134e-05,1.3508910513144929e-05,-1.4998762368836557e-05,1.4999196283058818e-05,0.0,0.49973696225850295,0.500263037741497,0.0003661139645161358
nearest,1.0,1,3e-05,insertion_order,8.464267609573047e-09,7.50232426988805e-06,9.400688819975281e-09,-1.3496889164343883e-05,1.3502687049064354e-05,-1.4999054443857556e-05,1.4999428488711904e-05,0.0,0.4996753333333333,0.5003246666666666,0.00042321338047865236,1.4514987991668017e-08,7.503653350427564e-06,9.439072820467224e-09,-1.3491089359024913e-05,1.3508933706947244e-05,-1.4998762368836557e-05,1.4999196283058818e-05,0.0,0.49974228695269673,0.5002577130473033,0.0003641933411035888
nearest,1.0,1,0.0001,arrival_first,3.0849437801710653e-09,2.499643170894827e-05,1.8490936781745404e-08,-4.4992490503924884e-05,4.499309819190481e-05,-4.99981816271126e-05,4.9998187629777625e-05,0.0,0.4998253333333333,0.5001746666666667,0.0001542471890085532,-3.115313834266951e-08,2.4993906811655364e-05,-2.981283056275458e-09,-4.500731075213266e-05,4.495353992742605e-05,-4.999544931917181e-05,4.99970808798039e-05,0.0,0.500172007435681,0.4998279925643189,-0.0007779443371686973
nearest,1.0,1,0.0001,departure_first,3.0849437801710636e-09,2.499643170894827e-05,1.8490936781745404e-08,-4.4992490503924884e-05,4.499309819190481e-05,-4.99981816271126e-05,4.9998187629777625e-05,0.0,0.4998253333333333,0.5001746666666667,0.0001542471890085532,-3.107521922876983e-08,2.499368140111376e-05,-4.4486513204692695e-09,-4.500723304252747e-05,4.495340727370943e-05,-4.999544931917181e-05,4.99970808798039e-05,0.0,0.5001773806690237,0.4998226193309763,-0.0007759719575394984
nearest,1.0,1,0.0001,insertion_order,3.0849437801710653e-09,2.499643170894827e-05,1.8490936781745404e-08,-4.4992490503924884e-05,4.499309819190481e-05,-4.99981816271126e-05,4.9998187629777625e-05,0.0,0.4998253333333333,0.5001746666666667,0.0001542471890085532,-3.115313834266951e-08,2.4993906811655364e-05,-2.981283056275458e-09,-4.500731075213266e-05,4.495353992742605e-05,-4.999544931917181e-05,4.99970808798039e-05,0.0,0.500172007435681,0.4998279925643189,-0.0007779443371686973
nearest,1.0,1,0.0003,arrival_first,-2.319120370278441e-09,7.4930050573433e-05,-7.463033095215603e-08,-0.00013494400694829284,0.00013486539823891989,-0.00014999428218895143,0.00014999467972908557,0.0,0.5002853333333334,0.4997146666666667,-0.00011595601851392227,-6.652504004999132e-08,7.511136644798217e-05,6.813062704003059e-08,-0.00013508315566647264,0.00013495996107239306,-0.00014998915303312526,0.00014999089443662635,0.0,0.499822680826848,0.500177319173152,-0.001659249511721711
nearest,1.0,1,0.0003,departure_first,-2.3191203702784442e-09,7.4930050573433e-05,-7.463033095215603e-08,-0.00013494400694829284,0.00013486539823891989,-0.00014999428218895143,0.00014999467972908557,0.0,0.5002853333333334,0.4997146666666667,-0.00011595601851392227,-6.645317746525021e-08,7.511245096239045e-05,6.557718889027795e-08,-0.00013508608283702638,0.00013496125722625013,-0.00014998915303312526,0.0001499901963009456,0.0,0.4998253146008303,0.5001746853991696,-0.0016579318894117828
nearest,1.0,1,0.0003,insertion_order,-2.3191203702784434e-09,7.4930050573433e-05,-7.463033095215603e-08,-0.00013494400694829284,0.00013486539823891989,-0.00014999428218895143,0.00014999467972908557,0.0,0.5002853333333334,0.49971466666666664,-0.00011595601851392227,-6.652504004999132e-08,7.511136644798217e-05,6.813062704003059e-08,-0.00013508315566647264,0.00013495996107239306,-0.00014998915303312526,0.00014999089443662635,0.0,0.499822680826848,0.500177319173152,-0.001659249511721711
nearest,1.0,1,0.001,arrival_first,4.3017466688979766e-08,0.00025006532902180394,2.820764469409672e-07,-0.00044988531946880055,0.00044991720019879714,-0.000499978531782593,0.0004999790582587594,0.0,0.4996586666666667,0.5003413333333333,0.0021508733344489882,2.1740763308488276e-07,0.0002499673726261046,6.123412732636502e-07,-0.00044974113792366996,0.0004501685704597521,-0.0004999667834451961,0.0004999716024505413,0.0,0.4995044940757911,0.5004955059242089,0.005409174918182625
nearest,1.0,1,0.001,departure_first,4.301746668897976e-08,0.00025006532902180394,2.820764469409672e-07,-0.00044988531946880055,0.00044991720019879714,-0.000499978531782593,0.0004999790582587594,0.0,0.4996586666666667,0.5003413333333333,0.0021508733344489882,2.231496276009757e-07,0.0002499786396748902,6.128299256185725e-07,-0.00044975167222805585,0.0004501974040432471,-0.0004999667834451961,0.0004999716024505413,0.0,0.49950205008330634,0.5004979499166936,0.0055546482921126706
nearest,1.0,1,0.001,insertion_order,4.301746668897976e-08,0.00025006532902180394,2.820764469409672e-07,-0.00044988531946880055,0.00044991720019879714,-0.000499978531782593,0.0004999790582587594,0.0,0.4996586666666667,0.5003413333333333,0.0021508733344489882,2.1740763308488274e-07,0.0002499673726261046,6.123412732636502e-07,-0.00044974113792366996,0.0004501685704597521,-0.0004999667834451961,0.0004999716024505413,0.0,0.4995044940757911,0.5004955059242089,0.005409174918182625
nearest,1.0,1,0.003,arrival_first,3.216841329691912e-07,0.0007503018406493962,2.3504112505179365e-07,-0.001350289579266549,0.001350005450114319,-0.0014999421818174597,0.0014999463079523898,0.0,0.49999066666666664,0.5000093333333333,0.01608420664845956,-2.430788303655194e-07,0.000750216850650366,-3.204409962318429e-07,-0.001348872347280316,0.0013500672833313212,-0.0014999124710863994,0.0014998441276574542,0.0,0.500129836407479,0.49987016359252107,-0.005928477865161556
nearest,1.0,1,0.003,departure_first,3.216841329691912e-07,0.0007503018406493962,2.3504112505179365e-07,-0.001350289579266549,0.001350005450114319,-0.0014999421818174597,0.0014999463079523898,0.0,0.49999066666666664,0.5000093333333333,0.01608420664845956,-1.95985245672891e-07,0.0007500906467274622,-2.7642135679554285e-07,-0.0013487300997584819,0.001349994169377192,-0.0014999143612050203,0.0014998441276574542,0.0,0.5001064853963694,0.4998935146036307,-0.004764141980516324
nearest,1.0,1,0.003,insertion_order,3.216841329691912e-07,0.0007503018406493962,2.3504112505179365e-07,-0.001350289579266549,0.001350005450114319,-0.0014999421818174597,0.0014999463079523898,0.0,0.49999066666666664,0.5000093333333333,0.01608420664845956,-2.430788303655195e-07,0.000750216850650366,-3.204409962318429e-07,-0.001348872347280316,0.0013500672833313212,-0.0014999124710863994,0.0014998441276574542,0.0,0.500129836407479,0.49987016359252107,-0.005928477865161555
nearest,1.0,1,0.01,arrival_first,2.465684136995454e-06,0.0025023908125876818,2.927306043905749e-06,-0.0045033417524458245,0.004502009696501165,-0.004999820896712966,0.004999813344844976,0.0,0.4996933333333333,0.5003066666666667,0.12328420684977269,-3.9613076225445215e-06,0.0024998972515180417,-1.4128703015030038e-05,-0.004498378666833793,0.004498242010131553,-0.004999639845525252,0.004999639275279882,0.0,0.5013891834412932,0.4986108165587068,-0.09873914865012791
nearest,1.0,1,0.01,departure_first,2.465684136995454e-06,0.0025023908125876818,2.927306043905749e-06,-0.0045033417524458245,0.004502009696501165,-0.004999820896712966,0.004999813344844976,0.0,0.4996933333333333,0.5003066666666667,0.12328420684977269,-3.6612352700211504e-06,0.0024999820552437644,-1.418408078381715e-05,-0.004498995068538329,0.0044985763986391866,-0.00499963588148623,0.004999639275279882,0.0,0.5013929151097714,0.49860708489022865,-0.09162484070061429
nearest,1.0,1,0.01,insertion_order,2.465684136995454e-06,0.0025023908125876818,2.927306043905749e-06,-0.0045033417524458245,0.004502009696501165,-0.004999820896712966,0.004999813344844976,0.0,0.4996933333333333,0.5003066666666667,0.12328420684977269,-3.9613076225445215e-06,0.0024998972515180417,-1.4128703015030038e-05,-0.004498378666833793,0.004498242010131553,-0.004999639845525252,0.004999639275279882,0.0,0.5013891834412932,0.4986108165587068,-0.0987391486501279
nearest,1.0,1,0.03,arrival_first,3.125682400131458e-06,0.007498562169827856,-3.1143977442601074e-06,-0.013505061708031766,0.013508482207012092,-0.014999431849021978,0.014999390509910882,0.0,0.500064,0.499936,0.15628412000657288,-3.320516789298227e-05,0.007504244886432245,-0.00011987513209056194,-0.013511582978388639,0.013491578563653473,-0.014998829174218744,0.014998924224672357,0.0,0.5041398801983211,0.4958601198016789,-0.822955154000864
nearest,1.0,1,0.03,departure_first,3.1256824001314575e-06,0.007498562169827856,-3.1143977442601074e-06,-0.013505061708031766,0.013508482207012092,-0.014999431849021978,0.014999390509910882,0.0,0.500064,0.499936,0.15628412000657288,-2.999341273953826e-05,0.007504123568117285,-0.00011641924404540565,-0.013512106426237996,0.013491998561668337,-0.01499888211849127,0.014998924224672357,0.0,0.5039859626836417,0.49601403731635835,-0.7540757384522582
nearest,1.0,1,0.03,insertion_order,3.125682400131458e-06,0.007498562169827856,-3.1143977442601074e-06,-0.013505061708031766,0.013508482207012092,-0.014999431849021978,0.014999390509910882,0.0,0.500064,0.499936,0.15628412000657288,-3.320516789298227e-05,0.007504244886432245,-0.00011987513209056194,-0.013511582978388639,0.013491578563653473,-0.014998829174218744,0.014998924224672357,0.0,0.5041398801983211,0.4958601198016789,-0.8229551540008639
nearest,1.0,1,0.1,arrival_first,1.8999018502568407e-05,0.024995307927712596,5.334996270297173e-05,-0.044993617531869555,0.04498454453370413,-0.04999789211648628,0.04999842916743849,0.0,0.499466,0.5005339999999999,0.9499509251284205,-0.00039799767718139465,0.02499339139116661,-0.0011852555836041599,-0.044987359411603416,0.045017343587924974,-0.049996954577764215,0.04999534458577706,0.0,0.5122777028158201,0.4877222971841799,-9.70477032033178
nearest,1.0,1,0.1,departure_first,1.8999018502568407e-05,0.024995307927712596,5.334996270297173e-05,-0.044993617531869555,0.04498454453370413,-0.04999789211648628,0.04999842916743849,0.0,0.49946599999999997,0.5005339999999999,0.9499509251284205,-0.0003952218278467342,0.024995533025309078,-0.0011762301101492575,-0.04498307574697122,0.0450263864916693,-0.04999699706460799,0.049994589581417,0.0,0.5121934702727345,0.4878065297272655,-10.116852479592227
nearest,1.0,1,0.1,insertion_order,1.8999018502568407e-05,0.024995307927712596,5.334996270297173e-05,-0.044993617531869555,0.04498454453370413,-0.04999789211648628,0.04999842916743849,0.0,0.49946599999999997,0.5005339999999999,0.9499509251284205,-0.00039799767718139465,0.02499339139116661,-0.0011852555836041599,-0.044987359411603416,0.045017343587924974,-0.049996954577764215,0.04999534458577706,0.0,0.5122777028158201,0.4877222971841799,-9.70477032033178
nearest,1.0,4,1e-05,arrival_first,2.9920877768745413e-09,2.501992157532489e-06,4.2969077185261995e-09,-4.498313925675272e-06,4.501151852309703e-06,-4.999766648931351e-06,4.9997807157827385e-06,1.3333333333333334e-06,0.499576,0.5004226666666667,0.00014960438884372706,9.092584544194606e-10,2.4985550238128997e-06,-1.2182200131762484e-09,-4.501212778175587e-06,4.500206888216421e-06,-4.999798637544267e-06,4.999719668382559e-06,0.0,0.5001083350956622,0.4998916649043378,3.609362453558972e-05
nearest,1.0,4,1e-05,departure_first,2.9920877768745413e-09,2.501992157532489e-06,4.2969077185261995e-09,-4.498313925675272e-06,4.501151852309703e-06,-4.999766648931351e-06,4.9997807157827385e-06,1.3333333333333334e-06,0.499576,0.5004226666666667,0.00014960438884372706,8.933233421607832e-10,2.498561601332796e-06,-1.2265107840238783e-09,-4.501228890814345e-06,4.500178345857944e-06,-4.999798637544267e-06,4.999719668382559e-06,0.0,0.5001099993258828,0.49989000067411715,3.545484918070013e-05
nearest,1.0,4,1e-05,insertion_order,2.9920877768745417e-09,2.501992157532489e-06,4.2969077185261995e-09,-4.498313925675272e-06,4.501151852309703e-06,-4.999766648931351e-06,4.9997807157827385e-06,1.3333333333333334e-06,0.499576,0.5004226666666667,0.00014960438884372706,9.092584544194606e-10,2.4985550238128997e-06,-1.2182200131762484e-09,-4.501212778175587e-06,4.500206888216421e-06,-4.999798637544267e-06,4.999719668382559e-06,0.0,0.5001083350956622,0.4998916649043378,3.6093624535589715e-05
nearest,1.0,4,3e-05,arrival_first,8.67706244571309e-09,7.494641914470776e-06,1.3493142129542927e-08,-1.3496151930970276e-05,1.3497030230003776e-05,-1.4999240859954928e-05,1.499924634723963e-05,1.3333333333333334e-06,0.4995653333333333,0.5004333333333333,0.0004338531222856545,1.1936200643697101e-08,7.502337966468099e-06,2.440981104768573e-08,-1.3494097597257278e-05,1.3497132426124636e-05,-1.4999379476773069e-05,1.499905925724139e-05,0.0,0.49921580681637995,0.50078419318362,0.000475499553628108
nearest,1.0,4,3e-05,departure_first,8.67706244571309e-09,7.494641914470776e-06,1.3493142129542927e-08,-1.3496151930970276e-05,1.3497030230003776e-05,-1.4999240859954928e-05,1.499924634723963e-05,1.3333333333333334e-06,0.4995653333333333,0.5004333333333333,0.0004338531222856545,1.1916620952964735e-08,7.502326440422706e-06,2.4479314400758605e-08,-1.3494102477029715e-05,1.3497126563878808e-05,-1.4999379476773069e-05,1.499905925724139e-05,0.0,0.4992183082169387,0.5007816917830613,0.0004747152835300613
nearest,1.0,4,3e-05,insertion_order,8.67706244571309e-09,7.494641914470776e-06,1.3493142129542927e-08,-1.3496151930970276e-05,1.3497030230003776e-05,-1.4999240859954928e-05,1.499924634723963e-05,1.3333333333333334e-06,0.4995653333333333,0.5004333333333333,0.0004338531222856545,1.1936200643697101e-08,7.502337966468099e-06,2.440981104768573e-08,-1.3494097597257278e-05,1.3497132426124636e-05,-1.4999379476773069e-05,1.499905925724139e-05,0.0,0.49921580681637995,0.50078419318362,0.000475499553628108
nearest,1.0,4,0.0001,arrival_first,4.965773713229282e-08,2.5011455020588982e-05,7.729404387646354e-08,-4.499935440586947e-05,4.501097621111208e-05,-4.999763884067458e-05,4.9997985297522976e-05,6.666666666666667e-07,0.49924799999999997,0.5007513333333333,0.0024828868566146413,6.675960485011531e-09,2.5015347638719183e-05,2.7022291139867234e-08,-4.501551868504746e-05,4.498268141647404e-05,-4.999682654087898e-05,4.99973114328722e-05,0.0,0.4997460054663097,0.5002539945336903,0.0002632018979997384
nearest,1.0,4,0.0001,departure_first,4.965773713229282e-08,2.5011455020588982e-05,7.729404387646354e-08,-4.499935440586947e-05,4.501097621111208e-05,-4.999763884067458e-05,4.9997985297522976e-05,6.666666666666667e-07,0.49924799999999997,0.5007513333333333,0.0024828868566146413,6.679080882483676e-09,2.5015387263886107e-05,2.6667545526456078e-08,-4.5015837426469974e-05,4.498238606800074e-05,-4.999682654087898e-05,4.99973114328722e-05,0.0,0.49974974733220906,0.5002502526677909,0.0002633431903805435
nearest,1.0,4,0.0001,insertion_order,4.965773713229282e-08,2.5011455020588982e-05,7.729404387646354e-08,-4.499935440586947e-05,4.501097621111208e-05,-4.999763884067458e-05,4.9997985297522976e-05,6.666666666666667e-07,0.49924799999999997,0.5007513333333333,0.0024828868566146413,6.675960485011532e-09,2.5015347638719183e-05,2.7022291139867234e-08,-4.501551868504746e-05,4.498268141647404e-05,-4.999682654087898e-05,4.99973114328722e-05,0.0,0.4997460054663097,0.5002539945336903,0.0002632018979997384
nearest,1.0,4,0.0003,arrival_first,2.4453672128705266e-08,7.505750765966696e-05,1.0784727540643264e-07,-0.00013495515290287585,0.00013505607727893218,-0.00014999229072903592,0.00014999417938573364,0.0,0.499618,0.500382,0.0012226836064352634,1.302929892978141e-07,7.4956337669682e-05,2.615092173356053e-07,-0.00013496705989481762,0.00013497159960065895,-0.00014999191218532433,0.00014999130849202718,0.0,0.49912987135161596,0.500870128648384,0.005205728085030363
nearest,1.0,4,0.0003,departure_first,2.4453672128705266e-08,7.505750765966696e-05,1.0784727540643264e-07,-0.00013495515290287585,0.00013505607727893218,-0.00014999229072903592,0.00014999417938573364,0.0,0.499618,0.500382,0.0012226836064352634,1.311083269268481e-07,7.495624465840342e-05,2.6233111272564005e-07,-0.00013496768533286085,0.00013497132044572497,-0.00014999191218532433,0.00014999130849202718,0.0,0.49912823181417426,0.5008717681858257,0.005238508223266309
nearest,1.0,4,0.0003,insertion_order,2.4453672128705263e-08,7.505750765966696e-05,1.0784727540643264e-07,-0.00013495515290287585,0.00013505607727893218,-0.00014999229072903592,0.00014999417938573364,0.0,0.499618,0.500382,0.0012226836064352634,1.302929892978141e-07,7.4956337669682e-05,2.615092173356053e-07,-0.00013496705989481762,0.00013497159960065895,-0.00014999191218532433,0.00014999130849202718,0.0,0.49912987135161596,0.500870128648384,0.005205728085030362
nearest,1.0,4,0.001,arrival_first,3.6025692550659493e-07,0.00025000085419839285,7.853487810886388e-07,-0.0004498857022084242,0.00045020627029164934,-0.0004999740203857073,0.0004999780598457922,0.0,0.49920266666666663,0.5007973333333333,0.018012846275329744,-1.2231692058265077e-07,0.0002500591526895675,-9.573537355598664e-08,-0.00045012086036107376,0.00044997660996977065,-0.0004999780584431885,0.0004999782210337089,0.0,0.5001572742784506,0.4998427257215494,-0.005051849361594597
nearest,1.0,4,0.001,departure_first,3.6025692550659493e-07,0.00025000085419839285,7.853487810886388e-07,-0.0004498857022084242,0.00045020627029164934,-0.0004999740203857073,0.0004999780598457922,0.0,0.49920266666666663,0.5007973333333333,0.018012846275329744,-1.2826726871642577e-07,0.00025006136646951347,-9.965257995733663e-08,-0.0004501285466009566,0.0004499761344941721,-0.0004999780584431885,0.0004999782210337089,0.0,0.5001610896721199,0.49983891032788014,-0.005288965396863835
nearest,1.0,4,0.001,insertion_order,3.6025692550659493e-07,0.00025000085419839285,7.853487810886388e-07,-0.0004498857022084242,0.00045020627029164934,-0.0004999740203857073,0.0004999780598457922,0.0,0.49920266666666663,0.5007973333333333,0.018012846275329744,-1.2231692058265077e-07,0.0002500591526895675,-9.573537355598664e-08,-0.00045012086036107376,0.00044997660996977065,-0.0004999780584431885,0.0004999782210337089,0.0,0.5001572742784506,0.4998427257215494,-0.005051849361594596
nearest,1.0,4,0.003,arrival_first,1.152256924939138e-06,0.000749987099473218,1.3249121063078443e-06,-0.0013496898229216944,0.0013497719566642745,-0.0014999305909744484,0.0014999464510462228,0.0,0.49955733333333335,0.5004426666666667,0.05761284624695691,3.5066589954871303e-07,0.0007504575990371803,6.212018490274937e-08,-0.0013509794739348902,0.0013505821975034436,-0.0014999282083963288,0.0014999304599687395,0.0,0.5000045064133183,0.49999549358668177,0.013905522839123418
nearest,1.0,4,0.003,departure_first,1.152256924939138e-06,0.000749987099473218,1.3249121063078443e-06,-0.0013496898229216944,0.0013497719566642745,-0.0014999305909744484,0.0014999464510462228,0.0,0.49955733333333335,0.5004426666666667,0.05761284624695691,3.160011255313035e-07,0.0007504553487386337,-9.606566375719439e-09,-0.0013509706887560179,0.001350560391759023,-0.0014999282085175947,0.0014999304599687395,0.0,0.5000261977306301,0.4999738022693699,0.012520523796687718
nearest,1.0,4,0.003,insertion_order,1.152256924939138e-06,0.000749987099473218,1.3249121063078443e-06,-0.0013496898229216944,0.0013497719566642745,-0.0014999305909744484,0.0014999464510462228,0.0,0.49955733333333335,0.5004426666666667,0.05761284624695691,3.506658995487131e-07,0.0007504575990371803,6.212018490274937e-08,-0.0013509794739348902,0.0013505821975034436,-0.0014999282083963288,0.0014999304599687395,0.0,0.5000045064133183,0.49999549358668177,0.013905522839123417
nearest,1.0,4,0.01,arrival_first,-1.1277430704855455e-06,0.002498339050287365,-3.75572920650787e-06,-0.0044994228780872916,0.004498195718262346,-0.004999812412006577,0.004999792860932454,0.0,0.5004306666666667,0.49956933333333337,-0.056387153524277284,-7.863002373588856e-06,0.0025002762265016287,-2.3795552091969602e-05,-0.004501118120998844,0.004499716622081719,-0.004999828657287184,0.004999789936372329,0.0,0.5024055199984108,0.49759448000158923,-0.3148665977044205
nearest,1.0,4,0.01,departure_first,-1.1277430704855455e-06,0.002498339050287365,-3.75572920650787e-06,-0.0044994228780872916,0.004498195718262346,-0.004999812412006577,0.004999792860932454,0.0,0.5004306666666667,0.49956933333333337,-0.056387153524277284,-7.610924567622714e-06,0.0025003070601449873,-2.3087544994239544e-05,-0.0045010054246761855,0.004499752392916736,-0.004999828657287184,0.004999789936372329,0.0,0.5023394889926541,0.49766051100734593,-0.3049184484481282
nearest,1.0,4,0.01,insertion_order,-1.1277430704855455e-06,0.002498339050287365,-3.75572920650787e-06,-0.0044994228780872916,0.004498195718262346,-0.004999812412006577,0.004999792860932454,0.0,0.5004306666666667,0.49956933333333337,-0.056387153524277284,-7.863002373588858e-06,0.0025002762265016287,-2.3795552091969602e-05,-0.004501118120998844,0.004499716622081719,-0.004999828657287184,0.004999789936372329,0.0,0.5024055199984108,0.49759448000158923,-0.3148665977044205
nearest,1.0,4,0.03,arrival_first,5.922551865854384e-07,0.007501368931404939,4.849666311201872e-07,-0.013508150221708395,0.013498373442201528,-0.014999404114769277,0.014999300060298992,0.0,0.49998400000000004,0.500016,0.02961275932927189,-3.8631615459309036e-05,0.007510126378001958,-0.00011017564308848412,-0.013510686844890632,0.013498136782183296,-0.014999314215409563,0.014999504026319034,0.0,0.5037536237830129,0.49624637621698703,-1.5461696123791593
nearest,1.0,4,0.03,departure_first,5.922551865854381e-07,0.007501368931404939,4.849666311201872e-07,-0.013508150221708395,0.013498373442201528,-0.014999404114769277,0.014999300060298992,0.0,0.49998400000000004,0.500016,0.02961275932927189,-3.6316645238574616e-05,0.007510568027822386,-0.00010605770554490663,-0.013510551563292306,0.013499387353621776,-0.014999289728227493,0.0149995040264403,0.0,0.5036044721817302,0.49639552781826973,-1.4557470624157491
nearest,1.0,4,0.03,insertion_order,5.922551865854384e-07,0.007501368931404939,4.849666311201872e-07,-0.013508150221708395,0.013498373442201528,-0.014999404114769277,0.014999300060298992,0.0,0.49998400000000004,0.500016,0.02961275932927189,-3.8631615459309036e-05,0.007510126378001958,-0.00011017564308848412,-0.013510686844890632,0.013498136782183296,-0.014999314215409563,0.014999504026319034,0.0,0.5037536237830129,0.49624637621698703,-1.5461696123791593
nearest,1.0,4,0.1,arrival_first,3.3278924629457224e-05,0.024983331856167915,6.972429350753373e-05,-0.044987760481766,0.044995156688567774,-0.049998099534059294,0.04999859367392977,0.0,0.49923,0.5007699999999999,1.6639462314728612,-0.0004033736046372501,0.024999727981685736,-0.0011646437385359242,-0.045005457684251696,0.045010326603448746,-0.04999761382269311,0.04999795690252303,0.0,0.5121781502637895,0.48782184973621046,-16.105213044060907
nearest,1.0,4,0.1,departure_first,3.3278924629457224e-05,0.024983331856167915,6.972429350753373e-05,-0.044987760481766,0.044995156688567774,-0.049998099534059294,0.04999859367392977,0.0,0.49923,0.5007699999999999,1.6639462314728612,-0.00040575154149188127,0.024999405215128206,-0.001163568297077387,-0.04500541590828119,0.04500903849243842,-0.04999752397971432,0.04999831192899459,0.0,0.5121764696583908,0.4878235303416092,-16.276737189024022
nearest,1.0,4,0.1,insertion_order,3.3278924629457224e-05,0.024983331856167915,6.972429350753373e-05,-0.044987760481766,0.044995156688567774,-0.049998099534059294,0.04999859367392977,0.0,0.49923,0.5007699999999999,1.6639462314728612,-0.0004033736046372501,0.024999727981685736,-0.0011646437385359242,-0.045005457684251696,0.045010326603448746,-0.04999761382269311,0.04999795690252303,0.0,0.5121781502637895,0.48782184973621046,-16.105213044060907
nearest,1.0,8,1e-05,arrival_first,-2.484010517340115e-09,2.5021685444195703e-06,-4.6638585142015165e-09,-4.500763194907146e-06,4.501427094207125e-06,-4.999821006398027e-06,4.9997969957379006e-06,0.0,0.5004500000000001,0.49955,-0.00012420052586700574,3.3371299814055304e-09,2.4991600610888385e-06,2.8041755901116646e-09,-4.496596895811114e-06,4.501479209787223e-06,-4.9998329819075e-06,4.999788492063631e-06,0.0,0.4997508747508745,0.5002491252491255,0.00014865401894006492
nearest,1.0,8,1e-05,departure_first,-2.484010517340115e-09,2.5021685444195703e-06,-4.6638585142015165e-09,-4.500763194907146e-06,4.501427094207125e-06,-4.999821006398027e-06,4.9997969957379006e-06,0.0,0.5004500000000001,0.49955,-0.00012420052586700574,3.3330904251888477e-09,2.4991547350867323e-06,2.7996729365376006e-09,-4.496598351258242e-06,4.501471537204515e-06,-4.9998329819075e-06,4.999788492063631e-06,0.0,0.4997512626376725,0.5002487373623274,0.00014847830162823512
nearest,1.0,8,1e-05,insertion_order,-2.484010517340115e-09,2.5021685444195703e-06,-4.6638585142015165e-09,-4.500763194907146e-06,4.501427094207125e-06,-4.999821006398027e-06,4.9997969957379006e-06,0.0,0.5004500000000001,0.49955,-0.00012420052586700574,3.33712998140553e-09,2.4991600610888385e-06,2.8041755901116646e-09,-4.496596895811114e-06,4.501479209787223e-06,-4.9998329819075e-06,4.999788492063631e-06,0.0,0.4997508747508745,0.5002491252491255,0.00014865401894006492
nearest,1.0,8,3e-05,arrival_first,3.4742981024464827e-09,7.503147555367832e-06,7.103002038396274e-09,-1.350857434166149e-05,1.3501496388623004e-05,-1.4999381104037942e-05,1.4999342056398746e-05,0.0,0.4997493333333333,0.5002506666666666,0.00017371490512232412,2.688318333604751e-10,7.495713923664407e-06,-8.578386051382529e-09,-1.3493150284035465e-05,1.3500604229643612e-05,-1.49993514159826e-05,1.4999315358912048e-05,0.0,0.5002758271498607,0.49972417285013926,1.3195794119394798e-05
nearest,1.0,8,3e-05,departure_first,3.474298102446482e-09,7.503147555367832e-06,7.103002038396274e-09,-1.350857434166149e-05,1.3501496388623004e-05,-1.4999381104037942e-05,1.4999342056398746e-05,0.0,0.4997493333333333,0.5002506666666666,0.00017371490512232412,3.015415539385506e-10,7.49574256942122e-06,-8.53747304460379e-09,-1.3493147127715617e-05,1.3500647198966387e-05,-1.49993514159826e-05,1.4999315358912048e-05,0.0,0.5002746903442572,0.4997253096557428,1.464827605723408e-05
nearest,1.0,8,3e-05,insertion_order,3.4742981024464827e-09,7.503147555367832e-06,7.103002038396274e-09,-1.350857434166149e-05,1.3501496388623004e-05,-1.4999381104037942e-05,1.4999342056398746e-05,0.0,0.4997493333333333,0.5002506666666666,0.00017371490512232412,2.688318333604748e-10,7.495713923664407e-06,-8.578386051382529e-09,-1.3493150284035465e-05,1.3500604229643612e-05,-1.49993514159826e-05,1.4999315358912048e-05,0.0,0.5002758271498607,0.49972417285013926,1.3195794119394827e-05
nearest,1.0,8,0.0001,arrival_first,2.8381641738936495e-08,2.5005554342398077e-05,6.407199180102907e-08,-4.499757905402172e-05,4.497579636487594e-05,-4.999829346464442e-05,4.999864619700626e-05,0.0,0.4993546666666667,0.5006453333333334,0.0014190820869468249,7.069116551977147e-09,2.5000041774478944e-05,2.9185209017336862e-08,-4.500109938093354e-05,4.4991485467714785e-05,-4.9997769207427445e-05,4.9998237459611346e-05,0.0,0.4997788971400864,0.5002211028599136,0.00031120453988495097
nearest,1.0,8,0.0001,departure_first,2.8381641738936495e-08,2.5005554342398077e-05,6.407199180102907e-08,-4.499757905402172e-05,4.497579636487594e-05,-4.999829346464442e-05,4.999864619700626e-05,0.0,0.4993546666666667,0.5006453333333334,0.0014190820869468249,7.370064814489682e-09,2.5000125482878108e-05,2.9914879881113667e-08,-4.500137898129766e-05,4.4990989271864664e-05,-4.9997769207427445e-05,4.9998237459611346e-05,0.0,0.4997732550001111,0.5002267449998888,0.0003245254190369834
nearest,1.0,8,0.0001,insertion_order,2.8381641738936495e-08,2.5005554342398077e-05,6.407199180102907e-08,-4.499757905402172e-05,4.497579636487594e-05,-4.999829346464442e-05,4.999864619700626e-05,0.0,0.49935466666666667,0.5006453333333334,0.0014190820869468249,7.069116551977148e-09,2.5000041774478944e-05,2.9185209017336862e-08,-4.500109938093354e-05,4.4991485467714785e-05,-4.9997769207427445e-05,4.9998237459611346e-05,0.0,0.4997788971400864,0.5002211028599136,0.000311204539884951
nearest,1.0,8,0.0003,arrival_first,3.5109134538894654e-09,7.501259778668949e-05,-9.379379359112742e-08,-0.0001350192167607626,0.00013503310554066652,-0.00014999442276651583,0.00014999491134706962,0.0,0.5003266666666667,0.4996733333333333,0.00017554567269447338,-2.6782737129604013e-08,7.505761053264402e-05,-9.084484053484276e-08,-0.00013505883117613442,0.00013506244323876026,-0.0001499944897109727,0.0001499950695211297,0.0,0.5003048042234809,0.4996951957765191,-0.001188977504619517
nearest,1.0,8,0.0003,departure_first,3.5109134538894645e-09,7.501259778668949e-05,-9.379379359112742e-08,-0.0001350192167607626,0.00013503310554066652,-0.00014999442276651583,0.00014999491134706962,0.0,0.5003266666666667,0.4996733333333333,0.00017554567269447338,-2.6070981752621136e-08,7.505706558837666e-05,-9.000608493190768e-08,-0.00013505804776860105,0.00013506216398422908,-0.0001499944897109727,0.0001499950695211297,0.0,0.5003037360338757,0.4996962639661243,-0.00115718385971206
nearest,1.0,8,0.0003,insertion_order,3.5109134538894645e-09,7.501259778668949e-05,-9.379379359112742e-08,-0.0001350192167607626,0.00013503310554066652,-0.00014999442276651583,0.00014999491134706962,0.0,0.5003266666666667,0.4996733333333333,0.00017554567269447338,-2.678273712960402e-08,7.505761053264402e-05,-9.084484053484276e-08,-0.00013505883117613442,0.00013506244323876026,-0.0001499944897109727,0.0001499950695211297,0.0,0.5003048042234809,0.4996951957765191,-0.001188977504619517
nearest,1.0,8,0.001,arrival_first,-2.7681917234258436e-07,0.0002499928054231029,-5.804879492643522e-07,-0.00045009142987661717,0.00045007699859828175,-0.000499978438801918,0.0004999791624868521,0.0,0.5005706666666667,0.49942933333333334,-0.013840958617129218,-1.6388314224688437e-07,0.00025002721431237795,-3.4184895367101825e-07,-0.0004496543556950707,0.0004498772455960248,-0.0004999766750484622,0.0004999861711827804,0.0,0.5003398280792416,0.49966017192075834,-0.007251776679700637
nearest,1.0,8,0.001,departure_first,-2.768191723425843e-07,0.0002499928054231029,-5.804879492643522e-07,-0.00045009142987661717,0.00045007699859828175,-0.000499978438801918,0.0004999791624868521,0.0,0.5005706666666667,0.49942933333333334,-0.013840958617129218,-1.6063939004117835e-07,0.00025002709411622317,-3.230493255101015e-07,-0.00044966513752655365,0.0004498764353972338,-0.0004999766750484622,0.0004999861711827804,0.0,0.500326292291641,0.49967370770835895,-0.007108393496061619
nearest,1.0,8,0.001,insertion_order,-2.7681917234258436e-07,0.0002499928054231029,-5.804879492643522e-07,-0.00045009142987661717,0.00045007699859828175,-0.000499978438801918,0.0004999791624868521,0.0,0.5005706666666667,0.49942933333333334,-0.013840958617129218,-1.6388314224688437e-07,0.00025002721431237795,-3.4184895367101825e-07,-0.0004496543556950707,0.0004498772455960248,-0.0004999766750484622,0.0004999861711827804,0.0,0.5003398280792416,0.49966017192075834,-0.007251776679700638
nearest,1.0,8,0.003,arrival_first,-2.214858417652674e-07,0.0007501764059237945,-6.586723278208713e-07,-0.0013497406881727632,0.0013505514167218278,-0.0014999267081596676,0.00149994603898449,0.0,0.5002553333333333,0.49974466666666667,-0.011074292088263367,2.1570360453051805e-07,0.0007503572996981712,-3.436395223920943e-07,-0.0013503704492771153,0.0013501668857820164,-0.001499936852757217,0.001499924453718051,0.0,0.5000464707024347,0.4999535292975653,0.009645220237111073
nearest,1.0,8,0.003,departure_first,-2.2148584176526736e-07,0.0007501764059237945,-6.586723278208713e-07,-0.0013497406881727632,0.0013505514167218278,-0.0014999267081596676,0.00149994603898449,0.0,0.5002553333333333,0.49974466666666667,-0.011074292088263367,1.513904074238645e-07,0.000750376455729327,-4.7334295006813685e-07,-0.0013503751147572155,0.0013501678939591725,-0.001499936852696584,0.001499924453718051,0.0,0.5000894634171726,0.4999105365828273,0.006777791611777676
nearest,1.0,8,0.003,insertion_order,-2.2148584176526733e-07,0.0007501764059237945,-6.586723278208713e-07,-0.0013497406881727632,0.0013505514167218278,-0.0014999267081596676,0.00149994603898449,0.0,0.5002553333333333,0.49974466666666667,-0.011074292088263367,2.1570360453051807e-07,0.0007503572996981712,-3.436395223920943e-07,-0.0013503704492771153,0.0013501668857820164,-0.001499936852757217,0.001499924453718051,0.0,0.5000464707024347,0.4999535292975653,0.00964522023711107
nearest,1.0,8,0.01,arrival_first,-1.1881916980140298e-07,0.0025006100821187084,2.1595173166133463e-06,-0.004500154829023207,0.004501236603524981,-0.004999819998374733,0.004999811558203267,0.0,0.49977733333333335,0.5002226666666666,-0.0059409584900701395,-1.6470313554859108e-06,0.0025022311269904036,-7.698888739116524e-06,-0.004500635865972893,0.004499577209147994,-0.0049997361482025625,0.004999797011335269,0.0,0.5007673806414827,0.4992326193585173,-0.07337725319226214
nearest,1.0,8,0.01,departure_first,-1.1881916980140269e-07,0.0025006100821187084,2.1595173166133463e-06,-0.004500154829023207,0.004501236603524981,-0.004999819998374733,0.004999811558203267,0.0,0.49977733333333335,0.5002226666666666,-0.0059409584900701395,-1.8032849506911698e-06,0.0025024031297608594,-8.288383237009338e-06,-0.004501156978565152,0.004499351186913093,-0.00499973614856636,0.004999797562005521,0.0,0.5008224504816685,0.49917754951833143,-0.0802994184385105
nearest,1.0,8,0.01,insertion_order,-1.1881916980140272e-07,0.0025006100821187084,2.1595173166133463e-06,-0.004500154829023207,0.004501236603524981,-0.004999819998374733,0.004999811558203267,0.0,0.49977733333333335,0.5002226666666666,-0.0059409584900701395,-1.6470313554859108e-06,0.0025022311269904036,-7.698888739116524e-06,-0.004500635865972893,0.004499577209147994,-0.0049997361482025625,0.004999797011335269,0.0,0.5007673806414827,0.4992326193585173,-0.07337725319226214
nearest,1.0,8,0.03,arrival_first,2.8945124288851123e-06,0.007505065084567473,4.346955968988672e-06,-0.013511186627964283,0.013495637692876697,-0.014999369012123983,0.014999447719977374,0.0,0.499894,0.500106,0.14472562144425563,-3.67702885804015e-05,0.007505148367961544,-0.00010290277919827712,-0.013507026408507346,0.013500602044419085,-0.014999366775331048,0.014999103563228379,0.0,0.5034856729718176,0.4965143270281825,-1.6328296091116017
nearest,1.0,8,0.03,departure_first,2.8945124288851123e-06,0.007505065084567473,4.346955968988672e-06,-0.013511186627964283,0.013495637692876697,-0.014999369012123983,0.014999447719977374,0.0,0.499894,0.500106,0.14472562144425563,-3.7997954976465875e-05,0.007504769011519914,-0.00010420363332039033,-0.013508149408049104,0.013501093145492173,-0.014999366775209782,0.014999103563228379,0.0,0.5035693959447823,0.4964306040552176,-1.6880666271886926
nearest,1.0,8,0.03,insertion_order,2.894512428885113e-06,0.007505065084567473,4.346955968988672e-06,-0.013511186627964283,0.013495637692876697,-0.014999369012123983,0.014999447719977374,0.0,0.499894,0.500106,0.14472562144425563,-3.67702885804015e-05,0.007505148367961544,-0.00010290277919827712,-0.013507026408507346,0.013500602044419085,-0.014999366775331048,0.014999103563228379,0.0,0.5034856729718176,0.4965143270281825,-1.6328296091116017
nearest,1.0,8,0.1,arrival_first,8.001181866413996e-06,0.02500634043890076,1.5080797220434761e-05,-0.04500388718900013,0.04502359163251033,-0.04999784348340957,0.049997366692423384,0.0,0.49981733333333334,0.5001826666666667,0.40005909332069983,-0.00043523634051808436,0.024996406692093166,-0.0011995800483833932,-0.04501281917910189,0.044967198221658386,-0.049996640605096,0.049997595243210326,0.0,0.5125496459802514,0.48745035401974857,-19.32959049630624
nearest,1.0,8,0.1,departure_first,8.001181866414e-06,0.02500634043890076,1.5080797220434761e-05,-0.04500388718900013,0.04502359163251033,-0.04999784348340957,0.049997366692423384,0.0,0.49981733333333334,0.5001826666666667,0.40005909332069983,-0.0004310698498249512,0.02499260283304015,-0.0011912680789710345,-0.045009752763807837,0.044967890200541885,-0.04999664060461094,0.04999764928964839,0.0,0.5124665901904832,0.48753340980951676,-19.173357136641656
nearest,1.0,8,0.1,insertion_order,8.001181866413996e-06,0.02500634043890076,1.5080797220434761e-05,-0.04500388718900013,0.04502359163251033,-0.04999784348340957,0.049997366692423384,0.0,0.49981733333333334,0.5001826666666667,0.40005909332069983,-0.00043523634051808436,0.024996406692093166,-0.0011995800483833932,-0.04501281917910189,0.044967198221658386,-0.049996640605096,0.049997595243210326,0.0,0.5125496459802514,0.48745035401974857,-19.32959049630624
nearest,1.0,16,1e-05,arrival_first,1.1075648659849927e-09,2.5004694208055297e-06,4.947514753439464e-09,-4.503747187906508e-06,4.500588200547402e-06,-4.999811850818029e-06,4.999829828496634e-06,0.0,0.49951866666666667,0.5004813333333333,5.5378243299249634e-05,3.6833861995778997e-09,2.499937987454118e-06,5.626538664380935e-09,-4.497985147620534e-06,4.5012924380861495e-06,-4.999839147201296e-06,4.999780968217328e-06,0.0,0.49946303818629,0.5005369618137101,0.00017335322451598786
nearest,1.0,16,1e-05,departure_first,1.1075648659849927e-09,2.5004694208055297e-06,4.947514753439464e-09,-4.503747187906508e-06,4.500588200547402e-06,-4.999811850818029e-06,4.999829828496634e-06,0.0,0.49951866666666667,0.5004813333333333,5.5378243299249634e-05,3.6654313450807187e-09,2.499933665646881e-06,5.6108695569342025e-09,-4.497984723043123e-06,4.501260976531677e-06,-4.999839147201296e-06,4.999780968217328e-06,0.0,0.4994658531268416,0.5005341468731584,0.00017250403559161866
nearest,1.0,16,1e-05,insertion_order,1.107564865984993e-09,2.5004694208055297e-06,4.947514753439464e-09,-4.503747187906508e-06,4.500588200547402e-06,-4.999811850818029e-06,4.999829828496634e-06,0.0,0.49951866666666667,0.5004813333333333,5.5378243299249634e-05,3.6833861995778997e-09,2.499937987454118e-06,5.626538664380935e-09,-4.497985147620534e-06,4.5012924380861495e-06,-4.999839147201296e-06,4.999780968217328e-06,0.0,0.49946303818629,0.5005369618137101,0.00017335322451598786
nearest,1.0,16,3e-05,arrival_first,4.12587727017429e-09,7.496980936852196e-06,1.2319469533395022e-08,-1.3506104402646695e-05,1.350256877231004e-05,-1.4999271115812007e-05,1.499938468138377e-05,6.666666666666667e-07,0.4996086666666667,0.5003906666666667,0.0002062938635087145,-6.13088619213614e-09,7.505054419238611e-06,-8.707539325749728e-09,-1.3499641737758227e-05,1.350525791453375e-05,-1.4999537181652259e-05,1.4999284203272752e-05,0.0,0.5003059398899042,0.49969406011009576,-0.00028911065184277754
nearest,1.0,16,3e-05,departure_first,4.1258772701742905e-09,7.496980936852196e-06,1.2319469533395022e-08,-1.3506104402646695e-05,1.350256877231004e-05,-1.4999271115812007e-05,1.499938468138377e-05,6.666666666666667e-07,0.4996086666666667,0.5003906666666667,0.0002062938635087145,-6.1312221933802854e-09,7.5050496693834186e-06,-8.703718480257878e-09,-1.349964158310416e-05,1.3505257756105295e-05,-1.4999537181652259e-05,1.4999284203272752e-05,0.0,0.500305584028339,0.4996944159716609,-0.00028912936728967724
nearest,1.0,16,3e-05,insertion_order,4.1258772701742905e-09,7.496980936852196e-06,1.2319469533395022e-08,-1.3506104402646695e-05,1.350256877231004e-05,-1.4999271115812007e-05,1.499938468138377e-05,6.666666666666667e-07,0.4996086666666667,0.5003906666666667,0.0002062938635087145,-6.130886192136139e-09,7.505054419238611e-06,-8.707539325749728e-09,-1.3499641737758227e-05,1.350525791453375e-05,-1.4999537181652259e-05,1.4999284203272752e-05,0.0,0.5003059398899042,0.49969406011009576,-0.00028911065184277754
nearest,1.0,16,0.0001,arrival_first,-1.1773447540690539e-08,2.4982386680820128e-05,-2.830817417513269e-09,-4.501518880715593e-05,4.496203239341411e-05,-4.99982050920759e-05,4.9998649653086126e-05,0.0,0.5000013333333333,0.49999866666666665,-0.000588672377034527,9.851708457478942e-09,2.4995031949888567e-05,-1.5336085841301714e-08,-4.499726634263009e-05,4.50337554509137e-05,-4.9997983769104606e-05,4.999765343382858e-05,0.0,0.5001911484505834,0.49980885154941657,0.00046524457340855845
nearest,1.0,16,0.0001,departure_first,-1.1773447540690542e-08,2.4982386680820128e-05,-2.830817417513269e-09,-4.501518880715593e-05,4.496203239341411e-05,-4.99982050920759e-05,4.9998649653086126e-05,0.0,0.5000013333333333,0.49999866666666665,-0.000588672377034527,1.0036003176970143e-08,2.4995155444346787e-05,-1.5408748005781478e-08,-4.499703873558609e-05,4.503417930311301e-05,-4.9997983769104606e-05,4.999765343382858e-05,0.0,0.5001900964370268,0.4998099035629731,0.0004739323853801212
nearest,1.0,16,0.0001,insertion_order,-1.1773447540690542e-08,2.4982386680820128e-05,-2.830817417513269e-09,-4.501518880715593e-05,4.496203239341411e-05,-4.99982050920759e-05,4.9998649653086126e-05,0.0,0.5000013333333333,0.49999866666666665,-0.000588672377034527,9.851708457478942e-09,2.4995031949888567e-05,-1.5336085841301714e-08,-4.499726634263009e-05,4.50337554509137e-05,-4.9997983769104606e-05,4.999765343382858e-05,0.0,0.5001911484505835,0.49980885154941657,0.00046524457340855845
nearest,1.0,16,0.0003,arrival_first,1.0202249555792756e-07,7.49786393856842e-05,2.9120077063756376e-07,-0.0001349879719373348,0.00013493483684063294,-0.00014999446302681462,0.00014999474803213767,0.0,0.499004,0.500996,0.005101124777896379,-9.76396595877599e-09,7.503346185391045e-05,1.711639241843213e-08,-0.00013501616669624818,0.00013502937656436934,-0.0001499927258441839,0.00014999390725949023,0.0,0.4999222631032741,0.5000777368967259,-0.0004628985706977155
nearest,1.0,16,0.0003,departure_first,1.0202249555792756e-07,7.49786393856842e-05,2.9120077063756376e-07,-0.0001349879719373348,0.00013493483684063294,-0.00014999446302681462,0.00014999474803213767,0.0,0.499004,0.500996,0.005101124777896379,-8.80329081890419e-09,7.503284957842989e-05,1.5778694125295294e-08,-0.0001350149907074473,0.0001350295217901579,-0.00014999272572291793,0.00014999390725949023,0.0,0.4999200936542992,0.5000799063457008,-0.0004179407827097021
nearest,1.0,16,0.0003,insertion_order,1.0202249555792756e-07,7.49786393856842e-05,2.9120077063756376e-07,-0.0001349879719373348,0.00013493483684063294,-0.00014999446302681462,0.00014999474803213767,0.0,0.499004,0.500996,0.005101124777896379,-9.76396595877599e-09,7.503346185391045e-05,1.711639241843213e-08,-0.00013501616669624818,0.00013502937656436934,-0.0001499927258441839,0.00014999390725949023,0.0,0.4999222631032741,0.5000777368967259,-0.0004628985706977156
nearest,1.0,16,0.001,arrival_first,2.3509240831481292e-07,0.0002500838066123106,2.4662926989549305e-07,-0.00045023202453497405,0.00045004638619805813,-0.0004999771231875154,0.0004999824513712762,0.0,0.4997586666666667,0.5002413333333333,0.011754620415740647,-5.2285843326211435e-08,0.00024998540591025423,-1.5810098157366855e-07,-0.00045011262502959933,0.00045004034023071585,-0.0004999765458366283,0.0004999842159016247,0.0,0.5001889723051107,0.4998110276948893,-0.0024423406041876616
nearest,1.0,16,0.001,departure_first,2.3509240831481292e-07,0.0002500838066123106,2.4662926989549305e-07,-0.00045023202453497405,0.00045004638619805813,-0.0004999771231875154,0.0004999824513712762,0.0,0.4997586666666667,0.5002413333333333,0.011754620415740647,-4.613097878242402e-08,0.00024998365610274197,-1.501876304751959e-07,-0.00045010983678770496,0.00045004299906558,-0.0004999765458366283,0.0004999842159016247,0.0,0.5001817900815659,0.49981820991843406,-0.002156392874959001
nearest,1.0,16,0.001,insertion_order,2.3509240831481292e-07,0.0002500838066123106,2.4662926989549305e-07,-0.00045023202453497405,0.00045004638619805813,-0.0004999771231875154,0.0004999824513712762,0.0,0.4997586666666667,0.5002413333333333,0.011754620415740647,-5.228584332621143e-08,0.00024998540591025423,-1.5810098157366855e-07,-0.00045011262502959933,0.00045004034023071585,-0.0004999765458366283,0.0004999842159016247,0.0,0.5001889723051107,0.4998110276948893,-0.002442340604187661
nearest,1.0,16,0.003,arrival_first,7.744257414027136e-07,0.000749920814927118,1.7213670920076159e-06,-0.00134981853322491,0.0013496677134298804,-0.001499927398587412,0.0014999514662728567,0.0,0.49946666666666667,0.5005333333333334,0.03872128707013568,4.4856100450031195e-07,0.0007494732554770373,-6.371109104036376e-08,-0.0013492809453306575,0.0013487710428974292,-0.0014999115859211335,0.0014999458018556985,0.0,0.49998781761232275,0.5000121823876772,0.021168081349188444
nearest,1.0,16,0.003,departure_first,7.744257414027136e-07,0.000749920814927118,1.7213670920076159e-06,-0.00134981853322491,0.0013496677134298804,-0.001499927398587412,0.0014999514662728567,0.0,0.49946666666666667,0.5005333333333334,0.03872128707013568,4.5612649850715854e-07,0.0007494730436234233,-8.085798991469319e-08,-0.001349269441783463,0.0013487595672438692,-0.0014999115859211335,0.0014999458018556985,0.0,0.4999882215446727,0.5000117784553273,0.021525264097214333
nearest,1.0,16,0.003,insertion_order,7.744257414027136e-07,0.000749920814927118,1.7213670920076159e-06,-0.00134981853322491,0.0013496677134298804,-0.001499927398587412,0.0014999514662728567,0.0,0.49946666666666667,0.5005333333333334,0.03872128707013568,4.4856100450031195e-07,0.0007494732554770373,-6.371109104036376e-08,-0.0013492809453306575,0.0013487710428974292,-0.0014999115859211335,0.0014999458018556985,0.0,0.49998781761232275,0.5000121823876772,0.021168081349188447
nearest,1.0,16,0.01,arrival_first,-1.0789075866080872e-06,0.00250000315691096,-9.476745314411043e-07,-0.004501002313283303,0.004499442674608265,-0.004999782440669757,0.004999822774667943,0.0,0.5001019999999999,0.499898,-0.053945379330404344,1.10567704343185e-07,0.0025008081954789123,-8.504279181758012e-06,-0.0044987388476112845,0.004503164814568412,-0.004999767182196615,0.004999740033594598,0.0,0.5008355739273612,0.4991644260726388,0.004680054851444312
nearest,1.0,16,0.01,departure_first,-1.078907586608087e-06,0.00250000315691096,-9.476745314411043e-07,-0.004501002313283303,0.004499442674608265,-0.004999782440669757,0.004999822774667943,0.0,0.5001019999999999,0.499898,-0.053945379330404344,2.530480429203393e-07,0.002500679444053694,-8.17484127697878e-06,-0.004498696383627962,0.004502860301654679,-0.004999767182196615,0.0049997400334733325,0.0,0.5007932272173637,0.49920677278263625,0.011354581802395113
nearest,1.0,16,0.01,insertion_order,-1.078907586608087e-06,0.00250000315691096,-9.476745314411043e-07,-0.004501002313283303,0.004499442674608265,-0.004999782440669757,0.004999822774667943,0.0,0.5001019999999999,0.499898,-0.053945379330404344,1.1056770434318517e-07,0.0025008081954789123,-8.504279181758012e-06,-0.0044987388476112845,0.004503164814568412,-0.004999767182196615,0.004999740033594598,0.0,0.5008355739273612,0.4991644260726388,0.0046800548514442965
nearest,1.0,16,0.03,arrival_first,-3.8855759895862626e-06,0.007497981820062816,-9.706495832991398e-06,-0.013505612446413882,0.013491048190494436,-0.01499960935695223,0.01499940628227705,0.0,0.5002893333333334,0.4997106666666667,-0.19427879947931312,-3.649566768898528e-05,0.0075016434849395726,-0.00010931805005141414,-0.013503626862213477,0.013498832186997206,-0.014999508569619308,0.014999306664665877,0.0,0.5036453129020793,0.4963546870979208,-1.7172658799415033
nearest,1.0,16,0.03,departure_first,-3.8855759895862626e-06,0.007497981820062816,-9.706495832991398e-06,-0.013505612446413882,0.013491048190494436,-0.01499960935695223,0.01499940628227705,0.0,0.5002893333333334,0.4997106666666667,-0.19427879947931312,-3.522683324391448e-05,0.007502118389332597,-0.0001069895436981783,-0.013502265412054548,0.013498579649295675,-0.014999508569376775,0.014999306664665877,0.0,0.5035679794825858,0.49643202051741414,-1.6579448621672919
nearest,1.0,16,0.03,insertion_order,-3.8855759895862626e-06,0.007497981820062816,-9.706495832991398e-06,-0.013505612446413882,0.013491048190494436,-0.01499960935695223,0.01499940628227705,0.0,0.5002893333333334,0.4997106666666667,-0.19427879947931312,-3.649566768898528e-05,0.0075016434849395726,-0.00010931805005141414,-0.013503626862213477,0.013498832186997206,-0.014999508569619308,0.014999306664665877,0.0,0.5036453129020793,0.4963546870979208,-1.7172658799415033
nearest,1.0,16,0.1,arrival_first,-1.2258906557888624e-05,0.02499034156787748,-4.0443250827593144e-05,-0.04496358501231498,0.0449675888917045,-0.04999795952865801,0.0499983918691214,0.0,0.500474,0.499526,-0.6129453278944311,-0.00044214926212368894,0.024982574050615672,-0.0011949737953519536,-0.045016915127735556,0.044978716858586475,-0.049998049911957,0.04999822011993822,0.0,0.512688027333368,0.4873119726666319,-20.787897216238022
nearest,1.0,16,0.1,departure_first,-1.225890655788862e-05,0.02499034156787748,-4.0443250827593144e-05,-0.04496358501231498,0.0449675888917045,-0.04999795952865801,0.0499983918691214,0.0,0.500474,0.499526,-0.6129453278944311,-0.00044405026935139897,0.024984481004006444,-0.0012026146869152962,-0.04502039211325493,0.044978496411739045,-0.049998049912138895,0.0499982112451696,0.0,0.5127653936744112,0.4872346063255888,-20.8806526443869
nearest,1.0,16,0.1,insertion_order,-1.2258906557888622e-05,0.02499034156787748,-4.0443250827593144e-05,-0.04496358501231498,0.0449675888917045,-0.04999795952865801,0.0499983918691214,0.0,0.500474,0.499526,-0.6129453278944311,-0.00044214926212368894,0.024982574050615672,-0.0011949737953519536,-0.045016915127735556,0.044978716858586475,-0.049998049911957,0.04999822011993822,0.0,0.512688027333368,0.4873119726666319,-20.787897216238022
nearest,1.1,1,1e-05,arrival_first,-1.0549896796874229e-10,2.498638840851224e-06,-1.8898693573040267e-09,-4.497662327291134e-06,4.4996006757476905e-06,-4.999785111673797e-06,4.999841833826698e-06,6.666666666666667e-07,0.5001979999999999,0.4998013333333333,-5.274948398437118e-06,1.57823231640581e-09,2.501054273490505e-06,2.4100759267916177e-09,-4.500636246162765e-06,4.499336526883775e-06,-4.999585808360159e-06,4.999747182286389e-06,0.0,0.499731166226862,0.500268833773138,3.766848365929669e-05
nearest,1.1,1,1e-05,departure_first,-1.0549896796874233e-10,2.498638840851224e-06,-1.8898693573040267e-09,-4.497662327291134e-06,4.4996006757476905e-06,-4.999785111673797e-06,4.999841833826698e-06,6.666666666666667e-07,0.5001979999999999,0.4998013333333333,-5.274948398437118e-06,1.5790687325072292e-09,2.5010579403964288e-06,2.4057576790646277e-09,-4.50068247630602e-06,4.499355334600041e-06,-4.999585808360159e-06,4.999747182286389e-06,0.0,0.49973117688083807,0.5002688231191619,3.768837260871742e-05
nearest,1.1,1,1e-05,insertion_order,-1.0549896796874231e-10,2.498638840851224e-06,-1.8898693573040267e-09,-4.497662327291134e-06,4.4996006757476905e-06,-4.999785111673797e-06,4.999841833826698e-06,6.666666666666667e-07,0.5001979999999999,0.4998013333333333,-5.274948398437118e-06,1.57823231640581e-09,2.501054273490505e-06,2.4100759267916177e-09,-4.500636246162765e-06,4.499336526883775e-06,-4.999585808360159e-06,4.999747182286389e-06,0.0,0.499731166226862,0.500268833773138,3.766848365929669e-05
nearest,1.1,1,3e-05,arrival_first,1.2499627876726057e-08,7.4928785529312644e-06,2.082829269056674e-08,-1.3490311680470768e-05,1.3494945311928553e-05,-1.4999418332687735e-05,1.499955924373353e-05,6.666666666666667e-07,0.4992993333333333,0.5007,0.0006249813938363028,-1.0670525750576353e-08,7.498914974079003e-06,-1.451846519896244e-08,-1.3502448818539617e-05,1.3503813751141226e-05,-1.4998692939549075e-05,1.4998889490815589e-05,0.0,0.5005262548372924,0.4994737451627076,-0.00025416522362536436
nearest,1.1,1,3e-05,departure_first,1.2499627876726057e-08,7.4928785529312644e-06,2.082829269056674e-08,-1.3490311680470768e-05,1.3494945311928553e-05,-1.4999418332687735e-05,1.499955924373353e-05,6.666666666666667e-07,0.4992993333333333,0.5007,0.0006249813938363028,-1.064707295193615e-08,7.498911486438152e-06,-1.4336765645411217e-08,-1.3502525009855259e-05,1.3503814790921086e-05,-1.4998692939549075e-05,1.4998889490815589e-05,0.0,0.5005220023639125,0.49947799763608747,-0.00025361560238858195
nearest,1.1,1,3e-05,insertion_order,1.2499627876726057e-08,7.4928785529312644e-06,2.082829269056674e-08,-1.3490311680470768e-05,1.3494945311928553e-05,-1.4999418332687735e-05,1.499955924373353e-05,6.666666666666667e-07,0.4992993333333333,0.5007,0.0006249813938363028,-1.0670525750576352e-08,7.498914974079003e-06,-1.451846519896244e-08,-1.3502448818539617e-05,1.3503813751141226e-05,-1.4998692939549075e-05,1.4998889490815589e-05,0.0,0.5005262548372924,0.4994737451627076,-0.00025416522362536436
nearest,1.1,1,0.0001,arrival_first,1.8860243389402363e-08,2.4994997916418165e-05,1.9417211660766043e-08,-4.4989881083286794e-05,4.499495139498321e-05,-4.999797884011059e-05,4.999847093737723e-05,0.0,0.49970733333333334,0.5002926666666666,0.0009430121694701181,5.668368906498997e-09,2.501990786094943e-05,5.664150752709059e-09,-4.499789196553616e-05,4.501231867257043e-05,-4.999579698608976e-05,4.999566605002152e-05,0.0,0.4999556862979499,0.5000443137020502,0.00013207220535706236
nearest,1.1,1,0.0001,departure_first,1.8860243389402363e-08,2.4994997916418165e-05,1.9417211660766043e-08,-4.4989881083286794e-05,4.499495139498321e-05,-4.999797884011059e-05,4.999847093737723e-05,0.0,0.49970733333333334,0.5002926666666666,0.0009430121694701181,5.935996357244104e-09,2.50198895569152e-05,6.397221959571671e-09,-4.499756659184317e-05,4.501268349292067e-05,-4.999579698608976e-05,4.999566605002152e-05,0.0,0.4999486840985255,0.5000513159014746,0.0001384230297754332
nearest,1.1,1,0.0001,insertion_order,1.886024338940236e-08,2.4994997916418165e-05,1.9417211660766043e-08,-4.4989881083286794e-05,4.499495139498321e-05,-4.999797884011059e-05,4.999847093737723e-05,0.0,0.49970733333333334,0.5002926666666666,0.0009430121694701181,5.668368906498996e-09,2.501990786094943e-05,5.664150752709059e-09,-4.499789196553616e-05,4.501231867257043e-05,-4.999579698608976e-05,4.999566605002152e-05,0.0,0.4999556862979499,0.5000443137020502,0.0001320722053570624
nearest,1.1,1,0.0003,arrival_first,-8.343453208605457e-09,7.496264515573906e-05,9.374501435862234e-08,-0.00013501799019347043,0.00013495545220090812,-0.0001499958437610379,0.0001499934173504395,0.0,0.499648,0.500352,-0.0004171726604302724,-4.092871434359003e-08,7.492216559688714e-05,-1.3401219894817324e-08,-0.00013500062963151143,0.00013496290180110956,-0.0001499813298512058,0.00014999107690098952,0.0,0.5000796481345804,0.49992035186541967,-0.0009738110666822547
nearest,1.1,1,0.0003,departure_first,-8.343453208605452e-09,7.496264515573906e-05,9.374501435862234e-08,-0.00013501799019347043,0.00013495545220090812,-0.0001499958437610379,0.0001499934173504395,0.0,0.499648,0.500352,-0.0004171726604302724,-3.823589437460021e-08,7.491994725716171e-05,-1.6475248846547127e-08,-0.0001349942127767528,0.00013496186825089657,-0.0001499813298512058,0.00014999107690098952,0.0,0.5000796571765215,0.49992034282347847,-0.000909520440210444
nearest,1.1,1,0.0003,insertion_order,-8.343453208605456e-09,7.496264515573906e-05,9.374501435862234e-08,-0.00013501799019347043,0.00013495545220090812,-0.0001499958437610379,0.0001499934173504395,0.0,0.499648,0.500352,-0.0004171726604302724,-4.092871434359004e-08,7.492216559688714e-05,-1.3401219894817324e-08,-0.00013500062963151143,0.00013496290180110956,-0.0001499813298512058,0.00014999107690098952,0.0,0.5000796481345804,0.49992035186541967,-0.0009738110666822548
nearest,1.1,1,0.001,arrival_first,-4.687383097249646e-08,0.0002500185218261486,-3.3264561049387946e-07,-0.00044999103244663274,0.00044991176640299564,-0.0004999799776366369,0.0004999841282369744,0.0,0.5002753333333333,0.49972466666666665,-0.002343691548624823,-2.9524111275934217e-07,0.000249744629778556,-4.129004965940054e-07,-0.000450101166907386,0.00044955417256496363,-0.000499940212152121,0.0004999550834434674,0.0,0.5004826031133818,0.4995173968866183,-0.007023275958975018
nearest,1.1,1,0.001,departure_first,-4.687383097249645e-08,0.0002500185218261486,-3.3264561049387946e-07,-0.00044999103244663274,0.00044991176640299564,-0.0004999799776366369,0.0004999841282369744,0.0,0.5002753333333333,0.49972466666666665,-0.002343691548624823,-3.0713868029379715e-07,0.000249736432881975,-4.5088742979364216e-07,-0.0004501176025569285,0.000449544191761483,-0.000499940212152121,0.0004999550834434674,0.0,0.5004897744841603,0.4995102255158396,-0.007313909137587196
nearest,1.1,1,0.001,insertion_order,-4.687383097249646e-08,0.0002500185218261486,-3.3264561049387946e-07,-0.00044999103244663274,0.00044991176640299564,-0.0004999799776366369,0.0004999841282369744,0.0,0.5002753333333333,0.49972466666666665,-0.002343691548624823,-2.9524111275934217e-07,0.000249744629778556,-4.129004965940054e-07,-0.000450101166907386,0.00044955417256496363,-0.000499940212152121,0.0004999550834434674,0.0,0.5004826031133818,0.4995173968866183,-0.007023275958975018
nearest,1.1,1,0.003,arrival_first,2.3245950151795114e-07,0.0007502683296003968,1.0588905752229039e-06,-0.0013498755343653102,0.0013493209553083335,-0.0014999393297936573,0.0014999374539305184,0.0,0.49957799999999997,0.500422,0.011622975075897556,-8.729559723225917e-07,0.0007494706468366903,-3.1122915732243253e-06,-0.001349670604867424,0.0013501776102276858,-0.0014998519720859453,0.0014998502827224891,0.0,0.5011200962574404,0.49887990374255964,-0.020698666632522
nearest,1.1,1,0.003,departure_first,2.3245950151795114e-07,0.0007502683296003968,1.0588905752229039e-06,-0.0013498755343653102,0.0013493209553083335,-0.0014999393297936573,0.0014999374539305184,0.0,0.49957799999999997,0.500422,0.011622975075897556,-7.910264093529432e-07,0.0007494634043775922,-2.9814018700071407e-06,-0.0013495956020877166,0.0013501792109735648,-0.0014998519720859453,0.0014998502827224891,0.0,0.501077403525451,0.49892259647454895,-0.018798298486151294
nearest,1.1,1,0.003,insertion_order,2.3245950151795117e-07,0.0007502683296003968,1.0588905752229039e-06,-0.0013498755343653102,0.0013493209553083335,-0.0014999393297936573,0.0014999374539305184,0.0,0.49957799999999997,0.500422,0.011622975075897556,-8.729559723225917e-07,0.0007494706468366903,-3.1122915732243253e-06,-0.001349670604867424,0.0013501776102276858,-0.0014998519720859453,0.0014998502827224891,0.0,0.5011200962574404,0.49887990374255964,-0.020698666632521998
nearest,1.1,1,0.01,arrival_first,3.3364595014251484e-06,0.0025003192203602856,6.520436803233072e-06,-0.004498132253471946,0.004500249301731855,-0.00499978778386018,0.004999789214586296,0.0,0.49937733333333334,0.5006226666666667,0.16682297507125743,-6.703532722213478e-06,0.002502330762281795,-2.186069897775474e-05,-0.004502875382915528,0.004499957856781135,-0.004999490855416072,0.004999585200282164,0.0,0.5021509715717114,0.49784902842828854,-0.158869946892319
nearest,1.1,1,0.01,departure_first,3.336459501425149e-06,0.0025003192203602856,6.520436803233072e-06,-0.004498132253471946,0.004500249301731855,-0.00499978778386018,0.004999789214586296,0.0,0.49937733333333334,0.5006226666666667,0.16682297507125743,-6.3107716842841905e-06,0.00250236162267025,-2.1254087210462756e-05,-0.004502956104918345,0.004499543623147311,-0.004999490855416072,0.0049996310359688035,0.0,0.5020977697891966,0.4979022302108034,-0.15028403997277037
nearest,1.1,1,0.01,insertion_order,3.3364595014251484e-06,0.0025003192203602856,6.520436803233072e-06,-0.004498132253471946,0.004500249301731855,-0.00499978778386018,0.004999789214586296,0.0,0.49937733333333334,0.5006226666666667,0.16682297507125743,-6.703532722213478e-06,0.002502330762281795,-2.186069897775474e-05,-0.004502875382915528,0.004499957856781135,-0.004999490855416072,0.004999585200282164,0.0,0.5021509715717114,0.49784902842828854,-0.158869946892319
nearest,1.1,1,0.03,arrival_first,1.4036457929239381e-05,0.007502213516311543,1.9737644727986965e-05,-0.013493993094036039,0.013507975277361762,-0.01499941998487581,0.014999378826269094,0.0,0.4993486666666667,0.5006513333333333,0.701822896461969,-3.0090497237022598e-05,0.0074999022176689845,-0.00010296557488777557,-0.013501454364580117,0.013503618007697707,-0.014998537056181678,0.014998950649407317,0.0,0.5035550535215655,0.4964449464784345,-0.7107705560182346
nearest,1.1,1,0.03,departure_first,1.403645792923938e-05,0.007502213516311543,1.9737644727986965e-05,-0.013493993094036039,0.013507975277361762,-0.01499941998487581,0.014999378826269094,0.0,0.4993486666666667,0.5006513333333333,0.701822896461969,-2.7642720429161396e-05,0.00750012908812292,-0.00010282853632351762,-0.01350333434747217,0.013503701926573308,-0.014998531661356824,0.014998981176092744,0.0,0.5034995428217637,0.4965004571782364,-0.6623319489825145
nearest,1.1,1,0.03,insertion_order,1.403645792923938e-05,0.007502213516311543,1.9737644727986965e-05,-0.013493993094036039,0.013507975277361762,-0.01499941998487581,0.014999378826269094,0.0,0.4993486666666667,0.5006513333333333,0.701822896461969,-3.0090497237022598e-05,0.0074999022176689845,-0.00010296557488777557,-0.013501454364580117,0.013503618007697707,-0.014998537056181678,0.014998950649407317,0.0,0.5035550535215655,0.4964449464784345,-0.7107705560182346
nearest,1.1,1,0.1,arrival_first,2.8097937800678987e-06,0.02499054817430676,3.869622789049269e-05,-0.04502046701132713,0.044976026518018734,-0.049997817598978145,0.0499985587717371,0.0,0.4996646666666667,0.5003353333333334,0.14048968900339484,-0.00040812045628214216,0.02497651462720226,-0.0011551237541984033,-0.044989761062500945,0.04498643895585746,-0.04999642086153263,0.049996182012882556,0.0,0.5120638965701271,0.4879361034298729,-9.460999119279519
nearest,1.1,1,0.1,departure_first,2.8097937800678987e-06,0.02499054817430676,3.869622789049269e-05,-0.04502046701132713,0.044976026518018734,-0.049997817598978145,0.0499985587717371,0.0,0.4996646666666667,0.5003353333333334,0.14048968900339484,-0.0003980819459900587,0.02497549263132398,-0.001150980492206113,-0.044981165348279624,0.04499307997931623,-0.04999625034429917,0.04999605550947237,0.0,0.5120122164822836,0.4879877835177165,-9.71410419566956
nearest,1.1,1,0.1,insertion_order,2.8097937800678995e-06,0.02499054817430676,3.869622789049269e-05,-0.04502046701132713,0.044976026518018734,-0.049997817598978145,0.0499985587717371,0.0,0.4996646666666667,0.5003353333333334,0.14048968900339484,-0.00040812045628214216,0.02497651462720226,-0.0011551237541984033,-0.044989761062500945,0.04498643895585746,-0.04999642086153263,0.049996182012882556,0.0,0.5120638965701271,0.4879361034298729,-9.460999119279519
nearest,1.1,4,1e-05,arrival_first,2.3868627049523636e-09,2.4996871268564673e-06,3.6168330552754924e-09,-4.498598802153234e-06,4.5007616017755935e-06,-4.999696890687725e-06,4.999783686798764e-06,6.666666666666667e-07,0.49963266666666667,0.5003666666666666,0.0001193431352476182,-8.918396979495697e-10,2.5014975055824794e-06,-2.720790075241379e-09,-4.4981294446862795e-06,4.499649587151021e-06,-4.9997660057182494e-06,4.999808322881406e-06,0.0,0.50031428529008,0.49968571470992,-3.39864037414132e-05
nearest,1.1,4,1e-05,departure_first,2.386862704952364e-09,2.4996871268564673e-06,3.6168330552754924e-09,-4.498598802153234e-06,4.5007616017755935e-06,-4.999696890687725e-06,4.999783686798764e-06,6.666666666666667e-07,0.49963266666666667,0.5003666666666666,0.0001193431352476182,-8.901526576574441e-10,2.5014944800435773e-06,-2.7257947783747755e-09,-4.4981328085142e-06,4.499649632472025e-06,-4.9997660057182494e-06,4.999808322881406e-06,0.0,0.5003151557799189,0.499684844220081,-3.3923785092500796e-05
nearest,1.1,4,1e-05,insertion_order,2.386862704952364e-09,2.4996871268564673e-06,3.6168330552754924e-09,-4.498598802153234e-06,4.5007616017755935e-06,-4.999696890687725e-06,4.999783686798764e-06,6.666666666666667e-07,0.49963266666666667,0.5003666666666666,0.0001193431352476182,-8.918396979495699e-10,2.5014975055824794e-06,-2.720790075241379e-09,-4.4981294446862795e-06,4.499649587151021e-06,-4.9997660057182494e-06,4.999808322881406e-06,0.0,0.50031428529008,0.49968571470992,-3.39864037414132e-05
nearest,1.1,4,3e-05,arrival_first,6.751991091126304e-09,7.496078642518721e-06,1.5924130517911787e-08,-1.349536915919695e-05,1.3500521517926242e-05,-1.4999227460066322e-05,1.4999375677386221e-05,0.0,0.499498,0.500502,0.0003375995545563152,-9.42512951429306e-09,7.499174549046712e-06,-2.3569243166182695e-08,-1.350230000819833e-05,1.3502367850805467e-05,-1.4999130590742808e-05,1.499921263663443e-05,0.0,0.5008462003681299,0.4991537996318701,-0.00035773769663612444
nearest,1.1,4,3e-05,departure_first,6.751991091126304e-09,7.496078642518721e-06,1.5924130517911787e-08,-1.349536915919695e-05,1.3500521517926242e-05,-1.4999227460066322e-05,1.4999375677386221e-05,0.0,0.499498,0.500502,0.0003375995545563152,-9.479924476062568e-09,7.499128825058144e-06,-2.370579605364085e-08,-1.3502288045432123e-05,1.3502384612231304e-05,-1.4999130590742808e-05,1.499921263663443e-05,0.0,0.5008483904908055,0.4991516095091945,-0.00035983753348828415
nearest,1.1,4,3e-05,insertion_order,6.751991091126304e-09,7.496078642518721e-06,1.5924130517911787e-08,-1.349536915919695e-05,1.3500521517926242e-05,-1.4999227460066322e-05,1.4999375677386221e-05,0.0,0.499498,0.500502,0.0003375995545563152,-9.425129514293059e-09,7.499174549046712e-06,-2.3569243166182695e-08,-1.350230000819833e-05,1.3502367850805467e-05,-1.4999130590742808e-05,1.499921263663443e-05,0.0,0.5008462003681299,0.4991537996318701,-0.00035773769663612444
nearest,1.1,4,0.0001,arrival_first,1.2925940861653844e-08,2.501162845848618e-05,1.1236534191993997e-08,-4.4987746538633166e-05,4.498956087293966e-05,-4.999803495593369e-05,4.99974707357372e-05,0.0,0.499922,0.500078,0.0006462970430826924,4.6617260034854734e-08,2.499561012906715e-05,9.391186880537463e-08,-4.5016164466487627e-05,4.498247328881299e-05,-4.99969892982242e-05,4.9997455206747936e-05,0.0,0.4990214612865426,0.5009785387134573,0.0017727465686552485
nearest,1.1,4,0.0001,departure_first,1.2925940861653844e-08,2.501162845848618e-05,1.1236534191993997e-08,-4.4987746538633166e-05,4.498956087293966e-05,-4.999803495593369e-05,4.99974707357372e-05,0.0,0.499922,0.500078,0.0006462970430826924,4.6671390206333236e-08,2.4995902235487503e-05,9.36676039382453e-08,-4.501636074016452e-05,4.4982539573578286e-05,-4.99969892982242e-05,4.9997455206747936e-05,0.0,0.4990153581853829,0.5009846418146171,0.0017748795461588528
nearest,1.1,4,0.0001,insertion_order,1.2925940861653844e-08,2.501162845848618e-05,1.1236534191993997e-08,-4.4987746538633166e-05,4.498956087293966e-05,-4.999803495593369e-05,4.99974707357372e-05,0.0,0.499922,0.500078,0.0006462970430826924,4.6617260034854734e-08,2.499561012906715e-05,9.391186880537463e-08,-4.5016164466487627e-05,4.498247328881299e-05,-4.99969892982242e-05,4.9997455206747936e-05,0.0,0.4990214612865426,0.5009785387134573,0.001772746568655248
nearest,1.1,4,0.0003,arrival_first,2.778890851247221e-08,7.500053630754034e-05,-5.498598814786722e-08,-0.00013495211846475288,0.00013503123836774948,-0.00014999494524090551,0.00014999385727302675,0.0,0.5001313333333334,0.4998686666666667,0.0013894454256236108,2.7230310965150884e-08,7.496632268995797e-05,6.385591135186473e-08,-0.0001348919785492388,0.00013496979361978428,-0.00014999019359920637,0.00014999129412464508,0.0,0.49981281536401767,0.5001871846359823,0.0010266803813837272
nearest,1.1,4,0.0003,departure_first,2.7788908512472203e-08,7.500053630754034e-05,-5.498598814786722e-08,-0.00013495211846475288,0.00013503123836774948,-0.00014999494524090551,0.00014999385727302675,0.0,0.5001313333333334,0.4998686666666667,0.0013894454256236108,2.641191517079599e-08,7.496594212376649e-05,6.091147050146679e-08,-0.00013489166791968735,0.00013496874774066776,-0.00014999019359920637,0.00014999129412464508,0.0,0.49981802285192933,0.5001819771480707,0.000995457738484226
nearest,1.1,4,0.0003,insertion_order,2.778890851247221e-08,7.500053630754034e-05,-5.498598814786722e-08,-0.00013495211846475288,0.00013503123836774948,-0.00014999494524090551,0.00014999385727302675,0.0,0.5001313333333334,0.4998686666666667,0.0013894454256236108,2.7230310965150877e-08,7.496632268995797e-05,6.385591135186473e-08,-0.0001348919785492388,0.00013496979361978428,-0.00014999019359920637,0.00014999129412464508,0.0,0.49981281536401767,0.5001871846359823,0.0010266803813837274
nearest,1.1,4,0.001,arrival_first,4.2791866460902384e-08,0.0002499193130057659,-4.524905913664649e-08,-0.000450053546461883,0.00044991171068128693,-0.0004999871022543326,0.0004999794407922308,0.0,0.49999266666666664,0.5000073333333334,0.0021395933230451193,-6.337044519670567e-07,0.00024975268498137875,-1.2521567026275761e-06,-0.0004500458652296346,0.00044961163878745836,-0.0004999726411684538,0.0004999735940081823,0.0,0.5012198096607225,0.4987801903392775,-0.024124637701444563
nearest,1.1,4,0.001,departure_first,4.279186646090238e-08,0.0002499193130057659,-4.524905913664649e-08,-0.000450053546461883,0.00044991171068128693,-0.0004999871022543326,0.0004999794407922308,0.0,0.49999266666666664,0.5000073333333334,0.0021395933230451193,-6.257480898520514e-07,0.00024975361048452704,-1.248318249178447e-06,-0.0004500570636075116,0.0004496255098559437,-0.0004999726411684538,0.0004999735940081823,0.0,0.5012157321467147,0.49878426785328533,-0.023825117717350134
nearest,1.1,4,0.001,insertion_order,4.279186646090239e-08,0.0002499193130057659,-4.524905913664649e-08,-0.000450053546461883,0.00044991171068128693,-0.0004999871022543326,0.0004999794407922308,0.0,0.49999266666666664,0.5000073333333334,0.0021395933230451193,-6.337044519670567e-07,0.00024975268498137875,-1.2521567026275761e-06,-0.0004500458652296346,0.00044961163878745836,-0.0004999726411684538,0.0004999735940081823,0.0,0.5012198096607225,0.4987801903392775,-0.024124637701444563
nearest,1.1,4,0.003,arrival_first,-1.1520813325175065e-07,0.0007502451800826196,-7.707378244958818e-07,-0.0013498643616215607,0.0013504575450027304,-0.0014999511373389395,0.0014999437246236388,0.0,0.5002266666666667,0.49977333333333335,-0.005760406662587533,-1.0164132062093262e-06,0.0007504222207301673,-1.8806129318382075e-06,-0.0013507495254976183,0.001349492050710837,-0.0014999112251052147,0.0014999145148248598,0.0,0.5006891086713117,0.4993108913286884,-0.03859337689388946
nearest,1.1,4,0.003,departure_first,-1.1520813325175066e-07,0.0007502451800826196,-7.707378244958818e-07,-0.0013498643616215607,0.0013504575450027304,-0.0014999511373389395,0.0014999437246236388,0.0,0.5002266666666667,0.49977333333333335,-0.005760406662587533,-1.0568216595237384e-06,0.0007504047764426013,-1.9989735891234585e-06,-0.0013507459843021478,0.0013495147535269284,-0.00149991197947478,0.0014999145148248598,0.0,0.5007194453259952,0.4992805546740048,-0.04014709185348463
nearest,1.1,4,0.003,insertion_order,-1.1520813325175063e-07,0.0007502451800826196,-7.707378244958818e-07,-0.0013498643616215607,0.0013504575450027304,-0.0014999511373389395,0.0014999437246236388,0.0,0.5002266666666667,0.49977333333333335,-0.005760406662587533,-1.0164132062093262e-06,0.0007504222207301673,-1.8806129318382075e-06,-0.0013507495254976183,0.001349492050710837,-0.0014999112251052147,0.0014999145148248598,0.0,0.5006891086713117,0.4993108913286884,-0.038593376893889454
nearest,1.1,4,0.01,arrival_first,-2.1358748025540993e-06,0.0024998793726773577,-2.227081949968124e-06,-0.0045014414885448184,0.0045004533577593965,-0.004999833803988925,0.004999829850233558,0.0,0.500214,0.499786,-0.10679374012770496,-5.6602711517788975e-06,0.002498937069873413,-2.0617395664612157e-05,-0.004496790635782571,0.00449936334729795,-0.004999625957492262,0.004999710328957257,0.0,0.5020197176435363,0.49798028235646374,-0.21529744531885617
nearest,1.1,4,0.01,departure_first,-2.1358748025540993e-06,0.0024998793726773577,-2.227081949968124e-06,-0.0045014414885448184,0.0045004533577593965,-0.004999833803988925,0.004999829850233558,0.0,0.500214,0.499786,-0.10679374012770496,-5.662354710101528e-06,0.002498969390898465,-2.0726417954567156e-05,-0.004496537529814178,0.004499122375209744,-0.004999625957492262,0.004999710328957257,0.0,0.5020661281489363,0.49793387185106375,-0.2153779769990899
nearest,1.1,4,0.01,insertion_order,-2.1358748025540993e-06,0.0024998793726773577,-2.227081949968124e-06,-0.0045014414885448184,0.0045004533577593965,-0.004999833803988925,0.004999829850233558,0.0,0.500214,0.499786,-0.10679374012770496,-5.6602711517788975e-06,0.002498937069873413,-2.0617395664612157e-05,-0.004496790635782571,0.00449936334729795,-0.004999625957492262,0.004999710328957257,0.0,0.5020197176435363,0.49798028235646374,-0.21529744531885617
nearest,1.1,4,0.03,arrival_first,-1.4509209705260218e-05,0.007505425732544577,-1.4067769567797465e-05,-0.01351228894564277,0.013502270033412362,-0.014999397929508025,0.014999372877840263,0.0,0.50051,0.49949,-0.7254604852630109,-3.504838693322214e-05,0.007500633590126592,-0.0001065066263709209,-0.013500605944898122,0.013495563653808908,-0.014999047791112198,0.014999382411323965,0.0,0.5037274834436876,0.4962725165563125,-1.331431921321749
nearest,1.1,4,0.03,departure_first,-1.4509209705260218e-05,0.007505425732544577,-1.4067769567797465e-05,-0.01351228894564277,0.013502270033412362,-0.014999397929508025,0.014999372877840263,0.0,0.50051,0.49949,-0.7254604852630109,-3.4586500102351814e-05,0.007501311252374703,-0.00010607393372050143,-0.0135007257782662,0.013495326569274945,-0.01499904640314872,0.014999377612408502,0.0,0.5037205627063679,0.49627943729363216,-1.3156202328154722
nearest,1.1,4,0.03,insertion_order,-1.4509209705260218e-05,0.007505425732544577,-1.4067769567797465e-05,-0.01351228894564277,0.013502270033412362,-0.014999397929508025,0.014999372877840263,0.0,0.50051,0.49949,-0.7254604852630109,-3.504838693322214e-05,0.007500633590126592,-0.0001065066263709209,-0.013500605944898122,0.013495563653808908,-0.014999047791112198,0.014999382411323965,0.0,0.5037274834436876,0.49627251655631244,-1.331431921321749
nearest,1.1,4,0.1,arrival_first,5.564126141254143e-06,0.025006769128691878,2.706717608210359e-06,-0.04500041395669996,0.044996509965147494,-0.049998053653628936,0.04999742452231051,0.0,0.5000526666666667,0.4999473333333333,0.278206307062707,-0.00041758933851579363,0.025016168838766242,-0.0011882974845672412,-0.045027054353323014,0.04499902218687031,-0.04999748304270919,0.04999608979488868,0.0,0.5125380947273136,0.48746190527268646,-15.837112351593884
nearest,1.1,4,0.1,departure_first,5.5641261412541426e-06,0.025006769128691878,2.706717608210359e-06,-0.04500041395669996,0.044996509965147494,-0.049998053653628936,0.04999742452231051,0.0,0.5000526666666667,0.4999473333333333,0.278206307062707,-0.00042022793308913174,0.02501778320182115,-0.0011896893382662066,-0.045018864133634144,0.045001923130623456,-0.04999744123529795,0.049995999908730576,0.0,0.5124973928778399,0.4875026071221601,-16.019762721118795
nearest,1.1,4,0.1,insertion_order,5.564126141254143e-06,0.025006769128691878,2.706717608210359e-06,-0.04500041395669996,0.044996509965147494,-0.049998053653628936,0.04999742452231051,0.0,0.5000526666666667,0.4999473333333333,0.278206307062707,-0.00041758933851579363,0.025016168838766242,-0.0011882974845672412,-0.045027054353323014,0.04499902218687031,-0.04999748304270919,0.04999608979488868,0.0,0.5125380947273136,0.48746190527268646,-15.837112351593886
nearest,1.1,8,1e-05,arrival_first,-1.5196779956265016e-10,2.5000880271581994e-06,-1.8192925684464474e-10,-4.5001684020462565e-06,4.500428991984032e-06,-4.999813851706373e-06,4.9998721806332466e-06,0.0,0.49998400000000004,0.500016,-7.5983899781325215e-06,4.815811415354354e-10,2.5018314476854917e-06,-2.940736692858802e-10,-4.4983695868259744e-06,4.4992318691350276e-06,-4.999727982355102e-06,4.999738851448979e-06,0.0,0.5000024581688416,0.49999754183115835,1.9799596963935263e-05
nearest,1.1,8,1e-05,departure_first,-1.5196779956265016e-10,2.5000880271581994e-06,-1.8192925684464474e-10,-4.5001684020462565e-06,4.500428991984032e-06,-4.999813851706373e-06,4.9998721806332466e-06,0.0,0.49998400000000004,0.500016,-7.5983899781325215e-06,4.834412520658135e-10,2.5018308590141685e-06,-2.968817818246756e-10,-4.498369431357373e-06,4.49925661848744e-06,-4.999727982355102e-06,4.999738851448979e-06,0.0,0.5000028557036896,0.49999714429631037,1.9878569027741096e-05
nearest,1.1,8,1e-05,insertion_order,-1.519677995626501e-10,2.5000880271581994e-06,-1.8192925684464474e-10,-4.5001684020462565e-06,4.500428991984032e-06,-4.999813851706373e-06,4.9998721806332466e-06,0.0,0.49998400000000004,0.500016,-7.5983899781325215e-06,4.815811415354357e-10,2.5018314476854917e-06,-2.940736692858802e-10,-4.4983695868259744e-06,4.4992318691350276e-06,-4.999727982355102e-06,4.999738851448979e-06,0.0,0.5000024581688416,0.49999754183115835,1.979959696393527e-05
nearest,1.1,8,3e-05,arrival_first,3.079823800968977e-09,7.50191028547791e-06,1.1089878171333112e-08,-1.3503051251670211e-05,1.3502585604025321e-05,-1.4999417241294092e-05,1.499943658321475e-05,0.0,0.4996386666666667,0.5003613333333333,0.00015399119004844882,8.260621497839871e-09,7.505809628685945e-06,1.2962740836488841e-08,-1.3499034201154836e-05,1.3503216129696001e-05,-1.499925063050365e-05,1.4999290134691071e-05,0.0,0.4996093189511005,0.5003906810488995,0.00034718455263093694
nearest,1.1,8,3e-05,departure_first,3.0798238009689774e-09,7.50191028547791e-06,1.1089878171333112e-08,-1.3503051251670211e-05,1.3502585604025321e-05,-1.4999417241294092e-05,1.499943658321475e-05,0.0,0.4996386666666667,0.5003613333333333,0.00015399119004844882,8.325056893600224e-09,7.505752928393064e-06,1.3082062257548563e-08,-1.3498990019393646e-05,1.3503155294356318e-05,-1.499925063050365e-05,1.4999290134691071e-05,0.0,0.49960616145581443,0.5003938385441855,0.00034991671345462456
nearest,1.1,8,3e-05,insertion_order,3.079823800968977e-09,7.50191028547791e-06,1.1089878171333112e-08,-1.3503051251670211e-05,1.3502585604025321e-05,-1.4999417241294092e-05,1.499943658321475e-05,0.0,0.4996386666666667,0.5003613333333333,0.00015399119004844882,8.260621497839871e-09,7.505809628685945e-06,1.2962740836488841e-08,-1.3499034201154836e-05,1.3503216129696001e-05,-1.499925063050365e-05,1.4999290134691071e-05,0.0,0.49960931895110056,0.5003906810488995,0.000347184552630937
nearest,1.1,8,0.0001,arrival_first,2.766044237675184e-08,2.500340048724926e-05,3.228384836499269e-08,-4.49712555731215e-05,4.5009829250375326e-05,-4.999786297048559e-05,4.999830192294515e-05,0.0,0.499676,0.500324,0.0013830221188375921,-9.115868810909255e-09,2.4967802961659585e-05,-2.6712129501162604e-08,-4.500141470159138e-05,4.501145658861177e-05,-4.9996462228920253e-05,4.999833269097286e-05,0.0,0.5002277576722503,0.4997722423277498,-0.0003901549014427352
nearest,1.1,8,0.0001,departure_first,2.766044237675184e-08,2.500340048724926e-05,3.228384836499269e-08,-4.49712555731215e-05,4.5009829250375326e-05,-4.999786297048559e-05,4.999830192294515e-05,0.0,0.499676,0.500324,0.0013830221188375921,-9.792142226521543e-09,2.4967557582265417e-05,-2.78635414011306e-08,-4.500172159068966e-05,4.501149803071242e-05,-4.9996462228920253e-05,4.999833269097286e-05,0.0,0.5002384592251601,0.49976154077483986,-0.00041858456619432027
nearest,1.1,8,0.0001,insertion_order,2.766044237675184e-08,2.500340048724926e-05,3.228384836499269e-08,-4.49712555731215e-05,4.5009829250375326e-05,-4.999786297048559e-05,4.999830192294515e-05,0.0,0.499676,0.500324,0.0013830221188375921,-9.115868810909252e-09,2.4967802961659585e-05,-2.6712129501162604e-08,-4.500141470159138e-05,4.501145658861177e-05,-4.9996462228920253e-05,4.999833269097286e-05,0.0,0.5002277576722503,0.4997722423277498,-0.00039015490144273516
nearest,1.1,8,0.0003,arrival_first,-1.2014325571847925e-07,7.492856086403966e-05,-2.3839988898544108e-07,-0.00013496588349729184,0.00013495447688455895,-0.0001499954478579942,0.00014999539901812872,0.0,0.500796,0.499204,-0.006007162785923962,1.894763815972533e-08,7.499009250364648e-05,-2.592861392571033e-08,-0.0001350161734679081,0.00013495564466743583,-0.0001499905682057917,0.00014999275002054168,0.0,0.5000844746818615,0.49991552531813854,0.0007913358288627995
nearest,1.1,8,0.0003,departure_first,-1.2014325571847925e-07,7.492856086403966e-05,-2.3839988898544108e-07,-0.00013496588349729184,0.00013495447688455895,-0.0001499954478579942,0.00014999539901812872,0.0,0.500796,0.499204,-0.006007162785923962,1.944909661709027e-08,7.499021499353847e-05,-2.6308806901307694e-08,-0.00013501700101599867,0.00013495324143517756,-0.0001499905682057917,0.00014999275002054168,0.0,0.5000845352158703,0.4999154647841298,0.0008130900461672926
nearest,1.1,8,0.0003,insertion_order,-1.2014325571847925e-07,7.492856086403966e-05,-2.3839988898544108e-07,-0.00013496588349729184,0.00013495447688455895,-0.0001499954478579942,0.00014999539901812872,0.0,0.500796,0.499204,-0.006007162785923962,1.8947638159725326e-08,7.499009250364648e-05,-2.592861392571033e-08,-0.0001350161734679081,0.00013495564466743583,-0.0001499905682057917,0.00014999275002054168,0.0,0.5000844746818615,0.49991552531813854,0.0007913358288627995
nearest,1.1,8,0.001,arrival_first,2.319303351760026e-08,0.00024980823745632974,7.750213626422919e-08,-0.0004496067145373672,0.0004497660546682405,-0.0004999755102289783,0.0004999767922830264,0.0,0.4999306666666667,0.5000693333333334,0.0011596516758800135,4.835387431392258e-07,0.00025005476810425787,5.20888894864744e-07,-0.0004498666368060266,0.0004502216905200327,-0.0004999690791210117,0.0004999767029078663,0.0,0.4994470893143888,0.5005529106856111,0.020426268051714054
nearest,1.1,8,0.001,departure_first,2.319303351760023e-08,0.00024980823745632974,7.750213626422919e-08,-0.0004496067145373672,0.0004497660546682405,-0.0004999755102289783,0.0004999767922830264,0.0,0.4999306666666667,0.5000693333333334,0.0011596516758800135,4.881729931220612e-07,0.0002500593058530931,5.408411830616633e-07,-0.00044986476206919075,0.0004502287448774919,-0.0004999690791210117,0.0004999767028775498,0.0,0.4994253883621679,0.5005746116378321,0.02062047658711373
nearest,1.1,8,0.001,insertion_order,2.3193033517600266e-08,0.00024980823745632974,7.750213626422919e-08,-0.0004496067145373672,0.0004497660546682405,-0.0004999755102289783,0.0004999767922830264,0.0,0.4999306666666667,0.5000693333333334,0.0011596516758800135,4.835387431392257e-07,0.00025005476810425787,5.20888894864744e-07,-0.0004498666368060266,0.0004502216905200327,-0.0004999690791210117,0.0004999767029078663,0.0,0.4994470893143888,0.5005529106856111,0.020426268051714054
nearest,1.1,8,0.003,arrival_first,8.438596989520495e-07,0.00075014957714099,1.26071951550936e-06,-0.001348641942231552,0.0013496351827522325,-0.0014999452141637448,0.001499952364489824,0.0,0.499576,0.500424,0.04219298494760248,3.5172697271335347e-09,0.000749885403603852,-1.1075520611805839e-06,-0.00134958573975047,0.0013504718760083785,-0.001499917769623252,0.0014999288202103317,0.0,0.5003355695954893,0.49966443040451064,0.00029213083177373017
nearest,1.1,8,0.003,departure_first,8.438596989520495e-07,0.00075014957714099,1.26071951550936e-06,-0.001348641942231552,0.0013496351827522325,-0.0014999452141637448,0.001499952364489824,0.0,0.499576,0.500424,0.04219298494760248,-1.5008917478231873e-08,0.0007499130385554193,-1.1349540737428988e-06,-0.0013496307253047873,0.0013504815988453496,-0.001499917769623252,0.0014999288202103317,0.0,0.5003417815513461,0.49965821844865393,-0.00048639035207829936
nearest,1.1,8,0.003,insertion_order,8.438596989520495e-07,0.00075014957714099,1.26071951550936e-06,-0.001348641942231552,0.0013496351827522325,-0.0014999452141637448,0.001499952364489824,0.0,0.499576,0.500424,0.04219298494760248,3.5172697271335628e-09,0.000749885403603852,-1.1075520611805839e-06,-0.00134958573975047,0.0013504718760083785,-0.001499917769623252,0.0014999288202103317,0.0,0.5003355695954893,0.4996644304045107,0.00029213083177372925
nearest,1.1,8,0.01,arrival_first,-2.941403010136128e-07,0.0025004196632137043,8.891036941349739e-07,-0.0045010218105138245,0.0044993255179103155,-0.004999813740081057,0.004999826581297384,0.0,0.49993,0.50007,-0.014707015050680639,-1.014709537772952e-05,0.0024995422839939117,-1.8439981548831794e-05,-0.004499793680152445,0.004499094990223576,-0.004999829676397238,0.004999756668488383,0.0,0.5018988742732484,0.49810112572675164,-0.428577308595184
nearest,1.1,8,0.01,departure_first,-2.941403010136127e-07,0.0025004196632137043,8.891036941349739e-07,-0.0045010218105138245,0.0044993255179103155,-0.004999813740081057,0.004999826581297384,0.0,0.49993,0.50007,-0.014707015050680639,-1.0028238078385024e-05,0.002499776870001592,-1.8309264397531298e-05,-0.004499785095299453,0.004499417278229126,-0.004999831975947277,0.004999756668488383,0.0,0.5018909447266537,0.49810905527334626,-0.42370509593051503
nearest,1.1,8,0.01,insertion_order,-2.941403010136128e-07,0.0025004196632137043,8.891036941349739e-07,-0.0045010218105138245,0.0044993255179103155,-0.004999813740081057,0.004999826581297384,0.0,0.49993,0.50007,-0.014707015050680639,-1.014709537772952e-05,0.0024995422839939117,-1.8439981548831794e-05,-0.004499793680152445,0.004499094990223576,-0.004999829676397238,0.004999756668488383,0.0,0.5018988742732484,0.49810112572675164,-0.428577308595184
nearest,1.1,8,0.03,arrival_first,3.845858126340317e-06,0.007503058462462906,4.785684723174199e-07,-0.013495762043091114,0.013500752241775441,-0.014999308684491553,0.014999376940644045,0.0,0.49995266666666666,0.5000473333333333,0.19229290631701587,-3.491311062815889e-05,0.007497541900266509,-0.00010187007894872034,-0.013503040102021698,0.013490613586154969,-0.014999175365901774,0.014999186108552337,0.0,0.503412537606884,0.496587462393116,-1.4734181994469906
nearest,1.1,8,0.03,departure_first,3.845858126340318e-06,0.007503058462462906,4.785684723174199e-07,-0.013495762043091114,0.013500752241775441,-0.014999308684491553,0.014999376940644045,0.0,0.49995266666666666,0.5000473333333333,0.19229290631701587,-3.438821620889944e-05,0.007498519233921394,-0.00010160356419574116,-0.01350239204294833,0.013491564595285305,-0.01499917536565924,0.014999191656725716,0.0,0.5033827795598381,0.4966172204401618,-1.4516355110817696
nearest,1.1,8,0.03,insertion_order,3.845858126340317e-06,0.007503058462462906,4.785684723174199e-07,-0.013495762043091114,0.013500752241775441,-0.014999308684491553,0.014999376940644045,0.0,0.49995266666666666,0.5000473333333333,0.19229290631701587,-3.4913110628158885e-05,0.007497541900266509,-0.00010187007894872034,-0.013503040102021698,0.013490613586154969,-0.014999175365901774,0.014999186108552337,0.0,0.5034125376068839,0.496587462393116,-1.4734181994469906
nearest,1.1,8,0.1,arrival_first,2.281919398054318e-05,0.024997771816628395,4.5645719940997274e-05,-0.04499442276500152,0.04499464544086245,-0.04999756036092246,0.049997933652957724,0.0,0.49953733333333333,0.5004626666666667,1.140959699027159,-0.00041289430860412513,0.024973865693779334,-0.0012111076643118194,-0.045013028398225616,0.044981277338295,-0.04999676355889833,0.04999720207151773,0.0,0.5126411486913807,0.4873588513086194,-17.38245356676612
nearest,1.1,8,0.1,departure_first,2.2819193980543182e-05,0.024997771816628395,4.5645719940997274e-05,-0.04499442276500152,0.04499464544086245,-0.04999756036092246,0.049997933652957724,0.0,0.49953733333333333,0.5004626666666667,1.140959699027159,-0.0004049223325819425,0.024970517950494465,-0.001196039538261821,-0.04500810883693545,0.04498201066856513,-0.04999681649564074,0.04999705700999636,0.0,0.512507381500327,0.487492618499673,-17.076406952357722
nearest,1.1,8,0.1,insertion_order,2.2819193980543182e-05,0.024997771816628395,4.5645719940997274e-05,-0.04499442276500152,0.04499464544086245,-0.04999756036092246,0.049997933652957724,0.0,0.49953733333333333,0.5004626666666667,1.140959699027159,-0.00041289430860412513,0.024973865693779334,-0.0012111076643118194,-0.045013028398225616,0.044981277338295,-0.04999676355889833,0.04999720207151773,0.0,0.5126411486913807,0.4873588513086194,-17.38245356676612
nearest,1.1,16,1e-05,arrival_first,-7.128656998247606e-10,2.5007520868827365e-06,1.6671037883497776e-10,-4.499917707410835e-06,4.501648397005434e-06,-4.9998430464863e-06,4.99973515009818e-06,6.666666666666667e-07,0.4999613333333333,0.500038,-3.564328499123803e-05,-2.4010893858050834e-09,2.500236465427565e-06,-5.693648784305261e-09,-4.4994510005704504e-06,4.501083113552621e-06,-4.999803994603652e-06,4.999711779265827e-06,0.0,0.5005576890583396,0.4994423109416603,-0.00010703268827468088
nearest,1.1,16,1e-05,departure_first,-7.128656998247608e-10,2.5007520868827365e-06,1.6671037883497776e-10,-4.499917707410835e-06,4.501648397005434e-06,-4.9998430464863e-06,4.99973515009818e-06,6.666666666666667e-07,0.4999613333333333,0.500038,-3.564328499123803e-05,-2.4073562295265386e-09,2.5002389431474665e-06,-5.695551376278119e-09,-4.4994510005704504e-06,4.501079681475638e-06,-4.999803994603652e-06,4.999711779265827e-06,0.0,0.5005584438892575,0.4994415561107424,-0.00010730943209342033
nearest,1.1,16,1e-05,insertion_order,-7.128656998247605e-10,2.5007520868827365e-06,1.6671037883497776e-10,-4.499917707410835e-06,4.501648397005434e-06,-4.9998430464863e-06,4.99973515009818e-06,6.666666666666667e-07,0.4999613333333333,0.500038,-3.564328499123803e-05,-2.401089385805084e-09,2.500236465427565e-06,-5.693648784305261e-09,-4.4994510005704504e-06,4.501083113552621e-06,-4.999803994603652e-06,4.999711779265827e-06,0.0,0.5005576890583396,0.4994423109416603,-0.00010703268827468088
nearest,1.1,16,3e-05,arrival_first,-9.534407852091438e-09,7.493956187641743e-06,-1.1924385034944862e-08,-1.349082960435529e-05,1.3491251887292793e-05,-1.499940572102787e-05,1.4999369159340859e-05,0.0,0.50037,0.49963,-0.00047672039260457193,-8.864422324338818e-09,7.499653295557753e-06,-9.043945626157195e-09,-1.3499994594948737e-05,1.3492866698049936e-05,-1.4999462989419172e-05,1.499934178940653e-05,0.0,0.5003227017496498,0.4996772982503502,-0.0003929181303443372
nearest,1.1,16,3e-05,departure_first,-9.534407852091438e-09,7.493956187641743e-06,-1.1924385034944862e-08,-1.349082960435529e-05,1.3491251887292793e-05,-1.499940572102787e-05,1.4999369159340859e-05,0.0,0.50037,0.49963,-0.00047672039260457193,-8.866062264067979e-09,7.499720884987139e-06,-8.975621068687116e-09,-1.349999746361018e-05,1.3492948034339041e-05,-1.4999462989419172e-05,1.499934178940653e-05,0.0,0.5003215966681742,0.4996784033318258,-0.0003929784661598693
nearest,1.1,16,3e-05,insertion_order,-9.534407852091438e-09,7.493956187641743e-06,-1.1924385034944862e-08,-1.349082960435529e-05,1.3491251887292793e-05,-1.499940572102787e-05,1.4999369159340859e-05,0.0,0.50037,0.49963,-0.00047672039260457193,-8.864422324338818e-09,7.499653295557753e-06,-9.043945626157195e-09,-1.3499994594948737e-05,1.3492866698049936e-05,-1.4999462989419172e-05,1.499934178940653e-05,0.0,0.5003227017496498,0.4996772982503502,-0.0003929181303443372
nearest,1.1,16,0.0001,arrival_first,1.5326208458645853e-08,2.4988293428583347e-05,2.3612862302494855e-08,-4.5000997217054344e-05,4.500009441471774e-05,-4.999784032406751e-05,4.999782746987572e-05,0.0,0.4998013333333333,0.5001986666666667,0.0007663104229322926,1.4861489910342574e-08,2.501304977532158e-05,1.8089944081358296e-08,-4.497879591336986e-05,4.5019593964493546e-05,-4.999812898001104e-05,4.9998021339728654e-05,0.0,0.4997770618011546,0.5002229381988453,0.0006591977567790055
nearest,1.1,16,0.0001,departure_first,1.5326208458645853e-08,2.4988293428583347e-05,2.3612862302494855e-08,-4.5000997217054344e-05,4.500009441471774e-05,-4.999784032406751e-05,4.999782746987572e-05,0.0,0.4998013333333333,0.5001986666666667,0.0007663104229322926,1.4630541544948839e-08,2.5013273443781275e-05,1.8070191452658944e-08,-4.497878650545916e-05,4.5019459797676906e-05,-4.999812898001104e-05,4.9998021339728654e-05,0.0,0.4997762893102425,0.5002237106897575,0.0006488859259438464
nearest,1.1,16,0.0001,insertion_order,1.5326208458645853e-08,2.4988293428583347e-05,2.3612862302494855e-08,-4.5000997217054344e-05,4.500009441471774e-05,-4.999784032406751e-05,4.999782746987572e-05,0.0,0.4998013333333333,0.5001986666666667,0.0007663104229322926,1.4861489910342577e-08,2.501304977532158e-05,1.8089944081358296e-08,-4.497879591336986e-05,4.5019593964493546e-05,-4.999812898001104e-05,4.9998021339728654e-05,0.0,0.4997770618011546,0.5002229381988454,0.0006591977567790056
nearest,1.1,16,0.0003,arrival_first,-2.3477489134165806e-08,7.50315789435972e-05,4.356663036257184e-08,-0.00013499128454592816,0.00013498931440456848,-0.00014999457159016553,0.00014999368650023826,0.0,0.49984333333333336,0.5001566666666667,-0.0011738744567082904,-1.3388037789956563e-08,7.492400591398446e-05,-2.4138508013018162e-08,-0.00013497711312021715,0.00013499269045544806,-0.0001499946451940117,0.0001499927156868447,0.0,0.500075042686854,0.499924957313146,-0.000593346630167754
nearest,1.1,16,0.0003,departure_first,-2.347748913416581e-08,7.50315789435972e-05,4.356663036257184e-08,-0.00013499128454592816,0.00013498931440456848,-0.00014999457159016553,0.00014999368650023826,0.0,0.49984333333333336,0.5001566666666667,-0.0011738744567082904,-1.5288095933265045e-08,7.492676383186872e-05,-2.8149113328462816e-08,-0.00013497743587588196,0.00013499094347415777,-0.0001499946451940117,0.0001499927156868447,0.0,0.5000823134980414,0.49991768650195856,-0.0006765872510195383
nearest,1.1,16,0.0003,insertion_order,-2.347748913416581e-08,7.50315789435972e-05,4.356663036257184e-08,-0.00013499128454592816,0.00013498931440456848,-0.00014999457159016553,0.00014999368650023826,0.0,0.49984333333333336,0.5001566666666667,-0.0011738744567082904,-1.3388037789956563e-08,7.492400591398446e-05,-2.4138508013018162e-08,-0.00013497711312021715,0.00013499269045544806,-0.0001499946451940117,0.0001499927156868447,0.0,0.500075042686854,0.499924957313146,-0.0005933466301677539
nearest,1.1,16,0.001,arrival_first,2.684588016224249e-07,0.00025010290555420214,3.459192460771495e-07,-0.00045023700177504607,0.000449868621188519,-0.000499980735033508,0.0004999739047889306,0.0,0.4996446666666667,0.5003553333333334,0.013422940081121245,-8.252221350106101e-08,0.0002500900888594498,5.748899405480512e-08,-0.0004501955934987442,0.00044982309592157653,-0.0004999755303210531,0.000499981328462142,0.0,0.4999660050463412,0.5000339949536587,-0.0036733196181867947
nearest,1.1,16,0.001,departure_first,2.684588016224249e-07,0.00025010290555420214,3.459192460771495e-07,-0.00045023700177504607,0.000449868621188519,-0.000499980735033508,0.0004999739047889306,0.0,0.4996446666666667,0.5003553333333334,0.013422940081121245,-9.507199947686184e-08,0.000250079437442384,-6.971885650047805e-09,-0.0004502139706668087,0.00044981710693381774,-0.0004999755300785212,0.000499981328462142,0.0,0.5000133977372769,0.49998660226272307,-0.0042381312021106355
nearest,1.1,16,0.001,insertion_order,2.684588016224249e-07,0.00025010290555420214,3.459192460771495e-07,-0.00045023700177504607,0.000449868621188519,-0.000499980735033508,0.0004999739047889306,0.0,0.4996446666666667,0.5003553333333334,0.013422940081121245,-8.252221350106101e-08,0.0002500900888594498,5.748899405480512e-08,-0.0004501955934987442,0.00044982309592157653,-0.0004999755303210531,0.000499981328462142,0.0,0.4999660050463412,0.5000339949536587,-0.003673319618186795
nearest,1.1,16,0.003,arrival_first,-1.028745312281293e-07,0.0007499915193514686,-4.869680196861736e-07,-0.001350068717618645,0.0013502901905591592,-0.0014999359171573208,0.0014999297985317146,0.0,0.500148,0.499852,-0.0051437265614064625,-5.367822817064545e-07,0.0007500484091703999,-1.6877922523717786e-07,-0.001349844821786281,0.0013497631962446335,-0.00149993649993589,0.0014999304438849293,0.0,0.5000655123414688,0.49993448765853116,-0.023831181441291448
nearest,1.1,16,0.003,departure_first,-1.0287453122812938e-07,0.0007499915193514686,-4.869680196861736e-07,-0.001350068717618645,0.0013502901905591592,-0.0014999359171573208,0.0014999297985317146,0.0,0.500148,0.499852,-0.0051437265614064625,-5.377799166407391e-07,0.0007500185802171674,-6.962613037306507e-08,-0.0013498671544143097,0.0013496446062920913,-0.001499929026430296,0.0014999304440061953,0.0,0.5000472037268021,0.49995279627319794,-0.023876661607344318
nearest,1.1,16,0.003,insertion_order,-1.0287453122812926e-07,0.0007499915193514686,-4.869680196861736e-07,-0.001350068717618645,0.0013502901905591592,-0.0014999359171573208,0.0014999297985317146,0.0,0.500148,0.499852,-0.0051437265614064625,-5.367822817064545e-07,0.0007500484091703999,-1.6877922523717786e-07,-0.001349844821786281,0.0013497631962446335,-0.00149993649993589,0.0014999304438849293,0.0,0.5000655123414688,0.49993448765853116,-0.023831181441291448
nearest,1.1,16,0.01,arrival_first,3.843792134381753e-06,0.0025004312615514545,6.006930895334032e-06,-0.004500144572477135,0.004500667540205541,-0.0049998522161937824,0.004999841854563177,0.0,0.499468,0.500532,0.19218960671908766,-2.6896638604698035e-06,0.0025013839022405377,-9.595393863732113e-06,-0.004500330946882929,0.004501197011049183,-0.0049996961406622185,0.004999763900655895,0.0,0.5009257961021951,0.4990742038978049,-0.11985734609999109
nearest,1.1,16,0.01,departure_first,3.843792134381753e-06,0.0025004312615514545,6.006930895334032e-06,-0.004500144572477135,0.004500667540205541,-0.0049998522161937824,0.004999841854563177,0.0,0.499468,0.500532,0.19218960671908766,-2.8490425688315695e-06,0.0025012707290395625,-9.506958271751342e-06,-0.0045007483419373905,0.004500931777880468,-0.0049997064173822455,0.004999767104254775,0.0,0.5009095293669337,0.49909047063306633,-0.12701998444247845
nearest,1.1,16,0.01,insertion_order,3.843792134381753e-06,0.0025004312615514545,6.006930895334032e-06,-0.004500144572477135,0.004500667540205541,-0.0049998522161937824,0.004999841854563177,0.0,0.499468,0.500532,0.19218960671908766,-2.6896638604698035e-06,0.0025013839022405377,-9.595393863732113e-06,-0.004500330946882929,0.004501197011049183,-0.0049996961406622185,0.004999763900655895,0.0,0.5009257961021951,0.49907420389780494,-0.11985734609999112
nearest,1.1,16,0.03,arrival_first,3.497123891816348e-06,0.007501771220082096,1.616293451055147e-05,-0.013499475932814371,0.013502671068029786,-0.014999419999245827,0.01499934880797203,0.0,0.49951066666666666,0.5004893333333333,0.17485619459081742,-3.6165299749036366e-05,0.007499648091368138,-0.00011062532945322161,-0.01349768440875527,0.013503799770040412,-0.014999220498759534,0.014999439402651176,0.0,0.5037227173987012,0.4962772826012988,-1.606991003128808
nearest,1.1,16,0.03,departure_first,3.4971238918163474e-06,0.007501771220082096,1.616293451055147e-05,-0.013499475932814371,0.013502671068029786,-0.014999419999245827,0.01499934880797203,0.0,0.49951066666666666,0.5004893333333333,0.17485619459081742,-3.564472728808645e-05,0.0074995261736628,-0.00010805905070355021,-0.013496149509272392,0.013502502541542772,-0.014999270963214035,0.014999439402044847,0.0,0.5036355460178681,0.4963644539821319,-1.5842739793913894
nearest,1.1,16,0.03,insertion_order,3.4971238918163474e-06,0.007501771220082096,1.616293451055147e-05,-0.013499475932814371,0.013502671068029786,-0.014999419999245827,0.01499934880797203,0.0,0.49951066666666666,0.5004893333333333,0.17485619459081742,-3.6165299749036366e-05,0.007499648091368138,-0.00011062532945322161,-0.01349768440875527,0.013503799770040412,-0.014999220498759534,0.014999439402651176,0.0,0.5037227173987012,0.4962772826012988,-1.606991003128808
nearest,1.1,16,0.1,arrival_first,-9.422873588100629e-06,0.025014113185399138,-3.5017226931207306e-05,-0.04499710758122091,0.04500427982369728,-0.04999755433552006,0.04999731137922936,0.0,0.5003466666666667,0.49965333333333334,-0.47114367940503143,-0.00040882424380361403,0.02499977928352494,-0.0011781877023444853,-0.044997603539287216,0.04497863954562685,-0.049997171826883104,0.04999839811961772,0.0,0.5123039271572146,0.48769607284278543,-18.15196154626774
nearest,1.1,16,0.1,departure_first,-9.422873588100629e-06,0.025014113185399138,-3.5017226931207306e-05,-0.04499710758122091,0.04500427982369728,-0.04999755433552006,0.04999731137922936,0.0,0.5003466666666667,0.49965333333333334,-0.47114367940503143,-0.0004071832654513611,0.024998511244828343,-0.001175137269663476,-0.044994991991879035,0.04497477825133508,-0.049997795827133436,0.04999842286767508,0.0,0.5123087747867553,0.48769122521324465,-18.084726050921233
nearest,1.1,16,0.1,insertion_order,-9.422873588100629e-06,0.025014113185399138,-3.5017226931207306e-05,-0.04499710758122091,0.04500427982369728,-0.04999755433552006,0.04999731137922936,0.0,0.5003466666666667,0.49965333333333334,-0.47114367940503143,-0.00040882424380361403,0.02499977928352494,-0.0011781877023444853,-0.044997603539287216,0.04497863954562685,-0.049997171826883104,0.04999839811961772,0.0,0.5123039271572146,0.48769607284278543,-18.15196154626774
nearest,1.25,1,1e-05,arrival_first,-1.5961827008747303e-09,2.4992685704567825e-06,-5.037979159775811e-09,-4.499900557372408e-06,4.499953162545959e-06,-4.999828615837032e-06,4.999809516448295e-06,0.0,0.5004806666666667,0.49951933333333337,-7.980913504373651e-05,4.044030057335619e-09,2.4994177100554614e-06,7.392149111998374e-09,-4.497980131463984e-06,4.505437488211579e-06,-4.999492451424291e-06,4.999500069398308e-06,0.0,0.49924735535001985,0.5007526446499803,8.98684041289576e-05
nearest,1.25,1,1e-05,departure_first,-1.5961827008747303e-09,2.4992685704567825e-06,-5.037979159775811e-09,-4.499900557372408e-06,4.499953162545959e-06,-4.999828615837032e-06,4.999809516448295e-06,0.0,0.5004806666666667,0.49951933333333337,-7.980913504373651e-05,4.052207514155038e-09,2.499413041296908e-06,7.408512645905886e-09,-4.4979771641881494e-06,4.5054470726443665e-06,-4.999492451424291e-06,4.999500069398308e-06,0.0,0.4992458874031608,0.5007541125968392,9.0052927995459e-05
nearest,1.25,1,1e-05,insertion_order,-1.59618270087473e-09,2.4992685704567825e-06,-5.037979159775811e-09,-4.499900557372408e-06,4.499953162545959e-06,-4.999828615837032e-06,4.999809516448295e-06,0.0,0.5004806666666667,0.49951933333333337,-7.980913504373651e-05,4.044030057335619e-09,2.4994177100554614e-06,7.392149111998374e-09,-4.497980131463984e-06,4.505437488211579e-06,-4.999492451424291e-06,4.999500069398308e-06,0.0,0.4992473553500198,0.5007526446499803,8.98684041289576e-05
nearest,1.25,1,3e-05,arrival_first,-6.244202511273519e-09,7.50103650063041e-06,-1.1584749396812792e-08,-1.3507467325932034e-05,1.349841717607584e-05,-1.4999495579104406e-05,1.4999242891159762e-05,0.0,0.5002893333333334,0.4997106666666667,-0.00031221012556367593,3.797736505786169e-09,7.5008048157524164e-06,7.217708087453589e-09,-1.350160494674973e-05,1.3497820665391546e-05,-1.4998448869176413e-05,1.499856842009828e-05,0.0,0.49969957913757573,0.5003004208624243,8.416760518376783e-05
nearest,1.25,1,3e-05,departure_first,-6.244202511273519e-09,7.50103650063041e-06,-1.1584749396812792e-08,-1.3507467325932034e-05,1.349841717607584e-05,-1.4999495579104406e-05,1.4999242891159762e-05,0.0,0.5002893333333334,0.4997106666666667,-0.00031221012556367593,3.815390217212374e-09,7.500832005545736e-06,7.183476207854126e-09,-1.3501602294863241e-05,1.3497826308898602e-05,-1.4998448869176413e-05,1.499856842009828e-05,0.0,0.4997003136749373,0.5002996863250627,8.455525851679587e-05
nearest,1.25,1,3e-05,insertion_order,-6.244202511273519e-09,7.50103650063041e-06,-1.1584749396812792e-08,-1.3507467325932034e-05,1.349841717607584e-05,-1.4999495579104406e-05,1.4999242891159762e-05,0.0,0.5002893333333334,0.4997106666666667,-0.00031221012556367593,3.79773650578617e-09,7.5008048157524164e-06,7.217708087453589e-09,-1.350160494674973e-05,1.3497820665391546e-05,-1.4998448869176413e-05,1.499856842009828e-05,0.0,0.49969957913757573,0.5003004208624243,8.416760518376784e-05
nearest,1.25,1,0.0001,arrival_first,1.0796338387384215e-08,2.5005653122659774e-05,5.560650606639683e-09,-4.497767515279823e-05,4.501262751091417e-05,-4.9997689105415094e-05,4.999720492075236e-05,0.0,0.499988,0.500012,0.0005398169193692108,-4.176534918164208e-08,2.4975328966819938e-05,-1.1431198933212899e-07,-4.499348060753731e-05,4.494943421445916e-05,-4.9994901406320384e-05,4.999539866432356e-05,0.0,0.5011810911291634,0.4988189088708365,-0.0009292980469545212
nearest,1.25,1,0.0001,departure_first,1.0796338387384217e-08,2.5005653122659774e-05,5.560650606639683e-09,-4.497767515279823e-05,4.501262751091417e-05,-4.9997689105415094e-05,4.999720492075236e-05,0.0,0.499988,0.500012,0.0005398169193692108,-3.980021671756182e-08,2.4975464908151182e-05,-1.107862354144303e-07,-4.4992765055167606e-05,4.4950149121871645e-05,-4.9994901406320384e-05,4.999539866432356e-05,0.0,0.5011480495373822,0.4988519504626178,-0.0008856959568578438
nearest,1.25,1,0.0001,insertion_order,1.0796338387384217e-08,2.5005653122659774e-05,5.560650606639683e-09,-4.497767515279823e-05,4.501262751091417e-05,-4.9997689105415094e-05,4.999720492075236e-05,0.0,0.499988,0.500012,0.0005398169193692108,-4.176534918164208e-08,2.4975328966819938e-05,-1.1431198933212899e-07,-4.499348060753731e-05,4.494943421445916e-05,-4.9994901406320384e-05,4.999539866432356e-05,0.0,0.5011810911291634,0.4988189088708365,-0.0009292980469545212
nearest,1.25,1,0.0003,arrival_first,5.139308760832742e-08,7.500188911870827e-05,1.1702083308288517e-07,-0.0001350189011797435,0.00013503610826470924,-0.00014999374807302956,0.00014999378481661552,0.0,0.49956,0.50044,0.0025696543804163714,-8.187145958451796e-08,7.500154047316321e-05,-2.7669813878484125e-07,-0.00013501954385854896,0.0001349514015279675,-0.00014998498719539865,0.00014998761804217673,0.0,0.5008415119012425,0.4991584880987575,-0.0018086914749555496
nearest,1.25,1,0.0003,departure_first,5.139308760832742e-08,7.500188911870827e-05,1.1702083308288517e-07,-0.0001350189011797435,0.00013503610826470924,-0.00014999374807302956,0.00014999378481661552,0.0,0.49956,0.50044,0.0025696543804163714,-7.893188734694065e-08,7.500067722665573e-05,-2.73232869432242e-07,-0.00013501681604037404,0.00013495146368700745,-0.00014998498719539865,0.00014998761804217673,0.0,0.5008421378947808,0.4991578621052191,-0.001743622712042973
nearest,1.25,1,0.0003,insertion_order,5.139308760832742e-08,7.500188911870827e-05,1.1702083308288517e-07,-0.0001350189011797435,0.00013503610826470924,-0.00014999374807302956,0.00014999378481661552,0.0,0.49956,0.50044,0.0025696543804163714,-8.187145958451796e-08,7.500154047316321e-05,-2.7669813878484125e-07,-0.00013501954385854896,0.0001349514015279675,-0.00014998498719539865,0.00014998761804217673,0.0,0.5008415119012425,0.4991584880987575,-0.0018086914749555496
nearest,1.25,1,0.001,arrival_first,2.6132902040959984e-07,0.0002498786087360298,-6.861121922459764e-09,-0.0004496090978000211,0.00044989011986975425,-0.0004999744538811986,0.0004999737154018172,0.0,0.5000086666666667,0.4999913333333333,0.013066451020479992,-3.128597265001787e-07,0.0002500083820200459,-2.688597409608006e-07,-0.00045027213862319527,0.0004498446808863303,-0.0004999620765849752,0.0004999599980888833,0.0,0.5004488943865729,0.4995511056134271,-0.0069535097234058735
nearest,1.25,1,0.001,departure_first,2.6132902040959984e-07,0.0002498786087360298,-6.861121922459764e-09,-0.0004496090978000211,0.00044989011986975425,-0.0004999744538811986,0.0004999737154018172,0.0,0.5000086666666667,0.4999913333333333,0.013066451020479992,-3.1939540440231266e-07,0.0002500016323758851,-2.86774809917766e-07,-0.00045027178987131313,0.0004498513150304999,-0.0004999620765849752,0.0004999599980888833,0.0,0.5004763362929303,0.4995236637070697,-0.0071056437029454024
nearest,1.25,1,0.001,insertion_order,2.6132902040959984e-07,0.0002498786087360298,-6.861121922459764e-09,-0.0004496090978000211,0.00044989011986975425,-0.0004999744538811986,0.0004999737154018172,0.0,0.5000086666666667,0.49999133333333334,0.013066451020479992,-3.128597265001787e-07,0.0002500083820200459,-2.688597409608006e-07,-0.00045027213862319527,0.0004498446808863303,-0.0004999620765849752,0.0004999599980888833,0.0,0.5004488943865729,0.4995511056134271,-0.006953509723405873
nearest,1.25,1,0.003,arrival_first,-2.940043112312196e-07,0.0007497535852100642,-1.0993992570244396e-06,-0.0013496004693130696,0.0013501087521300783,-0.0014999230083655372,0.0014999239987143179,0.0,0.500368,0.499632,-0.01470021556156098,-5.646663802160713e-07,0.0007492008631380843,-6.33240765164814e-07,-0.0013490882662021513,0.0013488989161631769,-0.001499866263690259,0.0014998850609454393,0.0,0.5002303550929967,0.4997696449070032,-0.012689530320806155
nearest,1.25,1,0.003,departure_first,-2.9400431123121965e-07,0.0007497535852100642,-1.0993992570244396e-06,-0.0013496004693130696,0.0013501087521300783,-0.0014999230083655372,0.0014999239987143179,0.0,0.500368,0.499632,-0.01470021556156098,-3.2325956412886897e-07,0.0007492619861221837,-2.265312441672209e-07,-0.0013490462423995952,0.0013489380615139403,-0.001499866263690259,0.0014998850609454393,0.0,0.5001014528147771,0.4998985471852229,-0.007363450321897789
nearest,1.25,1,0.003,insertion_order,-2.940043112312196e-07,0.0007497535852100642,-1.0993992570244396e-06,-0.0013496004693130696,0.0013501087521300783,-0.0014999230083655372,0.0014999239987143179,0.0,0.500368,0.499632,-0.01470021556156098,-5.646663802160713e-07,0.0007492008631380843,-6.33240765164814e-07,-0.0013490882662021513,0.0013488989161631769,-0.001499866263690259,0.0014998850609454393,0.0,0.5002303550929967,0.4997696449070032,-0.012689530320806157
nearest,1.25,1,0.01,arrival_first,-1.606670973532649e-06,0.0025005059855458555,-4.319456752455153e-06,-0.004498685684446476,0.004502323728102054,-0.004999780431656594,0.004999786362471544,0.0,0.50047,0.49953,-0.08033354867663244,-7.509755037985176e-06,0.002503084599890903,-1.6262470468333695e-05,-0.00450285233169189,0.004500781699605118,-0.004999553668984192,0.004999521697059445,0.0,0.5016956411266406,0.49830435887335944,-0.16631191414915542
nearest,1.25,1,0.01,departure_first,-1.606670973532649e-06,0.0025005059855458555,-4.319456752455153e-06,-0.004498685684446476,0.004502323728102054,-0.004999780431656594,0.004999786362471544,0.0,0.50047,0.49953000000000003,-0.08033354867663244,-6.888889922220964e-06,0.002502852140683396,-1.5087329586881492e-05,-0.00450236207186567,0.004501014799596531,-0.004999568165344512,0.004999534777028571,0.0,0.5015913781450406,0.4984086218549594,-0.15346145110661852
nearest,1.25,1,0.01,insertion_order,-1.606670973532649e-06,0.0025005059855458555,-4.319456752455153e-06,-0.004498685684446476,0.004502323728102054,-0.004999780431656594,0.004999786362471544,0.0,0.50047,0.49953,-0.08033354867663244,-7.509755037985176e-06,0.002503084599890903,-1.6262470468333695e-05,-0.00450285233169189,0.004500781699605118,-0.004999553668984192,0.004999521697059445,0.0,0.5016956411266406,0.49830435887335944,-0.16631191414915544
nearest,1.25,1,0.03,arrival_first,7.979994306724923e-06,0.007506150404426817,1.2075260732065848e-05,-0.01350522803967427,0.013510566935187093,-0.01499934395363501,0.014999285883520012,0.0,0.499546,0.500454,0.3989997153362462,-2.9776609100450166e-05,0.007500745142075353,-9.56672314358968e-05,-0.013502421860247612,0.013509089631512013,-0.014998655162560891,0.014998859015191289,0.0,0.5032529975299009,0.49674700247009906,-0.6563330818768996
nearest,1.25,1,0.03,departure_first,7.979994306724923e-06,0.007506150404426817,1.2075260732065848e-05,-0.01350522803967427,0.013510566935187093,-0.01499934395363501,0.014999285883520012,0.0,0.499546,0.500454,0.3989997153362462,-2.873332374566669e-05,0.00749967686926017,-8.862238820940734e-05,-0.013502932773718624,0.013508916635325373,-0.0149987325122837,0.014998870936457704,0.0,0.5030439713152205,0.4969560286847795,-0.6436341653358234
nearest,1.25,1,0.03,insertion_order,7.979994306724925e-06,0.007506150404426817,1.2075260732065848e-05,-0.01350522803967427,0.013510566935187093,-0.01499934395363501,0.014999285883520012,0.0,0.499546,0.500454,0.3989997153362462,-2.9776609100450162e-05,0.007500745142075353,-9.56672314358968e-05,-0.013502421860247612,0.013509089631512013,-0.014998655162560891,0.014998859015191289,0.0,0.5032529975299009,0.49674700247009906,-0.6563330818768996
nearest,1.25,1,0.1,arrival_first,2.239996471072119e-06,0.02499595960715909,-8.099045620231967e-06,-0.044999791018914645,0.04500338520353807,-0.04999742015146088,0.049997932548255145,0.0,0.5001033333333333,0.49989666666666666,0.1119998235536059,-0.0003959430325383177,0.024999389989215685,-0.0011615620434805465,-0.04499773575519466,0.044972294066972,-0.049995298266573326,0.04999568427163031,0.0,0.5121029121128525,0.4878970878871475,-8.557477664030708
nearest,1.25,1,0.1,departure_first,2.2399964710721195e-06,0.02499595960715909,-8.099045620231967e-06,-0.044999791018914645,0.04500338520353807,-0.04999742015146088,0.049997932548255145,0.0,0.5001033333333333,0.49989666666666666,0.1119998235536059,-0.00040696430164909573,0.025000400317287143,-0.0011837478811286633,-0.044990135174562476,0.044982774804171365,-0.04999614575019943,0.049996443227480196,0.0,0.5122272353268292,0.48777276467317077,-9.281317524096862
nearest,1.25,1,0.1,insertion_order,2.2399964710721195e-06,0.02499595960715909,-8.099045620231967e-06,-0.044999791018914645,0.04500338520353807,-0.04999742015146088,0.049997932548255145,0.0,0.5001033333333333,0.49989666666666666,0.1119998235536059,-0.0003959430325383177,0.024999389989215685,-0.0011615620434805465,-0.04499773575519466,0.044972294066972,-0.049995298266573326,0.04999568427163031,0.0,0.5121029121128525,0.4878970878871475,-8.557477664030708
nearest,1.25,4,1e-05,arrival_first,-2.051418899403238e-11,2.4976183169170936e-06,1.9994937853577237e-09,-4.499416995713546e-06,4.495497075064728e-06,-4.999804938658296e-06,4.999802907453462e-06,6.666666666666667e-07,0.4997473333333333,0.500252,-1.025709449701632e-06,2.722010751296916e-09,2.5006023350759123e-06,2.8219403579513026e-09,-4.497186591293506e-06,4.499764780752424e-06,-4.9997940002090175e-06,4.999643880181555e-06,0.0,0.4996844709587777,0.5003155290412223,9.541137213969777e-05
nearest,1.25,4,1e-05,departure_first,-2.051418899403227e-11,2.4976183169170936e-06,1.9994937853577237e-09,-4.499416995713546e-06,4.495497075064728e-06,-4.999804938658296e-06,4.999802907453462e-06,6.666666666666667e-07,0.4997473333333333,0.500252,-1.025709449701632e-06,2.726716406548356e-09,2.5006064791349215e-06,2.822884135935307e-09,-4.4971866484490365e-06,4.49976438121725e-06,-4.9997940002090175e-06,4.999643880181555e-06,0.0,0.49968446374732484,0.5003155362526752,9.557444217889836e-05
nearest,1.25,4,1e-05,insertion_order,-2.0514188994032386e-11,2.4976183169170936e-06,1.9994937853577237e-09,-4.499416995713546e-06,4.495497075064728e-06,-4.999804938658296e-06,4.999802907453462e-06,6.666666666666667e-07,0.4997473333333334,0.500252,-1.025709449701632e-06,2.722010751296916e-09,2.5006023350759123e-06,2.8219403579513026e-09,-4.497186591293506e-06,4.499764780752424e-06,-4.9997940002090175e-06,4.999643880181555e-06,0.0,0.4996844709587777,0.5003155290412223,9.541137213969776e-05
nearest,1.25,4,3e-05,arrival_first,2.6847972209604143e-09,7.508127061976362e-06,-1.9646601382798203e-09,-1.3511618541694284e-05,1.35070223685337e-05,-1.4999431338461969e-05,1.4999403598873565e-05,0.0,0.5000373333333333,0.49996266666666667,0.00013423986104802073,2.0214851791700396e-08,7.502391799585055e-06,3.216544322464891e-08,-1.3501510298095883e-05,1.3508288649115948e-05,-1.4999360880734817e-05,1.4999257146628096e-05,0.0,0.49888244015842015,0.5011175598415798,0.0007109675141160191
nearest,1.25,4,3e-05,departure_first,2.6847972209604143e-09,7.508127061976362e-06,-1.9646601382798203e-09,-1.3511618541694284e-05,1.35070223685337e-05,-1.4999431338461969e-05,1.4999403598873565e-05,0.0,0.5000373333333333,0.49996266666666667,0.00013423986104802073,2.0271583565114588e-08,7.502404438511467e-06,3.2282749201618076e-08,-1.3501533685687008e-05,1.3508339139371722e-05,-1.4999360880734817e-05,1.4999257146628096e-05,0.0,0.4988800788327864,0.5011199211672136,0.000712972356421398
nearest,1.25,4,3e-05,insertion_order,2.6847972209604143e-09,7.508127061976362e-06,-1.9646601382798203e-09,-1.3511618541694284e-05,1.35070223685337e-05,-1.4999431338461969e-05,1.4999403598873565e-05,0.0,0.5000373333333333,0.49996266666666667,0.00013423986104802073,2.02148517917004e-08,7.502391799585055e-06,3.216544322464891e-08,-1.3501510298095883e-05,1.3508288649115948e-05,-1.4999360880734817e-05,1.4999257146628096e-05,0.0,0.49888244015842015,0.5011175598415798,0.0007109675141160191
nearest,1.25,4,0.0001,arrival_first,1.7672006737787643e-08,2.5000626848436698e-05,5.3349352432026835e-08,-4.500259779812647e-05,4.4999449119131886e-05,-4.999785857459453e-05,4.999791572117829e-05,0.0,0.4995286666666667,0.5004713333333333,0.0008836003368893823,4.8878218089784e-09,2.5022699364993565e-05,1.9573997374922973e-09,-4.49917361618404e-05,4.501903292962065e-05,-4.999734903866152e-05,4.9997187180720694e-05,0.0,0.49994466299271406,0.500055337007286,0.00017638838458814188
nearest,1.25,4,0.0001,departure_first,1.7672006737787643e-08,2.5000626848436698e-05,5.3349352432026835e-08,-4.500259779812647e-05,4.4999449119131886e-05,-4.999785857459453e-05,4.999791572117829e-05,0.0,0.4995286666666667,0.5004713333333333,0.0008836003368893823,4.483506931156315e-09,2.5022765284317123e-05,7.235306507570594e-10,-4.49922443139358e-05,4.5019125232804125e-05,-4.999734903866152e-05,4.9997187180720694e-05,0.0,0.4999536274329366,0.5000463725670634,0.00016203471639577305
nearest,1.25,4,0.0001,insertion_order,1.7672006737787643e-08,2.5000626848436698e-05,5.3349352432026835e-08,-4.500259779812647e-05,4.4999449119131886e-05,-4.999785857459453e-05,4.999791572117829e-05,0.0,0.4995286666666667,0.5004713333333333,0.0008836003368893823,4.887821808978399e-09,2.5022699364993565e-05,1.9573997374922973e-09,-4.49917361618404e-05,4.501903292962065e-05,-4.999734903866152e-05,4.9997187180720694e-05,0.0,0.49994466299271406,0.500055337007286,0.00017638838458814188
nearest,1.25,4,0.0003,arrival_first,2.100208501087763e-08,7.501922022976366e-05,2.2494108028089006e-08,-0.00013506626442904237,0.0001350161768186808,-0.00014999429546757407,0.00014999336262917496,0.0,0.49990866666666667,0.5000913333333333,0.0010501042505438817,-6.76340284949041e-08,7.499036372392697e-05,-1.3800110155597473e-07,-0.0001350538041557811,0.00013500243973072238,-0.0001499888290139733,0.00014999135753693664,0.0,0.5004712201057562,0.4995287798942438,-0.002369486503039995
nearest,1.25,4,0.0003,departure_first,2.1002085010877633e-08,7.501922022976366e-05,2.2494108028089006e-08,-0.00013506626442904237,0.0001350161768186808,-0.00014999429546757407,0.00014999336262917496,0.0,0.49990866666666667,0.5000913333333333,0.0010501042505438817,-6.713953204821787e-08,7.49914078183335e-05,-1.3462000273920897e-07,-0.00013505476135486548,0.00013500189647528454,-0.0001499888290139733,0.00014999135753693664,0.0,0.5004622391817499,0.4995377608182501,-0.0023517809424909992
nearest,1.25,4,0.0003,insertion_order,2.1002085010877636e-08,7.501922022976366e-05,2.2494108028089006e-08,-0.00013506626442904237,0.0001350161768186808,-0.00014999429546757407,0.00014999336262917496,0.0,0.4999086666666666,0.5000913333333333,0.0010501042505438817,-6.76340284949041e-08,7.499036372392697e-05,-1.3800110155597473e-07,-0.0001350538041557811,0.00013500243973072238,-0.0001499888290139733,0.00014999135753693664,0.0,0.5004712201057562,0.4995287798942438,-0.002369486503039995
nearest,1.25,4,0.001,arrival_first,1.6853802045776926e-07,0.0002498649080523686,-4.214269514098608e-08,-0.0004499801320162078,0.0004498302088040872,-0.0004999817830745693,0.0004999820654423577,0.0,0.5000266666666666,0.4999733333333333,0.008426901022888462,-2.1934077323756257e-07,0.0002500220097197538,-3.3961722007633254e-07,-0.00045004989886999824,0.0004497263569774133,-0.0004999657523529003,0.0004999761821399875,0.0,0.5003547535221579,0.4996452464778421,-0.007753712733593519
nearest,1.25,4,0.001,departure_first,1.6853802045776926e-07,0.0002498649080523686,-4.214269514098608e-08,-0.0004499801320162078,0.0004498302088040872,-0.0004999817830745693,0.0004999820654423577,0.0,0.5000266666666666,0.4999733333333333,0.008426901022888462,-2.3393976937731702e-07,0.0002500189254399146,-3.8214318471973863e-07,-0.0004500285864003896,0.00044973168982643185,-0.0004999657523529003,0.0004999761821399875,0.0,0.5003974117972209,0.4996025882027792,-0.008266926562266103
nearest,1.25,4,0.001,insertion_order,1.6853802045776926e-07,0.0002498649080523686,-4.214269514098608e-08,-0.0004499801320162078,0.0004498302088040872,-0.0004999817830745693,0.0004999820654423577,0.0,0.5000266666666666,0.4999733333333333,0.008426901022888462,-2.1934077323756257e-07,0.0002500220097197538,-3.3961722007633254e-07,-0.00045004989886999824,0.0004497263569774133,-0.0004999657523529003,0.0004999761821399875,0.0,0.5003547535221579,0.4996452464778421,-0.007753712733593519
nearest,1.25,4,0.003,arrival_first,-9.107953117851745e-07,0.0007499105924641708,-1.7363234292133712e-06,-0.0013497565838512552,0.001349517724036862,-0.0014999302875366993,0.0014999413348959934,0.0,0.5006826666666667,0.4993173333333333,-0.04553976558925873,-2.7856217361263285e-07,0.0007494812548326506,-3.9294939671007573e-07,-0.001349833693558826,0.001349030547770915,-0.0014999140375460017,0.0014999180002574022,0.0,0.5001512445228647,0.4998487554771352,-0.009676966915015635
nearest,1.25,4,0.003,departure_first,-9.107953117851746e-07,0.0007499105924641708,-1.7363234292133712e-06,-0.0013497565838512552,0.001349517724036862,-0.0014999302875366993,0.0014999413348959934,0.0,0.5006826666666667,0.4993173333333333,-0.04553976558925873,-1.989940813134478e-07,0.0007495125905718197,-3.519507127079195e-07,-0.0013498904954960071,0.0013490106848165458,-0.0014999140375460017,0.0014999180002574022,0.0,0.5001260364466368,0.4998739635533632,-0.006879182066970024
nearest,1.25,4,0.003,insertion_order,-9.107953117851746e-07,0.0007499105924641708,-1.7363234292133712e-06,-0.0013497565838512552,0.001349517724036862,-0.0014999302875366993,0.0014999413348959934,0.0,0.5006826666666667,0.4993173333333333,-0.04553976558925873,-2.7856217361263285e-07,0.0007494812548326506,-3.9294939671007573e-07,-0.001349833693558826,0.001349030547770915,-0.0014999140375460017,0.0014999180002574022,0.0,0.5001512445228647,0.4998487554771352,-0.009676966915015635
nearest,1.25,4,0.01,arrival_first,9.952046933940437e-07,0.00249921716262171,1.941197297128383e-06,-0.004499774821218428,0.0044994330925934856,-0.004999773643946052,0.004999821472802068,0.0,0.499766,0.5002340000000001,0.04976023466970218,-1.0477023908907845e-05,0.0025012938568925503,-2.097023671012004e-05,-0.004503014520969793,0.004500390140804945,-0.0049997715123443415,0.004999751449260441,0.0,0.5022221628675954,0.49777783713240464,-0.3674960781633378
nearest,1.25,4,0.01,departure_first,9.952046933940437e-07,0.00249921716262171,1.941197297128383e-06,-0.004499774821218428,0.0044994330925934856,-0.004999773643946052,0.004999821472802068,0.0,0.499766,0.5002340000000001,0.04976023466970218,-1.0805482188188104e-05,0.0025013828271670657,-2.144970068689557e-05,-0.004502762071757926,0.0045001139110945575,-0.004999777319874654,0.004999743367001203,0.0,0.5022853496327225,0.49771465036727747,-0.37917277032539864
nearest,1.25,4,0.01,insertion_order,9.95204693394044e-07,0.00249921716262171,1.941197297128383e-06,-0.004499774821218428,0.0044994330925934856,-0.004999773643946052,0.004999821472802068,0.0,0.499766,0.5002340000000001,0.04976023466970218,-1.0477023908907845e-05,0.0025012938568925503,-2.097023671012004e-05,-0.004503014520969793,0.004500390140804945,-0.0049997715123443415,0.004999751449260441,0.0,0.5022221628675954,0.49777783713240464,-0.3674960781633378
nearest,1.25,4,0.03,arrival_first,-6.22479669734518e-06,0.0075004900161195305,-4.982136685309039e-06,-0.013491878982595153,0.013503503348721699,-0.014999427404442637,0.014999490882140283,0.0,0.500166,0.499834,-0.311239834867259,-5.2524228788658057e-05,0.007507154176231559,-0.0001342916827639863,-0.013515276471833272,0.013490191872894021,-0.014999466853592101,0.014999077368765375,0.0,0.5045235949134105,0.49547640508658947,-1.8442311949842434
nearest,1.25,4,0.03,departure_first,-6.224796697345179e-06,0.0075004900161195305,-4.982136685309039e-06,-0.013491878982595153,0.013503503348721699,-0.014999427404442637,0.014999490882140283,0.0,0.500166,0.499834,-0.311239834867259,-5.2728865389608654e-05,0.007506969602945498,-0.00013420378322031,-0.013515100940231532,0.013489814994735802,-0.014999433958075608,0.014999082620018863,0.0,0.5045154497516376,0.4954845502483624,-1.8545492052066843
nearest,1.25,4,0.03,insertion_order,-6.22479669734518e-06,0.0075004900161195305,-4.982136685309039e-06,-0.013491878982595153,0.013503503348721699,-0.014999427404442637,0.014999490882140283,0.0,0.500166,0.499834,-0.311239834867259,-5.252422878865805e-05,0.007507154176231559,-0.0001342916827639863,-0.013515276471833272,0.013490191872894021,-0.014999466853592101,0.014999077368765375,0.0,0.5045235949134105,0.49547640508658947,-1.8442311949842434
nearest,1.25,4,0.1,arrival_first,-2.4731461193690545e-05,0.025005852580466205,-4.9079218554955636e-05,-0.04500240555229994,0.045003862329340324,-0.04999806470756691,0.04999787007054692,0.0,0.5004706666666666,0.4995293333333333,-1.2365730596845272,-0.000414165163703759,0.025010146125281737,-0.001216951404653397,-0.04499965179605845,0.04502661365465948,-0.04999707338133307,0.049997847953144776,0.0,0.5128789603898773,0.4871210396101226,-14.510054515479089
nearest,1.25,4,0.1,departure_first,-2.4731461193690545e-05,0.025005852580466205,-4.9079218554955636e-05,-0.04500240555229994,0.045003862329340324,-0.04999806470756691,0.04999787007054692,0.0,0.5004706666666666,0.4995293333333333,-1.2365730596845272,-0.00042616680610816965,0.02500926419186431,-0.0012455359263197042,-0.04499271238445922,0.04502095405011198,-0.049996660604067884,0.04999786627751925,0.0,0.5131235028241159,0.4868764971758841,-15.011347164804729
nearest,1.25,4,0.1,insertion_order,-2.4731461193690545e-05,0.025005852580466205,-4.9079218554955636e-05,-0.04500240555229994,0.045003862329340324,-0.04999806470756691,0.04999787007054692,0.0,0.5004706666666666,0.4995293333333333,-1.2365730596845272,-0.000414165163703759,0.025010146125281737,-0.001216951404653397,-0.04499965179605845,0.04502661365465948,-0.04999707338133307,0.049997847953144776,0.0,0.5128789603898773,0.4871210396101226,-14.510054515479089
nearest,1.25,8,1e-05,arrival_first,-7.913587378425291e-10,2.500660966717381e-06,-1.9355108330879982e-09,-4.499237855573787e-06,4.501589432948093e-06,-4.9998174290522005e-06,4.999835346097825e-06,6.666666666666667e-07,0.5002726666666667,0.49972666666666665,-3.956793689212646e-05,-1.2114060072812388e-09,2.499118585093493e-06,-2.749055435627828e-09,-4.500961778830131e-06,4.500986691119533e-06,-4.999712512861361e-06,4.9996544151251975e-06,0.0,0.5002835477463953,0.49971645225360467,-4.604817803003173e-05
nearest,1.25,8,1e-05,departure_first,-7.913587378425292e-10,2.500660966717381e-06,-1.9355108330879982e-09,-4.499237855573787e-06,4.501589432948093e-06,-4.9998174290522005e-06,4.999835346097825e-06,6.666666666666667e-07,0.5002726666666667,0.49972666666666665,-3.956793689212646e-05,-1.2183471129540092e-09,2.4991132021751454e-06,-2.8506534339292043e-09,-4.500947884974805e-06,4.500955740767993e-06,-4.999712512861361e-06,4.9996544151251975e-06,0.0,0.50028831782251,0.49971168217748996,-4.632152714777808e-05
nearest,1.25,8,1e-05,insertion_order,-7.913587378425289e-10,2.500660966717381e-06,-1.9355108330879982e-09,-4.499237855573787e-06,4.501589432948093e-06,-4.9998174290522005e-06,4.999835346097825e-06,6.666666666666667e-07,0.5002726666666667,0.49972666666666665,-3.956793689212646e-05,-1.2114060072812388e-09,2.499118585093493e-06,-2.749055435627828e-09,-4.500961778830131e-06,4.500986691119533e-06,-4.999712512861361e-06,4.9996544151251975e-06,0.0,0.5002835477463953,0.4997164522536047,-4.604817803003173e-05
nearest,1.25,8,3e-05,arrival_first,8.473951170950993e-09,7.502682419508649e-06,5.2850433955124265e-09,-1.3504180862279705e-05,1.3506507323957821e-05,-1.4999368916808938e-05,1.4999316893711997e-05,0.0,0.49978,0.50022,0.00042369755854754963,-8.182737171423244e-09,7.507074700231314e-06,-1.5475589247668924e-08,-1.349796607234123e-05,1.350552022084471e-05,-1.499913044976624e-05,1.4999218063336168e-05,8.732404205525866e-07,0.5005206289939906,0.49947849776558884,-0.00031346462367426
nearest,1.25,8,3e-05,departure_first,8.473951170950993e-09,7.502682419508649e-06,5.2850433955124265e-09,-1.3504180862279705e-05,1.3506507323957821e-05,-1.4999368916808938e-05,1.4999316893711997e-05,0.0,0.49978,0.50022,0.00042369755854754963,-8.181921287445193e-09,7.507002111674129e-06,-1.561093042713619e-08,-1.3497906077658294e-05,1.350553880194905e-05,-1.499913044976624e-05,1.4999218063336168e-05,8.732404205525866e-07,0.5005240783408061,0.49947504841877327,-0.0003134358951522274
nearest,1.25,8,3e-05,insertion_order,8.473951170950993e-09,7.502682419508649e-06,5.2850433955124265e-09,-1.3504180862279705e-05,1.3506507323957821e-05,-1.4999368916808938e-05,1.4999316893711997e-05,0.0,0.49978000000000006,0.50022,0.00042369755854754963,-8.182737171423246e-09,7.507074700231314e-06,-1.5475589247668924e-08,-1.349796607234123e-05,1.350552022084471e-05,-1.499913044976624e-05,1.4999218063336168e-05,8.732404205525866e-07,0.5005206289939906,0.4994784977655888,-0.00031346462367426003
nearest,1.25,8,0.0001,arrival_first,-4.353217190631161e-08,2.49888207430328e-05,-3.59981565149307e-08,-4.499871439444784e-05,4.5003757153002265e-05,-4.999760324911525e-05,4.9998448866972466e-05,6.666666666666667e-07,0.50042,0.4995793333333333,-0.0021766085953155803,4.110539109392004e-09,2.5008401424308817e-05,-3.0307743085350444e-08,-4.5009419269557476e-05,4.502943065743308e-05,-4.99981776413529e-05,4.999775259003393e-05,0.0,0.5002823614333377,0.4997176385666623,0.0001561937981913259
nearest,1.25,8,0.0001,departure_first,-4.353217190631161e-08,2.49888207430328e-05,-3.59981565149307e-08,-4.499871439444784e-05,4.5003757153002265e-05,-4.999760324911525e-05,4.9998448866972466e-05,6.666666666666667e-07,0.50042,0.4995793333333333,-0.0021766085953155803,2.549054331922292e-09,2.500877567488939e-05,-3.370162763374762e-08,-4.500901196196256e-05,4.502972412534168e-05,-4.99981776413529e-05,4.999775259003393e-05,0.0,0.5003097386701174,0.4996902613298825,9.627604745261926e-05
nearest,1.25,8,0.0001,insertion_order,-4.353217190631161e-08,2.49888207430328e-05,-3.59981565149307e-08,-4.499871439444784e-05,4.5003757153002265e-05,-4.999760324911525e-05,4.9998448866972466e-05,6.666666666666667e-07,0.50042,0.4995793333333333,-0.0021766085953155803,4.110539109392002e-09,2.5008401424308817e-05,-3.0307743085350444e-08,-4.5009419269557476e-05,4.502943065743308e-05,-4.99981776413529e-05,4.999775259003393e-05,0.0,0.5002823614333377,0.4997176385666623,0.00015619379819132586
nearest,1.25,8,0.0003,arrival_first,-5.6668754498484e-08,7.50506685957395e-05,-7.515756503077379e-08,-0.00013504838439227268,0.00013496946913771048,-0.00014999498218154866,0.00014999533221574286,6.666666666666667e-07,0.5002753333333333,0.49972399999999995,-0.0028334377249242,-1.0513400100298617e-07,7.497233876989675e-05,-3.338221188853412e-07,-0.0001348874289211639,0.00013499964907958962,-0.00014999111709475464,0.00014999305720498943,0.0,0.5011733858749,0.49882661412510004,-0.004038457485922147
nearest,1.25,8,0.0003,departure_first,-5.6668754498484e-08,7.50506685957395e-05,-7.515756503077379e-08,-0.00013504838439227268,0.00013496946913771048,-0.00014999498218154866,0.00014999533221574286,6.666666666666667e-07,0.5002753333333333,0.49972399999999995,-0.0028334377249242,-1.0518939766990383e-07,7.4971947010004e-05,-3.3714970223118944e-07,-0.00013488415619485183,0.00013499845645557825,-0.00014999111697348866,0.00014999305720498943,0.0,0.5011806121452211,0.49881938785477886,-0.004040889420647982
nearest,1.25,8,0.0003,insertion_order,-5.6668754498484e-08,7.50506685957395e-05,-7.515756503077379e-08,-0.00013504838439227268,0.00013496946913771048,-0.00014999498218154866,0.00014999533221574286,6.666666666666667e-07,0.5002753333333333,0.49972399999999995,-0.0028334377249242,-1.0513400100298617e-07,7.497233876989675e-05,-3.338221188853412e-07,-0.0001348874289211639,0.00013499964907958962,-0.00014999111709475464,0.00014999305720498943,0.0,0.5011733858749,0.49882661412510004,-0.004038457485922147
nearest,1.25,8,0.001,arrival_first,9.3333845927494e-08,0.0002501837112616707,1.9454196262813638e-07,-0.0004499025281908568,0.00045043114926102124,-0.0004999788206684268,0.0004999787167738153,0.0,0.49971533333333334,0.5002846666666667,0.004666692296374701,1.224057240671653e-07,0.00025015048063627187,3.6042449932568074e-07,-0.00044995819494437236,0.00044999717149056556,-0.000499985616962366,0.0004999677398440652,0.0,0.4996622442051574,0.5003377557948425,0.004641827232772125
nearest,1.25,8,0.001,departure_first,9.333384592749401e-08,0.0002501837112616707,1.9454196262813638e-07,-0.0004499025281908568,0.00045043114926102124,-0.0004999788206684268,0.0004999787167738153,0.0,0.49971533333333334,0.5002846666666667,0.004666692296374701,1.256285909094709e-07,0.0002501512661664849,3.5393101183468316e-07,-0.0004499520747658309,0.000449993960368443,-0.000499985616719834,0.0004999677398440652,0.0,0.49965838382699884,0.5003416161730012,0.004766150641539032
nearest,1.25,8,0.001,insertion_order,9.333384592749402e-08,0.0002501837112616707,1.9454196262813638e-07,-0.0004499025281908568,0.00045043114926102124,-0.0004999788206684268,0.0004999787167738153,0.0,0.49971533333333334,0.5002846666666667,0.004666692296374701,1.224057240671653e-07,0.00025015048063627187,3.6042449932568074e-07,-0.00044995819494437236,0.00044999717149056556,-0.000499985616962366,0.0004999677398440652,0.0,0.4996622442051574,0.5003377557948425,0.004641827232772126
nearest,1.25,8,0.003,arrival_first,2.8733384532733905e-07,0.0007499577261498722,8.161885337661564e-07,-0.0013503882951651273,0.0013500163442874205,-0.001499917160829985,0.0014999498036862254,0.0,0.49968266666666666,0.5003173333333334,0.014366692266366953,-6.305477285861586e-08,0.000749917666380871,4.083791765746349e-07,-0.0013498428293703347,0.0013502428368737276,-0.0014999351584527244,0.0014999018711831344,0.0,0.4999385914484099,0.5000614085515901,-0.002402540903408239
nearest,1.25,8,0.003,departure_first,2.8733384532733905e-07,0.0007499577261498722,8.161885337661564e-07,-0.0013503882951651273,0.0013500163442874205,-0.001499917160829985,0.0014999498036862254,0.0,0.49968266666666666,0.5003173333333334,0.014366692266366953,-1.6936261576905495e-08,0.0007499026968515427,2.836757143560145e-07,-0.0013497759292299784,0.001350232230233421,-0.0014999351584527244,0.0014999018713044005,0.0,0.5000004707905936,0.4999995292094063,-0.0006704619738158132
nearest,1.25,8,0.003,insertion_order,2.873338453273391e-07,0.0007499577261498722,8.161885337661564e-07,-0.0013503882951651273,0.0013500163442874205,-0.001499917160829985,0.0014999498036862254,0.0,0.49968266666666666,0.5003173333333334,0.014366692266366953,-6.305477285861584e-08,0.000749917666380871,4.083791765746349e-07,-0.0013498428293703347,0.0013502428368737276,-0.0014999351584527244,0.0014999018711831344,0.0,0.4999385914484099,0.5000614085515901,-0.002402540903408241
nearest,1.25,8,0.01,arrival_first,-1.3579994844321842e-06,0.0024973330054325407,-1.0208912044618046e-06,-0.004499136258198935,0.004498820953302432,-0.004999807396052347,0.004999798280429483,0.0,0.5001019999999999,0.499898,-0.06789997422160923,-4.290676570849657e-06,0.0024997881422041224,-1.588303294360778e-05,-0.004498642994997146,0.004498968045535322,-0.004999748270170335,0.0049996486851303385,0.0,0.5015766144593283,0.4984233855406716,-0.16617928495543674
nearest,1.25,8,0.01,departure_first,-1.3579994844321844e-06,0.0024973330054325407,-1.0208912044618046e-06,-0.004499136258198935,0.004498820953302432,-0.004999807396052347,0.004999798280429483,0.0,0.5001019999999999,0.499898,-0.06789997422160923,-4.742938617784125e-06,0.0024996656220690034,-1.6584794507623103e-05,-0.004499130435123304,0.0044987315418859985,-0.004999748270170335,0.004999674866364307,0.0,0.5016486104397143,0.49835138956028574,-0.18360824185443592
nearest,1.25,8,0.01,insertion_order,-1.3579994844321844e-06,0.0024973330054325407,-1.0208912044618046e-06,-0.004499136258198935,0.004498820953302432,-0.004999807396052347,0.004999798280429483,0.0,0.5001019999999999,0.499898,-0.06789997422160923,-4.290676570849657e-06,0.0024997881422041224,-1.588303294360778e-05,-0.004498642994997146,0.004498968045535322,-0.004999748270170335,0.0049996486851303385,0.0,0.5015766144593283,0.4984233855406716,-0.16617928495543674
nearest,1.25,8,0.03,arrival_first,6.595332463829434e-06,0.007501991814028271,6.601913537451765e-06,-0.013496605204418302,0.013495942499674427,-0.014999590003177824,0.014999266278179373,0.0,0.49972933333333336,0.5002706666666666,0.3297666231914718,-4.1042050500873595e-05,0.007500573717496017,-0.00012588972448039786,-0.013498018551034108,0.01350026505122234,-0.014999255553744463,0.014999174395347092,0.0,0.5042630938004113,0.4957369061995887,-1.578231970928321
nearest,1.25,8,0.03,departure_first,6.595332463829436e-06,0.007501991814028271,6.601913537451765e-06,-0.013496605204418302,0.013495942499674427,-0.014999590003177824,0.014999266278179373,0.0,0.49972933333333336,0.5002706666666666,0.3297666231914718,-4.2040861838013516e-05,0.007501296760107389,-0.00012788189140102745,-0.013498933739889422,0.013499063816421707,-0.014999312830593782,0.01499922803554294,0.0,0.5043185045953936,0.4956814954046064,-1.616796916404179
nearest,1.25,8,0.03,insertion_order,6.595332463829435e-06,0.007501991814028271,6.601913537451765e-06,-0.013496605204418302,0.013495942499674427,-0.014999590003177824,0.014999266278179373,0.0,0.49972933333333336,0.5002706666666666,0.3297666231914718,-4.1042050500873595e-05,0.007500573717496017,-0.00012588972448039786,-0.013498018551034108,0.01350026505122234,-0.014999255553744463,0.014999174395347092,0.0,0.5042630938004113,0.4957369061995887,-1.5782319709283212
nearest,1.25,8,0.1,arrival_first,3.240866796148597e-05,0.025007411733372606,3.923321537513402e-05,-0.04499292544227198,0.04500631333299451,-0.049997714747314605,0.04999814833539252,0.0,0.499606,0.500394,1.6204333980742982,-0.00043390682531210464,0.02501362671226124,-0.001210529050171602,-0.04499577317785208,0.0449667010757286,-0.04999752527797988,0.049998050575503404,0.0,0.5126713293317925,0.4873286706682075,-16.659820373355494
nearest,1.25,8,0.1,departure_first,3.240866796148597e-05,0.025007411733372606,3.923321537513402e-05,-0.04499292544227198,0.04500631333299451,-0.049997714747314605,0.04999814833539252,0.0,0.499606,0.500394,1.6204333980742982,-0.0004100601944612778,0.025004276124366693,-0.0011717074816111465,-0.044990336756938434,0.04497291424096905,-0.04999775490516128,0.049997999120950945,0.0,0.5122796146811651,0.4877203853188349,-15.755942015076645
nearest,1.25,8,0.1,insertion_order,3.240866796148597e-05,0.025007411733372606,3.923321537513402e-05,-0.04499292544227198,0.04500631333299451,-0.049997714747314605,0.04999814833539252,0.0,0.499606,0.500394,1.6204333980742982,-0.00043390682531210464,0.02501362671226124,-0.001210529050171602,-0.04499577317785208,0.0449667010757286,-0.04999752527797988,0.049998050575503404,0.0,0.5126713293317925,0.4873286706682075,-16.659820373355494
nearest,1.25,16,1e-05,arrival_first,-7.84524212879963e-10,2.500174034713988e-06,-3.5795134560127432e-09,-4.50018705275094e-06,4.5017954183398e-06,-4.999853566308351e-06,4.999814397403194e-06,6.666666666666667e-07,0.5004433333333334,0.499556,-3.9226210643998155e-05,-3.563678732376239e-09,2.5003388445354903e-06,-6.3353841173464e-09,-4.499269343141079e-06,4.497580603485134e-06,-4.999630550590522e-06,4.999776840986421e-06,0.0,0.5006291668327897,0.49937083316721037,-0.00014073985598911967
nearest,1.25,16,1e-05,departure_first,-7.845242128799631e-10,2.500174034713988e-06,-3.5795134560127432e-09,-4.50018705275094e-06,4.5017954183398e-06,-4.999853566308351e-06,4.999814397403194e-06,6.666666666666667e-07,0.5004433333333334,0.499556,-3.9226210643998155e-05,-3.4876302093015355e-09,2.5003304787529854e-06,-6.156947849935331e-09,-4.499276390503817e-06,4.497612074112108e-06,-4.999630550590522e-06,4.999776840986421e-06,0.0,0.5006103140373976,0.49938968596260225,-0.00013770955777513879
nearest,1.25,16,1e-05,insertion_order,-7.845242128799631e-10,2.500174034713988e-06,-3.5795134560127432e-09,-4.50018705275094e-06,4.5017954183398e-06,-4.999853566308351e-06,4.999814397403194e-06,6.666666666666667e-07,0.5004433333333334,0.499556,-3.9226210643998155e-05,-3.563678732376239e-09,2.5003388445354903e-06,-6.3353841173464e-09,-4.499269343141079e-06,4.497580603485134e-06,-4.999630550590522e-06,4.999776840986421e-06,0.0,0.5006291668327897,0.49937083316721037,-0.0001407398559891197
nearest,1.25,16,3e-05,arrival_first,4.700784765494366e-09,7.495260814531017e-06,9.590151724599612e-09,-1.3505253365716877e-05,1.3495482188166835e-05,-1.4999535172440423e-05,1.4999507250953077e-05,0.0,0.49970733333333334,0.5002926666666666,0.00023503923827471833,-1.0484636211193182e-08,7.500639893719989e-06,-1.0163166979752318e-08,-1.3506741221802783e-05,1.3488683463918712e-05,-1.499930307878201e-05,1.4999288591824774e-05,0.0,0.5002828937069475,0.4997171062930525,-0.00041847265936840534
nearest,1.25,16,3e-05,departure_first,4.700784765494366e-09,7.495260814531017e-06,9.590151724599612e-09,-1.3505253365716877e-05,1.3495482188166835e-05,-1.4999535172440423e-05,1.4999507250953077e-05,0.0,0.49970733333333334,0.5002926666666666,0.00023503923827471833,-1.059651048583812e-08,7.500523105782218e-06,-1.077971935618006e-08,-1.3506498348872622e-05,1.3488783527414811e-05,-1.499930307878201e-05,1.4999288591824774e-05,0.0,0.5003042935961904,0.49969570640380956,-0.00042286436593332786
nearest,1.25,16,3e-05,insertion_order,4.700784765494366e-09,7.495260814531017e-06,9.590151724599612e-09,-1.3505253365716877e-05,1.3495482188166835e-05,-1.4999535172440423e-05,1.4999507250953077e-05,0.0,0.49970733333333334,0.5002926666666666,0.00023503923827471833,-1.0484636211193182e-08,7.500639893719989e-06,-1.0163166979752318e-08,-1.3506741221802783e-05,1.3488683463918712e-05,-1.499930307878201e-05,1.4999288591824774e-05,0.0,0.5002828937069475,0.4997171062930525,-0.00041847265936840534
nearest,1.25,16,0.0001,arrival_first,4.620799484291638e-08,2.498789837705226e-05,6.196649640817971e-08,-4.495589923559844e-05,4.4997707380692484e-05,-4.9997333553619684e-05,4.999748671252746e-05,0.0,0.49940599999999996,0.500594,0.002310399742145819,-5.864476748187249e-10,2.4998223139758332e-05,-2.5760651610936178e-08,-4.498739734019439e-05,4.501795870197311e-05,-4.9997514416567566e-05,4.99974538176957e-05,0.0,0.5002180807711775,0.49978191922882254,-1.1500025888729291e-05
nearest,1.25,16,0.0001,departure_first,4.620799484291638e-08,2.498789837705226e-05,6.196649640817971e-08,-4.495589923559844e-05,4.4997707380692484e-05,-4.9997333553619684e-05,4.999748671252746e-05,0.0,0.49940599999999996,0.500594,0.002310399742145819,-6.385918944344635e-10,2.4999218262936908e-05,-2.624416046348819e-08,-4.4987402879899954e-05,4.5020320680420416e-05,-4.9997514416567566e-05,4.99974538176957e-05,0.0,0.500233800762021,0.4997661992379791,-1.2265417223330585e-05
nearest,1.25,16,0.0001,insertion_order,4.620799484291638e-08,2.498789837705226e-05,6.196649640817971e-08,-4.495589923559844e-05,4.4997707380692484e-05,-4.9997333553619684e-05,4.999748671252746e-05,0.0,0.49940599999999996,0.500594,0.002310399742145819,-5.864476748187231e-10,2.4998223139758332e-05,-2.5760651610936178e-08,-4.498739734019439e-05,4.501795870197311e-05,-4.9997514416567566e-05,4.99974538176957e-05,0.0,0.5002180807711775,0.49978191922882254,-1.1500025888729262e-05
nearest,1.25,16,0.0003,arrival_first,7.453807665478962e-08,7.491657299312282e-05,5.193257190209503e-08,-0.00013496044502062432,0.00013499230861119333,-0.00014999215609350357,0.00014999487805956354,6.666666666666667e-07,0.4998593333333333,0.50014,0.003726903832739481,-5.4163874998548435e-08,7.493583045723328e-05,-9.103399606825625e-08,-0.00013499929898011612,0.0001349234890099536,-0.00014999254786233275,0.00014999388916468414,0.0,0.5002801924674779,0.4997198075325221,-0.00214636348871751
nearest,1.25,16,0.0003,departure_first,7.453807665478962e-08,7.491657299312282e-05,5.193257190209503e-08,-0.00013496044502062432,0.00013499230861119333,-0.00014999215609350357,0.00014999487805956354,6.666666666666667e-07,0.4998593333333333,0.50014,0.003726903832739481,-5.549221322316538e-08,7.493058633527215e-05,-1.0872221896859416e-07,-0.00013498900878206204,0.00013492167648771752,-0.00014999254786233275,0.00014999388916468414,0.0,0.5003531604514673,0.4996468395485328,-0.002198144980397541
nearest,1.25,16,0.0003,insertion_order,7.453807665478962e-08,7.491657299312282e-05,5.193257190209503e-08,-0.00013496044502062432,0.00013499230861119333,-0.00014999215609350357,0.00014999487805956354,6.666666666666667e-07,0.4998593333333333,0.50014,0.003726903832739481,-5.416387499854842e-08,7.493583045723328e-05,-9.103399606825625e-08,-0.00013499929898011612,0.0001349234890099536,-0.00014999254786233275,0.00014999388916468414,0.0,0.5002801924674779,0.49971980753252215,-0.00214636348871751
nearest,1.25,16,0.001,arrival_first,-1.0399265380328871e-07,0.0002500139873544443,-3.175479226532237e-07,-0.00045042211268840523,0.0004498433105967099,-0.0004999724788225042,0.0004999775700222623,0.0,0.5002613333333333,0.49973866666666666,-0.005199632690164435,1.6899360632890666e-07,0.0002498531378516752,1.7214762215294704e-07,-0.00044979983770409356,0.00045031515161658795,-0.0004999683964643985,0.0004999737703450721,0.0,0.49987003220686704,0.5001299677931329,0.006667285636137703
nearest,1.25,16,0.001,departure_first,-1.0399265380328871e-07,0.0002500139873544443,-3.175479226532237e-07,-0.00045042211268840523,0.0004498433105967099,-0.0004999724788225042,0.0004999775700222623,0.0,0.5002613333333333,0.49973866666666666,-0.005199632690164435,1.8897147608056198e-07,0.0002498556850170257,2.589594038658142e-07,-0.0004497972143871896,0.0004503261118931281,-0.0004999683961915501,0.0004999772704618427,0.0,0.49980526283651877,0.5001947371634813,0.007445492943591303
nearest,1.25,16,0.001,insertion_order,-1.0399265380328872e-07,0.0002500139873544443,-3.175479226532237e-07,-0.00045042211268840523,0.0004498433105967099,-0.0004999724788225042,0.0004999775700222623,0.0,0.5002613333333333,0.49973866666666666,-0.005199632690164435,1.6899360632890666e-07,0.0002498531378516752,1.7214762215294704e-07,-0.00044979983770409356,0.00045031515161658795,-0.0004999683964643985,0.0004999737703450721,0.0,0.49987003220686704,0.5001299677931329,0.006667285636137703
nearest,1.25,16,0.003,arrival_first,2.493406788192564e-07,0.0007498451227234072,9.315938162520372e-07,-0.0013503258640578982,0.0013501249387733573,-0.001499921359451643,0.0014999427411567013,0.0,0.49973866666666666,0.5002613333333333,0.012467033940962817,-6.730231817371477e-07,0.0007502672514515298,-2.0916189160386014e-06,-0.0013500414540984361,0.0013500581974009334,-0.0014999257488124348,0.0014999137076561109,0.0,0.5007810509404641,0.49921894905953584,-0.02681272789300742
nearest,1.25,16,0.003,departure_first,2.493406788192564e-07,0.0007498451227234072,9.315938162520372e-07,-0.0013503258640578982,0.0013501249387733573,-0.001499921359451643,0.0014999427411567013,0.0,0.49973866666666666,0.5002613333333333,0.012467033940962817,-7.765711869012001e-07,0.0007505090560527455,-2.4704108306852596e-06,-0.00135012263651552,0.0013501388927543304,-0.0014999312945249963,0.0014999137104880409,0.0,0.5008942039378229,0.4991057960621771,-0.03084559901999514
nearest,1.25,16,0.003,insertion_order,2.493406788192564e-07,0.0007498451227234072,9.315938162520372e-07,-0.0013503258640578982,0.0013501249387733573,-0.001499921359451643,0.0014999427411567013,0.0,0.49973866666666666,0.5002613333333333,0.012467033940962817,-6.730231817371477e-07,0.0007502672514515298,-2.0916189160386014e-06,-0.0013500414540984361,0.0013500581974009334,-0.0014999257488124348,0.0014999137076561109,0.0,0.5007810509404641,0.49921894905953584,-0.026812727893007423
nearest,1.25,16,0.01,arrival_first,-7.413259846255947e-07,0.00249951825964015,-5.694415297815188e-07,-0.004497464256586076,0.004498449037485746,-0.0049998469647410575,0.004999816344479768,0.0,0.5001113333333334,0.4998886666666667,-0.03706629923127972,-5.7639062990825045e-06,0.002500455884435271,-1.6158616805362543e-05,-0.004501645879119184,0.004501154418607802,-0.004999745017197506,0.004999772293938474,0.0,0.5016307191809847,0.4983692808190153,-0.22921520867992637
nearest,1.25,16,0.01,departure_first,-7.413259846255947e-07,0.00249951825964015,-5.694415297815188e-07,-0.004497464256586076,0.004498449037485746,-0.0049998469647410575,0.004999816344479768,0.0,0.5001113333333334,0.4998886666666667,-0.03706629923127972,-6.301542153877165e-06,0.0025006692227698304,-1.5476568665332484e-05,-0.004502349673551139,0.00450023877956163,-0.004999757648324534,0.004999757048310397,0.0,0.5015868145300431,0.49841318546995694,-0.2500176096297833
nearest,1.25,16,0.01,insertion_order,-7.41325984625595e-07,0.00249951825964015,-5.694415297815188e-07,-0.004497464256586076,0.004498449037485746,-0.0049998469647410575,0.004999816344479768,0.0,0.5001113333333334,0.4998886666666667,-0.03706629923127972,-5.7639062990825045e-06,0.002500455884435271,-1.6158616805362543e-05,-0.004501645879119184,0.004501154418607802,-0.004999745017197506,0.004999772293938474,0.0,0.5016307191809847,0.4983692808190153,-0.22921520867992637
nearest,1.25,16,0.03,arrival_first,-5.346607053910094e-07,0.007494330545175423,-7.534730775660136e-06,-0.013494637219981391,0.013489189188696096,-0.014999312406841152,0.01499944356995305,0.0,0.500246,0.49975400000000003,-0.026733035269550478,-4.884598452224604e-05,0.00750257628421609,-0.00011902097053662526,-0.013508769338794132,0.013502913564694059,-0.014999240083390035,0.014999187743105104,0.0,0.5040866172492271,0.49591338275077296,-1.9415366714622049
nearest,1.25,16,0.03,departure_first,-5.346607053910092e-07,0.007494330545175423,-7.534730775660136e-06,-0.013494637219981391,0.013489189188696096,-0.014999312406841152,0.01499944356995305,0.0,0.500246,0.49975400000000003,-0.026733035269550478,-5.050542692805814e-05,0.0075014917072447245,-0.00012245773808945302,-0.013508673969508715,0.013502914701807374,-0.014999309376843118,0.01499919699873652,0.0,0.5042110326045144,0.4957889673954856,-2.0081642508106228
nearest,1.25,16,0.03,insertion_order,-5.346607053910094e-07,0.007494330545175423,-7.534730775660136e-06,-0.013494637219981391,0.013489189188696096,-0.014999312406841152,0.01499944356995305,0.0,0.500246,0.49975400000000003,-0.026733035269550478,-4.884598452224604e-05,0.00750257628421609,-0.00011902097053662526,-0.013508769338794132,0.013502913564694059,-0.014999240083390035,0.014999187743105104,0.0,0.5040866172492271,0.49591338275077296,-1.9415366714622049
nearest,1.25,16,0.1,arrival_first,9.49867479536109e-06,0.02499986469385049,3.990210325355292e-05,-0.045014344586894975,0.044997486896813814,-0.04999874914989656,0.049997597948974244,0.0,0.4996006666666667,0.5003993333333333,0.47493373976805436,-0.000398373482077489,0.025006858722672498,-0.0011561517660522397,-0.04501181587754802,0.044992431417229785,-0.049996278582288355,0.04999636903713342,0.0,0.5119439699953161,0.48805603000468395,-15.857130814343412
nearest,1.25,16,0.1,departure_first,9.498674795361088e-06,0.02499986469385049,3.990210325355292e-05,-0.045014344586894975,0.044997486896813814,-0.04999874914989656,0.049997597948974244,0.0,0.4996006666666667,0.5003993333333333,0.47493373976805436,-0.0004159224010990304,0.025001909457594215,-0.001181378240354636,-0.04501578610746988,0.04499113376841513,-0.04999637894560012,0.04999643029169573,0.0,0.5122221919913429,0.4877778080086571,-16.570310937048774
nearest,1.25,16,0.1,insertion_order,9.49867479536109e-06,0.02499986469385049,3.990210325355292e-05,-0.045014344586894975,0.044997486896813814,-0.04999874914989656,0.049997597948974244,0.0,0.4996006666666667,0.5003993333333333,0.47493373976805436,-0.000398373482077489,0.025006858722672498,-0.0011561517660522397,-0.04501181587754802,0.044992431417229785,-0.049996278582288355,0.04999636903713342,0.0,0.5119439699953161,0.48805603000468395,-15.857130814343412
